#pragma once
/* Auto-generated RLE-compressed frames from assets/gifs/intro.gif */
#include <stdint.h>

#define BOOT_INTRO_FRAME_COUNT 100
#define BOOT_INTRO_FRAME_BUF_SIZE 1024

static const uint8_t s_boot_intro_f00[] = {
    0xff, 0x00, 0xbb, 0x00, 0x05, 0xfc, 0xfc, 0xf8, 0xf0, 0xe0, 0x80, 0xf9, 0x00, 0x02, 0xe0, 0xf1, 
    0xf9, 0x82, 0xff, 0x01, 0xfc, 0xf8, 0xf7, 0x00, 0x87, 0xff, 0x02, 0xe0, 0xc0, 0x80, 0xf3, 0x00, 
    0x8d, 0xff, 0x05, 0xfe, 0xfc, 0xfc, 0xf8, 0x70, 0x20, 0xea, 0x00, 0x00, 0x0f, 0x83, 0x1f, 0x00, 
    0x7f, 0x83, 0xff, 0x07, 0xef, 0x0f, 0x07, 0x07, 0x03, 0x03, 0x01, 0x01, 0xf3, 0x00, 0x00, 0x07, 
    0x83, 0xff, 0x00, 0x0f, 0xc4, 0x00, 0x02, 0x40, 0xc0, 0xc0, 0x83, 0xe0, 0x85, 0xf0, 0x00, 0xe0, 
    0x83, 0xf0, 0x82, 0xf8, 0x82, 0x78, 0x01, 0xfc, 0xfc, 0x84, 0xbc, 0x00, 0xfc, 0x88, 0xfe, 0x88, 
    0xff, 0x04, 0xf3, 0xf7, 0xef, 0xee, 0xef, 0x82, 0xff, 0x01, 0xf6, 0xff, 0x89, 0xfe, 0x03, 0xfc, 
    0xbc, 0xbc, 0xfc, 0x82, 0xbc, 0x03, 0xfc, 0xfc, 0x7c, 0x78, 0x85, 0xf8, 0x84, 0xfc, 0x84, 0xf8, 
    0x03, 0xf0, 0xb0, 0xb0, 0x30, 0x8f, 0x00, 
};

static const uint8_t s_boot_intro_f01[] = {
    0xff, 0x00, 0xbb, 0x00, 0x05, 0xfc, 0xfc, 0xf8, 0xf0, 0xc0, 0x80, 0xf9, 0x00, 0x02, 0xe0, 0xf1, 
    0xf9, 0x82, 0xff, 0x01, 0xfc, 0xf8, 0xf6, 0x00, 0x00, 0x80, 0x87, 0xff, 0x02, 0xf8, 0xc0, 0x80, 
    0xf3, 0x00, 0x8c, 0xff, 0x06, 0xfe, 0xfe, 0xfc, 0xfc, 0xf8, 0x70, 0x20, 0xea, 0x00, 0x00, 0x0f, 
    0x83, 0x1f, 0x00, 0x3f, 0x83, 0xff, 0x07, 0x8f, 0x0f, 0x07, 0x07, 0x03, 0x03, 0x01, 0x01, 0xf3, 
    0x00, 0x01, 0x03, 0x3f, 0x82, 0xff, 0xc5, 0x00, 0x02, 0x40, 0xc0, 0xc0, 0x83, 0xe0, 0x85, 0xf0, 
    0x00, 0xe0, 0x83, 0xf0, 0x82, 0xf8, 0x82, 0x78, 0x01, 0xfc, 0xfc, 0x84, 0xbc, 0x00, 0xfc, 0x88, 
    0xfe, 0x89, 0xff, 0x08, 0xf3, 0xef, 0xee, 0xef, 0xff, 0xff, 0xf7, 0xfe, 0xff, 0x89, 0xfe, 0x03, 
    0xfc, 0xbc, 0xbc, 0xfc, 0x82, 0xbc, 0x03, 0xfc, 0xfc, 0x7c, 0x78, 0x85, 0xf8, 0x84, 0xfc, 0x84, 
    0xf8, 0x03, 0xf0, 0xb0, 0xb0, 0x30, 0x8f, 0x00, 
};

static const uint8_t s_boot_intro_f02[] = {
    0xff, 0x00, 0xba, 0x00, 0x06, 0x40, 0xfe, 0xfc, 0xf8, 0xf0, 0xc0, 0x80, 0xf9, 0x00, 0x02, 0xe0, 
    0xf1, 0xfd, 0x82, 0xff, 0x02, 0xfc, 0xf8, 0xc0, 0xf4, 0x00, 0x01, 0xe0, 0xf8, 0x86, 0xff, 0x05, 
    0xfb, 0xff, 0xfe, 0xf8, 0xe0, 0x80, 0xf0, 0x00, 0x8e, 0xff, 0x04, 0xfe, 0xf8, 0xf0, 0xf0, 0x60, 
    0xeb, 0x00, 0x03, 0x0f, 0x0f, 0x3f, 0x7f, 0x84, 0xff, 0x03, 0xcf, 0x0f, 0x0f, 0x07, 0x82, 0x03, 
    0x01, 0x01, 0x01, 0xf1, 0x00, 0x02, 0x01, 0x07, 0x3f, 0x82, 0xff, 0xc6, 0x00, 0x02, 0x40, 0xc0, 
    0xc0, 0x83, 0xe0, 0x85, 0xf0, 0x00, 0xe0, 0x83, 0xf0, 0x82, 0xf8, 0x82, 0x78, 0x01, 0xfc, 0xfc, 
    0x84, 0xbc, 0x00, 0xfc, 0x88, 0xfe, 0x89, 0xff, 0x03, 0xf7, 0xeb, 0xff, 0xf7, 0x82, 0xfb, 0x01, 
    0xfe, 0xff, 0x89, 0xfe, 0x03, 0xfc, 0xbc, 0xbc, 0xfc, 0x82, 0xbc, 0x03, 0xfc, 0xfc, 0x7c, 0x78, 
    0x85, 0xf8, 0x84, 0xfc, 0x84, 0xf8, 0x03, 0xf0, 0xb0, 0xb0, 0x30, 0x8f, 0x00, 
};

static const uint8_t s_boot_intro_f03[] = {
    0xff, 0x00, 0xba, 0x00, 0x05, 0x60, 0xfe, 0xfc, 0xf8, 0xf0, 0xc0, 0xfa, 0x00, 0x02, 0xe0, 0xf9, 
    0xfd, 0x82, 0xff, 0x03, 0xfc, 0xfc, 0xf0, 0xc0, 0xf0, 0x00, 0x04, 0xc0, 0xf0, 0x38, 0x0e, 0xc7, 
    0x86, 0xff, 0x08, 0xf8, 0xf1, 0xc7, 0x8f, 0x1c, 0x38, 0xe0, 0xc0, 0x80, 0xea, 0x00, 0x03, 0x03, 
    0xc3, 0xf0, 0xfe, 0x8c, 0xff, 0x04, 0xfc, 0xf9, 0xf1, 0xf3, 0xc0, 0xea, 0x00, 0x02, 0x07, 0x07, 
    0x1f, 0x82, 0xff, 0x08, 0xef, 0x0f, 0x3f, 0xff, 0xff, 0xcf, 0x0f, 0x07, 0x07, 0x82, 0x03, 0x01, 
    0x01, 0x01, 0xef, 0x00, 0x07, 0x07, 0xff, 0xff, 0xe0, 0x80, 0x07, 0xff, 0xff, 0xc6, 0x00, 0x02, 
    0x40, 0xc0, 0xc0, 0x83, 0xe0, 0x85, 0xf0, 0x00, 0xe0, 0x83, 0xf0, 0x82, 0xf8, 0x82, 0x78, 0x01, 
    0xfc, 0xfc, 0x84, 0xbc, 0x00, 0xfc, 0x88, 0xfe, 0x87, 0xff, 0x0a, 0xf6, 0xf7, 0xf7, 0xf3, 0xf7, 
    0xf6, 0xff, 0xfb, 0xfb, 0xfe, 0xff, 0x89, 0xfe, 0x03, 0xfc, 0xbc, 0xbc, 0xfc, 0x82, 0xbc, 0x03, 
    0xfc, 0xfc, 0x7c, 0x78, 0x85, 0xf8, 0x84, 0xfc, 0x84, 0xf8, 0x03, 0xf0, 0xb0, 0xb0, 0x30, 0x8f, 
    0x00, 
};

static const uint8_t s_boot_intro_f04[] = {
    0xff, 0x00, 0xba, 0x00, 0x05, 0x64, 0xfe, 0xfc, 0xf8, 0xf0, 0xc0, 0xf6, 0x00, 0x0f, 0x80, 0x80, 
    0xc0, 0xf0, 0xf8, 0xfc, 0xfc, 0xff, 0xff, 0xfe, 0xfe, 0x7c, 0x78, 0xf0, 0xc0, 0x80, 0xea, 0x00, 
    0x08, 0x70, 0x3c, 0x04, 0x06, 0x03, 0x03, 0x01, 0x80, 0xc0, 0x86, 0xff, 0x0b, 0xfc, 0xf0, 0xe0, 
    0xc1, 0x03, 0x03, 0x07, 0x0e, 0x1c, 0x78, 0x30, 0x70, 0xe5, 0x00, 0x04, 0x80, 0xc0, 0xf0, 0xfc, 
    0xfe, 0x8d, 0xff, 0x03, 0xfc, 0xf8, 0xe0, 0xc0, 0xe9, 0x00, 0x04, 0x01, 0xf3, 0xff, 0xff, 0x7f, 
    0x82, 0x07, 0x06, 0x0f, 0x0f, 0x3f, 0xff, 0xff, 0xef, 0x07, 0x84, 0x03, 0x01, 0x01, 0x01, 0xe7, 
    0x00, 0x05, 0xc0, 0xf0, 0x7f, 0x7f, 0x03, 0x01, 0x86, 0x00, 0x02, 0x0f, 0xff, 0xff, 0xc6, 0x00, 
    0x02, 0x40, 0xc0, 0xc0, 0x83, 0xe0, 0x85, 0xf0, 0x00, 0xe0, 0x83, 0xf0, 0x82, 0xf8, 0x82, 0x78, 
    0x01, 0xfc, 0xfc, 0x84, 0xbc, 0x00, 0xfc, 0x87, 0xfe, 0x8b, 0xff, 0x07, 0xf3, 0xf6, 0xf6, 0xff, 
    0xfb, 0xff, 0xfe, 0xff, 0x89, 0xfe, 0x03, 0xfc, 0xbc, 0xbc, 0xfc, 0x82, 0xbc, 0x03, 0xfc, 0xfc, 
    0x7c, 0x78, 0x85, 0xf8, 0x84, 0xfc, 0x84, 0xf8, 0x03, 0xf0, 0xb0, 0xb0, 0x30, 0x8f, 0x00, 
};

static const uint8_t s_boot_intro_f05[] = {
    0xff, 0x00, 0xba, 0x00, 0x05, 0x7c, 0xfe, 0xfc, 0xf8, 0xf0, 0xc0, 0xf2, 0x00, 0x01, 0x80, 0x80, 
    0x82, 0xc0, 0x11, 0x60, 0x70, 0x38, 0xf8, 0xfc, 0xfe, 0xff, 0xff, 0xfe, 0xfe, 0x3c, 0x38, 0x70, 
    0xe0, 0xe0, 0xc0, 0x80, 0x80, 0xe4, 0x00, 0x02, 0x08, 0x06, 0x07, 0x82, 0x01, 0x83, 0x00, 0x01, 
    0x80, 0xc0, 0x86, 0xff, 0x0d, 0xfc, 0xf8, 0xf0, 0xc0, 0x80, 0x01, 0x01, 0x03, 0x03, 0x06, 0x0c, 
    0x1c, 0x0c, 0x10, 0xe2, 0x00, 0x04, 0x40, 0xf0, 0xf8, 0xfc, 0xfe, 0x8e, 0xff, 0x02, 0xfe, 0xf8, 
    0xe0, 0xe7, 0x00, 0x05, 0xc0, 0xe0, 0xf8, 0x7f, 0x3f, 0x1f, 0x82, 0x03, 0x83, 0x07, 0x04, 0x3f, 
    0xff, 0xff, 0xe7, 0x07, 0x84, 0x03, 0x00, 0x01, 0xe2, 0x00, 0x06, 0x20, 0x38, 0x1c, 0x1e, 0x0f, 
    0x0f, 0x01, 0x8b, 0x00, 0x02, 0x0f, 0xff, 0xff, 0xc6, 0x00, 0x02, 0x40, 0xc0, 0xc0, 0x83, 0xe0, 
    0x85, 0xf0, 0x00, 0xe0, 0x83, 0xf0, 0x82, 0xf8, 0x82, 0x78, 0x01, 0xfc, 0xfc, 0x84, 0xbc, 0x00, 
    0xfc, 0x88, 0xfe, 0x8a, 0xff, 0x07, 0xf3, 0xf6, 0xf7, 0xf7, 0xff, 0xff, 0xfe, 0xff, 0x89, 0xfe, 
    0x03, 0xfc, 0xbc, 0xbc, 0xfc, 0x82, 0xbc, 0x03, 0xfc, 0xfc, 0x7c, 0x78, 0x85, 0xf8, 0x84, 0xfc, 
    0x84, 0xf8, 0x03, 0xf0, 0xb0, 0xb0, 0x30, 0x8f, 0x00, 
};

static const uint8_t s_boot_intro_f06[] = {
    0x84, 0x00, 0x00, 0x10, 0xff, 0x00, 0xb4, 0x00, 0x05, 0x7e, 0xfe, 0xf8, 0xf8, 0xf0, 0xc0, 0xee, 
    0x00, 0x03, 0x80, 0xc0, 0x40, 0x40, 0x83, 0x60, 0x13, 0x30, 0x30, 0x38, 0x18, 0xfc, 0xfc, 0xfe, 
    0xff, 0xff, 0xfe, 0xfe, 0x3c, 0x3c, 0x38, 0x70, 0xe0, 0xe0, 0xc0, 0xc0, 0x80, 0xe2, 0x00, 0x01, 
    0x01, 0x01, 0x87, 0x00, 0x02, 0x80, 0xc0, 0xe0, 0x86, 0xff, 0x06, 0xfc, 0xf8, 0xf0, 0xe0, 0x80, 
    0x00, 0x00, 0x82, 0x01, 0x04, 0x03, 0x07, 0x02, 0x06, 0x04, 0xe0, 0x00, 0x04, 0x20, 0x78, 0xfc, 
    0xfc, 0xfe, 0x90, 0xff, 0x01, 0xfc, 0xe0, 0xe2, 0x00, 0x09, 0x80, 0x80, 0xc0, 0xe0, 0x70, 0x38, 
    0x3c, 0x1f, 0x0f, 0x07, 0x84, 0x03, 0x82, 0x07, 0x03, 0x3f, 0xff, 0xff, 0xe7, 0x85, 0x03, 0x00, 
    0x01, 0xdf, 0x00, 0x02, 0x04, 0x06, 0x07, 0x82, 0x03, 0x8f, 0x00, 0x02, 0x1f, 0xff, 0xff, 0xc6, 
    0x00, 0x02, 0x40, 0xc0, 0xc0, 0x83, 0xe0, 0x85, 0xf0, 0x00, 0xe0, 0x83, 0xf0, 0x82, 0xf8, 0x82, 
    0x78, 0x00, 0xfc, 0x85, 0xbc, 0x00, 0xfc, 0x88, 0xfe, 0x8a, 0xff, 0x07, 0xf3, 0xf6, 0xf7, 0xf7, 
    0xff, 0xff, 0xfe, 0xff, 0x89, 0xfe, 0x03, 0xfc, 0xbc, 0xbc, 0xfc, 0x82, 0xbc, 0x03, 0xfc, 0xfc, 
    0x7c, 0x78, 0x85, 0xf8, 0x84, 0xfc, 0x84, 0xf8, 0x03, 0xf0, 0xb0, 0xb0, 0x30, 0x8f, 0x00, 
};

static const uint8_t s_boot_intro_f07[] = {
    0x84, 0x00, 0x00, 0x10, 0xff, 0x00, 0xb4, 0x00, 0x05, 0xfe, 0xfc, 0xf8, 0xf0, 0xe0, 0x80, 0xec, 
    0x00, 0x82, 0x60, 0x83, 0x20, 0x84, 0x30, 0x03, 0x38, 0x18, 0xfd, 0xfd, 0x82, 0xff, 0x0a, 0xfe, 
    0xfc, 0x3c, 0x38, 0x70, 0x70, 0xe0, 0xc0, 0xc0, 0x80, 0x80, 0xec, 0x00, 0x02, 0x80, 0x80, 0xc0, 
    0x86, 0xff, 0x05, 0xf8, 0xf0, 0xf0, 0xe0, 0xc0, 0x80, 0x83, 0x01, 0x04, 0x03, 0x07, 0x03, 0x02, 
    0x04, 0xe0, 0x00, 0x04, 0x30, 0x78, 0xfc, 0xfe, 0xfe, 0x90, 0xff, 0x02, 0xfe, 0xfc, 0xf0, 0xe1, 
    0x00, 0x09, 0x80, 0x80, 0xc0, 0xe0, 0x70, 0x38, 0x3e, 0x1f, 0x0f, 0x07, 0x84, 0x03, 0x08, 0x07, 
    0x07, 0x0f, 0x3f, 0xff, 0xff, 0xe7, 0x07, 0x07, 0x82, 0x03, 0x82, 0x01, 0xde, 0x00, 0x02, 0x04, 
    0x06, 0x07, 0x82, 0x03, 0x8f, 0x00, 0x02, 0x03, 0xff, 0xff, 0xc6, 0x00, 0x02, 0x40, 0xc0, 0xc0, 
    0x83, 0xe0, 0x8a, 0xf0, 0x82, 0xf8, 0x82, 0x78, 0x00, 0xfc, 0x85, 0xbc, 0x00, 0xfc, 0x88, 0xfe, 
    0x8a, 0xff, 0x07, 0xf3, 0xf7, 0xf6, 0xf7, 0xfb, 0xff, 0xfe, 0xff, 0x89, 0xfe, 0x03, 0xfc, 0xbc, 
    0xbc, 0xfc, 0x82, 0xbc, 0x03, 0xfc, 0xfc, 0x7c, 0x78, 0x85, 0xf8, 0x84, 0xfc, 0x84, 0xf8, 0x03, 
    0xe0, 0xb0, 0xb0, 0x30, 0x8f, 0x00, 
};

static const uint8_t s_boot_intro_f08[] = {
    0x84, 0x00, 0x00, 0x10, 0xff, 0x00, 0xb4, 0x00, 0x04, 0xfc, 0xf0, 0xf0, 0xe0, 0x80, 0xee, 0x00, 
    0x01, 0x20, 0x60, 0x84, 0x40, 0x01, 0xc0, 0xc0, 0x82, 0x60, 0x02, 0xf1, 0xf3, 0xfb, 0x82, 0xff, 
    0x07, 0xfc, 0xf8, 0x70, 0xe0, 0xe0, 0xc0, 0x80, 0x80, 0xf1, 0x00, 0x00, 0xc0, 0x85, 0xff, 0x0e, 
    0xfb, 0xf0, 0xe0, 0xc0, 0xc1, 0x83, 0x03, 0x03, 0x06, 0x06, 0x0c, 0x0c, 0x1c, 0x0c, 0x08, 0xe1, 
    0x00, 0x06, 0xe0, 0xf0, 0xf0, 0xf8, 0xf8, 0xfc, 0xfe, 0x8e, 0xff, 0x04, 0xfe, 0xfc, 0xf8, 0xf0, 
    0xc0, 0xe4, 0x00, 0x05, 0x80, 0xe1, 0xf9, 0xff, 0x7f, 0x1f, 0x82, 0x07, 0x07, 0x0f, 0x0f, 0x1f, 
    0x1f, 0x7f, 0xff, 0xff, 0xdf, 0x82, 0x0f, 0x04, 0x07, 0x03, 0x03, 0x01, 0x01, 0xe0, 0x00, 0x08, 
    0x40, 0x60, 0x70, 0x38, 0x3c, 0x3f, 0x07, 0x03, 0x01, 0x8a, 0x00, 0x03, 0x03, 0x3f, 0xff, 0xff, 
    0xc5, 0x00, 0x02, 0x40, 0xc0, 0xc0, 0x83, 0xe0, 0x85, 0xf0, 0x00, 0xe0, 0x83, 0xf0, 0x82, 0xf8, 
    0x03, 0x78, 0xf8, 0x78, 0xfc, 0x85, 0xbc, 0x00, 0xfc, 0x88, 0xfe, 0x8a, 0xff, 0x07, 0xf3, 0xf7, 
    0xf7, 0xf6, 0xf7, 0xff, 0xfa, 0xff, 0x89, 0xfe, 0x03, 0xfc, 0xbc, 0xbc, 0xfc, 0x82, 0xbc, 0x03, 
    0xfc, 0xfc, 0x7c, 0x78, 0x85, 0xf8, 0x84, 0xfc, 0x84, 0xf8, 0x03, 0xe0, 0xb0, 0xb0, 0x30, 0x8f, 
    0x00, 
};

static const uint8_t s_boot_intro_f09[] = {
    0x84, 0x00, 0x00, 0x10, 0xff, 0x00, 0xb3, 0x00, 0x03, 0xf8, 0xf0, 0xe0, 0xc0, 0xf5, 0x00, 0x0f, 
    0x80, 0x80, 0x00, 0x00, 0x80, 0x80, 0x81, 0xc3, 0xe3, 0xf3, 0xff, 0xfe, 0xf8, 0xf0, 0xe0, 0xc0, 
    0xef, 0x00, 0x86, 0x01, 0x85, 0xff, 0x0b, 0xf3, 0xe1, 0xc3, 0xc7, 0x8e, 0x0c, 0x18, 0x30, 0x70, 
    0x60, 0x20, 0x60, 0xe7, 0x00, 0x04, 0x80, 0xc0, 0xe0, 0xf0, 0xfc, 0x8d, 0xff, 0x05, 0xfe, 0xfe, 
    0xfc, 0xf8, 0x78, 0x30, 0xe5, 0x00, 0x03, 0x06, 0x07, 0x0f, 0x0f, 0x82, 0xff, 0x00, 0x0f, 0x82, 
    0x1f, 0x0b, 0x7f, 0xff, 0xff, 0xbf, 0x1f, 0x1f, 0x0f, 0x0f, 0x07, 0x03, 0x01, 0x01, 0xeb, 0x00, 
    0x03, 0x80, 0xff, 0xff, 0x8f, 0x84, 0x00, 0x04, 0x01, 0x0f, 0x7f, 0xff, 0xc0, 0xc5, 0x00, 0x02, 
    0x40, 0xc0, 0xc0, 0x83, 0xe0, 0x85, 0xf0, 0x00, 0xe0, 0x83, 0xf0, 0x82, 0xf8, 0x03, 0x78, 0xf8, 
    0x78, 0xfc, 0x85, 0xbc, 0x00, 0xfc, 0x88, 0xfe, 0x04, 0xff, 0xf3, 0xf6, 0xf7, 0xfb, 0x85, 0xff, 
    0x07, 0xf3, 0xf7, 0xf7, 0xf6, 0xf7, 0xf7, 0xfa, 0xff, 0x89, 0xfe, 0x03, 0xfc, 0xbc, 0xbc, 0xfc, 
    0x82, 0xbc, 0x03, 0xfc, 0xfc, 0x7c, 0x78, 0x85, 0xf8, 0x84, 0xfc, 0x84, 0xf8, 0x03, 0xe0, 0xb0, 
    0xb0, 0x30, 0x8f, 0x00, 
};

static const uint8_t s_boot_intro_f10[] = {
    0x84, 0x00, 0x00, 0x10, 0xff, 0x00, 0xb2, 0x00, 0x05, 0xb0, 0xe0, 0xe0, 0x00, 0x00, 0x40, 0xa9, 
    0x00, 0x00, 0x40, 0xa5, 0x00, 0x00, 0x08, 0xa7, 0x00, 0x08, 0x01, 0xc3, 0xe3, 0xf3, 0xfe, 0xfc, 
    0xfc, 0xe0, 0x80, 0xf6, 0x00, 0x00, 0x03, 0x85, 0xff, 0x03, 0xf7, 0xff, 0xfc, 0xf0, 0x82, 0xc0, 
    0x00, 0x80, 0xee, 0x00, 0x01, 0xc0, 0xf0, 0x8d, 0xff, 0x05, 0xfe, 0xfe, 0xfc, 0x7c, 0x3c, 0x18, 
    0xe7, 0x00, 0x00, 0x08, 0x82, 0x1f, 0x00, 0x3f, 0x82, 0xff, 0x00, 0x3f, 0x82, 0xff, 0x07, 0x9f, 
    0x1f, 0x0f, 0x0f, 0x07, 0x07, 0x03, 0x01, 0xf0, 0x00, 0x0a, 0x03, 0xff, 0xff, 0x03, 0x00, 0x03, 
    0x0f, 0x3f, 0xff, 0xfc, 0x80, 0xc5, 0x00, 0x02, 0x40, 0xc0, 0xc0, 0x83, 0xe0, 0x85, 0xf0, 0x00, 
    0xe0, 0x83, 0xf0, 0x82, 0xf8, 0x03, 0x78, 0xf8, 0x78, 0xfc, 0x85, 0xbc, 0x00, 0xfc, 0x88, 0xfe, 
    0x83, 0xff, 0x0e, 0xf3, 0xf7, 0xf6, 0xff, 0xfb, 0xfb, 0xfe, 0xf3, 0xf7, 0xf6, 0xf7, 0xff, 0xff, 
    0xfa, 0xff, 0x89, 0xfe, 0x03, 0xfc, 0xbc, 0xbc, 0xfc, 0x82, 0xbc, 0x03, 0xfc, 0xfc, 0x7c, 0x78, 
    0x85, 0xf8, 0x84, 0xfc, 0x84, 0xf8, 0x03, 0xe0, 0xb0, 0xb0, 0x30, 0x8f, 0x00, 
};

static const uint8_t s_boot_intro_f11[] = {
    0x84, 0x00, 0x00, 0x10, 0xff, 0x00, 0xb2, 0x00, 0x01, 0xe0, 0x80, 0xad, 0x00, 0x00, 0x40, 0xa5, 
    0x00, 0x00, 0x08, 0xa7, 0x00, 0x07, 0x83, 0xc3, 0xe2, 0xf8, 0xfc, 0xf8, 0xf8, 0xe0, 0xd1, 0x00, 
    0x00, 0x80, 0xa4, 0x00, 0x00, 0xc1, 0x85, 0xff, 0x02, 0xe7, 0xc0, 0x80, 0xf4, 0x00, 0x00, 0xf0, 
    0x8a, 0xff, 0x82, 0xfe, 0x04, 0xfc, 0xfc, 0x7c, 0x3c, 0x08, 0xea, 0x00, 0x82, 0x1f, 0x83, 0xff, 
    0x01, 0x9f, 0x1f, 0x83, 0x0f, 0x03, 0x07, 0x03, 0x03, 0x01, 0xf2, 0x00, 0x08, 0x0f, 0xff, 0xff, 
    0x0f, 0x1f, 0x7c, 0xf0, 0xc0, 0xc0, 0xc6, 0x00, 0x02, 0x40, 0xc0, 0xc0, 0x83, 0xe0, 0x85, 0xf0, 
    0x00, 0xe0, 0x83, 0xf0, 0x82, 0xf8, 0x03, 0x78, 0xf8, 0x78, 0xfc, 0x85, 0xbc, 0x00, 0xfc, 0x88, 
    0xfe, 0x83, 0xff, 0x08, 0xf3, 0xf7, 0xf7, 0xf6, 0xf7, 0xf7, 0xfa, 0xf7, 0xfe, 0x85, 0xff, 0x89, 
    0xfe, 0x03, 0xfc, 0xbc, 0xbc, 0xfc, 0x82, 0xbc, 0x03, 0xfc, 0xfc, 0x7c, 0x78, 0x85, 0xf8, 0x84, 
    0xfc, 0x84, 0xf8, 0x03, 0xe0, 0xb0, 0xb0, 0x30, 0x8f, 0x00, 
};

static const uint8_t s_boot_intro_f12[] = {
    0xc5, 0x00, 0x00, 0x04, 0xff, 0x00, 0xa1, 0x00, 0x00, 0x40, 0xa5, 0x00, 0x00, 0x08, 0xa6, 0x00, 
    0x01, 0x80, 0xc0, 0x82, 0xe0, 0x02, 0xc0, 0x80, 0x80, 0xae, 0x00, 0x00, 0x08, 0xa2, 0x00, 0x00, 
    0x80, 0x9c, 0x00, 0x07, 0x80, 0xc0, 0xc0, 0x70, 0x38, 0x1c, 0x1e, 0x07, 0x86, 0xff, 0x0a, 0xc7, 
    0x80, 0x00, 0x02, 0x04, 0x0c, 0x0c, 0x18, 0x30, 0x10, 0x10, 0xce, 0x00, 0x00, 0x80, 0x95, 0x00, 
    0x06, 0x01, 0x03, 0x01, 0x80, 0xe0, 0xf0, 0xfc, 0x89, 0xff, 0x04, 0xfe, 0xfc, 0xf8, 0xf0, 0xf0, 
    0x82, 0xe0, 0x00, 0xc0, 0xe7, 0x00, 0x02, 0x1e, 0x1f, 0x7f, 0x86, 0xff, 0x83, 0x3f, 0x83, 0x1f, 
    0x04, 0x0f, 0x0f, 0x07, 0x03, 0x03, 0xed, 0x00, 0x06, 0x03, 0x03, 0x0f, 0x1f, 0xff, 0xff, 0x70, 
    0xcb, 0x00, 0x02, 0x40, 0xc0, 0xc0, 0x83, 0xe0, 0x85, 0xf0, 0x00, 0xe0, 0x83, 0xf0, 0x82, 0xf8, 
    0x04, 0x78, 0xf8, 0x78, 0xfc, 0xfc, 0x84, 0xbc, 0x00, 0xfc, 0x88, 0xfe, 0x83, 0xff, 0x06, 0xf3, 
    0xf7, 0xf7, 0xf6, 0xf7, 0xff, 0xf6, 0x87, 0xff, 0x89, 0xfe, 0x03, 0xfc, 0xbc, 0xbc, 0xfc, 0x82, 
    0xbc, 0x82, 0xfc, 0x00, 0x78, 0x85, 0xf8, 0x84, 0xfc, 0x84, 0xf8, 0x03, 0xf0, 0xb0, 0xb0, 0x30, 
    0x8f, 0x00, 
};

static const uint8_t s_boot_intro_f13[] = {
    0xc5, 0x00, 0x00, 0x04, 0xff, 0x00, 0xa1, 0x00, 0x00, 0x40, 0xa5, 0x00, 0x00, 0x08, 0xa5, 0x00, 
    0x04, 0x80, 0xc0, 0xc0, 0x80, 0x80, 0xb2, 0x00, 0x00, 0x08, 0xa2, 0x00, 0x00, 0x80, 0x97, 0x00, 
    0x0d, 0x80, 0x80, 0xc0, 0xc0, 0x60, 0x30, 0x38, 0x18, 0x1c, 0x0e, 0x07, 0x03, 0x83, 0xe7, 0x83, 
    0xff, 0x03, 0xfe, 0xfc, 0xf8, 0xc0, 0x84, 0x00, 0x06, 0x0c, 0x08, 0x18, 0x30, 0x10, 0x30, 0x20, 
    0xcb, 0x00, 0x00, 0x80, 0x91, 0x00, 0x01, 0x01, 0x01, 0x84, 0x00, 0x03, 0xc0, 0xe0, 0xf8, 0xfe, 
    0x8a, 0xff, 0x05, 0xfc, 0xf0, 0xe0, 0xc0, 0xc0, 0x80, 0xe8, 0x00, 0x00, 0x0c, 0x82, 0x1f, 0x00, 
    0x7f, 0x82, 0xff, 0x00, 0x3f, 0x82, 0xff, 0x02, 0x1f, 0x3f, 0x3f, 0x84, 0x1f, 0x03, 0x0f, 0x0f, 
    0x07, 0x01, 0xec, 0x00, 0x07, 0x01, 0x0f, 0xff, 0xf8, 0x7f, 0xff, 0xff, 0x06, 0xb5, 0x00, 0x00, 
    0x04, 0x94, 0x00, 0x02, 0x40, 0xc0, 0xc0, 0x83, 0xe0, 0x85, 0xf0, 0x00, 0xe0, 0x83, 0xf0, 0x82, 
    0xf8, 0x04, 0x78, 0xf8, 0x78, 0xfc, 0xfc, 0x84, 0xbc, 0x00, 0xfc, 0x88, 0xfe, 0x83, 0xff, 0x06, 
    0xf3, 0xf7, 0xff, 0xf6, 0xf7, 0xff, 0xf2, 0x87, 0xff, 0x89, 0xfe, 0x03, 0xfc, 0xbc, 0xbc, 0xfc, 
    0x82, 0xbc, 0x03, 0xfc, 0xfc, 0x7c, 0x78, 0x85, 0xf8, 0x84, 0xfc, 0x84, 0xf8, 0x03, 0xf0, 0xb0, 
    0xb0, 0x30, 0x8f, 0x00, 
};

static const uint8_t s_boot_intro_f14[] = {
    0xc5, 0x00, 0x00, 0x04, 0xff, 0x00, 0xa1, 0x00, 0x00, 0x40, 0xa5, 0x00, 0x00, 0x08, 0xa2, 0x00, 
    0x04, 0x80, 0x80, 0x00, 0xf0, 0x40, 0xb5, 0x00, 0x00, 0x08, 0xa2, 0x00, 0x00, 0x80, 0x96, 0x00, 
    0x13, 0x60, 0x30, 0x30, 0x18, 0x18, 0x0c, 0x0e, 0x06, 0x07, 0x03, 0x01, 0x00, 0xc0, 0xf0, 0xf8, 
    0xfc, 0xf8, 0xf0, 0xf0, 0xf8, 0x82, 0xf0, 0x01, 0xe0, 0x80, 0x85, 0x00, 0x05, 0x04, 0x08, 0x10, 
    0x18, 0x18, 0x10, 0xc9, 0x00, 0x00, 0x80, 0x97, 0x00, 0x02, 0x80, 0xf0, 0xfc, 0x8d, 0xff, 0x02, 
    0xfe, 0xf0, 0xc0, 0xeb, 0x00, 0x00, 0x07, 0x83, 0x0f, 0x03, 0xc7, 0xff, 0xff, 0x7f, 0x82, 0xff, 
    0x00, 0x8f, 0x82, 0x07, 0x04, 0x0f, 0x0f, 0x07, 0x07, 0x02, 0xef, 0x00, 0x07, 0xc1, 0xff, 0x0f, 
    0x00, 0xff, 0xff, 0x3f, 0x03, 0xb4, 0x00, 0x00, 0x04, 0x94, 0x00, 0x02, 0x40, 0xc0, 0xc0, 0x83, 
    0xe0, 0x85, 0xf0, 0x00, 0xe0, 0x83, 0xf0, 0x82, 0xf8, 0x82, 0x78, 0x01, 0xfc, 0xfc, 0x84, 0xbc, 
    0x00, 0xfc, 0x88, 0xfe, 0x83, 0xff, 0x06, 0xf3, 0xff, 0xff, 0xf7, 0xff, 0xff, 0xfa, 0x87, 0xff, 
    0x89, 0xfe, 0x03, 0xfc, 0xbc, 0xbc, 0xfc, 0x82, 0xbc, 0x82, 0xfc, 0x00, 0x78, 0x85, 0xf8, 0x84, 
    0xfc, 0x84, 0xf8, 0x03, 0xf0, 0xb0, 0xb0, 0x30, 0x8f, 0x00, 
};

static const uint8_t s_boot_intro_f15[] = {
    0xc5, 0x00, 0x00, 0x04, 0xff, 0x00, 0xa1, 0x00, 0x00, 0x40, 0xa5, 0x00, 0x00, 0x08, 0xa1, 0x00, 
    0x01, 0x80, 0x80, 0x8e, 0x00, 0x04, 0x40, 0xc0, 0xc0, 0x80, 0x80, 0xa5, 0x00, 0x00, 0x08, 0xa2, 
    0x00, 0x00, 0x80, 0x97, 0x00, 0x06, 0x18, 0x08, 0x0c, 0x0c, 0x06, 0x06, 0x02, 0x82, 0x01, 0x09, 
    0x00, 0xc0, 0xf0, 0xf0, 0xe0, 0xe0, 0xc0, 0xc0, 0x80, 0x60, 0x82, 0xe0, 0x0c, 0xc0, 0x00, 0x00, 
    0x01, 0x01, 0x03, 0x03, 0x06, 0x06, 0x0c, 0x1c, 0x18, 0x10, 0xc9, 0x00, 0x00, 0x80, 0x97, 0x00, 
    0x02, 0xc0, 0xf0, 0xfc, 0x8e, 0xff, 0x02, 0xfc, 0xf0, 0xc0, 0xea, 0x00, 0x01, 0x03, 0x03, 0x83, 
    0x01, 0x03, 0xe1, 0xff, 0xff, 0x7f, 0x82, 0xff, 0x84, 0x07, 0x02, 0x03, 0x03, 0x01, 0xf0, 0x00, 
    0x06, 0xff, 0xff, 0x1f, 0x00, 0xff, 0xff, 0x1f, 0xb4, 0x00, 0x00, 0x04, 0x94, 0x00, 0x02, 0x40, 
    0xc0, 0xc0, 0x83, 0xe0, 0x85, 0xf0, 0x00, 0xe0, 0x83, 0xf0, 0x82, 0xf8, 0x82, 0x78, 0x01, 0xfc, 
    0xfc, 0x84, 0xbc, 0x00, 0xfc, 0x88, 0xfe, 0x83, 0xff, 0x01, 0xfe, 0xfb, 0x84, 0xf7, 0x87, 0xff, 
    0x89, 0xfe, 0x03, 0xfc, 0xbc, 0xbc, 0xfc, 0x82, 0xbc, 0x82, 0xfc, 0x00, 0x78, 0x85, 0xf8, 0x84, 
    0xfc, 0x84, 0xf8, 0x03, 0xe0, 0xb0, 0xb0, 0x30, 0x8f, 0x00, 
};

static const uint8_t s_boot_intro_f16[] = {
    0xc5, 0x00, 0x00, 0x04, 0xff, 0x00, 0xa1, 0x00, 0x00, 0x40, 0xa5, 0x00, 0x00, 0x08, 0xad, 0x00, 
    0x08, 0x80, 0x0e, 0x3e, 0x3c, 0x78, 0xe0, 0xc0, 0x80, 0x80, 0xca, 0x00, 0x00, 0x80, 0x9a, 0x00, 
    0x82, 0x0c, 0x00, 0x06, 0x83, 0x00, 0x03, 0x80, 0xc0, 0x80, 0xe0, 0x83, 0xc0, 0x0f, 0xc3, 0xcf, 
    0xde, 0xd0, 0xc0, 0x80, 0x00, 0x01, 0x03, 0x03, 0x06, 0x06, 0x0c, 0x0c, 0x18, 0x18, 0xe2, 0x00, 
    0x04, 0x80, 0xc0, 0xf0, 0xf8, 0xfe, 0x8d, 0xff, 0x03, 0xfe, 0xf8, 0xf0, 0xc0, 0xe8, 0x00, 0x02, 
    0x01, 0x03, 0x03, 0x83, 0x01, 0x04, 0xe3, 0xff, 0xff, 0x3f, 0x07, 0x82, 0xff, 0x02, 0x0f, 0x07, 
    0x07, 0x82, 0x03, 0x00, 0x01, 0xf0, 0x00, 0x07, 0xff, 0xff, 0x0f, 0x00, 0x00, 0xff, 0xff, 0x07, 
    0xb3, 0x00, 0x00, 0x04, 0x94, 0x00, 0x02, 0x40, 0xc0, 0xc0, 0x83, 0xe0, 0x85, 0xf0, 0x00, 0xe0, 
    0x83, 0xf0, 0x82, 0xf8, 0x82, 0x78, 0x01, 0xfc, 0xfc, 0x84, 0xbc, 0x00, 0xfc, 0x88, 0xfe, 0x84, 
    0xff, 0x00, 0xfb, 0x82, 0xf7, 0x03, 0xfb, 0xf7, 0xf7, 0xfa, 0x85, 0xff, 0x89, 0xfe, 0x03, 0xfc, 
    0xbc, 0xbc, 0xfc, 0x82, 0xbc, 0x82, 0xfc, 0x00, 0x78, 0x85, 0xf8, 0x84, 0xfc, 0x84, 0xf8, 0x03, 
    0xf0, 0xb0, 0xb0, 0x30, 0x8f, 0x00, 
};

static const uint8_t s_boot_intro_f17[] = {
    0xff, 0x00, 0xbf, 0x00, 0x03, 0x90, 0x80, 0xe0, 0x60, 0xf5, 0x00, 0x03, 0x40, 0x70, 0xf8, 0xfc, 
    0x82, 0xfe, 0x02, 0xfc, 0xf0, 0x80, 0xf2, 0x00, 0x05, 0x86, 0x83, 0xa0, 0xf0, 0xf8, 0xf7, 0x85, 
    0xff, 0x08, 0xe3, 0x83, 0x03, 0x06, 0x06, 0x0c, 0x1c, 0x38, 0x38, 0xe3, 0x00, 0x05, 0x20, 0x70, 
    0xf8, 0xfc, 0xfc, 0xfe, 0x8e, 0xff, 0x04, 0xfe, 0xfc, 0xf0, 0xe0, 0xc0, 0xe9, 0x00, 0x05, 0x01, 
    0x03, 0x03, 0x07, 0x07, 0x87, 0x82, 0xff, 0x05, 0x3f, 0x07, 0xe7, 0xff, 0xff, 0x3f, 0x86, 0x01, 
    0xed, 0x00, 0x09, 0x80, 0xff, 0xff, 0x0f, 0x00, 0x80, 0xff, 0xff, 0x1f, 0x03, 0xc8, 0x00, 0x02, 
    0x40, 0xc0, 0xc0, 0x83, 0xe0, 0x85, 0xf0, 0x00, 0xe0, 0x83, 0xf0, 0x82, 0xf8, 0x82, 0x78, 0x01, 
    0xfc, 0xfc, 0x84, 0xbc, 0x00, 0xfc, 0x88, 0xfe, 0x84, 0xff, 0x09, 0xfb, 0xf7, 0xf6, 0xf3, 0xff, 
    0xff, 0xfb, 0xff, 0xf6, 0xfb, 0x83, 0xff, 0x89, 0xfe, 0x03, 0xfc, 0xbc, 0xbc, 0xfc, 0x82, 0xbc, 
    0x82, 0xfc, 0x00, 0x78, 0x85, 0xf8, 0x84, 0xfc, 0x84, 0xf8, 0x03, 0xf0, 0xb0, 0xb0, 0x30, 0x8f, 
    0x00, 
};

static const uint8_t s_boot_intro_f18[] = {
    0xff, 0x00, 0xbe, 0x00, 0x05, 0x30, 0x80, 0xe0, 0xe0, 0xf0, 0x20, 0xf5, 0x00, 0x08, 0xc0, 0xf8, 
    0xfc, 0xfe, 0xff, 0xff, 0xf8, 0xf0, 0x60, 0xf2, 0x00, 0x05, 0x80, 0xc0, 0xcc, 0xef, 0xf3, 0xf8, 
    0x85, 0xff, 0x05, 0xf6, 0x8c, 0x0c, 0x1c, 0x38, 0x38, 0xe6, 0x00, 0x04, 0x18, 0x38, 0x7c, 0xfe, 
    0xfe, 0x90, 0xff, 0x04, 0xfc, 0xf8, 0xf0, 0xe0, 0xc0, 0xe8, 0x00, 0x02, 0x01, 0x03, 0x03, 0x82, 
    0x07, 0x04, 0x87, 0xe7, 0xf7, 0xff, 0x3f, 0x82, 0xff, 0x00, 0x3f, 0x82, 0x01, 0x82, 0x00, 0x01, 
    0x01, 0x01, 0xec, 0x00, 0x09, 0xc0, 0xe0, 0xff, 0x1f, 0x07, 0x00, 0x80, 0xff, 0xff, 0x07, 0xc8, 
    0x00, 0x02, 0x40, 0xc0, 0xc0, 0x83, 0xe0, 0x85, 0xf0, 0x00, 0xe0, 0x83, 0xf0, 0x82, 0xf8, 0x04, 
    0x78, 0xf8, 0x78, 0xfc, 0xfc, 0x84, 0xbc, 0x00, 0xfc, 0x88, 0xfe, 0x84, 0xff, 0x09, 0xfb, 0xf7, 
    0xf6, 0xfb, 0xfe, 0xff, 0xfb, 0xf7, 0xfe, 0xf3, 0x83, 0xff, 0x89, 0xfe, 0x03, 0xfc, 0xbc, 0xbc, 
    0xfc, 0x82, 0xbc, 0x03, 0xfc, 0xfc, 0x7c, 0x78, 0x85, 0xf8, 0x84, 0xfc, 0x84, 0xf8, 0x03, 0xf0, 
    0xb0, 0xb0, 0x30, 0x8f, 0x00, 
};

static const uint8_t s_boot_intro_f19[] = {
    0xff, 0x00, 0xbc, 0x00, 0x06, 0x40, 0x00, 0x80, 0xc0, 0xe0, 0xf0, 0xf8, 0xf6, 0x00, 0x08, 0x80, 
    0xe0, 0xf0, 0xf8, 0xff, 0xff, 0xf3, 0xe3, 0xc3, 0xf5, 0x00, 0x02, 0x80, 0xc7, 0xe7, 0x86, 0xff, 
    0x00, 0x80, 0xeb, 0x00, 0x00, 0x78, 0x83, 0xfc, 0x82, 0xfe, 0x8c, 0xff, 0x06, 0xfc, 0xf8, 0xf0, 
    0xf0, 0xe0, 0xc0, 0x80, 0xe5, 0x00, 0x82, 0x03, 0x85, 0x07, 0x02, 0x0f, 0x0f, 0x8f, 0x83, 0xff, 
    0x01, 0x7f, 0x7f, 0x84, 0x07, 0x01, 0x03, 0x01, 0xed, 0x00, 0x07, 0xf0, 0xf0, 0x38, 0x1e, 0xff, 
    0xff, 0x1f, 0x03, 0xc8, 0x00, 0x02, 0x40, 0xc0, 0xc0, 0x83, 0xe0, 0x85, 0xf0, 0x00, 0xe0, 0x83, 
    0xf0, 0x82, 0xf8, 0x04, 0x78, 0xf8, 0x78, 0xfc, 0xfc, 0x84, 0xbc, 0x00, 0xfc, 0x88, 0xfe, 0x87, 
    0xff, 0x06, 0xfc, 0xff, 0xff, 0xf7, 0xfe, 0xff, 0xf3, 0x83, 0xff, 0x89, 0xfe, 0x03, 0xfc, 0xbc, 
    0xbc, 0xfc, 0x82, 0xbc, 0x03, 0xfc, 0xfc, 0x7c, 0x78, 0x85, 0xf8, 0x84, 0xfc, 0x84, 0xf8, 0x03, 
    0xf0, 0xb0, 0xb0, 0x30, 0x8f, 0x00, 
};

static const uint8_t s_boot_intro_f20[] = {
    0x84, 0x00, 0x00, 0x10, 0xff, 0x00, 0xb5, 0x00, 0x07, 0x80, 0x00, 0x80, 0xc0, 0xe0, 0xf0, 0xf8, 
    0xf0, 0xf4, 0x00, 0x0a, 0x80, 0xc0, 0xe0, 0xf0, 0xf0, 0xf3, 0xff, 0xff, 0xf7, 0xe7, 0x83, 0xf3, 
    0x00, 0x04, 0x07, 0x0f, 0x3f, 0xf9, 0xf9, 0x86, 0xff, 0x01, 0xfd, 0xf0, 0xea, 0x00, 0x00, 0xf0, 
    0x83, 0xf8, 0x82, 0xfc, 0x00, 0xfe, 0x8a, 0xff, 0x07, 0xfe, 0xfc, 0xf8, 0xf0, 0xe0, 0xe0, 0xc0, 
    0x80, 0xe4, 0x00, 0x85, 0x03, 0x01, 0x07, 0x07, 0x83, 0x0f, 0x00, 0x1f, 0x86, 0xff, 0x01, 0x7f, 
    0x7f, 0x82, 0x07, 0x01, 0x03, 0x01, 0xef, 0x00, 0x07, 0x18, 0xff, 0xff, 0x1f, 0x07, 0x03, 0x01, 
    0x01, 0xc5, 0x00, 0x02, 0x40, 0xc0, 0xc0, 0x83, 0xe0, 0x85, 0xf0, 0x00, 0xe0, 0x83, 0xf0, 0x82, 
    0xf8, 0x04, 0x78, 0xf8, 0x78, 0xfc, 0xfc, 0x84, 0xbc, 0x00, 0xfc, 0x88, 0xfe, 0x88, 0xff, 0x05, 
    0xf6, 0xf7, 0xff, 0xfe, 0xff, 0xf3, 0x83, 0xff, 0x89, 0xfe, 0x03, 0xfc, 0xbc, 0xbc, 0xfc, 0x82, 
    0xbc, 0x03, 0xfc, 0xfc, 0x7c, 0x78, 0x85, 0xf8, 0x84, 0xfc, 0x84, 0xf8, 0x03, 0xf0, 0xb0, 0xb0, 
    0x30, 0x8f, 0x00, 
};

static const uint8_t s_boot_intro_f21[] = {
    0x84, 0x00, 0x00, 0x10, 0xff, 0x00, 0xb6, 0x00, 0x06, 0x80, 0xc0, 0xc0, 0xf0, 0xf0, 0xe0, 0xc0, 
    0xf2, 0x00, 0x07, 0x80, 0x80, 0xc0, 0xe0, 0xe0, 0xf0, 0xf3, 0xf7, 0x82, 0xff, 0x02, 0xe7, 0xe3, 
    0x80, 0xef, 0x00, 0x07, 0x0e, 0x3f, 0x3f, 0x01, 0x01, 0x00, 0x80, 0xe7, 0x86, 0xff, 0x05, 0x07, 
    0x1e, 0x38, 0x70, 0xe0, 0x80, 0xe6, 0x00, 0x00, 0xe0, 0x82, 0xf0, 0x82, 0xf8, 0x01, 0xfc, 0xfe, 
    0x8a, 0xff, 0x07, 0xfc, 0xf8, 0xf2, 0xf3, 0xe1, 0xc0, 0xc0, 0x80, 0xe3, 0x00, 0x00, 0x01, 0x85, 
    0x03, 0x82, 0x07, 0x03, 0x0f, 0x0f, 0x1f, 0x1f, 0x82, 0xff, 0x01, 0x3f, 0x3f, 0x82, 0xff, 0x05, 
    0x7f, 0x3f, 0x0f, 0x0f, 0x07, 0x03, 0xf0, 0x00, 0x07, 0xff, 0xff, 0x1f, 0x39, 0xfc, 0xff, 0x07, 
    0x03, 0xc4, 0x00, 0x02, 0x40, 0xc0, 0xc0, 0x83, 0xe0, 0x85, 0xf0, 0x00, 0xe0, 0x83, 0xf0, 0x82, 
    0xf8, 0x04, 0x78, 0xf8, 0x78, 0xfc, 0xfc, 0x84, 0xbc, 0x00, 0xfc, 0x88, 0xfe, 0x88, 0xff, 0x01, 
    0xf7, 0xf7, 0x82, 0xff, 0x00, 0xf3, 0x83, 0xff, 0x89, 0xfe, 0x03, 0xfc, 0xbc, 0xbc, 0xfc, 0x82, 
    0xbc, 0x03, 0xfc, 0xfc, 0x7c, 0x78, 0x85, 0xf8, 0x84, 0xfc, 0x84, 0xf8, 0x03, 0xf0, 0xb0, 0xb0, 
    0x30, 0x8f, 0x00, 
};

static const uint8_t s_boot_intro_f22[] = {
    0x84, 0x00, 0x00, 0x10, 0xff, 0x00, 0xb5, 0x00, 0x06, 0xe0, 0xe0, 0xf8, 0xf8, 0xf0, 0xe0, 0xe0, 
    0xeb, 0x00, 0x02, 0xc0, 0xf0, 0x70, 0x82, 0x30, 0x01, 0x70, 0x70, 0x83, 0x30, 0x02, 0x78, 0xf9, 
    0xfb, 0x82, 0xff, 0x04, 0xf3, 0xf3, 0xf0, 0xe0, 0x80, 0xe9, 0x00, 0x00, 0x01, 0x88, 0x00, 0x01, 
    0xc0, 0xe0, 0x86, 0xff, 0x09, 0xe1, 0x81, 0x03, 0x07, 0x0e, 0x1c, 0x38, 0x30, 0xe0, 0xc0, 0xe5, 
    0x00, 0x05, 0xc0, 0xc0, 0xe0, 0xf0, 0xf0, 0xfc, 0x8b, 0xff, 0x07, 0xfe, 0xfc, 0xf0, 0xe0, 0xe0, 
    0xc0, 0x03, 0x07, 0xe5, 0x00, 0x02, 0x07, 0x07, 0x03, 0x83, 0x07, 0x82, 0x0f, 0x82, 0xff, 0x04, 
    0x7f, 0x0f, 0x0f, 0x1f, 0x1f, 0x82, 0xff, 0x03, 0x7f, 0x0f, 0x0f, 0x07, 0xf0, 0x00, 0x82, 0xff, 
    0x84, 0x00, 0x03, 0x63, 0xff, 0xff, 0x80, 0xc1, 0x00, 0x02, 0x40, 0xc0, 0xc0, 0x83, 0xe0, 0x85, 
    0xf0, 0x00, 0xe0, 0x83, 0xf0, 0x82, 0xf8, 0x04, 0x78, 0xf8, 0x78, 0xfc, 0xfc, 0x84, 0xbc, 0x00, 
    0xfc, 0x88, 0xfe, 0x89, 0xff, 0x04, 0xf7, 0xff, 0xfe, 0xff, 0xf3, 0x82, 0xff, 0x03, 0xfe, 0xff, 
    0xfb, 0xff, 0x86, 0xfe, 0x03, 0xfc, 0xbc, 0xbc, 0xfc, 0x82, 0xbc, 0x03, 0xfc, 0xfc, 0x7c, 0x78, 
    0x85, 0xf8, 0x84, 0xfc, 0x84, 0xf8, 0x03, 0xf0, 0xb0, 0xb0, 0x30, 0x8f, 0x00, 
};

static const uint8_t s_boot_intro_f23[] = {
    0xff, 0x00, 0xac, 0x00, 0x04, 0x80, 0xc0, 0xc0, 0x40, 0xc0, 0x82, 0x80, 0x86, 0x00, 0x05, 0xf8, 
    0xfc, 0xfe, 0xfc, 0xf0, 0xf0, 0xea, 0x00, 0x0a, 0x01, 0x00, 0x01, 0x00, 0x00, 0x01, 0x01, 0x03, 
    0x03, 0x07, 0x06, 0x82, 0x0e, 0x02, 0xfc, 0xfc, 0xfd, 0x82, 0xff, 0x05, 0xf8, 0xf8, 0x78, 0xf0, 
    0xc0, 0x80, 0xf1, 0x00, 0x01, 0xc0, 0xf0, 0x86, 0xff, 0x0c, 0xf1, 0xe0, 0xc0, 0x81, 0x03, 0x07, 
    0x06, 0x0e, 0x0c, 0x18, 0x78, 0x70, 0xe0, 0xe5, 0x00, 0x03, 0x80, 0xc0, 0xf0, 0xfe, 0x8c, 0xff, 
    0x04, 0xfe, 0xfc, 0xf0, 0xe0, 0xc0, 0x82, 0x00, 0x00, 0x01, 0xe4, 0x00, 0x00, 0x03, 0x82, 0x07, 
    0x83, 0x0f, 0x00, 0x1f, 0x82, 0xff, 0x0b, 0x07, 0x07, 0x03, 0x07, 0x0f, 0x7f, 0xff, 0xff, 0xc7, 
    0x07, 0x03, 0x01, 0xf0, 0x00, 0x03, 0x03, 0x1f, 0xff, 0xfc, 0x84, 0x00, 0x05, 0x01, 0x07, 0x1f, 
    0xfe, 0xe0, 0x80, 0xbe, 0x00, 0x02, 0x40, 0xc0, 0xc0, 0x83, 0xe0, 0x85, 0xf0, 0x00, 0xe0, 0x83, 
    0xf0, 0x82, 0xf8, 0x04, 0x78, 0xf8, 0x78, 0xfc, 0xfc, 0x84, 0xbc, 0x00, 0xfc, 0x88, 0xfe, 0x89, 
    0xff, 0x03, 0xf6, 0xff, 0xff, 0xfa, 0x84, 0xff, 0x82, 0xfe, 0x02, 0xfb, 0xff, 0xff, 0x83, 0xfe, 
    0x03, 0xfc, 0xbc, 0xbc, 0xfc, 0x82, 0xbc, 0x03, 0xfc, 0xfc, 0x7c, 0x78, 0x85, 0xf8, 0x84, 0xfc, 
    0x84, 0xf8, 0x03, 0xe0, 0xb0, 0xb0, 0x30, 0x8f, 0x00, 
};

static const uint8_t s_boot_intro_f24[] = {
    0xff, 0x00, 0xad, 0x00, 0x01, 0x02, 0x07, 0x82, 0x03, 0x0e, 0x0e, 0x1c, 0x38, 0x70, 0xe0, 0xc0, 
    0x80, 0x00, 0x00, 0xfc, 0xfe, 0xff, 0xfc, 0xf8, 0x70, 0xa6, 0x00, 0x00, 0x40, 0xa5, 0x00, 0x00, 
    0x08, 0xa6, 0x00, 0x05, 0x01, 0x03, 0xe7, 0xff, 0xfe, 0xfe, 0x82, 0xff, 0x06, 0xfc, 0x38, 0x78, 
    0xf0, 0xe0, 0xc0, 0x80, 0xf0, 0x00, 0x00, 0xe0, 0x86, 0xff, 0x0e, 0xf9, 0xf0, 0xe0, 0xc0, 0x80, 
    0x01, 0x03, 0x03, 0x07, 0x06, 0x06, 0x0c, 0x3c, 0x38, 0x60, 0xe5, 0x00, 0x01, 0xc0, 0xf0, 0x8e, 
    0xff, 0x04, 0xfe, 0xfc, 0xf8, 0xe0, 0xc0, 0xe8, 0x00, 0x00, 0x07, 0x85, 0x0f, 0x00, 0x1f, 0x82, 
    0xff, 0x00, 0xc7, 0x82, 0x07, 0x06, 0x1f, 0x7f, 0xff, 0xf9, 0xe1, 0x81, 0x01, 0xf2, 0x00, 0x03, 
    0x0f, 0xff, 0xff, 0x80, 0x84, 0x00, 0x05, 0x03, 0x0f, 0x1f, 0x7c, 0xe0, 0xc0, 0xbd, 0x00, 0x02, 
    0x40, 0xc0, 0xc0, 0x83, 0xe0, 0x85, 0xf0, 0x00, 0xe0, 0x83, 0xf0, 0x82, 0xf8, 0x04, 0x78, 0xf8, 
    0x78, 0xfc, 0xfc, 0x84, 0xbc, 0x00, 0xfc, 0x88, 0xfe, 0x88, 0xff, 0x03, 0xf3, 0xfe, 0xf7, 0xfb, 
    0x85, 0xff, 0x83, 0xfe, 0x02, 0xff, 0xf7, 0xff, 0x82, 0xfe, 0x03, 0xfc, 0xbc, 0xbc, 0xfc, 0x82, 
    0xbc, 0x03, 0xfc, 0xfc, 0x7c, 0x78, 0x85, 0xf8, 0x84, 0xfc, 0x84, 0xf8, 0x03, 0xe0, 0xb0, 0xb0, 
    0x30, 0x8f, 0x00, 
};

static const uint8_t s_boot_intro_f25[] = {
    0xae, 0x00, 0x84, 0x80, 0xfa, 0x00, 0x84, 0x01, 0x0c, 0x07, 0x1e, 0x38, 0x70, 0xe0, 0xc0, 0x80, 
    0x00, 0xf8, 0xfe, 0xff, 0xfc, 0xf8, 0xa7, 0x00, 0x00, 0x40, 0xa5, 0x00, 0x00, 0x08, 0xa7, 0x00, 
    0x04, 0x03, 0xe7, 0xff, 0xfe, 0xfe, 0x82, 0xff, 0x06, 0xfc, 0x38, 0x78, 0xf0, 0xe0, 0xc0, 0x80, 
    0xa6, 0x00, 0x00, 0x08, 0xa2, 0x00, 0x00, 0x80, 0xa4, 0x00, 0x00, 0xf0, 0x86, 0xff, 0x05, 0xf8, 
    0xf0, 0xe0, 0xe0, 0xc0, 0x81, 0x82, 0x03, 0x05, 0x06, 0x06, 0x04, 0x3c, 0x18, 0x30, 0xc9, 0x00, 
    0x00, 0x80, 0x9b, 0x00, 0x01, 0xe0, 0xfe, 0x8e, 0xff, 0x03, 0xfe, 0xfc, 0xf8, 0xf0, 0xe8, 0x00, 
    0x07, 0x04, 0x0f, 0x0f, 0x1f, 0x1f, 0x0f, 0x0f, 0x1f, 0x82, 0xff, 0x09, 0xcf, 0x0f, 0x07, 0x0f, 
    0x1f, 0x7f, 0xfd, 0xf1, 0xe1, 0x81, 0xf3, 0x00, 0x03, 0x0f, 0xff, 0xff, 0x80, 0x83, 0x00, 0x06, 
    0x01, 0x07, 0x0f, 0x3f, 0xf0, 0xe0, 0x80, 0xa7, 0x00, 0x00, 0x04, 0x94, 0x00, 0x02, 0x40, 0xc0, 
    0xc0, 0x83, 0xe0, 0x85, 0xf0, 0x00, 0xe0, 0x83, 0xf0, 0x82, 0xf8, 0x04, 0x78, 0xf8, 0x78, 0xfc, 
    0xfc, 0x84, 0xbc, 0x00, 0xfc, 0x88, 0xfe, 0x88, 0xff, 0x03, 0xf3, 0xfe, 0xf7, 0xf9, 0x85, 0xff, 
    0x82, 0xfe, 0x03, 0xff, 0xff, 0xf7, 0xff, 0x82, 0xfe, 0x03, 0xfc, 0xbc, 0xbc, 0xfc, 0x82, 0xbc, 
    0x03, 0xfc, 0xfc, 0x7c, 0x78, 0x85, 0xf8, 0x84, 0xfc, 0x84, 0xf8, 0x03, 0xe0, 0xb0, 0xb0, 0x30, 
    0x8f, 0x00, 
};

static const uint8_t s_boot_intro_f26[] = {
    0xaf, 0x00, 0x00, 0x60, 0x83, 0xc0, 0x00, 0x80, 0x8f, 0x00, 0x00, 0x04, 0xec, 0x00, 0x0c, 0x01, 
    0x07, 0x1e, 0x3c, 0xf0, 0xc0, 0x80, 0x00, 0xf0, 0xfe, 0xff, 0xf8, 0xf0, 0xa7, 0x00, 0x00, 0x40, 
    0xa5, 0x00, 0x00, 0x08, 0xa7, 0x00, 0x04, 0x01, 0xf3, 0xff, 0xfe, 0xfe, 0x82, 0xff, 0x07, 0xfc, 
    0x38, 0x78, 0xf0, 0xe0, 0xc0, 0x80, 0x80, 0xa5, 0x00, 0x00, 0x08, 0xa2, 0x00, 0x00, 0x80, 0xa4, 
    0x00, 0x00, 0xf0, 0x86, 0xff, 0x06, 0xf8, 0xf0, 0xe0, 0xe0, 0xc0, 0x81, 0x83, 0x82, 0x03, 0x05, 
    0x06, 0x06, 0x1c, 0x1c, 0x18, 0x30, 0xc8, 0x00, 0x00, 0x80, 0x9c, 0x00, 0x00, 0xfc, 0x8f, 0xff, 
    0x03, 0xfe, 0xfe, 0x7c, 0x38, 0xe9, 0x00, 0x00, 0x0f, 0x84, 0x1f, 0x82, 0xff, 0x08, 0xcf, 0x0f, 
    0x07, 0x0f, 0x3f, 0xff, 0xfb, 0xf1, 0xc1, 0xf4, 0x00, 0x03, 0x0f, 0xff, 0xdf, 0x80, 0x83, 0x00, 
    0x05, 0x03, 0x0f, 0x1f, 0xfe, 0xe0, 0xc0, 0xa8, 0x00, 0x00, 0x04, 0x94, 0x00, 0x02, 0x40, 0xc0, 
    0xc0, 0x83, 0xe0, 0x85, 0xf0, 0x00, 0xe0, 0x83, 0xf0, 0x82, 0xf8, 0x04, 0x78, 0xf8, 0x78, 0xfc, 
    0xfc, 0x84, 0xbc, 0x00, 0xfc, 0x88, 0xfe, 0x88, 0xff, 0x03, 0xf3, 0xff, 0xf7, 0xf9, 0x85, 0xff, 
    0x82, 0xfe, 0x03, 0xfb, 0xf7, 0xf7, 0xfc, 0x82, 0xfe, 0x03, 0xfc, 0xbc, 0xbc, 0xfc, 0x82, 0xbc, 
    0x03, 0xfc, 0xfc, 0x7c, 0x78, 0x85, 0xf8, 0x84, 0xfc, 0x84, 0xf8, 0x03, 0xe0, 0xb0, 0xb0, 0x30, 
    0x8f, 0x00, 
};

static const uint8_t s_boot_intro_f27[] = {
    0xb0, 0x00, 0x05, 0x10, 0x70, 0x60, 0x60, 0xc0, 0x08, 0x8e, 0x00, 0x00, 0x04, 0xed, 0x00, 0x0b, 
    0x01, 0x0f, 0x3e, 0x78, 0xe0, 0xc0, 0x80, 0xf8, 0xfe, 0xff, 0xfc, 0xf0, 0xa7, 0x00, 0x00, 0x40, 
    0xa5, 0x00, 0x00, 0x08, 0xa7, 0x00, 0x04, 0x01, 0xf3, 0xff, 0xfe, 0xfe, 0x82, 0xff, 0x07, 0xfc, 
    0x38, 0x78, 0xf0, 0xe0, 0xc0, 0x80, 0x80, 0xa5, 0x00, 0x00, 0x08, 0xa2, 0x00, 0x00, 0x80, 0xa4, 
    0x00, 0x00, 0xf0, 0x86, 0xff, 0x10, 0xf8, 0xf0, 0xe0, 0xe0, 0xc0, 0xc1, 0xc1, 0x83, 0x83, 0x03, 
    0x03, 0x06, 0x0e, 0x1c, 0x0c, 0x18, 0x10, 0xc7, 0x00, 0x00, 0x80, 0x9c, 0x00, 0x00, 0xe0, 0x90, 
    0xff, 0x03, 0x7f, 0x7f, 0x3e, 0x1e, 0xe9, 0x00, 0x00, 0x0f, 0x83, 0x1f, 0x82, 0xff, 0x08, 0xcf, 
    0x07, 0x07, 0x1f, 0x3f, 0xff, 0xfb, 0xe3, 0xc1, 0xf4, 0x00, 0x03, 0x0f, 0xff, 0xdf, 0x80, 0x83, 
    0x00, 0x05, 0x03, 0x0f, 0x3f, 0xfe, 0xe0, 0xc0, 0xa8, 0x00, 0x00, 0x04, 0x94, 0x00, 0x02, 0x40, 
    0xc0, 0xc0, 0x83, 0xe0, 0x85, 0xf0, 0x00, 0xe0, 0x83, 0xf0, 0x82, 0xf8, 0x04, 0x78, 0xf8, 0x78, 
    0xfc, 0xfc, 0x84, 0xbc, 0x00, 0xfc, 0x88, 0xfe, 0x88, 0xff, 0x03, 0xf3, 0xff, 0xf7, 0xfb, 0x85, 
    0xff, 0x82, 0xfe, 0x03, 0xf3, 0xf7, 0xf7, 0xfc, 0x82, 0xfe, 0x03, 0xfc, 0xbc, 0xbc, 0xfc, 0x82, 
    0xbc, 0x03, 0xfc, 0xfc, 0x7c, 0x78, 0x85, 0xf8, 0x84, 0xfc, 0x84, 0xf8, 0x03, 0xe0, 0xb0, 0xb0, 
    0x30, 0x8f, 0x00, 
};

static const uint8_t s_boot_intro_f28[] = {
    0xb0, 0x00, 0x05, 0x10, 0x30, 0x70, 0x60, 0xc0, 0x88, 0x8e, 0x00, 0x00, 0x04, 0xed, 0x00, 0x0b, 
    0x01, 0x0f, 0x1e, 0x7c, 0xe0, 0xc0, 0x80, 0xf8, 0xfe, 0xff, 0xfc, 0xf0, 0xa7, 0x00, 0x00, 0x40, 
    0xa5, 0x00, 0x00, 0x08, 0xa7, 0x00, 0x04, 0x01, 0xf3, 0xff, 0xfe, 0xfe, 0x82, 0xff, 0x05, 0xfc, 
    0x38, 0x78, 0x70, 0xe0, 0xc0, 0x82, 0x80, 0xa4, 0x00, 0x00, 0x08, 0xa2, 0x00, 0x00, 0x80, 0xa4, 
    0x00, 0x00, 0xf0, 0x86, 0xff, 0x06, 0xf8, 0xf0, 0xe0, 0xe0, 0xc0, 0xc1, 0xc1, 0x83, 0x83, 0x05, 
    0x06, 0x06, 0x1c, 0x0c, 0x18, 0x10, 0xc7, 0x00, 0x00, 0x80, 0x85, 0x00, 0x00, 0x40, 0x95, 0x00, 
    0x00, 0xfc, 0x91, 0xff, 0x02, 0x7f, 0x1f, 0x0f, 0xea, 0x00, 0x83, 0x1f, 0x82, 0xff, 0x08, 0xcf, 
    0x0f, 0x07, 0x1f, 0x3f, 0xff, 0xfb, 0xe3, 0xc1, 0xf4, 0x00, 0x03, 0x0f, 0xff, 0xdf, 0x80, 0x83, 
    0x00, 0x05, 0x03, 0x0f, 0x3f, 0xfe, 0xe0, 0xc0, 0xa8, 0x00, 0x00, 0x04, 0x94, 0x00, 0x02, 0x40, 
    0xc0, 0xc0, 0x83, 0xe0, 0x85, 0xf0, 0x00, 0xe0, 0x83, 0xf0, 0x82, 0xf8, 0x04, 0x78, 0xf8, 0x78, 
    0xfc, 0xfc, 0x84, 0xbc, 0x00, 0xfc, 0x88, 0xfe, 0x88, 0xff, 0x03, 0xf3, 0xff, 0xf7, 0xfb, 0x85, 
    0xff, 0x82, 0xfe, 0x03, 0xf3, 0xf7, 0xf7, 0xfc, 0x82, 0xfe, 0x03, 0xfc, 0xbc, 0xbc, 0xfc, 0x82, 
    0xbc, 0x03, 0xfc, 0xfc, 0x7c, 0x78, 0x85, 0xf8, 0x84, 0xfc, 0x84, 0xf8, 0x03, 0xe0, 0xb0, 0xb0, 
    0x30, 0x8f, 0x00, 
};

static const uint8_t s_boot_intro_f29[] = {
    0xb1, 0x00, 0x04, 0x38, 0x70, 0x60, 0xc0, 0x08, 0x8e, 0x00, 0x00, 0x04, 0xed, 0x00, 0x0b, 0x03, 
    0x0f, 0x3e, 0x78, 0xe0, 0xc0, 0x00, 0xf8, 0xfe, 0xff, 0xfc, 0xf0, 0xa7, 0x00, 0x00, 0x40, 0xa5, 
    0x00, 0x00, 0x08, 0xa7, 0x00, 0x04, 0x01, 0xf3, 0xff, 0xfe, 0xfe, 0x82, 0xff, 0x07, 0xfc, 0x38, 
    0x78, 0xf0, 0xe0, 0xc0, 0x80, 0x80, 0xa5, 0x00, 0x00, 0x08, 0xa2, 0x00, 0x00, 0x80, 0xa4, 0x00, 
    0x00, 0xf0, 0x86, 0xff, 0x06, 0xf8, 0xf0, 0xe0, 0xc0, 0xc0, 0x81, 0x81, 0x82, 0x83, 0x06, 0x02, 
    0x06, 0x0e, 0x1c, 0x0c, 0x08, 0x10, 0xc7, 0x00, 0x00, 0x80, 0x9c, 0x00, 0x92, 0xff, 0x02, 0x7f, 
    0x3f, 0x0f, 0xe9, 0x00, 0x00, 0x07, 0x83, 0x1f, 0x82, 0xff, 0x08, 0xdf, 0x1f, 0x0f, 0x0f, 0x3f, 
    0xff, 0xfb, 0xe1, 0xc1, 0xf4, 0x00, 0x03, 0x0f, 0xff, 0xdf, 0x80, 0x83, 0x00, 0x05, 0x03, 0x0f, 
    0x3f, 0xfe, 0xe0, 0xc0, 0xa8, 0x00, 0x00, 0x04, 0x94, 0x00, 0x02, 0x40, 0xc0, 0xc0, 0x83, 0xe0, 
    0x85, 0xf0, 0x00, 0xe0, 0x83, 0xf0, 0x82, 0xf8, 0x03, 0x78, 0xf8, 0x78, 0xfc, 0x85, 0xbc, 0x00, 
    0xfc, 0x88, 0xfe, 0x88, 0xff, 0x03, 0xf3, 0xff, 0xf7, 0xfb, 0x85, 0xff, 0x82, 0xfe, 0x03, 0xfb, 
    0xf7, 0xf7, 0xfc, 0x82, 0xfe, 0x03, 0xfc, 0xbc, 0xbc, 0xfc, 0x82, 0xbc, 0x03, 0xfc, 0xfc, 0x7c, 
    0x78, 0x85, 0xf8, 0x84, 0xfc, 0x84, 0xf8, 0x03, 0xe0, 0xb0, 0xb0, 0x30, 0x8f, 0x00, 
};

static const uint8_t s_boot_intro_f30[] = {
    0xb1, 0x00, 0x02, 0x78, 0xf0, 0xc0, 0x90, 0x00, 0x00, 0x04, 0xec, 0x00, 0x0c, 0x03, 0x0f, 0x3c, 
    0x78, 0xe0, 0xc0, 0x80, 0x00, 0xf8, 0xfe, 0xff, 0xf8, 0xf0, 0xa7, 0x00, 0x00, 0x40, 0xa5, 0x00, 
    0x00, 0x08, 0xa7, 0x00, 0x04, 0x03, 0xf7, 0xff, 0xfe, 0xfe, 0x82, 0xff, 0x06, 0xfc, 0x78, 0x78, 
    0xf0, 0xe0, 0xc0, 0x80, 0xca, 0x00, 0x00, 0x80, 0xa4, 0x00, 0x00, 0xf0, 0x86, 0xff, 0x05, 0xf8, 
    0xf0, 0xe0, 0xc0, 0x80, 0x81, 0x82, 0x03, 0x07, 0x06, 0x06, 0x04, 0x0c, 0x1c, 0x0c, 0x08, 0x08, 
    0xe5, 0x00, 0x92, 0xff, 0x02, 0x7f, 0x3f, 0x0e, 0xe9, 0x00, 0x83, 0x0f, 0x00, 0x1f, 0x82, 0xff, 
    0x08, 0xdf, 0x1f, 0x0f, 0x1f, 0x3f, 0xff, 0xfb, 0xe1, 0xc1, 0xf4, 0x00, 0x03, 0x2f, 0xff, 0xff, 
    0x80, 0x83, 0x00, 0x05, 0x03, 0x0f, 0x3f, 0xfc, 0xe0, 0xc0, 0xbe, 0x00, 0x02, 0x40, 0xc0, 0xc0, 
    0x83, 0xe0, 0x85, 0xf0, 0x00, 0xe0, 0x83, 0xf0, 0x82, 0xf8, 0x03, 0x78, 0xf8, 0x78, 0xfc, 0x85, 
    0xbc, 0x00, 0xfc, 0x88, 0xfe, 0x88, 0xff, 0x03, 0xf3, 0xff, 0xf7, 0xfb, 0x85, 0xff, 0x82, 0xfe, 
    0x82, 0xf7, 0x83, 0xfe, 0x03, 0xfc, 0xbc, 0xbc, 0xfc, 0x82, 0xbc, 0x03, 0xfc, 0xfc, 0x7c, 0x78, 
    0x85, 0xf8, 0x84, 0xfc, 0x84, 0xf8, 0x03, 0xe0, 0xb0, 0xb0, 0x30, 0x8f, 0x00, 
};

static const uint8_t s_boot_intro_f31[] = {
    0xb0, 0x00, 0x01, 0x80, 0xe0, 0x92, 0x00, 0x00, 0x04, 0xe9, 0x00, 0x07, 0x01, 0x07, 0x0e, 0x38, 
    0xf0, 0xe0, 0x80, 0x80, 0x82, 0x00, 0x04, 0xf0, 0xfe, 0xff, 0xf8, 0xf0, 0xa7, 0x00, 0x00, 0x40, 
    0xcc, 0x00, 0x03, 0x01, 0x03, 0x07, 0xe7, 0x82, 0xfe, 0x82, 0xff, 0x05, 0xfc, 0x78, 0x78, 0xe0, 
    0xc0, 0x80, 0xf1, 0x00, 0x00, 0xe0, 0x86, 0xff, 0x0f, 0xf9, 0xf0, 0xe0, 0xc0, 0x81, 0x03, 0x07, 
    0x07, 0x06, 0x0c, 0x0c, 0x18, 0x18, 0x38, 0x08, 0x18, 0xe5, 0x00, 0x00, 0xe0, 0x8f, 0xff, 0x82, 
    0xfe, 0x02, 0x7e, 0x3e, 0x06, 0xe8, 0x00, 0x85, 0x0f, 0x0b, 0x7f, 0xff, 0xff, 0xcf, 0x0f, 0x0f, 
    0x1f, 0xff, 0xff, 0xf7, 0xc3, 0x01, 0xf4, 0x00, 0x03, 0x0f, 0xff, 0xff, 0x80, 0x82, 0x00, 0x05, 
    0x03, 0x0f, 0x3f, 0xff, 0xe0, 0x80, 0xbf, 0x00, 0x02, 0x40, 0xc0, 0xc0, 0x83, 0xe0, 0x85, 0xf0, 
    0x00, 0xe0, 0x83, 0xf0, 0x82, 0xf8, 0x04, 0x78, 0xf8, 0x78, 0xfc, 0xfc, 0x84, 0xbc, 0x00, 0xfc, 
    0x88, 0xfe, 0x88, 0xff, 0x03, 0xf3, 0xfe, 0xf7, 0xfb, 0x85, 0xff, 0x04, 0xfe, 0xff, 0xf7, 0xff, 
    0xf6, 0x84, 0xfe, 0x03, 0xfc, 0xbc, 0xbc, 0xfc, 0x82, 0xbc, 0x03, 0xfc, 0xfc, 0x7c, 0x78, 0x85, 
    0xf8, 0x84, 0xfc, 0x84, 0xf8, 0x03, 0xe0, 0xb0, 0xb0, 0x30, 0x8f, 0x00, 
};

static const uint8_t s_boot_intro_f32[] = {
    0x84, 0x00, 0x00, 0x10, 0xff, 0x00, 0xa8, 0x00, 0x03, 0x78, 0xf0, 0x80, 0x80, 0x87, 0x00, 0x06, 
    0x40, 0xfc, 0xfe, 0xfe, 0xf8, 0xf0, 0xc0, 0xee, 0x00, 0x04, 0x01, 0x03, 0x07, 0x06, 0x0e, 0x83, 
    0x0c, 0x03, 0xdc, 0xfc, 0xfc, 0xfd, 0x82, 0xff, 0x04, 0xfc, 0x78, 0xf8, 0xe0, 0xc0, 0xf2, 0x00, 
    0x01, 0xc0, 0xf8, 0x86, 0xff, 0x0a, 0xf0, 0xe0, 0xc1, 0x87, 0x0f, 0x0e, 0x1c, 0x38, 0x30, 0x60, 
    0x60, 0x82, 0x20, 0xe6, 0x00, 0x01, 0xc0, 0xfe, 0x8d, 0xff, 0x82, 0xfe, 0x03, 0xfc, 0x7c, 0x3c, 
    0x1c, 0xe8, 0x00, 0x85, 0x0f, 0x0c, 0x7f, 0xff, 0xff, 0xcf, 0x0f, 0x7f, 0xff, 0xff, 0xef, 0x07, 
    0x07, 0x01, 0x01, 0xf3, 0x00, 0x09, 0x0f, 0xff, 0xff, 0x80, 0x00, 0x03, 0x1f, 0xff, 0xff, 0x80, 
    0xc2, 0x00, 0x02, 0x40, 0xc0, 0xc0, 0x83, 0xe0, 0x8a, 0xf0, 0x82, 0xf8, 0x04, 0x78, 0xf8, 0x78, 
    0xfc, 0xfc, 0x84, 0xbc, 0x00, 0xfc, 0x88, 0xfe, 0x88, 0xff, 0x0a, 0xf3, 0xfe, 0xf7, 0xfb, 0xfd, 
    0xfe, 0xff, 0xff, 0xfb, 0xef, 0xef, 0x88, 0xfe, 0x03, 0xfc, 0xbc, 0xbc, 0xfc, 0x82, 0xbc, 0x03, 
    0xfc, 0xfc, 0x7c, 0x78, 0x85, 0xf8, 0x84, 0xfc, 0x84, 0xf8, 0x06, 0xe0, 0xb0, 0xb0, 0x30, 0x00, 
    0x00, 0x80, 0x8c, 0x00, 
};

static const uint8_t s_boot_intro_f33[] = {
    0x84, 0x00, 0x00, 0x10, 0xff, 0x00, 0xb4, 0x00, 0x06, 0xc0, 0xfc, 0xfe, 0xfc, 0xf0, 0xf0, 0xe0, 
    0xeb, 0x00, 0x01, 0x0e, 0x1c, 0x82, 0x30, 0x84, 0x60, 0x05, 0x70, 0x30, 0x30, 0xf8, 0xf9, 0xfd, 
    0x82, 0xff, 0x04, 0xfc, 0xf8, 0xf8, 0xe0, 0x80, 0xf2, 0x00, 0x01, 0x80, 0xe0, 0x86, 0xff, 0x07, 
    0xf1, 0xe1, 0xc7, 0x8f, 0x1c, 0x38, 0x60, 0xc0, 0x83, 0x80, 0xe8, 0x00, 0x01, 0x80, 0xfc, 0x8d, 
    0xff, 0x06, 0xfe, 0xfe, 0xfc, 0xfd, 0xfd, 0x7c, 0x38, 0xe8, 0x00, 0x00, 0x0f, 0x83, 0x1f, 0x04, 
    0x0f, 0x7f, 0xff, 0xff, 0xcf, 0x82, 0xff, 0x05, 0x8f, 0x0f, 0x07, 0x07, 0x03, 0x03, 0xf3, 0x00, 
    0x06, 0x03, 0xff, 0xff, 0x87, 0x3f, 0xff, 0xff, 0xc5, 0x00, 0x02, 0x40, 0xc0, 0xc0, 0x83, 0xe0, 
    0x8a, 0xf0, 0x82, 0xf8, 0x04, 0x78, 0xf8, 0x78, 0xfc, 0xfc, 0x84, 0xbc, 0x00, 0xfc, 0x88, 0xfe, 
    0x88, 0xff, 0x0a, 0xf3, 0xfe, 0xf7, 0xfb, 0xff, 0xf8, 0xef, 0xef, 0xee, 0xf7, 0xff, 0x88, 0xfe, 
    0x03, 0xfc, 0xbc, 0xbc, 0xfc, 0x82, 0xbc, 0x03, 0xfc, 0xfc, 0x7c, 0x78, 0x85, 0xf8, 0x84, 0xfc, 
    0x84, 0xf8, 0x06, 0xe0, 0xb0, 0xb0, 0x30, 0x00, 0x00, 0x80, 0x8c, 0x00, 
};

static const uint8_t s_boot_intro_f34[] = {
    0x84, 0x00, 0x00, 0x10, 0xff, 0x00, 0xb4, 0x00, 0x06, 0xe0, 0xf8, 0xf8, 0xf0, 0xe0, 0xe0, 0xc0, 
    0xf7, 0x00, 0x03, 0x80, 0xe0, 0xf3, 0xfb, 0x82, 0xff, 0x03, 0xf9, 0xf8, 0xf0, 0xe0, 0xea, 0x00, 
    0x0b, 0x08, 0x18, 0x30, 0x30, 0x10, 0x18, 0x1c, 0x0c, 0x0c, 0x0f, 0x83, 0xe3, 0x88, 0xff, 0x01, 
    0xfc, 0xc0, 0xf0, 0x00, 0x01, 0xf0, 0xfe, 0x8d, 0xff, 0x82, 0xfe, 0x03, 0xf8, 0xf8, 0x70, 0x10, 
    0xe7, 0x00, 0x01, 0x0f, 0x1f, 0x83, 0x3f, 0x00, 0x7f, 0x84, 0xff, 0x01, 0x0f, 0x0f, 0x84, 0x07, 
    0x01, 0x03, 0x03, 0xf1, 0x00, 0x00, 0x03, 0x82, 0xff, 0x00, 0x03, 0xc7, 0x00, 0x02, 0x40, 0xc0, 
    0xc0, 0x83, 0xe0, 0x85, 0xf0, 0x00, 0xe0, 0x83, 0xf0, 0x82, 0xf8, 0x03, 0x78, 0xf8, 0x78, 0xfc, 
    0x85, 0xbc, 0x00, 0xfc, 0x88, 0xfe, 0x88, 0xff, 0x06, 0xf3, 0xff, 0xf7, 0xff, 0xef, 0xec, 0xf7, 
    0x82, 0xff, 0x89, 0xfe, 0x03, 0xfc, 0xbc, 0xbc, 0xfc, 0x82, 0xbc, 0x03, 0xfc, 0xfc, 0x7c, 0x78, 
    0x85, 0xf8, 0x84, 0xfc, 0x84, 0xf8, 0x03, 0xe0, 0xb0, 0xb0, 0x30, 0x8f, 0x00, 
};

static const uint8_t s_boot_intro_f35[] = {
    0x84, 0x00, 0x00, 0x18, 0xff, 0x00, 0xb4, 0x00, 0x06, 0x60, 0xf0, 0xf8, 0xf0, 0xe0, 0xe0, 0xc0, 
    0xf7, 0x00, 0x02, 0x80, 0xe0, 0xf3, 0x83, 0xff, 0x03, 0xfb, 0xf0, 0xf0, 0xe0, 0xeb, 0x00, 0x00, 
    0x40, 0x83, 0xc0, 0x05, 0x60, 0x30, 0x38, 0x1c, 0x8f, 0xe3, 0x88, 0xff, 0x00, 0xe0, 0xf1, 0x00, 
    0x01, 0xf0, 0xfc, 0x8c, 0xff, 0x03, 0xfe, 0xfc, 0xf8, 0xf8, 0x82, 0xf0, 0x00, 0x60, 0xe7, 0x00, 
    0x01, 0x0f, 0x1f, 0x83, 0x3f, 0x85, 0xff, 0x82, 0x0f, 0x84, 0x07, 0x01, 0x03, 0x01, 0xf0, 0x00, 
    0x00, 0x07, 0x82, 0xff, 0x00, 0x03, 0xc7, 0x00, 0x02, 0x40, 0xc0, 0xc0, 0x83, 0xe0, 0x85, 0xf0, 
    0x00, 0xe0, 0x83, 0xf0, 0x82, 0xf8, 0x03, 0x78, 0xf8, 0x78, 0xfc, 0x85, 0xbc, 0x00, 0xfc, 0x88, 
    0xfe, 0x88, 0xff, 0x06, 0xf3, 0xfe, 0xf7, 0xff, 0xef, 0xec, 0xf7, 0x82, 0xff, 0x89, 0xfe, 0x03, 
    0xfc, 0xbc, 0xbc, 0xfc, 0x82, 0xbc, 0x82, 0xfc, 0x00, 0x78, 0x85, 0xf8, 0x84, 0xfc, 0x84, 0xf8, 
    0x03, 0xe0, 0xb0, 0xb0, 0x30, 0x8f, 0x00, 
};

static const uint8_t s_boot_intro_f36[] = {
    0x84, 0x00, 0x00, 0x18, 0xff, 0x00, 0xb4, 0x00, 0x06, 0x40, 0xf0, 0xf8, 0xf0, 0xe0, 0xe0, 0xc0, 
    0xf8, 0x00, 0x09, 0xe0, 0xf3, 0xf7, 0xf7, 0xff, 0xff, 0xf3, 0xf0, 0xf0, 0xe0, 0xf1, 0x00, 0x04, 
    0x80, 0xe0, 0x70, 0x3e, 0xdf, 0x88, 0xff, 0x00, 0x80, 0xec, 0x00, 0x06, 0x02, 0x02, 0x07, 0x03, 
    0x03, 0xf0, 0xfc, 0x8c, 0xff, 0x07, 0xfe, 0xfc, 0xf8, 0xf0, 0xf0, 0xe0, 0xe0, 0x40, 0xe7, 0x00, 
    0x02, 0x1f, 0x1f, 0x3f, 0x82, 0x7f, 0x85, 0xff, 0x00, 0x1f, 0x82, 0x0f, 0x00, 0x07, 0x82, 0x0f, 
    0x02, 0x07, 0x03, 0x01, 0xee, 0x00, 0x01, 0x01, 0x07, 0x82, 0xff, 0x00, 0x03, 0xc7, 0x00, 0x02, 
    0x40, 0xc0, 0xc0, 0x83, 0xe0, 0x85, 0xf0, 0x00, 0xe0, 0x83, 0xf0, 0x82, 0xf8, 0x03, 0x78, 0xf8, 
    0x78, 0xfc, 0x85, 0xbc, 0x00, 0xfc, 0x88, 0xfe, 0x88, 0xff, 0x06, 0xf3, 0xfe, 0xf7, 0xff, 0xef, 
    0xe8, 0xe7, 0x82, 0xff, 0x89, 0xfe, 0x03, 0xfc, 0xbc, 0xbc, 0xfc, 0x82, 0xbc, 0x82, 0xfc, 0x00, 
    0x78, 0x85, 0xf8, 0x84, 0xfc, 0x84, 0xf8, 0x03, 0xe0, 0xb0, 0xb0, 0x30, 0x8f, 0x00, 
};

static const uint8_t s_boot_intro_f37[] = {
    0x84, 0x00, 0x00, 0x10, 0xff, 0x00, 0xb5, 0x00, 0x05, 0xe0, 0xf0, 0xf0, 0xe0, 0xc0, 0xc0, 0xf8, 
    0x00, 0x02, 0xe0, 0xf3, 0xf7, 0x82, 0xff, 0x03, 0xf7, 0xf1, 0xf0, 0xe0, 0xf4, 0x00, 0x00, 0xf0, 
    0x89, 0xff, 0xf0, 0x00, 0x02, 0x08, 0x88, 0xfc, 0x8c, 0xff, 0x08, 0xfe, 0xfc, 0xf8, 0xf0, 0xe0, 
    0xe0, 0xc0, 0xc0, 0x80, 0xe6, 0x00, 0x03, 0x08, 0x1f, 0x3f, 0x3f, 0x82, 0x7f, 0x82, 0xff, 0x00, 
    0xbf, 0x82, 0xff, 0x00, 0x1f, 0x86, 0x0f, 0x01, 0x07, 0x03, 0xee, 0x00, 0x01, 0x01, 0x0f, 0x82, 
    0xff, 0x00, 0x07, 0xc7, 0x00, 0x02, 0x40, 0xc0, 0xc0, 0x83, 0xe0, 0x85, 0xf0, 0x00, 0xe0, 0x83, 
    0xf0, 0x82, 0xf8, 0x82, 0x78, 0x00, 0xfc, 0x85, 0xbc, 0x00, 0xfc, 0x88, 0xfe, 0x88, 0xff, 0x06, 
    0xf3, 0xf6, 0xf7, 0xff, 0xef, 0xe8, 0xe7, 0x82, 0xff, 0x89, 0xfe, 0x03, 0xfc, 0xbc, 0xbc, 0xfc, 
    0x82, 0xbc, 0x82, 0xfc, 0x00, 0x78, 0x85, 0xf8, 0x84, 0xfc, 0x84, 0xf8, 0x03, 0xe0, 0xb0, 0xb0, 
    0x30, 0x8f, 0x00, 
};

static const uint8_t s_boot_intro_f38[] = {
    0x84, 0x00, 0x00, 0x10, 0xff, 0x00, 0xb5, 0x00, 0x05, 0xc0, 0xe0, 0xf0, 0xe0, 0xc0, 0xc0, 0xf8, 
    0x00, 0x02, 0xe0, 0xe3, 0xf7, 0x82, 0xff, 0x03, 0xf7, 0xf3, 0xe0, 0xe0, 0xf4, 0x00, 0x00, 0xfc, 
    0x89, 0xff, 0x00, 0x18, 0xf0, 0x00, 0x02, 0xc0, 0xf0, 0xfc, 0x8b, 0xff, 0x06, 0xfe, 0xfc, 0xf0, 
    0xe0, 0xc0, 0xc0, 0x80, 0xe8, 0x00, 0x05, 0x1e, 0x1f, 0x3f, 0x3f, 0x7f, 0x7f, 0x83, 0xff, 0x00, 
    0xbf, 0x82, 0xff, 0x82, 0x1f, 0x06, 0x0f, 0x0f, 0x1f, 0x1f, 0x0f, 0x0f, 0x03, 0xee, 0x00, 0x01, 
    0x01, 0x0f, 0x82, 0xff, 0x00, 0x0f, 0xc7, 0x00, 0x02, 0x40, 0xc0, 0xc0, 0x83, 0xe0, 0x85, 0xf0, 
    0x00, 0xe0, 0x83, 0xf0, 0x82, 0xf8, 0x82, 0x78, 0x00, 0xfc, 0x85, 0xbc, 0x00, 0xfc, 0x88, 0xfe, 
    0x88, 0xff, 0x06, 0xf3, 0xf6, 0xf7, 0xff, 0xef, 0xe8, 0xe7, 0x82, 0xff, 0x89, 0xfe, 0x03, 0xfc, 
    0xbc, 0xbc, 0xfc, 0x82, 0xbc, 0x82, 0xfc, 0x00, 0x78, 0x85, 0xf8, 0x84, 0xfc, 0x84, 0xf8, 0x06, 
    0xe0, 0xb0, 0xb0, 0x30, 0x00, 0x00, 0x80, 0x8c, 0x00, 
};

static const uint8_t s_boot_intro_f39[] = {
    0xff, 0x00, 0xbb, 0x00, 0x06, 0x80, 0xe0, 0xf0, 0xe0, 0xc0, 0xc0, 0x80, 0xf7, 0x00, 0x02, 0xe0, 
    0xe3, 0xf6, 0x82, 0xff, 0x04, 0xf7, 0xf3, 0xe0, 0xe0, 0x80, 0xf2, 0x00, 0x02, 0x3c, 0xff, 0xe7, 
    0x86, 0xff, 0x03, 0xf7, 0xe7, 0x7f, 0x3c, 0xef, 0x00, 0x02, 0xc0, 0xf0, 0xfc, 0x8b, 0xff, 0x04, 
    0xfc, 0xf8, 0xe0, 0xc0, 0x80, 0xe9, 0x00, 0x06, 0x08, 0x1f, 0x1f, 0x3f, 0x3f, 0x7f, 0x7f, 0x83, 
    0xff, 0x00, 0x7f, 0x82, 0xff, 0x00, 0x3f, 0x86, 0x1f, 0x00, 0x0e, 0xef, 0x00, 0x01, 0x03, 0x0f, 
    0x82, 0xff, 0x01, 0x0f, 0x01, 0xc6, 0x00, 0x02, 0x40, 0xc0, 0xc0, 0x83, 0xe0, 0x85, 0xf0, 0x00, 
    0xe0, 0x83, 0xf0, 0x82, 0xf8, 0x82, 0x78, 0x00, 0xfc, 0x85, 0xbc, 0x00, 0xfc, 0x88, 0xfe, 0x88, 
    0xff, 0x06, 0xf3, 0xf6, 0xff, 0xff, 0xef, 0xea, 0xe7, 0x82, 0xff, 0x89, 0xfe, 0x03, 0xfc, 0xbc, 
    0xbc, 0xfc, 0x82, 0xbc, 0x82, 0xfc, 0x00, 0x78, 0x85, 0xf8, 0x84, 0xfc, 0x84, 0xf8, 0x06, 0xe0, 
    0xb0, 0xb0, 0x30, 0x00, 0x00, 0x80, 0x8c, 0x00, 
};

static const uint8_t s_boot_intro_f40[] = {
    0xff, 0x00, 0xbb, 0x00, 0x05, 0x80, 0xe0, 0xf0, 0xe0, 0xc0, 0xc0, 0xf7, 0x00, 0x03, 0x80, 0xe0, 
    0xe3, 0xf6, 0x82, 0xff, 0x04, 0xf7, 0xf3, 0xe0, 0xe0, 0x80, 0xf1, 0x00, 0x03, 0x18, 0x7e, 0xff, 
    0xc3, 0x87, 0xff, 0x03, 0xc3, 0xf7, 0x7e, 0x3c, 0xed, 0x00, 0x03, 0x80, 0xe0, 0xf8, 0xfc, 0x8b, 
    0xff, 0x03, 0xfc, 0xf8, 0xe0, 0x80, 0xea, 0x00, 0x06, 0x1e, 0x1f, 0x1f, 0x3f, 0x3f, 0x7f, 0x7f, 
    0x83, 0xff, 0x00, 0x7f, 0x82, 0xff, 0x84, 0x3f, 0x02, 0x1f, 0x1f, 0x1c, 0xf0, 0x00, 0x01, 0x03, 
    0x0f, 0x82, 0xff, 0x01, 0x0f, 0x01, 0xc6, 0x00, 0x02, 0x40, 0xc0, 0xc0, 0x83, 0xe0, 0x8a, 0xf0, 
    0x82, 0xf8, 0x82, 0x78, 0x00, 0xfc, 0x85, 0xbc, 0x00, 0xfc, 0x88, 0xfe, 0x88, 0xff, 0x06, 0xf3, 
    0xf6, 0xff, 0xff, 0xef, 0xe8, 0xe7, 0x82, 0xff, 0x89, 0xfe, 0x03, 0xfc, 0xbc, 0xbc, 0xfc, 0x82, 
    0xbc, 0x82, 0xfc, 0x00, 0x78, 0x85, 0xf8, 0x84, 0xfc, 0x84, 0xf8, 0x06, 0xe0, 0xb0, 0xb0, 0x30, 
    0x00, 0x00, 0x80, 0x8c, 0x00, 
};

static const uint8_t s_boot_intro_f41[] = {
    0xff, 0x00, 0xbb, 0x00, 0x00, 0xc0, 0x82, 0xf0, 0x02, 0xe0, 0xc0, 0xc0, 0xa5, 0x00, 0x00, 0x40, 
    0xce, 0x00, 0x05, 0x80, 0xc0, 0xe0, 0xf3, 0xf3, 0xf7, 0x82, 0xff, 0x04, 0xf3, 0xf0, 0xf0, 0xe0, 
    0x80, 0xef, 0x00, 0x05, 0xfc, 0xfe, 0x07, 0x03, 0xc1, 0xe3, 0x86, 0xff, 0x04, 0xc0, 0x81, 0x03, 
    0xff, 0xfe, 0xec, 0x00, 0x02, 0xc0, 0xf1, 0xfb, 0x8d, 0xff, 0x02, 0xfb, 0xe1, 0x80, 0xea, 0x00, 
    0x82, 0x0f, 0x03, 0x1f, 0x3f, 0x3f, 0x7f, 0x82, 0xff, 0x00, 0x7f, 0x83, 0xff, 0x85, 0x1f, 0x01, 
    0x1e, 0x0c, 0xef, 0x00, 0x01, 0x01, 0x0f, 0x82, 0xff, 0x01, 0x7f, 0x0f, 0xc7, 0x00, 0x02, 0x40, 
    0xc0, 0xc0, 0x83, 0xe0, 0x8a, 0xf0, 0x82, 0xf8, 0x04, 0x78, 0x78, 0xf8, 0xfc, 0xfc, 0x84, 0xbc, 
    0x00, 0xfc, 0x88, 0xfe, 0x88, 0xff, 0x06, 0xf6, 0xf7, 0xf7, 0xff, 0xee, 0xeb, 0xe7, 0x82, 0xff, 
    0x89, 0xfe, 0x03, 0xfc, 0xbc, 0xbc, 0xfc, 0x82, 0xbc, 0x82, 0xfc, 0x00, 0x78, 0x85, 0xf8, 0x84, 
    0xfc, 0x84, 0xf8, 0x03, 0xe0, 0xb0, 0xb0, 0x30, 0x8f, 0x00, 
};

static const uint8_t s_boot_intro_f42[] = {
    0xff, 0x00, 0xbb, 0x00, 0x06, 0x60, 0xb0, 0xfc, 0xf8, 0xf0, 0xf0, 0xe0, 0xa5, 0x00, 0x00, 0x40, 
    0xa5, 0x00, 0x00, 0x08, 0xa5, 0x00, 0x07, 0x80, 0xc0, 0xc0, 0xe0, 0x70, 0x78, 0xf9, 0xfb, 0x82, 
    0xff, 0x07, 0xf9, 0xf8, 0x78, 0x70, 0xf0, 0xe0, 0xc0, 0x80, 0xe8, 0x00, 0x09, 0xf0, 0xf8, 0x4e, 
    0x07, 0x03, 0x01, 0x00, 0x80, 0xc0, 0xf0, 0x86, 0xff, 0x09, 0xf0, 0xe0, 0x80, 0x00, 0x01, 0x03, 
    0x07, 0x0e, 0xfc, 0xf0, 0xe5, 0x00, 0x04, 0x01, 0xc0, 0xf0, 0xf8, 0xfe, 0x8d, 0xff, 0x05, 0xfe, 
    0xf8, 0xe0, 0x00, 0x00, 0x01, 0xe6, 0x00, 0x05, 0x02, 0x03, 0x07, 0x07, 0x0f, 0x0f, 0x82, 0xff, 
    0x02, 0xbf, 0x3f, 0x3f, 0x82, 0xff, 0x00, 0x3f, 0x86, 0x0f, 0xef, 0x00, 0x07, 0xbf, 0xff, 0xe0, 
    0x00, 0xff, 0xff, 0x7f, 0x07, 0xc7, 0x00, 0x02, 0x40, 0xc0, 0xc0, 0x83, 0xe0, 0x8a, 0xf0, 0x82, 
    0xf8, 0x04, 0x78, 0x78, 0xf8, 0xfc, 0xfc, 0x84, 0xbc, 0x00, 0xfc, 0x88, 0xfe, 0x87, 0xff, 0x07, 
    0xf7, 0xf9, 0xfa, 0xff, 0xff, 0xef, 0xef, 0xf7, 0x82, 0xff, 0x89, 0xfe, 0x03, 0xfc, 0xbc, 0xbc, 
    0xfc, 0x82, 0xbc, 0x82, 0xfc, 0x00, 0x78, 0x85, 0xf8, 0x84, 0xfc, 0x84, 0xf8, 0x03, 0xe0, 0xb0, 
    0xb0, 0x30, 0x8f, 0x00, 
};

static const uint8_t s_boot_intro_f43[] = {
    0xff, 0x00, 0xbc, 0x00, 0x05, 0xfc, 0xfe, 0xfc, 0xf8, 0xe8, 0xf0, 0xa5, 0x00, 0x00, 0x40, 0xa5, 
    0x00, 0x00, 0x08, 0xa0, 0x00, 0x1c, 0x80, 0xc0, 0xc0, 0xe0, 0x60, 0x60, 0x30, 0x30, 0x38, 0x38, 
    0x1c, 0xfc, 0xfc, 0xfd, 0xff, 0xff, 0xfe, 0xfc, 0xfc, 0x18, 0x38, 0x38, 0x30, 0x70, 0x60, 0xe0, 
    0xc0, 0xc0, 0x80, 0x9f, 0x00, 0x00, 0x08, 0xbf, 0x00, 0x02, 0x1f, 0x07, 0x01, 0x85, 0x00, 0x03, 
    0x80, 0xc0, 0xe0, 0xf0, 0x87, 0xff, 0x02, 0xf0, 0xe0, 0x80, 0x84, 0x00, 0x82, 0x01, 0x02, 0x0f, 
    0x1e, 0x10, 0xc6, 0x00, 0x00, 0x80, 0x98, 0x00, 0x03, 0x80, 0xe0, 0xf8, 0xfe, 0x8f, 0xff, 0x02, 
    0xfe, 0xf0, 0x80, 0xe9, 0x00, 0x02, 0x01, 0x03, 0x03, 0x82, 0xff, 0x83, 0x0f, 0x00, 0x1f, 0x82, 
    0xff, 0x00, 0x1f, 0x86, 0x07, 0xea, 0x00, 0x03, 0x80, 0xf8, 0xff, 0x67, 0x85, 0x00, 0x02, 0xff, 
    0xff, 0x0f, 0xc7, 0x00, 0x02, 0x40, 0xc0, 0xc0, 0x83, 0xe0, 0x8a, 0xf0, 0x82, 0xf8, 0x04, 0x78, 
    0x78, 0xf8, 0xfc, 0xfc, 0x84, 0xbc, 0x00, 0xfc, 0x88, 0xfe, 0x04, 0xff, 0xfe, 0xfb, 0xfb, 0xfe, 
    0x86, 0xff, 0x03, 0xf7, 0xef, 0xee, 0xf3, 0x82, 0xff, 0x89, 0xfe, 0x03, 0xfc, 0xbc, 0xbc, 0xfc, 
    0x82, 0xbc, 0x82, 0xfc, 0x00, 0x78, 0x85, 0xf8, 0x84, 0xfc, 0x84, 0xf8, 0x03, 0xe0, 0xb0, 0xb0, 
    0x30, 0x8f, 0x00, 
};

static const uint8_t s_boot_intro_f44[] = {
    0xff, 0x00, 0xbc, 0x00, 0x05, 0x74, 0x7f, 0xff, 0xfc, 0xf4, 0xf8, 0xa5, 0x00, 0x00, 0x40, 0xa5, 
    0x00, 0x00, 0x08, 0x9b, 0x00, 0x05, 0x10, 0x08, 0x1c, 0x0c, 0x04, 0x04, 0x86, 0x0c, 0x83, 0x0e, 
    0x01, 0xfe, 0xfe, 0x82, 0xff, 0x03, 0xfe, 0xfe, 0x0c, 0x0e, 0x83, 0x0c, 0x82, 0x1c, 0x82, 0x18, 
    0x04, 0x08, 0x18, 0x38, 0x30, 0x20, 0x98, 0x00, 0x00, 0x08, 0xa2, 0x00, 0x00, 0x80, 0xa2, 0x00, 
    0x06, 0x80, 0xc0, 0xc0, 0xe0, 0xf0, 0xf8, 0xfc, 0x86, 0xff, 0x03, 0xfc, 0xf0, 0xc0, 0x80, 0xd0, 
    0x00, 0x00, 0x80, 0x98, 0x00, 0x02, 0x78, 0xfc, 0xfe, 0x91, 0xff, 0x01, 0xfe, 0xf0, 0xe7, 0x00, 
    0x05, 0xc0, 0xf0, 0xf8, 0x7e, 0x3f, 0x0f, 0x82, 0x03, 0x04, 0x07, 0x07, 0x0f, 0x0f, 0xcf, 0x82, 
    0xff, 0x01, 0x07, 0x07, 0x84, 0x03, 0xe3, 0x00, 0x05, 0x70, 0x38, 0x1e, 0x0f, 0x0b, 0x01, 0x8a, 
    0x00, 0x03, 0x83, 0xff, 0xff, 0x01, 0xc6, 0x00, 0x02, 0x40, 0xc0, 0xc0, 0x83, 0xe0, 0x85, 0xf0, 
    0x00, 0xe0, 0x83, 0xf0, 0x82, 0xf8, 0x04, 0x78, 0x78, 0xf8, 0xfc, 0xfc, 0x84, 0xbc, 0x00, 0xfc, 
    0x88, 0xfe, 0x8b, 0xff, 0x03, 0xf3, 0xef, 0xef, 0xf2, 0x82, 0xff, 0x89, 0xfe, 0x03, 0xfc, 0xbc, 
    0xbc, 0xfc, 0x82, 0xbc, 0x82, 0xfc, 0x00, 0x78, 0x85, 0xf8, 0x84, 0xfc, 0x84, 0xf8, 0x03, 0xe0, 
    0xb0, 0xb0, 0x30, 0x8f, 0x00, 
};

static const uint8_t s_boot_intro_f45[] = {
    0xff, 0x00, 0xbc, 0x00, 0x05, 0x74, 0x7f, 0xff, 0xfc, 0xfc, 0xf8, 0xa5, 0x00, 0x00, 0x40, 0xa5, 
    0x00, 0x00, 0x08, 0x9b, 0x00, 0x04, 0x06, 0x02, 0x07, 0x03, 0x01, 0x82, 0x03, 0x00, 0x07, 0x83, 
    0x06, 0x83, 0x0e, 0x01, 0xfe, 0xfe, 0x82, 0xff, 0x02, 0xfe, 0xfe, 0x1c, 0x82, 0x0e, 0x86, 0x0c, 
    0x06, 0x04, 0x06, 0x06, 0x0c, 0x0c, 0x08, 0x08, 0x97, 0x00, 0x00, 0x08, 0xa2, 0x00, 0x00, 0x80, 
    0xa2, 0x00, 0x06, 0x80, 0xc0, 0xe0, 0xf0, 0xf0, 0xf8, 0xfc, 0x86, 0xff, 0x03, 0xfc, 0xf0, 0xe0, 
    0x80, 0xd0, 0x00, 0x00, 0x80, 0x97, 0x00, 0x02, 0x38, 0x7c, 0x7e, 0x93, 0xff, 0x01, 0xfc, 0xe0, 
    0xe3, 0x00, 0x10, 0x80, 0xc0, 0xf0, 0x78, 0x3c, 0x3e, 0x1f, 0x07, 0x03, 0x01, 0x03, 0x03, 0x07, 
    0x07, 0x0f, 0x0f, 0xcf, 0x82, 0xff, 0x82, 0x07, 0x83, 0x03, 0x00, 0x01, 0xe0, 0x00, 0x01, 0x1c, 
    0x1e, 0x82, 0x07, 0x8d, 0x00, 0x03, 0x83, 0xff, 0xff, 0x01, 0xc6, 0x00, 0x02, 0x40, 0xc0, 0xc0, 
    0x83, 0xe0, 0x85, 0xf0, 0x00, 0xe0, 0x83, 0xf0, 0x82, 0xf8, 0x04, 0x78, 0x78, 0xf8, 0xfc, 0xfc, 
    0x84, 0xbc, 0x00, 0xfc, 0x88, 0xfe, 0x8b, 0xff, 0x03, 0xf3, 0xef, 0xef, 0xf2, 0x82, 0xff, 0x89, 
    0xfe, 0x03, 0xfc, 0xbc, 0xbc, 0xfc, 0x82, 0xbc, 0x82, 0xfc, 0x00, 0x78, 0x85, 0xf8, 0x84, 0xfc, 
    0x84, 0xf8, 0x03, 0xe0, 0xb0, 0xb0, 0x30, 0x8f, 0x00, 
};

static const uint8_t s_boot_intro_f46[] = {
    0xff, 0x00, 0xac, 0x00, 0x01, 0x80, 0x80, 0x82, 0xc0, 0x83, 0x80, 0x86, 0x00, 0x06, 0x74, 0x7f, 
    0xff, 0xfc, 0xfc, 0xf8, 0x20, 0xa4, 0x00, 0x00, 0x40, 0xa5, 0x00, 0x00, 0x08, 0x9d, 0x00, 0x00, 
    0x01, 0x82, 0x00, 0x01, 0x01, 0x01, 0x82, 0x03, 0x00, 0x07, 0x82, 0x06, 0x03, 0x0e, 0x0e, 0xfe, 
    0xfe, 0x82, 0xff, 0x03, 0xfe, 0xfe, 0x1e, 0x0c, 0x83, 0x0e, 0x84, 0x06, 0x06, 0x02, 0x03, 0x03, 
    0x07, 0x06, 0x02, 0x02, 0x97, 0x00, 0x00, 0x08, 0xa2, 0x00, 0x00, 0x80, 0xa0, 0x00, 0x08, 0x80, 
    0xc0, 0xc0, 0xe0, 0xe0, 0xf0, 0xf0, 0xf8, 0xfc, 0x86, 0xff, 0x04, 0xfc, 0xf0, 0xe0, 0xc0, 0x80, 
    0xcf, 0x00, 0x00, 0x80, 0x96, 0x00, 0x02, 0x08, 0x1e, 0x3f, 0x94, 0xff, 0x02, 0xfe, 0xfc, 0xe0, 
    0xe0, 0x00, 0x09, 0x80, 0xc0, 0xe0, 0x70, 0x78, 0x3c, 0x1f, 0x0f, 0x07, 0x03, 0x82, 0x01, 0x05, 
    0x03, 0x03, 0x07, 0x07, 0x0f, 0xcf, 0x82, 0xff, 0x82, 0x07, 0x83, 0x03, 0x01, 0x01, 0x01, 0xdd, 
    0x00, 0x05, 0x0c, 0x0e, 0x07, 0x03, 0x03, 0x01, 0x8e, 0x00, 0x03, 0x83, 0xff, 0xff, 0x01, 0xc6, 
    0x00, 0x02, 0x40, 0xc0, 0xc0, 0x83, 0xe0, 0x85, 0xf0, 0x00, 0xe0, 0x83, 0xf0, 0x82, 0xf8, 0x03, 
    0x78, 0x78, 0xf8, 0xfc, 0x85, 0xbc, 0x00, 0xfc, 0x88, 0xfe, 0x8b, 0xff, 0x03, 0xf1, 0xef, 0xef, 
    0xf2, 0x82, 0xff, 0x89, 0xfe, 0x03, 0xfc, 0xbc, 0xbc, 0xfc, 0x82, 0xbc, 0x82, 0xfc, 0x00, 0x78, 
    0x85, 0xf8, 0x84, 0xfc, 0x84, 0xf8, 0x03, 0xe0, 0xb0, 0xb0, 0x30, 0x8f, 0x00, 
};

static const uint8_t s_boot_intro_f47[] = {
    0xff, 0x00, 0xac, 0x00, 0x01, 0xc0, 0x40, 0x83, 0xc0, 0x82, 0x80, 0x86, 0x00, 0x06, 0x74, 0x7f, 
    0xff, 0xfc, 0xfc, 0xf8, 0x30, 0xa4, 0x00, 0x00, 0x40, 0xa5, 0x00, 0x00, 0x08, 0xa1, 0x00, 0x01, 
    0x01, 0x01, 0x82, 0x03, 0x07, 0x07, 0x07, 0x06, 0x06, 0x0e, 0x0e, 0xfe, 0xfe, 0x82, 0xff, 0x04, 
    0xfe, 0xfe, 0x1e, 0x0e, 0x0c, 0x82, 0x0e, 0x84, 0x06, 0x83, 0x03, 0x02, 0x07, 0x03, 0x02, 0xbb, 
    0x00, 0x00, 0x80, 0x9f, 0x00, 0x02, 0x80, 0xc0, 0xc0, 0x82, 0xe0, 0x03, 0xf0, 0xf0, 0xf8, 0xfc, 
    0x86, 0xff, 0x04, 0xfc, 0xf0, 0xe0, 0xc0, 0x80, 0xcf, 0x00, 0x00, 0x80, 0x96, 0x00, 0x03, 0x06, 
    0x1f, 0x1f, 0xbf, 0x94, 0xff, 0x02, 0xfe, 0xf8, 0xf0, 0xdf, 0x00, 0x0e, 0x80, 0xc0, 0xe0, 0x70, 
    0x78, 0x3c, 0x1f, 0x0f, 0x07, 0x03, 0x01, 0x00, 0x00, 0x01, 0x03, 0x82, 0x07, 0x00, 0xcf, 0x82, 
    0xff, 0x00, 0x0f, 0x82, 0x07, 0x03, 0x03, 0x03, 0x01, 0x01, 0xde, 0x00, 0x05, 0x0c, 0x0e, 0x07, 
    0x03, 0x03, 0x01, 0x8e, 0x00, 0x03, 0x83, 0xff, 0xff, 0x01, 0xc6, 0x00, 0x02, 0x40, 0xc0, 0xc0, 
    0x83, 0xe0, 0x85, 0xf0, 0x00, 0xe0, 0x83, 0xf0, 0x82, 0xf8, 0x03, 0x78, 0x78, 0xf8, 0xfc, 0x85, 
    0xbc, 0x00, 0xfc, 0x88, 0xfe, 0x8b, 0xff, 0x03, 0xf3, 0xef, 0xef, 0xf2, 0x82, 0xff, 0x89, 0xfe, 
    0x03, 0xfc, 0xbc, 0xbc, 0xfc, 0x82, 0xbc, 0x82, 0xfc, 0x00, 0x78, 0x85, 0xf8, 0x84, 0xfc, 0x84, 
    0xf8, 0x03, 0xe0, 0xb0, 0xb0, 0x30, 0x8f, 0x00, 
};

static const uint8_t s_boot_intro_f48[] = {
    0x84, 0x00, 0x00, 0x10, 0xff, 0x00, 0xa6, 0x00, 0x01, 0x40, 0x40, 0x82, 0xc0, 0x82, 0x80, 0x87, 
    0x00, 0x06, 0x74, 0xff, 0xff, 0xfc, 0xfc, 0xf8, 0x30, 0xa4, 0x00, 0x00, 0x40, 0xa5, 0x00, 0x00, 
    0x08, 0xa0, 0x00, 0x01, 0x01, 0x01, 0x82, 0x03, 0x00, 0x07, 0x82, 0x06, 0x82, 0x0e, 0x01, 0xfe, 
    0xfe, 0x82, 0xff, 0x02, 0xfe, 0xfe, 0x3e, 0x83, 0x0e, 0x03, 0x0c, 0x0c, 0x0e, 0x0e, 0x82, 0x06, 
    0x05, 0x02, 0x02, 0x06, 0x07, 0x03, 0x01, 0xbb, 0x00, 0x00, 0x80, 0x9f, 0x00, 0x00, 0x80, 0x82, 
    0xc0, 0x82, 0xe0, 0x02, 0xf0, 0xf0, 0xf8, 0x86, 0xff, 0x04, 0xfc, 0xf0, 0xe0, 0xc0, 0x80, 0xe7, 
    0x00, 0x03, 0x07, 0x1f, 0x1f, 0x3f, 0x94, 0xff, 0x03, 0xfe, 0xfc, 0xf8, 0x20, 0xdf, 0x00, 0x11, 
    0x80, 0xc0, 0xe0, 0x78, 0x3c, 0x3e, 0x1f, 0x0f, 0x07, 0x01, 0x00, 0x01, 0x01, 0x03, 0x03, 0x07, 
    0x07, 0xcf, 0x82, 0xff, 0x03, 0x0f, 0x0f, 0x07, 0x07, 0x82, 0x03, 0x00, 0x01, 0xdf, 0x00, 0x04, 
    0x0c, 0x0e, 0x07, 0x07, 0x03, 0x8e, 0x00, 0x03, 0x87, 0xff, 0xff, 0x01, 0xc6, 0x00, 0x02, 0x40, 
    0xc0, 0xc0, 0x83, 0xe0, 0x85, 0xf0, 0x00, 0xe0, 0x83, 0xf0, 0x82, 0xf8, 0x03, 0x78, 0x78, 0xf8, 
    0xfc, 0x85, 0xbc, 0x00, 0xfc, 0x88, 0xfe, 0x8b, 0xff, 0x03, 0xf3, 0xef, 0xef, 0xf2, 0x82, 0xff, 
    0x89, 0xfe, 0x03, 0xfc, 0xbc, 0xbc, 0xfc, 0x82, 0xbc, 0x82, 0xfc, 0x00, 0x78, 0x85, 0xf8, 0x84, 
    0xfc, 0x84, 0xf8, 0x03, 0xe0, 0xb0, 0xb0, 0x30, 0x8f, 0x00, 
};

static const uint8_t s_boot_intro_f49[] = {
    0x84, 0x00, 0x00, 0x10, 0xff, 0x00, 0xb6, 0x00, 0x06, 0x78, 0xfc, 0xfe, 0xfc, 0xe8, 0xf8, 0x70, 
    0xe9, 0x00, 0x05, 0x07, 0x0e, 0x0c, 0x0c, 0x08, 0x08, 0x85, 0x18, 0x83, 0x1c, 0x01, 0xfc, 0xfd, 
    0x82, 0xff, 0x82, 0xfc, 0x04, 0x1c, 0x18, 0x18, 0x38, 0x38, 0x88, 0x30, 0x01, 0x38, 0x08, 0xde, 
    0x00, 0x83, 0x80, 0x82, 0xc0, 0x01, 0xe0, 0xf0, 0x86, 0xff, 0x02, 0xfc, 0xe0, 0xc0, 0xe9, 0x00, 
    0x03, 0x0e, 0x3f, 0x3f, 0x7f, 0x92, 0xff, 0x05, 0xfe, 0xfe, 0xfc, 0xf8, 0xf0, 0x60, 0xe4, 0x00, 
    0x05, 0xc0, 0xf0, 0xf8, 0x7f, 0x3f, 0x0f, 0x83, 0x03, 0x05, 0x07, 0x07, 0xef, 0xff, 0xff, 0x3f, 
    0x84, 0x0f, 0x03, 0x07, 0x07, 0x03, 0x01, 0xe1, 0x00, 0x06, 0xe0, 0x70, 0x3c, 0x1e, 0x1f, 0x03, 
    0x01, 0x88, 0x00, 0x82, 0xff, 0x00, 0x03, 0xc7, 0x00, 0x02, 0x40, 0xc0, 0xc0, 0x83, 0xe0, 0x85, 
    0xf0, 0x00, 0xe0, 0x83, 0xf0, 0x82, 0xf8, 0x03, 0x78, 0x78, 0xf8, 0xfc, 0x85, 0xbc, 0x00, 0xfc, 
    0x88, 0xfe, 0x89, 0xff, 0x05, 0xfe, 0xfb, 0xff, 0xef, 0xee, 0xf7, 0x82, 0xff, 0x89, 0xfe, 0x03, 
    0xfc, 0xbc, 0xbc, 0xfc, 0x82, 0xbc, 0x82, 0xfc, 0x00, 0x78, 0x85, 0xf8, 0x84, 0xfc, 0x84, 0xf8, 
    0x03, 0xe0, 0xb0, 0xb0, 0x30, 0x8f, 0x00, 
};

static const uint8_t s_boot_intro_f50[] = {
    0x84, 0x00, 0x00, 0x18, 0xff, 0x00, 0xb6, 0x00, 0x07, 0xf0, 0xf8, 0xfc, 0xfc, 0xf8, 0xd0, 0xf0, 
    0x40, 0xe8, 0x00, 0x02, 0x08, 0x38, 0x30, 0x86, 0x60, 0x07, 0x70, 0x70, 0x30, 0x30, 0x38, 0x78, 
    0xf9, 0xf9, 0x82, 0xff, 0x08, 0xf9, 0xf8, 0xf8, 0x30, 0x70, 0x70, 0x60, 0x60, 0xe0, 0x83, 0xc0, 
    0x04, 0x80, 0xc0, 0xc0, 0xe0, 0x20, 0xe4, 0x00, 0x04, 0x80, 0x80, 0xc0, 0xe0, 0xfb, 0x85, 0xff, 
    0x02, 0xf9, 0xe0, 0x80, 0xe9, 0x00, 0x02, 0x1c, 0x3e, 0x7e, 0x92, 0xff, 0x06, 0xfe, 0xfc, 0xfc, 
    0xf8, 0xf0, 0xe0, 0xe0, 0xe6, 0x00, 0x05, 0x01, 0xc1, 0xf3, 0xff, 0x7f, 0x0f, 0x83, 0x07, 0x03, 
    0xcf, 0xff, 0xff, 0x7f, 0x84, 0x1f, 0x04, 0x0f, 0x0f, 0x07, 0x03, 0x01, 0xe3, 0x00, 0x07, 0x80, 
    0xc0, 0xe0, 0xf8, 0x7f, 0x0f, 0x03, 0x01, 0x84, 0x00, 0x03, 0xfe, 0xff, 0x3f, 0x03, 0xc7, 0x00, 
    0x02, 0x40, 0xc0, 0xc0, 0x83, 0xe0, 0x85, 0xf0, 0x00, 0xe0, 0x83, 0xf0, 0x82, 0xf8, 0x03, 0x78, 
    0x78, 0xf8, 0xfc, 0x85, 0xbc, 0x00, 0xfc, 0x86, 0xfe, 0x8b, 0xff, 0x05, 0xfb, 0xff, 0xff, 0xee, 
    0xef, 0xf7, 0x82, 0xff, 0x89, 0xfe, 0x03, 0xfc, 0xbc, 0xbc, 0xfc, 0x82, 0xbc, 0x82, 0xfc, 0x00, 
    0x78, 0x85, 0xf8, 0x84, 0xfc, 0x84, 0xf8, 0x03, 0xe0, 0xb0, 0xb0, 0x30, 0x8f, 0x00, 
};

static const uint8_t s_boot_intro_f51[] = {
    0x84, 0x00, 0x00, 0x10, 0xff, 0x00, 0xb7, 0x00, 0x06, 0xe0, 0xe0, 0xf0, 0xf8, 0xf0, 0xe0, 0xe0, 
    0xf4, 0x00, 0x0e, 0x80, 0xc0, 0xe0, 0xf0, 0xf1, 0xf3, 0xff, 0xff, 0xf7, 0xf3, 0xf1, 0xe0, 0xc0, 
    0x80, 0x80, 0xe8, 0x00, 0x02, 0x01, 0x03, 0x07, 0x82, 0x06, 0x82, 0x03, 0x03, 0x01, 0x80, 0xc0, 
    0xe3, 0x86, 0xff, 0x0a, 0x81, 0x01, 0x03, 0x03, 0x07, 0x06, 0x06, 0x0c, 0x0e, 0x06, 0x01, 0xe0, 
    0x00, 0x02, 0x10, 0x78, 0xf8, 0x83, 0xfc, 0x01, 0xfe, 0xfe, 0x8b, 0xff, 0x06, 0xfe, 0xfc, 0xf8, 
    0xf0, 0xe0, 0xc0, 0xc0, 0xe5, 0x00, 0x02, 0x01, 0x01, 0x03, 0x82, 0x07, 0x02, 0x0f, 0x0f, 0x8f, 
    0x82, 0xff, 0x01, 0x1f, 0xdf, 0x82, 0xff, 0x83, 0x3f, 0x04, 0x1f, 0x1f, 0x0f, 0x07, 0x03, 0xed, 
    0x00, 0x07, 0xff, 0xff, 0x3f, 0xff, 0xff, 0x3f, 0x0f, 0x01, 0xc6, 0x00, 0x02, 0x40, 0xc0, 0xc0, 
    0x83, 0xe0, 0x85, 0xf0, 0x00, 0xe0, 0x83, 0xf0, 0x82, 0xf8, 0x82, 0x78, 0x00, 0xfc, 0x85, 0xbc, 
    0x00, 0xfc, 0x88, 0xfe, 0x86, 0xff, 0x08, 0xee, 0xff, 0xff, 0xf7, 0xf7, 0xff, 0xef, 0xeb, 0xf7, 
    0x82, 0xff, 0x89, 0xfe, 0x03, 0xfc, 0xbc, 0xbc, 0xfc, 0x82, 0xbc, 0x82, 0xfc, 0x00, 0x78, 0x85, 
    0xf8, 0x84, 0xfc, 0x84, 0xf8, 0x03, 0xe0, 0xb0, 0xb0, 0x30, 0x8f, 0x00, 
};

static const uint8_t s_boot_intro_f52[] = {
    0x84, 0x00, 0x00, 0x10, 0xbf, 0x00, 0x00, 0x04, 0xf5, 0x00, 0x08, 0x80, 0x00, 0x00, 0xc0, 0xc0, 
    0xe0, 0xf0, 0xf0, 0x60, 0xf7, 0x00, 0x07, 0xc0, 0xf0, 0xff, 0xff, 0xf7, 0xe7, 0x87, 0x03, 0xf3, 
    0x00, 0x04, 0x08, 0x1c, 0x1c, 0x9c, 0xdf, 0x86, 0xff, 0x03, 0x1c, 0x18, 0x1c, 0x14, 0xe8, 0x00, 
    0x00, 0xe0, 0x82, 0xf0, 0x82, 0xf8, 0x01, 0xfc, 0xfe, 0x8a, 0xff, 0x04, 0xfc, 0xf0, 0xe0, 0xc0, 
    0x80, 0xe7, 0x00, 0x02, 0x03, 0x03, 0x07, 0x82, 0x0f, 0x87, 0x1f, 0x83, 0xff, 0x00, 0x0f, 0x84, 
    0x1f, 0x00, 0x0f, 0xf1, 0x00, 0x08, 0xf0, 0xfe, 0x7f, 0x0f, 0x07, 0x1f, 0x7f, 0xfc, 0xe0, 0xc2, 
    0x00, 0x02, 0x40, 0xc0, 0xc0, 0x83, 0xe0, 0x85, 0xf0, 0x00, 0xe0, 0x83, 0xf0, 0x82, 0xf8, 0x82, 
    0x78, 0x00, 0xfc, 0x85, 0xbc, 0x00, 0xfc, 0x88, 0xfe, 0x88, 0xff, 0x0d, 0xfb, 0xf6, 0xf7, 0xff, 
    0xef, 0xeb, 0xf7, 0xff, 0xfe, 0xfb, 0xef, 0xff, 0xfe, 0xf6, 0x85, 0xfe, 0x03, 0xfc, 0xbc, 0xbc, 
    0xfc, 0x82, 0xbc, 0x03, 0xfc, 0xfc, 0x7c, 0x78, 0x85, 0xf8, 0x84, 0xfc, 0x84, 0xf8, 0x03, 0xe0, 
    0xb0, 0xb0, 0x30, 0x8f, 0x00, 
};

static const uint8_t s_boot_intro_f53[] = {
    0xc5, 0x00, 0x00, 0x04, 0xf8, 0x00, 0x05, 0xc0, 0x00, 0x00, 0xc0, 0xe0, 0xe0, 0xf7, 0x00, 0x07, 
    0xc0, 0xe0, 0xf8, 0xfc, 0xe7, 0xc7, 0x87, 0x03, 0xf6, 0x00, 0x01, 0x80, 0xc1, 0x85, 0xff, 0x03, 
    0xdf, 0x1c, 0x18, 0x10, 0xe9, 0x00, 0x09, 0xc0, 0xc0, 0xe0, 0xe0, 0xf0, 0xf0, 0xf8, 0xf8, 0xfc, 
    0xfe, 0x88, 0xff, 0x03, 0xfe, 0xf8, 0xe0, 0xc0, 0xe8, 0x00, 0x04, 0x01, 0x03, 0x07, 0x07, 0x0f, 
    0x84, 0x1f, 0x83, 0x3f, 0x00, 0xbf, 0x82, 0xff, 0x06, 0x0f, 0x1f, 0x7f, 0xff, 0xff, 0xcf, 0x8e, 
    0xb5, 0x00, 0x00, 0x10, 0xbb, 0x00, 0x04, 0xf0, 0xfe, 0x3f, 0x0f, 0x03, 0x83, 0x00, 0x08, 0x01, 
    0x07, 0x07, 0x0f, 0x1e, 0xf8, 0xf0, 0xe0, 0x80, 0xb9, 0x00, 0x02, 0x40, 0xc0, 0xc0, 0x83, 0xe0, 
    0x85, 0xf0, 0x00, 0xe0, 0x83, 0xf0, 0x82, 0xf8, 0x82, 0x78, 0x00, 0xfc, 0x85, 0xbc, 0x00, 0xfc, 
    0x88, 0xfe, 0x88, 0xff, 0x06, 0xfb, 0xf6, 0xf7, 0xff, 0xef, 0xeb, 0xf7, 0x83, 0xff, 0x85, 0xfe, 
    0x83, 0xff, 0x02, 0xbe, 0xbc, 0xfc, 0x82, 0xbc, 0x03, 0xfc, 0xfc, 0x7c, 0x78, 0x85, 0xf8, 0x84, 
    0xfc, 0x84, 0xf8, 0x03, 0xe0, 0xb0, 0xb0, 0x30, 0x8f, 0x00, 
};

static const uint8_t s_boot_intro_f54[] = {
    0xc5, 0x00, 0x00, 0x04, 0xff, 0x00, 0xf4, 0x00, 0x04, 0x80, 0x40, 0xc0, 0xe0, 0xf0, 0x84, 0xf8, 
    0x02, 0x70, 0x70, 0xe0, 0x82, 0xc0, 0x82, 0x80, 0xe4, 0x00, 0x00, 0x03, 0x86, 0x00, 0x02, 0xc0, 
    0xe0, 0xf9, 0x85, 0xff, 0x02, 0xf0, 0xc0, 0x80, 0x82, 0x00, 0x84, 0x01, 0x83, 0x03, 0x00, 0x01, 
    0xde, 0x00, 0x06, 0x80, 0xc0, 0xe0, 0xe0, 0xf0, 0xf8, 0xfc, 0x8d, 0xff, 0x05, 0xfe, 0xfc, 0xf8, 
    0xf0, 0xe0, 0xc0, 0xe4, 0x00, 0x04, 0x01, 0x03, 0x03, 0x07, 0x07, 0x85, 0x0f, 0x03, 0xcf, 0xff, 
    0xff, 0x7f, 0x82, 0x0f, 0x82, 0x07, 0x05, 0x1f, 0x7f, 0xff, 0xf1, 0xe1, 0x80, 0xb2, 0x00, 0x00, 
    0x10, 0xbb, 0x00, 0x02, 0xff, 0xff, 0x03, 0x89, 0x00, 0x08, 0x01, 0x03, 0x07, 0x3f, 0x3c, 0x38, 
    0x70, 0x60, 0x40, 0xb5, 0x00, 0x02, 0x40, 0xc0, 0xc0, 0x83, 0xe0, 0x85, 0xf0, 0x00, 0xe0, 0x83, 
    0xf0, 0x82, 0xf8, 0x82, 0x78, 0x00, 0xfc, 0x85, 0xbc, 0x00, 0xfc, 0x88, 0xfe, 0x89, 0xff, 0x05, 
    0xfe, 0xf7, 0xf7, 0xfe, 0xeb, 0xf3, 0x82, 0xff, 0x89, 0xfe, 0x03, 0xfc, 0xbc, 0xfc, 0xfc, 0x82, 
    0xbc, 0x03, 0xfc, 0xfc, 0x7c, 0x78, 0x85, 0xf8, 0x84, 0xfc, 0x84, 0xf8, 0x03, 0xe0, 0xb0, 0xb0, 
    0x30, 0x8f, 0x00, 
};

static const uint8_t s_boot_intro_f55[] = {
    0xc5, 0x00, 0x00, 0x04, 0xff, 0x00, 0xe8, 0x00, 0x01, 0x80, 0x80, 0x8b, 0x00, 0x0c, 0xc0, 0xc0, 
    0xe0, 0xe0, 0xf0, 0xfc, 0xfc, 0x7c, 0x1c, 0x38, 0x38, 0x30, 0x70, 0x83, 0x60, 0x86, 0xc0, 0xd9, 
    0x00, 0x01, 0x01, 0x03, 0x88, 0x00, 0x02, 0x80, 0xe0, 0xf8, 0x86, 0xff, 0x04, 0xfc, 0xf0, 0xe0, 
    0xc0, 0x80, 0xea, 0x00, 0x05, 0x80, 0xc0, 0xe0, 0xf0, 0xfc, 0xfe, 0x8f, 0xff, 0x04, 0xfe, 0xfc, 
    0x7c, 0x38, 0x10, 0xe4, 0x00, 0x02, 0x01, 0x03, 0x03, 0x86, 0x07, 0x82, 0xff, 0x02, 0x07, 0x07, 
    0x0f, 0x82, 0x07, 0x04, 0x1f, 0x7f, 0xff, 0xf1, 0xc0, 0xb4, 0x00, 0x00, 0x10, 0xbb, 0x00, 0x02, 
    0x1f, 0xff, 0xff, 0x88, 0x00, 0x05, 0x01, 0x03, 0x1f, 0x1c, 0x38, 0x20, 0xa3, 0x00, 0x00, 0x04, 
    0x94, 0x00, 0x02, 0x40, 0xc0, 0xc0, 0x83, 0xe0, 0x85, 0xf0, 0x00, 0xe0, 0x83, 0xf0, 0x82, 0xf8, 
    0x82, 0x78, 0x00, 0xfc, 0x85, 0xbc, 0x00, 0xfc, 0x88, 0xfe, 0x8a, 0xff, 0x04, 0xfb, 0xf7, 0xef, 
    0xee, 0xf3, 0x82, 0xff, 0x89, 0xfe, 0x03, 0xfc, 0xbc, 0xfc, 0xfc, 0x82, 0xbc, 0x03, 0xfc, 0xfc, 
    0x7c, 0x78, 0x85, 0xf8, 0x84, 0xfc, 0x84, 0xf8, 0x03, 0xe0, 0xb0, 0xb0, 0x30, 0x8f, 0x00, 
};

static const uint8_t s_boot_intro_f56[] = {
    0xc5, 0x00, 0x00, 0x04, 0xff, 0x00, 0xe6, 0x00, 0x06, 0xc0, 0xc0, 0x80, 0x80, 0x00, 0x80, 0x80, 
    0x88, 0x00, 0x83, 0x80, 0x07, 0xc0, 0xc0, 0xe0, 0x00, 0x18, 0x1c, 0x18, 0x38, 0x88, 0x30, 0xdc, 
    0x00, 0x84, 0x01, 0x84, 0x00, 0x03, 0x80, 0xc0, 0xf0, 0xfc, 0x86, 0xff, 0x05, 0xfc, 0xf8, 0xf0, 
    0xe0, 0xc0, 0x80, 0xe9, 0x00, 0x04, 0x80, 0xe0, 0xf0, 0xfc, 0xfe, 0x92, 0xff, 0x02, 0xfe, 0x7c, 
    0x08, 0xe5, 0x00, 0x85, 0x01, 0x02, 0x03, 0x03, 0x01, 0x82, 0xff, 0x0a, 0xe3, 0x07, 0x3f, 0xff, 
    0xff, 0x07, 0x07, 0x03, 0x03, 0x01, 0x01, 0xf1, 0x00, 0x08, 0x01, 0x1f, 0xff, 0xff, 0x00, 0x00, 
    0x07, 0x1f, 0x1c, 0xac, 0x00, 0x00, 0x04, 0x94, 0x00, 0x02, 0x40, 0xc0, 0xc0, 0x83, 0xe0, 0x85, 
    0xf0, 0x00, 0xe0, 0x83, 0xf0, 0x82, 0xf8, 0x82, 0x78, 0x00, 0xfc, 0x85, 0xbc, 0x00, 0xfc, 0x88, 
    0xfe, 0x8b, 0xff, 0x03, 0xf2, 0xef, 0xef, 0xf2, 0x82, 0xff, 0x89, 0xfe, 0x03, 0xfc, 0xbc, 0xfc, 
    0xfc, 0x82, 0xbc, 0x03, 0xfc, 0xfc, 0x7c, 0x78, 0x85, 0xf8, 0x84, 0xfc, 0x84, 0xf8, 0x03, 0xe0, 
    0xb0, 0xb0, 0x30, 0x8f, 0x00, 
};

static const uint8_t s_boot_intro_f57[] = {
    0xc5, 0x00, 0x00, 0x04, 0xff, 0x00, 0xc8, 0x00, 0x00, 0x08, 0xa1, 0x00, 0x04, 0xc0, 0x80, 0x80, 
    0x00, 0x00, 0x83, 0x80, 0x02, 0x00, 0x00, 0x80, 0x8a, 0x00, 0x00, 0x10, 0xe8, 0x00, 0x02, 0x01, 
    0x01, 0x03, 0x83, 0x01, 0x02, 0xc0, 0xe0, 0xf8, 0x86, 0xff, 0x04, 0xfc, 0xf0, 0xe0, 0xc0, 0x80, 
    0xea, 0x00, 0x04, 0xc0, 0xe0, 0xf8, 0xfc, 0xfe, 0x91, 0xff, 0x03, 0xfe, 0xfe, 0x7c, 0x10, 0xe5, 
    0x00, 0x85, 0x01, 0x03, 0x00, 0xe0, 0xff, 0x3f, 0x82, 0xff, 0x03, 0xc0, 0x00, 0x01, 0x01, 0x84, 
    0x03, 0x00, 0x01, 0xed, 0x00, 0x09, 0x0c, 0x0f, 0x07, 0x02, 0x00, 0x00, 0x1f, 0xff, 0xff, 0x80, 
    0xaf, 0x00, 0x00, 0x04, 0x94, 0x00, 0x02, 0x40, 0xc0, 0xc0, 0x83, 0xe0, 0x85, 0xf0, 0x00, 0xe0, 
    0x83, 0xf0, 0x82, 0xf8, 0x82, 0x78, 0x00, 0xfc, 0x85, 0xbc, 0x00, 0xfc, 0x88, 0xfe, 0x8b, 0xff, 
    0x03, 0xf7, 0xee, 0xef, 0xf7, 0x82, 0xff, 0x89, 0xfe, 0x03, 0xfc, 0xbc, 0xbc, 0xfc, 0x82, 0xbc, 
    0x82, 0xfc, 0x00, 0x78, 0x85, 0xf8, 0x84, 0xfc, 0x84, 0xf8, 0x03, 0xe0, 0xb0, 0xb0, 0x30, 0x8f, 
    0x00, 
};

static const uint8_t s_boot_intro_f58[] = {
    0xff, 0x00, 0xbc, 0x00, 0x02, 0x38, 0x00, 0x30, 0x82, 0x80, 0xcc, 0x00, 0x00, 0x08, 0xaa, 0x00, 
    0x01, 0x80, 0xa0, 0x82, 0xe0, 0x02, 0xe1, 0x81, 0x80, 0xf6, 0x00, 0x02, 0x80, 0xc0, 0xf3, 0x85, 
    0xff, 0x04, 0xfc, 0xf8, 0xf0, 0xc0, 0x80, 0xec, 0x00, 0x03, 0xc0, 0xf0, 0xfc, 0xfe, 0x84, 0xff, 
    0x00, 0x7f, 0x83, 0xff, 0x83, 0x3f, 0x82, 0x7f, 0x03, 0xfe, 0xfe, 0xfc, 0xf8, 0xe4, 0x00, 0x10, 
    0x80, 0xc0, 0xe0, 0x71, 0x3b, 0x3f, 0x1f, 0x0f, 0x01, 0x01, 0x00, 0x00, 0x1f, 0x7f, 0xff, 0xff, 
    0xc0, 0x87, 0x00, 0x00, 0x01, 0xe3, 0x00, 0x00, 0x06, 0x83, 0x03, 0x8a, 0x00, 0x82, 0xff, 0x00, 
    0x80, 0xc4, 0x00, 0x02, 0x40, 0xc0, 0xc0, 0x83, 0xe0, 0x85, 0xf0, 0x00, 0xe0, 0x83, 0xf0, 0x82, 
    0xf8, 0x82, 0x78, 0x00, 0xfc, 0x85, 0xbc, 0x00, 0xfc, 0x88, 0xfe, 0x8b, 0xff, 0x05, 0xf7, 0xeb, 
    0xef, 0xf7, 0xfb, 0xff, 0x8a, 0xfe, 0x03, 0xfc, 0xbc, 0xbc, 0xfc, 0x82, 0xbc, 0x82, 0xfc, 0x00, 
    0x78, 0x85, 0xf8, 0x84, 0xfc, 0x84, 0xf8, 0x03, 0xe0, 0xb0, 0xb0, 0x30, 0x8f, 0x00, 
};

static const uint8_t s_boot_intro_f59[] = {
    0xff, 0x00, 0xbb, 0x00, 0x05, 0x20, 0xfc, 0xf8, 0xf8, 0x00, 0x18, 0xcd, 0x00, 0x00, 0x08, 0xa5, 
    0x00, 0x0f, 0x1c, 0x1c, 0x18, 0x10, 0x30, 0x30, 0x78, 0xf8, 0xfc, 0xfe, 0xff, 0xfe, 0xfe, 0x7c, 
    0xf0, 0xc0, 0x82, 0x80, 0xee, 0x00, 0x04, 0x80, 0xc0, 0xe0, 0xf0, 0xfc, 0x85, 0xff, 0x06, 0xfc, 
    0xf8, 0xf1, 0xe3, 0xe3, 0xc1, 0x80, 0xe8, 0x00, 0x02, 0x1c, 0x3e, 0x7e, 0x8e, 0xff, 0x02, 0x7f, 
    0x7f, 0x3f, 0x82, 0x1f, 0x03, 0x1e, 0x3c, 0x38, 0x30, 0xdd, 0x00, 0x0a, 0x80, 0x80, 0xc0, 0xe0, 
    0x70, 0x38, 0x3c, 0x1e, 0x1f, 0x0f, 0x07, 0x82, 0x03, 0x84, 0x07, 0x00, 0x3f, 0x82, 0xff, 0x00, 
    0x80, 0xe5, 0x00, 0x05, 0x02, 0x03, 0x03, 0x01, 0x03, 0x01, 0x8f, 0x00, 0x03, 0x0f, 0xff, 0xff, 
    0x83, 0xc4, 0x00, 0x02, 0x40, 0xc0, 0xc0, 0x83, 0xe0, 0x85, 0xf0, 0x00, 0xe0, 0x83, 0xf0, 0x82, 
    0xf8, 0x82, 0x78, 0x00, 0xfc, 0x85, 0xbc, 0x00, 0xfc, 0x88, 0xfe, 0x8b, 0xff, 0x05, 0xf7, 0xeb, 
    0xef, 0xff, 0xfb, 0xff, 0x8a, 0xfe, 0x03, 0xfc, 0xbc, 0xbc, 0xfc, 0x82, 0xbc, 0x03, 0xfc, 0xfc, 
    0x7c, 0x78, 0x85, 0xf8, 0x84, 0xfc, 0x84, 0xf8, 0x03, 0xe0, 0xb0, 0xb0, 0x30, 0x8f, 0x00, 
};

static const uint8_t s_boot_intro_f60[] = {
    0xee, 0x00, 0x00, 0x80, 0xcb, 0x00, 0x06, 0x20, 0xfe, 0xf8, 0xf8, 0xe0, 0x80, 0x18, 0xcc, 0x00, 
    0x00, 0x08, 0xa2, 0x00, 0x03, 0x1c, 0x1c, 0x10, 0x10, 0x83, 0x30, 0x03, 0x18, 0xf8, 0xfc, 0xfe, 
    0x82, 0xff, 0x0a, 0xfe, 0x3c, 0x38, 0x70, 0xe0, 0xc0, 0x80, 0x80, 0x00, 0x80, 0x80, 0xe9, 0x00, 
    0x05, 0xc0, 0xc0, 0xe0, 0xf0, 0xf8, 0xfe, 0x85, 0xff, 0x09, 0xfc, 0xf8, 0xf0, 0xf0, 0xe1, 0xc1, 
    0xc3, 0x83, 0x81, 0x01, 0x83, 0x00, 0x00, 0x01, 0xdf, 0x00, 0x03, 0x1c, 0x1c, 0x3e, 0x3f, 0x91, 
    0xff, 0x00, 0x7f, 0x83, 0x3f, 0x02, 0x1e, 0x1c, 0x08, 0xdc, 0x00, 0x0e, 0x80, 0x80, 0xc0, 0xe0, 
    0x70, 0x78, 0x3c, 0x3e, 0x1f, 0x0f, 0x03, 0x01, 0x01, 0x03, 0x03, 0x83, 0x07, 0x00, 0x3f, 0x82, 
    0xff, 0x02, 0x83, 0x01, 0x01, 0xe2, 0x00, 0x01, 0x02, 0x02, 0x83, 0x03, 0x90, 0x00, 0x82, 0xff, 
    0x00, 0x01, 0xc4, 0x00, 0x02, 0x40, 0xc0, 0xc0, 0x83, 0xe0, 0x85, 0xf0, 0x00, 0xe0, 0x83, 0xf0, 
    0x82, 0xf8, 0x82, 0x78, 0x00, 0xfc, 0x85, 0xbc, 0x00, 0xfc, 0x88, 0xfe, 0x8b, 0xff, 0x06, 0xf7, 
    0xeb, 0xef, 0xff, 0xfb, 0xff, 0xff, 0x89, 0xfe, 0x03, 0xfc, 0xbc, 0xbc, 0xfc, 0x82, 0xbc, 0x03, 
    0xfc, 0xfc, 0x7c, 0x78, 0x85, 0xf8, 0x84, 0xfc, 0x84, 0xf8, 0x06, 0xe0, 0xb0, 0xb0, 0x30, 0x00, 
    0x00, 0x80, 0x8c, 0x00, 
};

static const uint8_t s_boot_intro_f61[] = {
    0xee, 0x00, 0x00, 0x80, 0xcb, 0x00, 0x06, 0x24, 0xfe, 0xf4, 0xf8, 0xf8, 0xc0, 0x88, 0xcc, 0x00, 
    0x00, 0x08, 0x9f, 0x00, 0x01, 0x14, 0x38, 0x87, 0x30, 0x04, 0x38, 0x38, 0xfc, 0xfc, 0xfe, 0x82, 
    0xff, 0x0d, 0xfe, 0x3e, 0x3c, 0x38, 0x70, 0xe0, 0xc0, 0xc0, 0x80, 0x80, 0x00, 0x00, 0x80, 0x80, 
    0x9e, 0x00, 0x00, 0x08, 0xc4, 0x00, 0x06, 0x80, 0xc0, 0xc0, 0xe0, 0xe0, 0xf0, 0xf8, 0x86, 0xff, 
    0x0c, 0xfc, 0xf8, 0xf0, 0xf0, 0xe0, 0xe0, 0xc1, 0xc1, 0x81, 0x83, 0x03, 0x03, 0x01, 0xe0, 0x00, 
    0x05, 0x30, 0x38, 0x3e, 0x3f, 0x3f, 0x7f, 0x93, 0xff, 0x04, 0x3f, 0x1f, 0x0f, 0x07, 0x02, 0xe1, 
    0x00, 0x0e, 0xc0, 0xe0, 0xf0, 0x7c, 0x3f, 0x1f, 0x07, 0x03, 0x01, 0x01, 0x03, 0x03, 0x07, 0x07, 
    0x1f, 0x82, 0xff, 0x82, 0x07, 0x02, 0x03, 0x01, 0x01, 0xe1, 0x00, 0x07, 0x10, 0x18, 0x18, 0x0c, 
    0x0e, 0x0f, 0x03, 0x01, 0x8c, 0x00, 0x02, 0xff, 0xff, 0xbf, 0xc5, 0x00, 0x02, 0x40, 0xc0, 0xc0, 
    0x83, 0xe0, 0x85, 0xf0, 0x00, 0xe0, 0x83, 0xf0, 0x82, 0xf8, 0x82, 0x78, 0x00, 0xfc, 0x85, 0xbc, 
    0x00, 0xfc, 0x88, 0xfe, 0x8b, 0xff, 0x06, 0xf7, 0xee, 0xef, 0xff, 0xfb, 0xfe, 0xff, 0x89, 0xfe, 
    0x03, 0xfc, 0xbc, 0xbc, 0xfc, 0x82, 0xbc, 0x03, 0xfc, 0xfc, 0x7c, 0x78, 0x85, 0xf8, 0x84, 0xfc, 
    0x84, 0xf8, 0x06, 0xe0, 0xb0, 0xb0, 0x30, 0x00, 0x00, 0x80, 0x8c, 0x00, 
};

static const uint8_t s_boot_intro_f62[] = {
    0xee, 0x00, 0x00, 0x80, 0xcb, 0x00, 0x05, 0x7e, 0xfe, 0xf4, 0xf8, 0xf8, 0xc0, 0xed, 0x00, 0x04, 
    0x28, 0x70, 0x60, 0x40, 0x40, 0x84, 0x60, 0x10, 0x70, 0x30, 0x78, 0xfc, 0xfe, 0xfe, 0xff, 0xff, 
    0xfe, 0xfe, 0x3c, 0x3c, 0x70, 0xe0, 0xc0, 0xc0, 0x80, 0xa4, 0x00, 0x00, 0x08, 0xa1, 0x00, 0x00, 
    0x80, 0xa2, 0x00, 0x05, 0x80, 0x80, 0xc0, 0xe0, 0xf0, 0xf8, 0x86, 0xff, 0x0d, 0xfc, 0xf8, 0xf0, 
    0xe0, 0xe1, 0xc1, 0xc3, 0x83, 0x83, 0x86, 0x06, 0x06, 0x03, 0x01, 0xe0, 0x00, 0x01, 0xfe, 0xfe, 
    0x97, 0xff, 0x03, 0x7f, 0x3f, 0x0f, 0x03, 0xe6, 0x00, 0x04, 0xc0, 0xfe, 0xff, 0xff, 0x03, 0x82, 
    0x01, 0x01, 0x03, 0x3f, 0x82, 0xff, 0x82, 0x07, 0x82, 0x03, 0x00, 0x01, 0xe7, 0x00, 0x06, 0x80, 
    0xc0, 0xf0, 0x7e, 0x7f, 0x07, 0x01, 0x86, 0x00, 0x02, 0xff, 0xff, 0x9f, 0xc5, 0x00, 0x02, 0x40, 
    0xc0, 0xc0, 0x83, 0xe0, 0x85, 0xf0, 0x00, 0xe0, 0x83, 0xf0, 0x82, 0xf8, 0x82, 0x78, 0x00, 0xfc, 
    0x85, 0xbc, 0x00, 0xfc, 0x87, 0xfe, 0x8c, 0xff, 0x06, 0xf7, 0xee, 0xef, 0xff, 0xfb, 0xfe, 0xff, 
    0x89, 0xfe, 0x03, 0xfc, 0xbc, 0xbc, 0xfc, 0x82, 0xbc, 0x03, 0xfc, 0xfc, 0x7c, 0x78, 0x85, 0xf8, 
    0x84, 0xfc, 0x84, 0xf8, 0x03, 0xf0, 0xb0, 0xb0, 0x30, 0x8f, 0x00, 
};

static const uint8_t s_boot_intro_f63[] = {
    0xff, 0x00, 0xbb, 0x00, 0x06, 0xfe, 0xfc, 0xf8, 0xf0, 0xe0, 0x80, 0x10, 0xec, 0x00, 0x04, 0x40, 
    0xc0, 0x80, 0x00, 0x00, 0x83, 0x80, 0x05, 0xc0, 0xe0, 0x70, 0xf8, 0xfd, 0xfd, 0x82, 0xff, 0x05, 
    0xfe, 0xfc, 0x7c, 0xf0, 0xe0, 0x80, 0xa7, 0x00, 0x00, 0x08, 0xa1, 0x00, 0x00, 0x80, 0x9b, 0x00, 
    0x88, 0x01, 0x02, 0x81, 0xc0, 0xe0, 0x86, 0xff, 0x08, 0xfc, 0xf8, 0xf0, 0xe1, 0xc3, 0x87, 0x86, 
    0x0e, 0x0c, 0x82, 0x18, 0x01, 0x08, 0x08, 0xe0, 0x00, 0x04, 0x38, 0x7c, 0xfc, 0xfe, 0xfe, 0x95, 
    0xff, 0x02, 0xfe, 0x3e, 0x1e, 0xe3, 0x00, 0x04, 0x01, 0x03, 0x03, 0x07, 0x07, 0x82, 0x03, 0x04, 
    0x1f, 0xff, 0xff, 0xe7, 0x1f, 0x82, 0xff, 0x83, 0x01, 0x00, 0x03, 0x82, 0x01, 0xf0, 0x00, 0x06, 
    0xff, 0xff, 0x87, 0x00, 0x07, 0xff, 0xff, 0xc6, 0x00, 0x02, 0x40, 0xc0, 0xc0, 0x83, 0xe0, 0x85, 
    0xf0, 0x00, 0xe0, 0x83, 0xf0, 0x82, 0xf8, 0x82, 0x78, 0x00, 0xfc, 0x85, 0xbc, 0x00, 0xfc, 0x88, 
    0xfe, 0x86, 0xff, 0x0b, 0xf7, 0xf7, 0xfb, 0xfd, 0xff, 0xf7, 0xee, 0xef, 0xff, 0xfa, 0xff, 0xff, 
    0x89, 0xfe, 0x03, 0xfc, 0xbc, 0xbc, 0xfc, 0x82, 0xbc, 0x03, 0xfc, 0xfc, 0x7c, 0x78, 0x85, 0xf8, 
    0x84, 0xfc, 0x84, 0xf8, 0x03, 0xf0, 0xb0, 0xb0, 0x30, 0x8f, 0x00, 
};

static const uint8_t s_boot_intro_f64[] = {
    0xb5, 0x00, 0x00, 0x04, 0xff, 0x00, 0x83, 0x00, 0x04, 0xf0, 0xf8, 0xe0, 0xe0, 0xc0, 0xf9, 0x00, 
    0x03, 0x80, 0xc3, 0xf7, 0xf7, 0x82, 0xff, 0x03, 0xf8, 0xf0, 0xf0, 0xc0, 0xaa, 0x00, 0x00, 0x08, 
    0xa1, 0x00, 0x00, 0x80, 0x9b, 0x00, 0x00, 0x08, 0x83, 0x30, 0x06, 0x18, 0x18, 0x1c, 0x0c, 0x0e, 
    0x07, 0xc3, 0x86, 0xff, 0x04, 0xe7, 0xff, 0xfc, 0xf0, 0xc0, 0xe9, 0x00, 0x07, 0xc0, 0xe0, 0xe0, 
    0xf0, 0xf0, 0xf8, 0xfc, 0xfe, 0x90, 0xff, 0x04, 0xfb, 0xf8, 0xf0, 0xf0, 0x30, 0xe1, 0x00, 0x05, 
    0x01, 0x03, 0x07, 0x0f, 0x1f, 0x1f, 0x83, 0x3f, 0x82, 0xff, 0x00, 0x9f, 0x82, 0x1f, 0x82, 0xff, 
    0x06, 0xcf, 0x0f, 0x0f, 0x07, 0x07, 0x03, 0x01, 0xef, 0x00, 0x0b, 0x03, 0x1f, 0x7f, 0xfe, 0x80, 
    0x00, 0x00, 0x07, 0x1f, 0xff, 0xfe, 0x80, 0xc1, 0x00, 0x02, 0x40, 0xc0, 0xc0, 0x83, 0xe0, 0x85, 
    0xf0, 0x00, 0xe0, 0x83, 0xf0, 0x82, 0xf8, 0x82, 0x78, 0x00, 0xfc, 0x85, 0xbc, 0x00, 0xfc, 0x88, 
    0xfe, 0x87, 0xff, 0x06, 0xf3, 0xf7, 0xf6, 0xf7, 0xfb, 0xfb, 0xfc, 0x82, 0xff, 0x02, 0xfb, 0xef, 
    0xef, 0x87, 0xfe, 0x03, 0xfc, 0xbc, 0xbc, 0xfc, 0x82, 0xbc, 0x03, 0xfc, 0xfc, 0x7c, 0x78, 0x85, 
    0xf8, 0x84, 0xfc, 0x84, 0xf8, 0x03, 0xf0, 0xb0, 0xb0, 0x30, 0x8f, 0x00, 
};

static const uint8_t s_boot_intro_f65[] = {
    0xb5, 0x00, 0x00, 0x04, 0xff, 0x00, 0x83, 0x00, 0x06, 0xf0, 0xf0, 0xa0, 0xc0, 0x80, 0x00, 0x80, 
    0xf8, 0x00, 0x08, 0xc3, 0xe7, 0xf7, 0xff, 0xff, 0xfe, 0xf0, 0xf0, 0xe0, 0xab, 0x00, 0x00, 0x08, 
    0xbe, 0x00, 0x01, 0x40, 0x40, 0x82, 0xc0, 0x06, 0x60, 0x70, 0x30, 0x18, 0x1c, 0x0f, 0xe7, 0x87, 
    0xff, 0x00, 0xf0, 0xec, 0x00, 0x07, 0x80, 0x80, 0xc0, 0xc0, 0xe0, 0xf0, 0xf8, 0xfc, 0x8c, 0xff, 
    0x04, 0xfe, 0xfc, 0xf8, 0xf0, 0xf0, 0x82, 0xe0, 0xe2, 0x00, 0x08, 0x03, 0x07, 0x0f, 0x1f, 0x1f, 
    0x3f, 0x3f, 0x7f, 0x7f, 0x82, 0xff, 0x00, 0xbf, 0x84, 0x3f, 0x00, 0x7f, 0x82, 0xff, 0x05, 0x9f, 
    0x0f, 0x0f, 0x07, 0x03, 0x01, 0xed, 0x00, 0x05, 0x01, 0x0f, 0x3f, 0xff, 0xf8, 0x80, 0x82, 0x00, 
    0x06, 0x01, 0x07, 0x0f, 0x3f, 0xfe, 0xe0, 0x80, 0xbe, 0x00, 0x02, 0x40, 0xc0, 0xc0, 0x83, 0xe0, 
    0x85, 0xf0, 0x00, 0xe0, 0x83, 0xf0, 0x82, 0xf8, 0x82, 0x78, 0x00, 0xfc, 0x85, 0xbc, 0x00, 0xfc, 
    0x88, 0xfe, 0x87, 0xff, 0x06, 0xf3, 0xf7, 0xf7, 0xf6, 0xff, 0xff, 0xfa, 0x83, 0xff, 0x82, 0xfe, 
    0x01, 0xf7, 0xff, 0x84, 0xfe, 0x03, 0xfc, 0xbc, 0xbc, 0xfc, 0x82, 0xbc, 0x03, 0xfc, 0xfc, 0x7c, 
    0x78, 0x85, 0xf8, 0x84, 0xfc, 0x84, 0xf8, 0x03, 0xf0, 0xb0, 0xb0, 0x30, 0x8f, 0x00, 
};

static const uint8_t s_boot_intro_f66[] = {
    0x84, 0x00, 0x00, 0x08, 0xaf, 0x00, 0x00, 0x04, 0x8e, 0x00, 0x00, 0x02, 0xf3, 0x00, 0x04, 0xf0, 
    0xf0, 0xc0, 0xc0, 0x80, 0xfa, 0x00, 0x08, 0xc7, 0xef, 0xef, 0xff, 0xff, 0xfe, 0xf0, 0xe0, 0xc0, 
    0xab, 0x00, 0x00, 0x08, 0xc4, 0x00, 0x04, 0xc0, 0xe0, 0x70, 0x38, 0x1e, 0x87, 0xff, 0x01, 0xc1, 
    0x80, 0xec, 0x00, 0x82, 0x03, 0x04, 0x83, 0xc1, 0xe0, 0xf0, 0xf8, 0x8b, 0xff, 0x07, 0xfe, 0xfc, 
    0xf8, 0xf0, 0xe0, 0xc0, 0xc0, 0x80, 0xe4, 0x00, 0x04, 0x0e, 0x0f, 0x1f, 0x3f, 0x3f, 0x82, 0x7f, 
    0x83, 0xff, 0x84, 0x7f, 0x0a, 0x3f, 0x3f, 0x7f, 0xff, 0xff, 0xdf, 0x8f, 0x0f, 0x07, 0x03, 0x01, 
    0xeb, 0x00, 0x06, 0x01, 0x03, 0x0f, 0x3f, 0xfe, 0xf0, 0x80, 0x84, 0x00, 0x07, 0x01, 0x03, 0x0f, 
    0x1f, 0x3e, 0xf8, 0xe0, 0x80, 0xbb, 0x00, 0x02, 0x40, 0xc0, 0xc0, 0x83, 0xe0, 0x85, 0xf0, 0x00, 
    0xe0, 0x83, 0xf0, 0x82, 0xf8, 0x82, 0x78, 0x00, 0xfc, 0x85, 0xbc, 0x00, 0xfc, 0x88, 0xfe, 0x87, 
    0xff, 0x06, 0xf3, 0xf7, 0xf7, 0xf6, 0xff, 0xff, 0xfa, 0x83, 0xff, 0x85, 0xfe, 0x07, 0xff, 0xf7, 
    0xf7, 0xfe, 0xfc, 0xbc, 0xfc, 0xfc, 0x82, 0xbc, 0x03, 0xfc, 0xfc, 0x7c, 0x78, 0x85, 0xf8, 0x84, 
    0xfc, 0x84, 0xf8, 0x03, 0xf0, 0xb0, 0xb0, 0x30, 0x8f, 0x00, 
};

static const uint8_t s_boot_intro_f67[] = {
    0x84, 0x00, 0x00, 0x08, 0xaf, 0x00, 0x00, 0x04, 0x8e, 0x00, 0x00, 0x02, 0xf3, 0x00, 0x05, 0xe0, 
    0xf0, 0xe0, 0xc0, 0xc0, 0x80, 0xf9, 0x00, 0x02, 0xc7, 0xef, 0xef, 0x82, 0xff, 0x82, 0xe0, 0xf2, 
    0x00, 0x03, 0xc0, 0xf0, 0x78, 0x1e, 0x87, 0xff, 0x01, 0xc3, 0x80, 0xec, 0x00, 0x07, 0x04, 0x04, 
    0x06, 0x06, 0x03, 0xc1, 0xf0, 0xf8, 0x8b, 0xff, 0x05, 0xfe, 0xfc, 0xf0, 0xe0, 0xc0, 0x80, 0xe6, 
    0x00, 0x06, 0x08, 0x1c, 0x1e, 0x3f, 0x3f, 0x7f, 0x7f, 0x85, 0xff, 0x86, 0x7f, 0x82, 0xff, 0x03, 
    0xdf, 0x0f, 0x07, 0x02, 0xec, 0x00, 0x06, 0x01, 0x03, 0x0f, 0x3f, 0xfe, 0xf0, 0x80, 0x85, 0x00, 
    0x07, 0x03, 0x07, 0x0f, 0x1f, 0x3c, 0xf0, 0xc0, 0x80, 0xa4, 0x00, 0x00, 0x04, 0x94, 0x00, 0x02, 
    0x40, 0xc0, 0xc0, 0x83, 0xe0, 0x85, 0xf0, 0x00, 0xe0, 0x83, 0xf0, 0x82, 0xf8, 0x82, 0x78, 0x01, 
    0xfc, 0xfc, 0x84, 0xbc, 0x00, 0xfc, 0x88, 0xfe, 0x87, 0xff, 0x06, 0xf3, 0xf7, 0xf7, 0xf6, 0xff, 
    0xff, 0xfa, 0x83, 0xff, 0x86, 0xfe, 0x06, 0xff, 0xf7, 0xf7, 0xfe, 0xbc, 0xbc, 0xfc, 0x82, 0xbc, 
    0x82, 0xfc, 0x00, 0x78, 0x85, 0xf8, 0x84, 0xfc, 0x84, 0xf8, 0x03, 0xe0, 0xb0, 0xb0, 0x30, 0x8f, 
    0x00, 
};

static const uint8_t s_boot_intro_f68[] = {
    0x84, 0x00, 0x00, 0x08, 0xaf, 0x00, 0x00, 0x04, 0x8e, 0x00, 0x00, 0x02, 0xf3, 0x00, 0x06, 0x80, 
    0xe0, 0xf0, 0xe0, 0xc0, 0xc0, 0x80, 0xf8, 0x00, 0x02, 0xc2, 0xe7, 0xef, 0x82, 0xff, 0x03, 0xe7, 
    0xe0, 0xe0, 0x80, 0xf1, 0x00, 0x04, 0xe0, 0xf8, 0x3c, 0x0f, 0xc7, 0x87, 0xff, 0x00, 0xbf, 0xee, 
    0x00, 0x05, 0x0c, 0x06, 0x07, 0x83, 0xe0, 0xf8, 0x8b, 0xff, 0x04, 0xfe, 0xfc, 0xf0, 0xe0, 0x80, 
    0xe9, 0x00, 0x04, 0x38, 0x3e, 0x3f, 0x7f, 0x7f, 0x87, 0xff, 0x84, 0x7f, 0x82, 0xff, 0x02, 0x9f, 
    0x0f, 0x0e, 0xed, 0x00, 0x06, 0x01, 0x03, 0x0f, 0x3f, 0xfe, 0xf0, 0x80, 0x85, 0x00, 0x06, 0x03, 
    0x07, 0x0f, 0x3f, 0x7c, 0xf0, 0xc0, 0xa5, 0x00, 0x00, 0x04, 0x94, 0x00, 0x02, 0x40, 0xc0, 0xc0, 
    0x83, 0xe0, 0x85, 0xf0, 0x00, 0xe0, 0x83, 0xf0, 0x82, 0xf8, 0x82, 0x78, 0x01, 0xfc, 0xfc, 0x84, 
    0xbc, 0x00, 0xfc, 0x88, 0xfe, 0x87, 0xff, 0x06, 0xf3, 0xf7, 0xf7, 0xf6, 0xff, 0xff, 0xfa, 0x83, 
    0xff, 0x85, 0xfe, 0x07, 0xff, 0xfb, 0xff, 0xfe, 0xfc, 0xbc, 0xbc, 0xfc, 0x82, 0xbc, 0x82, 0xfc, 
    0x00, 0x78, 0x85, 0xf8, 0x84, 0xfc, 0x84, 0xf8, 0x03, 0xe0, 0xb0, 0xb0, 0x30, 0x8f, 0x00, 
};

static const uint8_t s_boot_intro_f69[] = {
    0xc5, 0x00, 0x00, 0x02, 0xf5, 0x00, 0x06, 0xc0, 0xe0, 0xf0, 0xf0, 0xe0, 0xc0, 0xc0, 0xa5, 0x00, 
    0x00, 0x40, 0xce, 0x00, 0x04, 0x80, 0xc0, 0xe0, 0xf3, 0xf7, 0x82, 0xff, 0x03, 0xf7, 0xe3, 0xe0, 
    0xc0, 0xee, 0x00, 0x06, 0xc0, 0xf0, 0x3c, 0x1e, 0x07, 0x03, 0x81, 0x86, 0xff, 0x04, 0xe7, 0xf3, 
    0x3f, 0x3e, 0x18, 0xec, 0x00, 0x05, 0x07, 0x01, 0x00, 0xe0, 0xf8, 0xfe, 0x8a, 0xff, 0x04, 0xfe, 
    0xfc, 0xf0, 0xe0, 0x80, 0xea, 0x00, 0x04, 0x38, 0x3f, 0x3f, 0x7f, 0x7f, 0x84, 0xff, 0x84, 0x7f, 
    0x01, 0x3f, 0x3f, 0x82, 0xff, 0x01, 0x9f, 0x0e, 0xef, 0x00, 0x05, 0x03, 0x0f, 0x1f, 0x7f, 0xf8, 
    0x80, 0x85, 0x00, 0x06, 0x03, 0x07, 0x1f, 0x3f, 0xfc, 0xe0, 0xc0, 0xbb, 0x00, 0x02, 0x40, 0xc0, 
    0xc0, 0x83, 0xe0, 0x85, 0xf0, 0x00, 0xe0, 0x83, 0xf0, 0x82, 0xf8, 0x82, 0x78, 0x01, 0xfc, 0xfc, 
    0x84, 0xbc, 0x00, 0xfc, 0x88, 0xfe, 0x87, 0xff, 0x06, 0xf3, 0xf7, 0xf7, 0xf6, 0xff, 0xff, 0xfa, 
    0x83, 0xff, 0x85, 0xfe, 0x82, 0xff, 0x04, 0xfe, 0xfc, 0xbc, 0xbc, 0xfc, 0x82, 0xbc, 0x82, 0xfc, 
    0x00, 0x78, 0x85, 0xf8, 0x84, 0xfc, 0x84, 0xf8, 0x03, 0xe0, 0xb0, 0xb0, 0x30, 0x8f, 0x00, 
};

static const uint8_t s_boot_intro_f70[] = {
    0xc5, 0x00, 0x00, 0x02, 0xf6, 0x00, 0x06, 0xc0, 0xe0, 0xf0, 0xf0, 0xf8, 0xf0, 0xe0, 0xa4, 0x00, 
    0x00, 0x40, 0xcc, 0x00, 0x0f, 0x80, 0x80, 0xc0, 0xe0, 0xf0, 0xf0, 0xf1, 0xfb, 0xff, 0xff, 0xf7, 
    0xf3, 0xf3, 0xe0, 0xc0, 0x80, 0xeb, 0x00, 0x08, 0xf0, 0xf8, 0x8e, 0x07, 0x03, 0x01, 0x00, 0xc0, 
    0xf1, 0x86, 0xff, 0x05, 0xe0, 0xe0, 0x71, 0x3f, 0x1f, 0x06, 0xe9, 0x00, 0x05, 0x01, 0x03, 0x00, 
    0x80, 0xf0, 0xfc, 0x8c, 0xff, 0x03, 0xfe, 0xf8, 0xf0, 0xc0, 0xea, 0x00, 0x00, 0x10, 0x84, 0x3f, 
    0x83, 0xff, 0x82, 0x7f, 0x83, 0x3f, 0x82, 0xff, 0x01, 0x8f, 0x0e, 0xf0, 0x00, 0x04, 0x03, 0x1f, 
    0x7f, 0xfe, 0x80, 0x84, 0x00, 0x07, 0x01, 0x03, 0x0f, 0x1f, 0x3e, 0xf8, 0xe0, 0x80, 0xbb, 0x00, 
    0x02, 0x40, 0xc0, 0xc0, 0x83, 0xe0, 0x85, 0xf0, 0x00, 0xe0, 0x83, 0xf0, 0x82, 0xf8, 0x82, 0x78, 
    0x01, 0xfc, 0xfc, 0x84, 0xbc, 0x00, 0xfc, 0x88, 0xfe, 0x87, 0xff, 0x06, 0xf3, 0xf7, 0xf6, 0xf6, 
    0xff, 0xff, 0xfa, 0x83, 0xff, 0x84, 0xfe, 0x08, 0xff, 0xff, 0xf7, 0xf7, 0xf4, 0xfc, 0xbc, 0xbc, 
    0xfc, 0x82, 0xbc, 0x82, 0xfc, 0x00, 0x78, 0x85, 0xf8, 0x84, 0xfc, 0x84, 0xf8, 0x03, 0xf0, 0xb0, 
    0xb0, 0x30, 0x8f, 0x00, 
};

static const uint8_t s_boot_intro_f71[] = {
    0xff, 0x00, 0xbd, 0x00, 0x08, 0x20, 0x00, 0xe0, 0xf0, 0xf0, 0xf8, 0xfc, 0xfc, 0x10, 0xed, 0x00, 
    0x0a, 0x80, 0xc0, 0xc0, 0xe0, 0x60, 0x70, 0x30, 0x38, 0xf8, 0xfc, 0xfc, 0x83, 0xff, 0x07, 0xfb, 
    0x39, 0x70, 0x70, 0xe0, 0xc0, 0xc0, 0x80, 0xe5, 0x00, 0x0b, 0x7c, 0x1e, 0x03, 0x03, 0x01, 0x01, 
    0x00, 0x00, 0x80, 0xc0, 0xf0, 0xfc, 0x86, 0xff, 0x06, 0xe0, 0xc0, 0x00, 0x70, 0x30, 0x3f, 0x1f, 
    0xea, 0x00, 0x02, 0xc0, 0xf8, 0xfe, 0x8d, 0xff, 0x03, 0xfe, 0xf8, 0xe0, 0x80, 0xea, 0x00, 0x82, 
    0x0f, 0x82, 0x1f, 0x03, 0x7f, 0xff, 0xff, 0xdf, 0x84, 0x1f, 0x00, 0x3f, 0x82, 0xff, 0x01, 0x87, 
    0x07, 0xf1, 0x00, 0x02, 0x0f, 0xff, 0xff, 0x85, 0x00, 0x06, 0x01, 0x03, 0x0f, 0x1f, 0xfe, 0xf0, 
    0xc0, 0xbc, 0x00, 0x02, 0x40, 0xc0, 0xc0, 0x83, 0xe0, 0x85, 0xf0, 0x00, 0xe0, 0x83, 0xf0, 0x82, 
    0xf8, 0x82, 0x78, 0x01, 0xfc, 0xfc, 0x84, 0xbc, 0x00, 0xfc, 0x88, 0xfe, 0x87, 0xff, 0x06, 0xf3, 
    0xf7, 0xf6, 0xff, 0xfb, 0xfb, 0xfe, 0x83, 0xff, 0x84, 0xfe, 0x08, 0xff, 0xfb, 0xff, 0xfe, 0xfe, 
    0xfc, 0xbc, 0xbc, 0xfc, 0x82, 0xbc, 0x82, 0xfc, 0x00, 0x78, 0x85, 0xf8, 0x84, 0xfc, 0x84, 0xf8, 
    0x03, 0xf0, 0xb0, 0xb0, 0x30, 0x8f, 0x00, 
};

static const uint8_t s_boot_intro_f72[] = {
    0xff, 0x00, 0xc1, 0x00, 0x05, 0xf0, 0xf8, 0xfc, 0xf4, 0xfe, 0x7e, 0xe8, 0x00, 0x03, 0x80, 0xc0, 
    0x60, 0x60, 0x82, 0x30, 0x01, 0x38, 0x18, 0x82, 0x1c, 0x03, 0x0e, 0x0e, 0xfe, 0xfe, 0x82, 0xff, 
    0x0c, 0xfe, 0xfe, 0x7c, 0x1c, 0x18, 0x18, 0x38, 0x30, 0x70, 0x60, 0xc0, 0xc0, 0x80, 0xde, 0x00, 
    0x02, 0x03, 0x01, 0x01, 0x86, 0x00, 0x04, 0xc0, 0xe0, 0xf0, 0xf8, 0xfc, 0x86, 0xff, 0x02, 0xf8, 
    0xe0, 0x80, 0x85, 0x00, 0x02, 0x03, 0x0f, 0x02, 0xe3, 0x00, 0x02, 0x80, 0xf0, 0xfc, 0x8f, 0xff, 
    0x02, 0xfe, 0xf8, 0xe0, 0xe9, 0x00, 0x01, 0x01, 0x01, 0x82, 0x03, 0x00, 0x07, 0x82, 0xff, 0x82, 
    0x0f, 0x83, 0x07, 0x05, 0x1f, 0xff, 0xff, 0xfb, 0x83, 0x01, 0xef, 0x00, 0x02, 0xff, 0xff, 0x0f, 
    0x87, 0x00, 0x06, 0x01, 0x03, 0x0f, 0xff, 0xfc, 0xf0, 0xc0, 0xbc, 0x00, 0x02, 0x40, 0xc0, 0xc0, 
    0x83, 0xe0, 0x85, 0xf0, 0x00, 0xe0, 0x83, 0xf0, 0x82, 0xf8, 0x82, 0x78, 0x01, 0xfc, 0xfc, 0x84, 
    0xbc, 0x00, 0xfc, 0x88, 0xfe, 0x85, 0xff, 0x04, 0xfb, 0xf6, 0xff, 0xf7, 0xfe, 0x87, 0xff, 0x84, 
    0xfe, 0x01, 0xff, 0xff, 0x82, 0xfe, 0x03, 0xfc, 0xbc, 0xbc, 0xfc, 0x82, 0xbc, 0x03, 0xfc, 0xfc, 
    0x7c, 0x78, 0x85, 0xf8, 0x84, 0xfc, 0x84, 0xf8, 0x03, 0xe0, 0xb0, 0xb0, 0x30, 0x8f, 0x00, 
};

static const uint8_t s_boot_intro_f73[] = {
    0xff, 0x00, 0xc1, 0x00, 0x06, 0x08, 0xe0, 0xf8, 0xfc, 0xfc, 0x7e, 0x3f, 0xe6, 0x00, 0x03, 0x20, 
    0x30, 0x30, 0x38, 0x82, 0x18, 0x01, 0x1c, 0x1c, 0x83, 0x0c, 0x03, 0x0e, 0x0e, 0x0f, 0x7f, 0x84, 
    0xff, 0x02, 0xfe, 0xfe, 0x0e, 0x82, 0x0c, 0x83, 0x18, 0x05, 0x10, 0x30, 0x30, 0xf0, 0x60, 0xc0, 
    0xe3, 0x00, 0x06, 0xc0, 0xe0, 0xf0, 0xf8, 0xfc, 0xfc, 0xfe, 0x86, 0xff, 0x01, 0xe0, 0x80, 0x8a, 
    0x00, 0x00, 0x01, 0x83, 0x00, 0x00, 0x10, 0xda, 0x00, 0x02, 0x70, 0xfc, 0xfe, 0x90, 0xff, 0x02, 
    0xfe, 0xf0, 0x80, 0xeb, 0x00, 0x05, 0x01, 0xf1, 0xfb, 0xff, 0x7f, 0x0f, 0x85, 0x07, 0x01, 0x03, 
    0x07, 0x82, 0xff, 0x02, 0xc3, 0x01, 0x01, 0xea, 0x00, 0x04, 0xc0, 0xfc, 0xff, 0x0f, 0x01, 0x8a, 
    0x00, 0x04, 0x03, 0x0f, 0xff, 0xfc, 0xe0, 0xbd, 0x00, 0x02, 0x40, 0xc0, 0xc0, 0x83, 0xe0, 0x85, 
    0xf0, 0x00, 0xe0, 0x83, 0xf0, 0x82, 0xf8, 0x82, 0x78, 0x01, 0xfc, 0xfc, 0x84, 0xbc, 0x00, 0xfc, 
    0x88, 0xfe, 0x82, 0xff, 0x03, 0xfe, 0xff, 0xff, 0xfb, 0x8b, 0xff, 0x83, 0xfe, 0x82, 0xff, 0x06, 
    0xfc, 0xfe, 0xfe, 0xfc, 0xbc, 0xbc, 0xfc, 0x82, 0xbc, 0x03, 0xfc, 0xfc, 0x7c, 0x78, 0x85, 0xf8, 
    0x84, 0xfc, 0x84, 0xf8, 0x03, 0xe0, 0xb0, 0xb0, 0x30, 0x8f, 0x00, 
};

static const uint8_t s_boot_intro_f74[] = {
    0xff, 0x00, 0xc4, 0x00, 0x05, 0xc0, 0xf8, 0xfc, 0xfc, 0xfe, 0x20, 0xb1, 0x00, 0x00, 0x40, 0xb3, 
    0x00, 0x03, 0x02, 0x06, 0x06, 0x0e, 0x85, 0x0c, 0x00, 0x1c, 0x83, 0x0c, 0x08, 0x0e, 0x7e, 0xfe, 
    0xfe, 0xff, 0xff, 0xfe, 0xfc, 0xfc, 0x88, 0x0c, 0x82, 0x04, 0x03, 0x0c, 0x0c, 0x04, 0x04, 0xde, 
    0x00, 0x09, 0x80, 0xc0, 0xc0, 0xe0, 0xe0, 0xf0, 0xf0, 0xf8, 0xf8, 0xfc, 0x86, 0xff, 0x00, 0x80, 
    0x8e, 0x00, 0x00, 0x10, 0xd9, 0x00, 0x04, 0x0c, 0x1e, 0x3f, 0x3f, 0x7f, 0x90, 0xff, 0x01, 0xfc, 
    0xe0, 0xe9, 0x00, 0x06, 0x80, 0xf0, 0xf8, 0x7c, 0x3f, 0x1f, 0x0f, 0x87, 0x07, 0x00, 0xef, 0x82, 
    0xff, 0x82, 0x07, 0x97, 0x00, 0x00, 0x20, 0xcc, 0x00, 0x06, 0xe0, 0xf8, 0x7c, 0x1e, 0x07, 0x03, 
    0x01, 0x8b, 0x00, 0x04, 0x03, 0x0f, 0xff, 0xff, 0x80, 0xbf, 0x00, 0x02, 0x40, 0xc0, 0xc0, 0x83, 
    0xe0, 0x85, 0xf0, 0x00, 0xe0, 0x83, 0xf0, 0x82, 0xf8, 0x82, 0x78, 0x01, 0xfc, 0xfc, 0x84, 0xbc, 
    0x00, 0xfc, 0x88, 0xfe, 0x94, 0xff, 0x03, 0xfb, 0xf7, 0xfe, 0xf6, 0x83, 0xfe, 0x03, 0xfc, 0xbc, 
    0xbc, 0xfc, 0x82, 0xbc, 0x03, 0xfc, 0xfc, 0x7c, 0x78, 0x85, 0xf8, 0x84, 0xfc, 0x84, 0xf8, 0x03, 
    0xe0, 0xb0, 0xb0, 0x30, 0x8f, 0x00, 
};

static const uint8_t s_boot_intro_f75[] = {
    0x98, 0x00, 0x00, 0x80, 0xff, 0x00, 0xab, 0x00, 0x05, 0x80, 0xf0, 0xf8, 0xe8, 0xfc, 0x40, 0xb0, 
    0x00, 0x00, 0x40, 0xb5, 0x00, 0x04, 0x02, 0x07, 0x0e, 0x0c, 0x08, 0x82, 0x18, 0x84, 0x38, 0x03, 
    0x18, 0x1c, 0xfc, 0xfc, 0x82, 0xff, 0x82, 0xf9, 0x86, 0x18, 0x01, 0x08, 0x08, 0x82, 0x0c, 0x01, 
    0x0e, 0x06, 0xde, 0x00, 0x82, 0x80, 0x82, 0xc0, 0x82, 0xe0, 0x02, 0xf0, 0xf0, 0xf8, 0x85, 0xff, 
    0x00, 0xf1, 0x8e, 0x00, 0x00, 0x10, 0xd9, 0x00, 0x04, 0x02, 0x0f, 0x1f, 0x3f, 0x7f, 0x90, 0xff, 
    0x01, 0xfe, 0xf0, 0xe9, 0x00, 0x08, 0xc0, 0xe0, 0xf0, 0x78, 0x7d, 0x3f, 0x1f, 0x0f, 0x07, 0x85, 
    0x0f, 0x00, 0x8f, 0x82, 0xff, 0x83, 0x0f, 0x96, 0x00, 0x00, 0x20, 0xcb, 0x00, 0x06, 0x60, 0xf8, 
    0x7c, 0x1e, 0x0f, 0x03, 0x01, 0x8c, 0x00, 0x03, 0x0f, 0xff, 0xff, 0x13, 0xc0, 0x00, 0x02, 0x40, 
    0xc0, 0xc0, 0x84, 0xe0, 0x84, 0xf0, 0x00, 0xe0, 0x83, 0xf0, 0x82, 0xf8, 0x82, 0x78, 0x01, 0xfc, 
    0xfc, 0x84, 0xbc, 0x00, 0xfc, 0x88, 0xfe, 0x91, 0xff, 0x06, 0xfa, 0xff, 0xf7, 0xff, 0xfe, 0xfe, 
    0xf6, 0x83, 0xfe, 0x03, 0xfc, 0xbc, 0xbc, 0xfc, 0x82, 0xbc, 0x03, 0xfc, 0xfc, 0x7c, 0x78, 0x85, 
    0xf8, 0x84, 0xfc, 0x84, 0xf8, 0x03, 0xe0, 0xb0, 0xb0, 0x30, 0x8f, 0x00, 
};

static const uint8_t s_boot_intro_f76[] = {
    0xff, 0x00, 0xc4, 0x00, 0x06, 0x40, 0x00, 0x80, 0xe0, 0xf0, 0xf8, 0xc0, 0xb0, 0x00, 0x00, 0x40, 
    0xb8, 0x00, 0x07, 0x0c, 0x1c, 0x38, 0x30, 0x20, 0x20, 0x70, 0x60, 0x82, 0x70, 0x09, 0x30, 0x38, 
    0xf8, 0xf8, 0xfe, 0xff, 0xfb, 0xf3, 0xf3, 0x71, 0x84, 0x60, 0x06, 0x20, 0x20, 0x30, 0x10, 0x18, 
    0x18, 0x04, 0xe2, 0x00, 0x84, 0x80, 0x04, 0xc0, 0xc0, 0xe0, 0xf0, 0xfb, 0x85, 0xff, 0x8e, 0x00, 
    0x00, 0x10, 0xda, 0x00, 0x03, 0x0e, 0x1f, 0x3f, 0x7f, 0x91, 0xff, 0x00, 0xf0, 0xea, 0x00, 0x08, 
    0x80, 0xc0, 0xe0, 0xf1, 0x7b, 0x7b, 0x3f, 0x1f, 0x0f, 0x85, 0x1f, 0x00, 0x9f, 0x82, 0xff, 0x82, 
    0x1f, 0x96, 0x00, 0x00, 0x20, 0xcb, 0x00, 0x08, 0x40, 0xf0, 0xfc, 0x3c, 0x1e, 0x07, 0x07, 0x03, 
    0x01, 0x8b, 0x00, 0x03, 0xff, 0xff, 0x7f, 0x01, 0xbf, 0x00, 0x02, 0x40, 0xc0, 0xc0, 0x83, 0xe0, 
    0x85, 0xf0, 0x00, 0xe0, 0x83, 0xf0, 0x82, 0xf8, 0x82, 0x78, 0x01, 0xfc, 0xfc, 0x84, 0xbc, 0x00, 
    0xfc, 0x88, 0xfe, 0x91, 0xff, 0x06, 0xfe, 0xf7, 0xff, 0xf6, 0xfe, 0xfe, 0xf6, 0x83, 0xfe, 0x03, 
    0xfc, 0xbc, 0xbc, 0xfc, 0x82, 0xbc, 0x03, 0xfc, 0xfc, 0x7c, 0x78, 0x85, 0xf8, 0x84, 0xfc, 0x84, 
    0xf8, 0x03, 0xe0, 0xb0, 0xb0, 0x30, 0x8f, 0x00, 
};

static const uint8_t s_boot_intro_f77[] = {
    0xff, 0x00, 0xc5, 0x00, 0x05, 0x40, 0x00, 0xc0, 0xe0, 0xf0, 0xf0, 0xef, 0x00, 0x0f, 0x60, 0xe0, 
    0xe0, 0xc0, 0x80, 0xc0, 0xc0, 0xe0, 0xf0, 0xf8, 0xfc, 0xfe, 0xf7, 0xe3, 0xc3, 0x83, 0x83, 0x80, 
    0x02, 0xc0, 0xe0, 0x20, 0xec, 0x00, 0x04, 0x01, 0x81, 0xc0, 0xe0, 0xf1, 0x85, 0xff, 0x83, 0x01, 
    0xe6, 0x00, 0x02, 0x0c, 0x3c, 0x7e, 0x85, 0xfe, 0x8c, 0xff, 0x01, 0xf0, 0x80, 0xeb, 0x00, 0x08, 
    0x01, 0x03, 0x83, 0xc7, 0xe7, 0xef, 0xff, 0xff, 0x7f, 0x84, 0x3f, 0x82, 0xff, 0x03, 0x7f, 0x3f, 
    0x3f, 0x10, 0xe6, 0x00, 0x09, 0xf8, 0xfc, 0x3c, 0x1c, 0x0e, 0x07, 0x07, 0x03, 0x03, 0x01, 0x86, 
    0x00, 0x03, 0xfe, 0xff, 0x7f, 0x07, 0xbf, 0x00, 0x02, 0x40, 0xc0, 0xc0, 0x83, 0xe0, 0x85, 0xf0, 
    0x00, 0xe0, 0x83, 0xf0, 0x82, 0xf8, 0x82, 0x78, 0x01, 0xfc, 0xfc, 0x84, 0xbc, 0x00, 0xfc, 0x88, 
    0xfe, 0x91, 0xff, 0x02, 0xfe, 0xff, 0xff, 0x82, 0xfe, 0x00, 0xf6, 0x83, 0xfe, 0x03, 0xfc, 0xbc, 
    0xbc, 0xfc, 0x82, 0xbc, 0x03, 0xfc, 0xfc, 0x7c, 0x78, 0x85, 0xf8, 0x84, 0xfc, 0x84, 0xf8, 0x03, 
    0xe0, 0xb0, 0xb0, 0x30, 0x8f, 0x00, 
};

static const uint8_t s_boot_intro_f78[] = {
    0xff, 0x00, 0xc5, 0x00, 0x05, 0xc0, 0x00, 0x80, 0xc0, 0xe0, 0x80, 0xf7, 0x00, 0x07, 0x80, 0xf0, 
    0xf8, 0xf8, 0xe7, 0xc7, 0x83, 0x81, 0xf4, 0x00, 0x03, 0x80, 0xc0, 0xc0, 0xf3, 0x84, 0xff, 0x01, 
    0xc7, 0x03, 0xea, 0x00, 0x00, 0x70, 0x84, 0xf8, 0x02, 0xfc, 0xfc, 0xfe, 0x8a, 0xff, 0x02, 0xfc, 
    0xf0, 0x80, 0xea, 0x00, 0x09, 0x01, 0x03, 0x07, 0x07, 0x0f, 0x0f, 0x1f, 0x1f, 0x9f, 0xdf, 0x87, 
    0xff, 0x03, 0x7f, 0x3f, 0x3f, 0x1c, 0xea, 0x00, 0x10, 0xd8, 0xf8, 0x78, 0x1c, 0x0e, 0x0e, 0x07, 
    0x07, 0x03, 0x03, 0x01, 0x01, 0x00, 0xfe, 0xff, 0x7f, 0x07, 0xbf, 0x00, 0x02, 0x40, 0xc0, 0xc0, 
    0x83, 0xe0, 0x85, 0xf0, 0x00, 0xe0, 0x83, 0xf0, 0x82, 0xf8, 0x82, 0x78, 0x01, 0xfc, 0xfc, 0x84, 
    0xbc, 0x00, 0xfc, 0x88, 0xfe, 0x91, 0xff, 0x02, 0xfe, 0xff, 0xff, 0x82, 0xfe, 0x00, 0xf6, 0x83, 
    0xfe, 0x03, 0xfc, 0xbc, 0xbc, 0xfc, 0x82, 0xbc, 0x03, 0xfc, 0xfc, 0x7c, 0x78, 0x85, 0xf8, 0x84, 
    0xfc, 0x84, 0xf8, 0x03, 0xe0, 0xb0, 0xb0, 0x30, 0x8f, 0x00, 
};

static const uint8_t s_boot_intro_f79[] = {
    0x83, 0x00, 0x00, 0x08, 0xc0, 0x00, 0x00, 0x02, 0xff, 0x00, 0x9a, 0x00, 0x00, 0x08, 0xdf, 0x00, 
    0x02, 0x80, 0xc0, 0xe0, 0x82, 0xf0, 0x03, 0xe0, 0xc0, 0xc0, 0x80, 0xef, 0x00, 0x05, 0x0c, 0x0c, 
    0x0e, 0x06, 0xc1, 0xe3, 0x85, 0xff, 0x02, 0xc7, 0x01, 0x01, 0x83, 0x03, 0x82, 0x06, 0x01, 0x07, 
    0x03, 0xe1, 0x00, 0x08, 0x80, 0xc0, 0xc0, 0xe0, 0xe0, 0xf0, 0xf8, 0xfc, 0xfe, 0x89, 0xff, 0x03, 
    0xfc, 0xf0, 0xc0, 0x80, 0xe8, 0x00, 0x04, 0x03, 0x07, 0x07, 0x0f, 0x0f, 0x84, 0x1f, 0x85, 0x3f, 
    0x83, 0xff, 0x03, 0x7f, 0x7f, 0x3f, 0x1e, 0xf3, 0x00, 0x06, 0x30, 0xf8, 0xfc, 0x1f, 0xff, 0xff, 
    0x03, 0xc0, 0x00, 0x02, 0x40, 0xc0, 0xc0, 0x83, 0xe0, 0x85, 0xf0, 0x00, 0xe0, 0x83, 0xf0, 0x82, 
    0xf8, 0x82, 0x78, 0x01, 0xfc, 0xfc, 0x84, 0xbc, 0x00, 0xfc, 0x88, 0xfe, 0x8e, 0xff, 0x09, 0xfe, 
    0xff, 0xff, 0xfa, 0xf7, 0xf7, 0xf6, 0xf6, 0xfe, 0xf6, 0x83, 0xfe, 0x03, 0xfc, 0xbc, 0xbc, 0xfc, 
    0x82, 0xbc, 0x03, 0xfc, 0xfc, 0x7c, 0x78, 0x85, 0xf8, 0x84, 0xfc, 0x00, 0xf0, 0x83, 0xf8, 0x03, 
    0xe0, 0xb0, 0xb0, 0x30, 0x8f, 0x00, 
};

static const uint8_t s_boot_intro_f80[] = {
    0x83, 0x00, 0x00, 0x08, 0xc0, 0x00, 0x00, 0x02, 0xff, 0x00, 0x9a, 0x00, 0x00, 0x08, 0xe2, 0x00, 
    0x09, 0x80, 0xe0, 0xf0, 0x70, 0xe0, 0xe0, 0xc0, 0xc0, 0x80, 0x80, 0x86, 0x00, 0x00, 0x80, 0xdc, 
    0x00, 0x02, 0x0c, 0x0c, 0x1c, 0x86, 0x00, 0x05, 0x80, 0xe0, 0xf8, 0xfc, 0xfc, 0xfe, 0x82, 0xff, 
    0x03, 0xe1, 0x80, 0x00, 0x00, 0x82, 0x01, 0x83, 0x03, 0x04, 0x02, 0x06, 0x06, 0x03, 0x01, 0xe1, 
    0x00, 0x04, 0x80, 0xc0, 0xf0, 0xf8, 0xfe, 0x8a, 0xff, 0x03, 0xfe, 0xf8, 0xe0, 0x80, 0xe9, 0x00, 
    0x02, 0x06, 0x0f, 0x0f, 0x88, 0x1f, 0x00, 0x3f, 0x85, 0xff, 0x82, 0x1f, 0x00, 0x1e, 0xf5, 0x00, 
    0x00, 0x1f, 0x83, 0xff, 0x00, 0xc1, 0xbf, 0x00, 0x02, 0x40, 0xc0, 0xc0, 0x83, 0xe0, 0x85, 0xf0, 
    0x00, 0xe0, 0x83, 0xf0, 0x82, 0xf8, 0x82, 0x78, 0x01, 0xfc, 0xfc, 0x84, 0xbc, 0x00, 0xfc, 0x88, 
    0xfe, 0x91, 0xff, 0x00, 0xfe, 0x82, 0xf7, 0x02, 0xff, 0xff, 0xf6, 0x83, 0xfe, 0x03, 0xfc, 0xbc, 
    0xbc, 0xfc, 0x82, 0xbc, 0x03, 0xfc, 0xfc, 0x7c, 0x78, 0x85, 0xf8, 0x84, 0xfc, 0x84, 0xf8, 0x03, 
    0xe0, 0xb0, 0xb0, 0x30, 0x8f, 0x00, 
};

static const uint8_t s_boot_intro_f81[] = {
    0x83, 0x00, 0x00, 0x08, 0xb0, 0x00, 0x00, 0x04, 0x8e, 0x00, 0x00, 0x02, 0xff, 0x00, 0x9a, 0x00, 
    0x00, 0x08, 0xe7, 0x00, 0x03, 0xc0, 0xc0, 0x80, 0x80, 0x84, 0x00, 0x00, 0x80, 0xdb, 0x00, 0x08, 
    0x04, 0x0c, 0x0c, 0x18, 0x08, 0x0c, 0x0c, 0x04, 0x04, 0x83, 0x00, 0x00, 0xc0, 0x82, 0xe0, 0x83, 
    0xf0, 0x05, 0xf8, 0xf0, 0xc0, 0x80, 0x00, 0x00, 0x82, 0x01, 0x06, 0x03, 0x03, 0x02, 0x03, 0x03, 
    0x01, 0x01, 0xe3, 0x00, 0x02, 0x80, 0xe0, 0xf8, 0x8c, 0xff, 0x03, 0xfe, 0xf8, 0xc0, 0x80, 0xea, 
    0x00, 0x02, 0x0e, 0x0f, 0x0f, 0x84, 0x1f, 0x01, 0x0f, 0x1f, 0x83, 0xff, 0x02, 0xef, 0x0f, 0x0f, 
    0x83, 0x07, 0x00, 0x06, 0xf3, 0x00, 0x07, 0x01, 0x0f, 0x3f, 0xff, 0xff, 0x3f, 0xfc, 0xf0, 0xbf, 
    0x00, 0x02, 0x40, 0xc0, 0xc0, 0x83, 0xe0, 0x85, 0xf0, 0x00, 0xe0, 0x83, 0xf0, 0x82, 0xf8, 0x82, 
    0x78, 0x01, 0xfc, 0xfc, 0x84, 0xbc, 0x00, 0xfc, 0x88, 0xfe, 0x91, 0xff, 0x04, 0xfb, 0xf7, 0xf7, 
    0xf9, 0xff, 0x85, 0xfe, 0x03, 0xfc, 0xbc, 0xbc, 0xfc, 0x82, 0xbc, 0x03, 0xfc, 0xfc, 0x7c, 0x78, 
    0x85, 0xf8, 0x84, 0xfc, 0x84, 0xf8, 0x03, 0xe0, 0xb0, 0xb0, 0x30, 0x8f, 0x00, 
};

static const uint8_t s_boot_intro_f82[] = {
    0x83, 0x00, 0x00, 0x08, 0xa8, 0x00, 0x00, 0x04, 0x86, 0x00, 0x00, 0x04, 0x8e, 0x00, 0x00, 0x02, 
    0xa8, 0x00, 0x00, 0x80, 0xf0, 0x00, 0x00, 0x08, 0xd5, 0x00, 0x82, 0x80, 0x03, 0xc0, 0x40, 0xe0, 
    0xf0, 0xf0, 0x00, 0x10, 0x0c, 0x0c, 0x18, 0x18, 0x0c, 0x0c, 0x06, 0x07, 0x03, 0x03, 0x01, 0x80, 
    0xe0, 0xf1, 0xe3, 0xf0, 0xd0, 0x82, 0xc0, 0x02, 0xe0, 0xe0, 0xc0, 0x83, 0x00, 0x04, 0x06, 0x06, 
    0x02, 0x03, 0x02, 0xc7, 0x00, 0x00, 0x80, 0x9e, 0x00, 0x02, 0x80, 0xf0, 0xfc, 0x8c, 0xff, 0x04, 
    0xfe, 0xf8, 0xf0, 0xc0, 0x80, 0xe9, 0x00, 0x01, 0x02, 0x07, 0x82, 0x0f, 0x01, 0x1f, 0x3f, 0x84, 
    0xff, 0x01, 0xe3, 0x83, 0x84, 0x03, 0x83, 0x01, 0xf0, 0x00, 0x05, 0x01, 0x07, 0x0f, 0xff, 0xff, 
    0xf1, 0xc4, 0x00, 0x02, 0x40, 0xc0, 0xc0, 0x83, 0xe0, 0x85, 0xf0, 0x00, 0xe0, 0x83, 0xf0, 0x82, 
    0xf8, 0x82, 0x78, 0x01, 0xfc, 0xfc, 0x84, 0xbc, 0x00, 0xfc, 0x88, 0xfe, 0x8d, 0xff, 0x03, 0xf7, 
    0xf7, 0xfb, 0xfb, 0x8a, 0xfe, 0x03, 0xfc, 0xbc, 0xbc, 0xfc, 0x82, 0xbc, 0x03, 0xfc, 0xfc, 0x7c, 
    0x78, 0x85, 0xf8, 0x84, 0xfc, 0x84, 0xf8, 0x03, 0xe0, 0xb0, 0xb0, 0x30, 0x8f, 0x00, 
};

static const uint8_t s_boot_intro_f83[] = {
    0x83, 0x00, 0x00, 0x08, 0xa8, 0x00, 0x00, 0x04, 0x86, 0x00, 0x00, 0x04, 0x8e, 0x00, 0x03, 0x02, 
    0x00, 0x00, 0x04, 0xa5, 0x00, 0x00, 0x80, 0xf0, 0x00, 0x00, 0x08, 0x8c, 0x00, 0x00, 0x10, 0xc7, 
    0x00, 0x01, 0x80, 0xc0, 0xf5, 0x00, 0x16, 0x0c, 0x0c, 0x18, 0x18, 0x08, 0x0c, 0x06, 0x03, 0x03, 
    0x01, 0x80, 0xe0, 0xf0, 0xfc, 0xf8, 0xc0, 0xc0, 0xe0, 0xf0, 0x70, 0x80, 0xc0, 0xc0, 0x83, 0x00, 
    0x03, 0x04, 0x0c, 0x18, 0x18, 0x82, 0x0c, 0xc5, 0x00, 0x00, 0x80, 0x9e, 0x00, 0x01, 0xf0, 0xfe, 
    0x8d, 0xff, 0x04, 0xfe, 0xf8, 0xe0, 0xc0, 0x80, 0xe9, 0x00, 0x84, 0x07, 0x82, 0xff, 0x01, 0x01, 
    0x01, 0x82, 0xff, 0x88, 0x01, 0xee, 0x00, 0x07, 0xff, 0xff, 0x23, 0x00, 0x00, 0xff, 0xff, 0x1f, 
    0xc5, 0x00, 0x02, 0x40, 0xc0, 0xc0, 0x83, 0xe0, 0x85, 0xf0, 0x00, 0xe0, 0x83, 0xf0, 0x82, 0xf8, 
    0x82, 0x78, 0x01, 0xfc, 0xfc, 0x84, 0xbc, 0x00, 0xfc, 0x88, 0xfe, 0x87, 0xff, 0x04, 0xfe, 0xfb, 
    0xfb, 0xfe, 0xff, 0x82, 0xf7, 0x02, 0xf3, 0xff, 0xff, 0x89, 0xfe, 0x03, 0xfc, 0xbc, 0xbc, 0xfc, 
    0x82, 0xbc, 0x03, 0xfc, 0xfc, 0x7c, 0x78, 0x85, 0xf8, 0x84, 0xfc, 0x84, 0xf8, 0x03, 0xe0, 0xb0, 
    0xb0, 0x30, 0x8f, 0x00, 
};

static const uint8_t s_boot_intro_f84[] = {
    0x83, 0x00, 0x00, 0x08, 0xa8, 0x00, 0x00, 0x04, 0x86, 0x00, 0x00, 0x04, 0x8e, 0x00, 0x03, 0x02, 
    0x00, 0x00, 0x04, 0x96, 0x00, 0x00, 0x08, 0x8d, 0x00, 0x00, 0x80, 0xcf, 0x00, 0x05, 0x80, 0x10, 
    0x00, 0xc0, 0xe0, 0x20, 0x9a, 0x00, 0x00, 0x08, 0x86, 0x00, 0x00, 0x40, 0x84, 0x00, 0x00, 0x10, 
    0xcf, 0x00, 0x04, 0x01, 0x02, 0x26, 0x64, 0x60, 0xf0, 0x00, 0x05, 0x08, 0x18, 0x10, 0x80, 0xc0, 
    0xf0, 0x82, 0xf8, 0x0c, 0xf0, 0xf0, 0xe0, 0xfc, 0xfc, 0xf8, 0xef, 0xdc, 0xb0, 0x20, 0x30, 0x30, 
    0x10, 0xcb, 0x00, 0x00, 0x80, 0x9b, 0x00, 0x02, 0xf0, 0xfc, 0xfe, 0x90, 0xff, 0x03, 0xfe, 0xfc, 
    0xf0, 0xc0, 0xe6, 0x00, 0x10, 0x01, 0x03, 0x03, 0x07, 0x03, 0xc3, 0xf3, 0xfb, 0x7f, 0x3f, 0x1f, 
    0xe7, 0xff, 0xff, 0x7f, 0x01, 0x01, 0x85, 0x03, 0x00, 0x01, 0xe8, 0x00, 0x05, 0xb0, 0xf0, 0xfc, 
    0x1f, 0x07, 0x03, 0x83, 0x00, 0x02, 0x8f, 0xff, 0xff, 0xb1, 0x00, 0x00, 0x04, 0x94, 0x00, 0x02, 
    0x40, 0xc0, 0xc0, 0x83, 0xe0, 0x85, 0xf0, 0x00, 0xe0, 0x83, 0xf0, 0x82, 0xf8, 0x82, 0x78, 0x00, 
    0xfc, 0x85, 0xbc, 0x00, 0xfc, 0x88, 0xfe, 0x83, 0xff, 0x00, 0xfb, 0x85, 0xff, 0x04, 0xfe, 0xff, 
    0xf7, 0xf7, 0xfe, 0x82, 0xff, 0x89, 0xfe, 0x03, 0xfc, 0xbc, 0xbc, 0xfc, 0x82, 0xbc, 0x03, 0xfc, 
    0xfc, 0x7c, 0x78, 0x85, 0xf8, 0x84, 0xfc, 0x84, 0xf8, 0x03, 0xe0, 0xb0, 0xb0, 0x30, 0x8f, 0x00, 
};

static const uint8_t s_boot_intro_f85[] = {
    0x83, 0x00, 0x00, 0x08, 0xa8, 0x00, 0x00, 0x04, 0x86, 0x00, 0x00, 0x04, 0x8e, 0x00, 0x03, 0x02, 
    0x00, 0x00, 0x04, 0xa5, 0x00, 0x00, 0x80, 0xce, 0x00, 0x05, 0x10, 0x80, 0xe0, 0xf0, 0xf0, 0x78, 
    0x9b, 0x00, 0x00, 0x08, 0x86, 0x00, 0x00, 0x40, 0x84, 0x00, 0x00, 0x10, 0xcb, 0x00, 0x07, 0xc0, 
    0xfc, 0xfe, 0xff, 0xff, 0xfc, 0xf8, 0xf0, 0xf2, 0x00, 0x07, 0x80, 0xc0, 0xc0, 0xe8, 0xf0, 0xf9, 
    0xfd, 0xfd, 0x84, 0xff, 0x03, 0xf0, 0xe0, 0xc0, 0x80, 0xcf, 0x00, 0x00, 0x80, 0x98, 0x00, 0x02, 
    0x78, 0xfc, 0xfe, 0x93, 0xff, 0x03, 0xfe, 0xfc, 0xf8, 0x30, 0xe6, 0x00, 0x0a, 0x01, 0x01, 0x03, 
    0x03, 0xc3, 0xf3, 0xfb, 0x7f, 0x3f, 0x1f, 0x87, 0x82, 0xff, 0x00, 0x1f, 0x85, 0x03, 0x00, 0x01, 
    0xe9, 0x00, 0x06, 0x20, 0xf0, 0xf8, 0x3e, 0x0f, 0x03, 0x01, 0x82, 0x00, 0x03, 0x03, 0xff, 0xff, 
    0x03, 0xb1, 0x00, 0x00, 0x04, 0x94, 0x00, 0x02, 0x40, 0xc0, 0xc0, 0x83, 0xe0, 0x85, 0xf0, 0x00, 
    0xe0, 0x83, 0xf0, 0x82, 0xf8, 0x82, 0x78, 0x00, 0xfc, 0x85, 0xbc, 0x00, 0xfc, 0x88, 0xfe, 0x03, 
    0xff, 0xfe, 0xff, 0xfb, 0x85, 0xff, 0x05, 0xfe, 0xff, 0xfb, 0xf7, 0xfe, 0xf3, 0x82, 0xff, 0x89, 
    0xfe, 0x03, 0xfc, 0xbc, 0xbc, 0xfc, 0x82, 0xbc, 0x03, 0xfc, 0xfc, 0x7c, 0x78, 0x85, 0xf8, 0x84, 
    0xfc, 0x84, 0xf8, 0x03, 0xe0, 0xb0, 0xb0, 0x30, 0x8f, 0x00, 
};

static const uint8_t s_boot_intro_f86[] = {
    0xad, 0x00, 0x00, 0x04, 0x86, 0x00, 0x00, 0x04, 0x8e, 0x00, 0x00, 0x02, 0xa8, 0x00, 0x00, 0x80, 
    0xcc, 0x00, 0x02, 0x10, 0x18, 0xc0, 0x82, 0xf0, 0x01, 0xfc, 0x2c, 0x9b, 0x00, 0x00, 0x08, 0xda, 
    0x00, 0x00, 0xfc, 0x82, 0xff, 0x02, 0xfc, 0xf0, 0x60, 0xef, 0x00, 0x82, 0x80, 0x05, 0xc0, 0xc0, 
    0xe0, 0xe0, 0xf0, 0xf8, 0x85, 0xff, 0x03, 0xfc, 0xf0, 0xc0, 0x80, 0xd0, 0x00, 0x00, 0x80, 0x96, 
    0x00, 0x02, 0x08, 0x3e, 0x7f, 0x95, 0xff, 0x03, 0xfe, 0x7c, 0x3c, 0x38, 0xe7, 0x00, 0x0c, 0x01, 
    0x01, 0x03, 0xe3, 0xf3, 0xff, 0x7f, 0x1f, 0x0f, 0xe3, 0xff, 0xff, 0x7f, 0x83, 0x03, 0x01, 0x01, 
    0x01, 0xeb, 0x00, 0x05, 0x20, 0xf0, 0xf8, 0x3f, 0x0f, 0x03, 0x83, 0x00, 0x02, 0x9f, 0xff, 0xff, 
    0xb2, 0x00, 0x00, 0x04, 0x94, 0x00, 0x02, 0x40, 0xc0, 0xc0, 0x83, 0xe0, 0x85, 0xf0, 0x00, 0xe0, 
    0x83, 0xf0, 0x82, 0xf8, 0x82, 0x78, 0x00, 0xfc, 0x85, 0xbc, 0x00, 0xfc, 0x88, 0xfe, 0x04, 0xff, 
    0xfe, 0xff, 0xfb, 0xfb, 0x84, 0xff, 0x05, 0xfe, 0xff, 0xfb, 0xf7, 0xfe, 0xf3, 0x82, 0xff, 0x89, 
    0xfe, 0x03, 0xfc, 0xbc, 0xbc, 0xfc, 0x82, 0xbc, 0x03, 0xfc, 0xfc, 0x7c, 0x78, 0x85, 0xf8, 0x84, 
    0xfc, 0x84, 0xf8, 0x03, 0xe0, 0xb0, 0xb0, 0x30, 0x8f, 0x00, 
};

static const uint8_t s_boot_intro_f87[] = {
    0xb5, 0x00, 0x00, 0x04, 0x8e, 0x00, 0x00, 0x02, 0xf6, 0x00, 0x06, 0x10, 0xc0, 0xf0, 0xf8, 0xf0, 
    0xfc, 0x7e, 0x9c, 0x00, 0x00, 0x08, 0xd7, 0x00, 0x03, 0x80, 0xe0, 0xfc, 0xfe, 0x82, 0xff, 0x02, 
    0xfc, 0xf8, 0x70, 0xef, 0x00, 0x08, 0x80, 0x80, 0xa0, 0xf0, 0xf0, 0xfe, 0xff, 0xf3, 0xf8, 0x86, 
    0xff, 0x02, 0xfc, 0xd8, 0x18, 0xe8, 0x00, 0x03, 0x0e, 0x3f, 0x3f, 0x7f, 0x93, 0xff, 0x04, 0xfe, 
    0xfc, 0x7c, 0x78, 0x30, 0xe8, 0x00, 0x07, 0x01, 0x81, 0xe1, 0xf3, 0xff, 0x3f, 0x1f, 0xcf, 0x82, 
    0xff, 0x00, 0x1f, 0x82, 0x03, 0x82, 0x01, 0xeb, 0x00, 0x05, 0x60, 0xf0, 0xf8, 0x3f, 0x0f, 0x03, 
    0x82, 0x00, 0x00, 0x03, 0x82, 0xff, 0xc8, 0x00, 0x02, 0x40, 0xc0, 0xc0, 0x83, 0xe0, 0x85, 0xf0, 
    0x00, 0xe0, 0x83, 0xf0, 0x82, 0xf8, 0x82, 0x78, 0x00, 0xfc, 0x85, 0xbc, 0x01, 0xfc, 0x7e, 0x87, 
    0xfe, 0x01, 0xff, 0xfe, 0x82, 0xfb, 0x84, 0xff, 0x05, 0xfe, 0xff, 0xfb, 0xff, 0xfe, 0xfb, 0x82, 
    0xff, 0x89, 0xfe, 0x03, 0xfc, 0xbc, 0xbc, 0xfc, 0x82, 0xbc, 0x03, 0xfc, 0xfc, 0x7c, 0x78, 0x85, 
    0xf8, 0x84, 0xfc, 0x84, 0xf8, 0x03, 0xe0, 0xb0, 0xb0, 0x30, 0x8f, 0x00, 
};

static const uint8_t s_boot_intro_f88[] = {
    0xc5, 0x00, 0x00, 0x02, 0xf5, 0x00, 0x07, 0x10, 0x00, 0xe0, 0xf8, 0xf8, 0xfc, 0xfe, 0x7e, 0x9c, 
    0x00, 0x00, 0x08, 0xd6, 0x00, 0x04, 0xc0, 0xe0, 0xf8, 0x7e, 0xfe, 0x82, 0xff, 0x02, 0xfe, 0xfc, 
    0xf0, 0xee, 0x00, 0x09, 0x10, 0x10, 0xb0, 0xb8, 0xce, 0xc7, 0xe3, 0xe1, 0xf0, 0xf8, 0x86, 0xff, 
    0x02, 0xe7, 0x8e, 0x0c, 0x82, 0x18, 0xe5, 0x00, 0x04, 0x0e, 0x1e, 0x3f, 0x7f, 0x7f, 0x91, 0xff, 
    0x05, 0xfe, 0xfc, 0xf8, 0xf8, 0x70, 0x20, 0xe9, 0x00, 0x05, 0x01, 0xc1, 0xe3, 0xf3, 0x7f, 0x3f, 
    0x82, 0xff, 0x00, 0x7f, 0x86, 0x03, 0x01, 0x01, 0x01, 0xe9, 0x00, 0x0c, 0x20, 0xf0, 0xf0, 0x3e, 
    0x0f, 0x07, 0x01, 0x00, 0x00, 0x07, 0xff, 0xff, 0x80, 0xc8, 0x00, 0x02, 0x40, 0xc0, 0xc0, 0x83, 
    0xe0, 0x85, 0xf0, 0x00, 0xe0, 0x83, 0xf0, 0x82, 0xf8, 0x82, 0x78, 0x00, 0xfc, 0x85, 0xbc, 0x01, 
    0xfc, 0x7e, 0x87, 0xfe, 0x04, 0xff, 0xfe, 0xff, 0xfb, 0xfa, 0x84, 0xff, 0x05, 0xfe, 0xfb, 0xff, 
    0xff, 0xfe, 0xfb, 0x82, 0xff, 0x89, 0xfe, 0x03, 0xfc, 0xbc, 0xbc, 0xfc, 0x82, 0xbc, 0x03, 0xfc, 
    0xfc, 0x7c, 0x78, 0x85, 0xf8, 0x84, 0xfc, 0x84, 0xf8, 0x03, 0xe0, 0xb0, 0xb0, 0x30, 0x8f, 0x00, 
};

static const uint8_t s_boot_intro_f89[] = {
    0xff, 0x00, 0xbe, 0x00, 0x05, 0xf0, 0xf8, 0xf8, 0xfe, 0xfe, 0x6c, 0xf3, 0x00, 0x05, 0x80, 0xe0, 
    0xf0, 0x7c, 0xfc, 0xfe, 0x82, 0xff, 0x04, 0xfd, 0xfc, 0xf8, 0xe0, 0x80, 0xe9, 0x00, 0x82, 0x10, 
    0x09, 0x30, 0x18, 0x0c, 0x0e, 0x07, 0x83, 0xc1, 0xe0, 0xf0, 0xfc, 0x86, 0xff, 0x05, 0xe1, 0x83, 
    0x06, 0x0e, 0x1c, 0x18, 0x82, 0x30, 0x00, 0x08, 0xe2, 0x00, 0x04, 0x18, 0x3c, 0x7c, 0xfe, 0xfe, 
    0x8f, 0xff, 0x04, 0xfe, 0xf8, 0xf0, 0xe0, 0xc0, 0xe8, 0x00, 0x02, 0x01, 0x03, 0x03, 0x82, 0x07, 
    0x02, 0x0f, 0x8f, 0xcf, 0x82, 0xff, 0x01, 0x3f, 0x3f, 0x86, 0x07, 0x01, 0x03, 0x03, 0xeb, 0x00, 
    0x08, 0xb8, 0xf8, 0x3c, 0x0e, 0x07, 0x03, 0x3f, 0xff, 0xff, 0xc9, 0x00, 0x02, 0x40, 0xc0, 0xc0, 
    0x83, 0xe0, 0x85, 0xf0, 0x00, 0xe0, 0x83, 0xf0, 0x82, 0xf8, 0x82, 0x78, 0x00, 0xfc, 0x85, 0xbc, 
    0x00, 0xfc, 0x88, 0xfe, 0x83, 0xff, 0x01, 0xfe, 0xfd, 0x83, 0xff, 0x02, 0xfa, 0xff, 0xf7, 0x82, 
    0xff, 0x02, 0xf7, 0xff, 0xff, 0x89, 0xfe, 0x03, 0xfc, 0xbc, 0xbc, 0xfc, 0x82, 0xbc, 0x03, 0xfc, 
    0xfc, 0x7c, 0x78, 0x85, 0xf8, 0x84, 0xfc, 0x84, 0xf8, 0x03, 0xf0, 0xb0, 0xb0, 0x30, 0x8f, 0x00, 
};

static const uint8_t s_boot_intro_f90[] = {
    0xff, 0x00, 0xbd, 0x00, 0x06, 0xf0, 0xf8, 0xf8, 0xfe, 0xfe, 0xec, 0x68, 0xf3, 0x00, 0x05, 0x80, 
    0xe0, 0xf0, 0x7c, 0xfc, 0xfc, 0x82, 0xff, 0x04, 0xfd, 0xfc, 0xf8, 0xf0, 0xc0, 0xe8, 0x00, 0x0c, 
    0x10, 0x10, 0x30, 0x70, 0x30, 0x18, 0x1c, 0x0e, 0x07, 0x07, 0xc1, 0xe0, 0xf0, 0x86, 0xff, 0x0b, 
    0xfc, 0xe1, 0x83, 0x07, 0x0e, 0x1c, 0x18, 0x30, 0x20, 0x30, 0x50, 0x10, 0xe1, 0x00, 0x06, 0x20, 
    0x70, 0xf8, 0xf8, 0xfc, 0xfc, 0xfe, 0x8d, 0xff, 0x03, 0xfe, 0xf8, 0xe0, 0x80, 0xe8, 0x00, 0x03, 
    0x01, 0x03, 0x07, 0x07, 0x84, 0x0f, 0x00, 0xef, 0x83, 0xff, 0x02, 0x7f, 0x7f, 0x3f, 0x86, 0x07, 
    0xee, 0x00, 0x05, 0xf8, 0xf8, 0x1f, 0x7f, 0xff, 0xff, 0xc9, 0x00, 0x02, 0x40, 0xc0, 0xc0, 0x83, 
    0xe0, 0x85, 0xf0, 0x00, 0xe0, 0x83, 0xf0, 0x82, 0xf8, 0x82, 0x78, 0x00, 0xfc, 0x85, 0xbc, 0x00, 
    0xfc, 0x88, 0xfe, 0x89, 0xff, 0x08, 0xfa, 0xf7, 0xf7, 0xfe, 0xff, 0xff, 0xf7, 0xff, 0xff, 0x89, 
    0xfe, 0x03, 0xfc, 0xbc, 0xbc, 0xfc, 0x82, 0xbc, 0x03, 0xfc, 0xfc, 0x7c, 0x78, 0x85, 0xf8, 0x84, 
    0xfc, 0x84, 0xf8, 0x03, 0xf0, 0xb0, 0xb0, 0x30, 0x8f, 0x00, 
};

static const uint8_t s_boot_intro_f91[] = {
    0xff, 0x00, 0xbc, 0x00, 0x06, 0xe0, 0xf0, 0xfc, 0xfe, 0xfc, 0xf8, 0xf0, 0xf4, 0x00, 0x05, 0x80, 
    0xc0, 0xf0, 0x78, 0xfc, 0xfd, 0x82, 0xff, 0x04, 0xfd, 0xfc, 0xf8, 0xf0, 0xc0, 0xe8, 0x00, 0x0c, 
    0x20, 0x20, 0x60, 0x60, 0x70, 0x30, 0x18, 0x0c, 0x0e, 0x07, 0x83, 0xe1, 0xf0, 0x86, 0xff, 0x0b, 
    0xf8, 0xe1, 0x83, 0x0f, 0x0e, 0x1c, 0x38, 0x30, 0x60, 0x60, 0x20, 0x20, 0xe2, 0x00, 0x06, 0xc0, 
    0xe0, 0xe0, 0xf0, 0xf8, 0xfc, 0xfe, 0x8c, 0xff, 0x03, 0xfe, 0xf8, 0xe0, 0x80, 0xe8, 0x00, 0x01, 
    0x01, 0x07, 0x82, 0x0f, 0x83, 0x1f, 0x85, 0xff, 0x04, 0x7f, 0x1f, 0x07, 0x07, 0x03, 0x82, 0x07, 
    0x00, 0x06, 0xf0, 0x00, 0x05, 0x0f, 0x7f, 0xff, 0xff, 0x07, 0x01, 0xc7, 0x00, 0x02, 0x40, 0xc0, 
    0xc0, 0x83, 0xe0, 0x85, 0xf0, 0x00, 0xe0, 0x83, 0xf0, 0x82, 0xf8, 0x82, 0x78, 0x00, 0xfc, 0x85, 
    0xbc, 0x00, 0xfc, 0x88, 0xfe, 0x89, 0xff, 0x05, 0xfb, 0xf7, 0xff, 0xfe, 0xff, 0xfb, 0x82, 0xff, 
    0x89, 0xfe, 0x03, 0xfc, 0xbc, 0xbc, 0xfc, 0x82, 0xbc, 0x03, 0xfc, 0xfc, 0x7c, 0x78, 0x85, 0xf8, 
    0x84, 0xfc, 0x84, 0xf8, 0x03, 0xf0, 0xb0, 0xb0, 0x30, 0x8f, 0x00, 
};

static const uint8_t s_boot_intro_f92[] = {
    0xff, 0x00, 0xbb, 0x00, 0x07, 0xf0, 0xf8, 0xfc, 0xfc, 0xf8, 0xf0, 0xf0, 0x40, 0xf5, 0x00, 0x04, 
    0xc0, 0xf0, 0xf8, 0xf9, 0xfb, 0x82, 0xff, 0x82, 0xf8, 0x01, 0xf0, 0x80, 0xe9, 0x00, 0x0a, 0x40, 
    0x40, 0xc0, 0x60, 0x60, 0x30, 0x18, 0x1c, 0x0f, 0x07, 0xe3, 0x87, 0xff, 0x0b, 0xf0, 0xe3, 0x87, 
    0x0f, 0x1c, 0x38, 0x70, 0xe0, 0xc0, 0xc0, 0x40, 0x40, 0xe5, 0x00, 0x03, 0xc0, 0xe0, 0xf0, 0xfc, 
    0x8d, 0xff, 0x02, 0xfc, 0xf0, 0xc0, 0xe9, 0x00, 0x01, 0x07, 0x0f, 0x86, 0x1f, 0x84, 0xff, 0x00, 
    0x8f, 0x86, 0x0f, 0x00, 0x07, 0xf1, 0x00, 0x05, 0x01, 0x0f, 0x7f, 0xff, 0xff, 0xe3, 0xc6, 0x00, 
    0x02, 0x40, 0xc0, 0xc0, 0x83, 0xe0, 0x85, 0xf0, 0x00, 0xe0, 0x83, 0xf0, 0x82, 0xf8, 0x82, 0x78, 
    0x00, 0xfc, 0x85, 0xbc, 0x00, 0xfc, 0x88, 0xfe, 0x8a, 0xff, 0x07, 0xf7, 0xee, 0xff, 0xff, 0xfb, 
    0xfe, 0xff, 0xff, 0x89, 0xfe, 0x03, 0xfc, 0xbc, 0xbc, 0xfc, 0x82, 0xbc, 0x03, 0xfc, 0xfc, 0x7c, 
    0x78, 0x85, 0xf8, 0x84, 0xfc, 0x84, 0xf8, 0x03, 0xf0, 0xb0, 0xb0, 0x30, 0x8f, 0x00, 
};

static const uint8_t s_boot_intro_f93[] = {
    0xff, 0x00, 0xbb, 0x00, 0x06, 0xf8, 0xfc, 0xf8, 0xf0, 0xf0, 0xe0, 0x80, 0xf6, 0x00, 0x0c, 0x80, 
    0xe0, 0xf9, 0xfb, 0xfb, 0xff, 0xff, 0xfd, 0xf8, 0xf8, 0xf0, 0xe0, 0x80, 0xe9, 0x00, 0x01, 0x40, 
    0x40, 0x82, 0xc0, 0x05, 0x60, 0x30, 0x1c, 0x1c, 0x0f, 0xe3, 0x86, 0xff, 0x08, 0xf1, 0xe1, 0xc7, 
    0x8f, 0x1e, 0x38, 0x70, 0xe0, 0xc0, 0x83, 0x80, 0xe6, 0x00, 0x02, 0x80, 0xc0, 0xf8, 0x8d, 0xff, 
    0x04, 0xfc, 0xf8, 0xf0, 0xc1, 0x01, 0xe7, 0x00, 0x01, 0x04, 0x0e, 0x86, 0x1f, 0x00, 0x3f, 0x82, 
    0xff, 0x00, 0xdf, 0x85, 0x1f, 0x03, 0x0f, 0x0f, 0x07, 0x03, 0xf1, 0x00, 0x06, 0x01, 0xff, 0xff, 
    0x1f, 0xfe, 0xf0, 0xc0, 0xc4, 0x00, 0x02, 0x40, 0xc0, 0xc0, 0x83, 0xe0, 0x85, 0xf0, 0x00, 0xe0, 
    0x83, 0xf0, 0x82, 0xf8, 0x82, 0x78, 0x00, 0xfc, 0x85, 0xbc, 0x00, 0xfc, 0x88, 0xfe, 0x88, 0xff, 
    0x09, 0xef, 0xef, 0xee, 0xef, 0xf7, 0xf8, 0xff, 0xfb, 0xfe, 0xff, 0x89, 0xfe, 0x03, 0xfc, 0xbc, 
    0xbc, 0xfc, 0x82, 0xbc, 0x03, 0xfc, 0xfc, 0x7c, 0x78, 0x85, 0xf8, 0x84, 0xfc, 0x84, 0xf8, 0x03, 
    0xf0, 0xb0, 0xb0, 0x30, 0x8f, 0x00, 
};

static const uint8_t s_boot_intro_f94[] = {
    0xb5, 0x00, 0x00, 0x04, 0x8e, 0x00, 0x00, 0x02, 0xf3, 0x00, 0x06, 0x90, 0xf8, 0xf8, 0xd0, 0xe0, 
    0xe0, 0x80, 0x9f, 0x00, 0x00, 0x08, 0xd7, 0x00, 0x0a, 0xc0, 0xf3, 0xfb, 0xfb, 0xff, 0xff, 0xfd, 
    0xf8, 0xf8, 0xf0, 0xc0, 0xeb, 0x00, 0x83, 0x80, 0x04, 0xc0, 0xe0, 0x70, 0x38, 0x1e, 0x87, 0xff, 
    0x07, 0xe1, 0xc3, 0x8f, 0x9e, 0x38, 0xf0, 0xc0, 0x80, 0xe8, 0x00, 0x05, 0x01, 0x01, 0x00, 0x00, 
    0x80, 0xf0, 0x8d, 0xff, 0x05, 0xfe, 0xfd, 0xfb, 0xf1, 0xe1, 0xc1, 0xe8, 0x00, 0x01, 0x1c, 0x1f, 
    0x85, 0x3f, 0x00, 0x7f, 0x82, 0xff, 0x03, 0xbf, 0x3f, 0x1f, 0x1f, 0x82, 0x0f, 0x02, 0x07, 0x07, 
    0x03, 0xf2, 0x00, 0x06, 0xff, 0xff, 0x0f, 0x1f, 0xfe, 0xf0, 0xc0, 0xc3, 0x00, 0x02, 0x40, 0xc0, 
    0xc0, 0x83, 0xe0, 0x85, 0xf0, 0x00, 0xe0, 0x83, 0xf0, 0x82, 0xf8, 0x82, 0x78, 0x00, 0xfc, 0x85, 
    0xbc, 0x00, 0xfc, 0x88, 0xfe, 0x87, 0xff, 0x0a, 0xef, 0xeb, 0xef, 0xef, 0xff, 0xff, 0xfb, 0xf6, 
    0xf7, 0xfb, 0xff, 0x89, 0xfe, 0x03, 0xfc, 0xbc, 0xbc, 0xfc, 0x82, 0xbc, 0x03, 0xfc, 0xfc, 0x7c, 
    0x78, 0x85, 0xf8, 0x84, 0xfc, 0x00, 0xf0, 0x83, 0xf8, 0x03, 0xe0, 0xb0, 0xb0, 0x30, 0x8f, 0x00, 
};

static const uint8_t s_boot_intro_f95[] = {
    0xb5, 0x00, 0x00, 0x04, 0x8e, 0x00, 0x00, 0x02, 0xa8, 0x00, 0x00, 0x80, 0xc9, 0x00, 0x06, 0x90, 
    0xf8, 0xf8, 0xd0, 0xe0, 0xe0, 0x80, 0x9f, 0x00, 0x00, 0x08, 0xd7, 0x00, 0x0a, 0xc0, 0xf3, 0xfb, 
    0xfb, 0xff, 0xff, 0xf9, 0xf8, 0xf8, 0xf0, 0x80, 0xec, 0x00, 0x83, 0x80, 0x03, 0xc0, 0x70, 0x38, 
    0x1e, 0x87, 0xff, 0x06, 0xe1, 0xc7, 0x9f, 0x3c, 0x78, 0xe0, 0x80, 0xce, 0x00, 0x00, 0x80, 0x98, 
    0x00, 0x83, 0x01, 0x02, 0x00, 0x00, 0xf8, 0x8d, 0xff, 0x05, 0xfe, 0xff, 0xff, 0xf9, 0xf3, 0xe0, 
    0xe9, 0x00, 0x00, 0x1f, 0x83, 0x3f, 0x82, 0x7f, 0x82, 0xff, 0x03, 0xbf, 0x3f, 0x1f, 0x1f, 0x82, 
    0x0f, 0x03, 0x07, 0x07, 0x03, 0x01, 0xf1, 0x00, 0x06, 0xff, 0xff, 0x0f, 0x1f, 0xfe, 0xf0, 0xc0, 
    0xc3, 0x00, 0x02, 0x40, 0xc0, 0xc0, 0x83, 0xe0, 0x85, 0xf0, 0x00, 0xe0, 0x83, 0xf0, 0x82, 0xf8, 
    0x82, 0x78, 0x00, 0xfc, 0x85, 0xbc, 0x00, 0xfc, 0x88, 0xfe, 0x87, 0xff, 0x0a, 0xef, 0xeb, 0xef, 
    0xef, 0xff, 0xff, 0xf3, 0xf6, 0xf7, 0xfb, 0xff, 0x89, 0xfe, 0x03, 0xfc, 0xbc, 0xbc, 0xfc, 0x82, 
    0xbc, 0x03, 0xfc, 0xfc, 0x7c, 0x78, 0x85, 0xf8, 0x84, 0xfc, 0x84, 0xf8, 0x03, 0xf0, 0xb0, 0xb0, 
    0x30, 0x8f, 0x00, 
};

static const uint8_t s_boot_intro_f96[] = {
    0xb5, 0x00, 0x00, 0x04, 0x8e, 0x00, 0x00, 0x02, 0xa8, 0x00, 0x00, 0x80, 0xc9, 0x00, 0x05, 0x90, 
    0xfc, 0xf8, 0xd0, 0xe0, 0xe0, 0xa0, 0x00, 0x00, 0x08, 0x8c, 0x00, 0x00, 0x10, 0xc9, 0x00, 0x0a, 
    0x80, 0xf3, 0xfb, 0xfb, 0xff, 0xff, 0xfc, 0xf8, 0xf8, 0xf0, 0x80, 0xf0, 0x00, 0x03, 0x80, 0xe0, 
    0x70, 0xbc, 0x87, 0xff, 0x05, 0xe1, 0xc7, 0x9f, 0x7c, 0xf0, 0xc0, 0xcf, 0x00, 0x00, 0x80, 0x99, 
    0x00, 0x05, 0x01, 0x03, 0x03, 0x01, 0x00, 0xfc, 0x8c, 0xff, 0x00, 0xfe, 0x82, 0xff, 0x03, 0xfa, 
    0xf2, 0xf0, 0x20, 0xe8, 0x00, 0x00, 0x1f, 0x85, 0x3f, 0x00, 0x7f, 0x83, 0xff, 0x08, 0x3f, 0x3f, 
    0x1f, 0x0f, 0x0f, 0x07, 0x07, 0x03, 0x01, 0xf2, 0x00, 0x06, 0xff, 0xff, 0x0f, 0x1f, 0xfe, 0xf0, 
    0xc0, 0xc3, 0x00, 0x02, 0x40, 0xc0, 0xc0, 0x83, 0xe0, 0x85, 0xf0, 0x00, 0xe0, 0x83, 0xf0, 0x82, 
    0xf8, 0x82, 0x78, 0x00, 0xfc, 0x85, 0xbc, 0x00, 0xfc, 0x88, 0xfe, 0x87, 0xff, 0x0a, 0xef, 0xeb, 
    0xef, 0xef, 0xff, 0xff, 0xf3, 0xf6, 0xf7, 0xfb, 0xff, 0x89, 0xfe, 0x03, 0xfc, 0xbc, 0xbc, 0xfc, 
    0x82, 0xbc, 0x03, 0xfc, 0xfc, 0x7c, 0x78, 0x85, 0xf8, 0x84, 0xfc, 0x84, 0xf8, 0x03, 0xf0, 0xb0, 
    0xb0, 0x30, 0x8f, 0x00, 
};

static const uint8_t s_boot_intro_f97[] = {
    0x83, 0x00, 0x00, 0x08, 0xa8, 0x00, 0x00, 0x04, 0x86, 0x00, 0x00, 0x04, 0x8e, 0x00, 0x00, 0x02, 
    0xa8, 0x00, 0x00, 0x80, 0xc9, 0x00, 0x05, 0x90, 0xfc, 0xf8, 0xd0, 0xe0, 0xe0, 0xa0, 0x00, 0x00, 
    0x08, 0x8c, 0x00, 0x00, 0x10, 0xc9, 0x00, 0x0a, 0x80, 0xf1, 0xfb, 0xfb, 0xff, 0xff, 0xfc, 0xf8, 
    0xf8, 0xf0, 0x80, 0xf1, 0x00, 0x02, 0xc0, 0xf0, 0xf8, 0x87, 0xff, 0x04, 0xe3, 0xcf, 0xbf, 0xf8, 
    0xe0, 0xd0, 0x00, 0x00, 0x80, 0x99, 0x00, 0x05, 0x02, 0x02, 0x03, 0x03, 0xe1, 0xfe, 0x8e, 0xff, 
    0x04, 0xfe, 0xfa, 0xf4, 0xf0, 0xe0, 0xe9, 0x00, 0x00, 0x1f, 0x85, 0x3f, 0x00, 0x7f, 0x83, 0xff, 
    0x03, 0x3f, 0x3f, 0x1f, 0x0f, 0x82, 0x07, 0x01, 0x03, 0x01, 0xf2, 0x00, 0x06, 0xff, 0xff, 0x0f, 
    0x1f, 0xfe, 0xf0, 0xc0, 0xc3, 0x00, 0x02, 0x40, 0xc0, 0xc0, 0x83, 0xe0, 0x85, 0xf0, 0x00, 0xe0, 
    0x83, 0xf0, 0x82, 0xf8, 0x82, 0x78, 0x00, 0xfc, 0x85, 0xbc, 0x00, 0xfc, 0x88, 0xfe, 0x87, 0xff, 
    0x0a, 0xef, 0xeb, 0xef, 0xef, 0xff, 0xff, 0xf3, 0xf6, 0xf7, 0xfb, 0xff, 0x89, 0xfe, 0x03, 0xfc, 
    0xbc, 0xbc, 0xfc, 0x82, 0xbc, 0x03, 0xfc, 0xfc, 0x7c, 0x78, 0x85, 0xf8, 0x84, 0xfc, 0x00, 0xf0, 
    0x83, 0xf8, 0x03, 0xf0, 0xb0, 0xb0, 0x30, 0x8f, 0x00, 
};

static const uint8_t s_boot_intro_f98[] = {
    0x83, 0x00, 0x00, 0x08, 0xa8, 0x00, 0x00, 0x04, 0x86, 0x00, 0x00, 0x04, 0x8e, 0x00, 0x00, 0x02, 
    0xa8, 0x00, 0x00, 0x80, 0xc9, 0x00, 0x07, 0xd0, 0xfc, 0xf8, 0xd0, 0xe0, 0xe0, 0x00, 0x40, 0x9e, 
    0x00, 0x00, 0x08, 0x8c, 0x00, 0x00, 0x10, 0xc9, 0x00, 0x09, 0x80, 0xf1, 0xfb, 0xfb, 0xff, 0xff, 
    0xfc, 0xf8, 0xf8, 0xf0, 0xf2, 0x00, 0x02, 0x80, 0xe0, 0xf8, 0x87, 0xff, 0x04, 0xf3, 0xdf, 0xff, 
    0xf0, 0xc0, 0xd0, 0x00, 0x00, 0x80, 0x9a, 0x00, 0x03, 0x02, 0x02, 0x07, 0xfb, 0x8f, 0xff, 0x04, 
    0xfe, 0xf4, 0xf4, 0xe0, 0xc0, 0xe9, 0x00, 0x83, 0x1f, 0x82, 0x3f, 0x00, 0x7f, 0x83, 0xff, 0x08, 
    0x3f, 0x1f, 0x1f, 0x0f, 0x0f, 0x07, 0x07, 0x03, 0x01, 0xf2, 0x00, 0x06, 0xff, 0xff, 0x0f, 0x1f, 
    0xfe, 0xe0, 0xc0, 0xc3, 0x00, 0x02, 0x40, 0xc0, 0xc0, 0x83, 0xe0, 0x85, 0xf0, 0x00, 0xe0, 0x83, 
    0xf0, 0x82, 0xf8, 0x82, 0x78, 0x00, 0xfc, 0x85, 0xbc, 0x00, 0xfc, 0x88, 0xfe, 0x87, 0xff, 0x09, 
    0xef, 0xeb, 0xef, 0xef, 0xff, 0xff, 0xf3, 0xf6, 0xf7, 0xfb, 0x8a, 0xfe, 0x03, 0xfc, 0xbc, 0xbc, 
    0xfc, 0x82, 0xbc, 0x03, 0xfc, 0xfc, 0x7c, 0x78, 0x85, 0xf8, 0x84, 0xfc, 0x00, 0xf0, 0x83, 0xf8, 
    0x03, 0xf0, 0xb0, 0xb0, 0x30, 0x8f, 0x00, 
};

static const uint8_t s_boot_intro_f99[] = {
    0x83, 0x00, 0x00, 0x08, 0xb0, 0x00, 0x00, 0x04, 0x8e, 0x00, 0x00, 0x02, 0xf3, 0x00, 0x07, 0xd0, 
    0xfc, 0xf8, 0xd0, 0xe0, 0xe0, 0x00, 0x60, 0x9e, 0x00, 0x00, 0x08, 0xd7, 0x00, 0x09, 0x80, 0xf1, 
    0xfb, 0xfb, 0xff, 0xff, 0xfc, 0xf8, 0xf0, 0xe0, 0xf3, 0x00, 0x01, 0xc0, 0xf0, 0x87, 0xff, 0x04, 
    0xf3, 0xff, 0xfe, 0xf0, 0x80, 0xec, 0x00, 0x02, 0x04, 0x06, 0xe6, 0x8f, 0xff, 0x04, 0xfe, 0xe6, 
    0xcc, 0xc0, 0x80, 0xe8, 0x00, 0x00, 0x0e, 0x83, 0x1f, 0x82, 0x3f, 0x01, 0x7f, 0x7f, 0x83, 0xff, 
    0x02, 0x3f, 0x1f, 0x1f, 0x82, 0x0f, 0x02, 0x07, 0x03, 0x01, 0xf2, 0x00, 0x06, 0xff, 0xff, 0x0f, 
    0x1f, 0xfe, 0xe0, 0xc0, 0xc3, 0x00, 0x02, 0x40, 0xc0, 0xc0, 0x83, 0xe0, 0x85, 0xf0, 0x00, 0xe0, 
    0x83, 0xf0, 0x82, 0xf8, 0x82, 0x78, 0x00, 0xfc, 0x85, 0xbc, 0x00, 0xfc, 0x88, 0xfe, 0x87, 0xff, 
    0x09, 0xef, 0xeb, 0xef, 0xef, 0xff, 0xff, 0xfb, 0xf6, 0xf7, 0xfb, 0x8a, 0xfe, 0x03, 0xfc, 0xbc, 
    0xbc, 0xfc, 0x82, 0xbc, 0x03, 0xfc, 0xfc, 0x7c, 0x78, 0x85, 0xf8, 0x84, 0xfc, 0x00, 0xf0, 0x83, 
    0xf8, 0x03, 0xf0, 0xb0, 0xb0, 0x30, 0x8f, 0x00, 
};

static const uint8_t *const s_boot_intro_frames[100] = {
    s_boot_intro_f00,
    s_boot_intro_f01,
    s_boot_intro_f02,
    s_boot_intro_f03,
    s_boot_intro_f04,
    s_boot_intro_f05,
    s_boot_intro_f06,
    s_boot_intro_f07,
    s_boot_intro_f08,
    s_boot_intro_f09,
    s_boot_intro_f10,
    s_boot_intro_f11,
    s_boot_intro_f12,
    s_boot_intro_f13,
    s_boot_intro_f14,
    s_boot_intro_f15,
    s_boot_intro_f16,
    s_boot_intro_f17,
    s_boot_intro_f18,
    s_boot_intro_f19,
    s_boot_intro_f20,
    s_boot_intro_f21,
    s_boot_intro_f22,
    s_boot_intro_f23,
    s_boot_intro_f24,
    s_boot_intro_f25,
    s_boot_intro_f26,
    s_boot_intro_f27,
    s_boot_intro_f28,
    s_boot_intro_f29,
    s_boot_intro_f30,
    s_boot_intro_f31,
    s_boot_intro_f32,
    s_boot_intro_f33,
    s_boot_intro_f34,
    s_boot_intro_f35,
    s_boot_intro_f36,
    s_boot_intro_f37,
    s_boot_intro_f38,
    s_boot_intro_f39,
    s_boot_intro_f40,
    s_boot_intro_f41,
    s_boot_intro_f42,
    s_boot_intro_f43,
    s_boot_intro_f44,
    s_boot_intro_f45,
    s_boot_intro_f46,
    s_boot_intro_f47,
    s_boot_intro_f48,
    s_boot_intro_f49,
    s_boot_intro_f50,
    s_boot_intro_f51,
    s_boot_intro_f52,
    s_boot_intro_f53,
    s_boot_intro_f54,
    s_boot_intro_f55,
    s_boot_intro_f56,
    s_boot_intro_f57,
    s_boot_intro_f58,
    s_boot_intro_f59,
    s_boot_intro_f60,
    s_boot_intro_f61,
    s_boot_intro_f62,
    s_boot_intro_f63,
    s_boot_intro_f64,
    s_boot_intro_f65,
    s_boot_intro_f66,
    s_boot_intro_f67,
    s_boot_intro_f68,
    s_boot_intro_f69,
    s_boot_intro_f70,
    s_boot_intro_f71,
    s_boot_intro_f72,
    s_boot_intro_f73,
    s_boot_intro_f74,
    s_boot_intro_f75,
    s_boot_intro_f76,
    s_boot_intro_f77,
    s_boot_intro_f78,
    s_boot_intro_f79,
    s_boot_intro_f80,
    s_boot_intro_f81,
    s_boot_intro_f82,
    s_boot_intro_f83,
    s_boot_intro_f84,
    s_boot_intro_f85,
    s_boot_intro_f86,
    s_boot_intro_f87,
    s_boot_intro_f88,
    s_boot_intro_f89,
    s_boot_intro_f90,
    s_boot_intro_f91,
    s_boot_intro_f92,
    s_boot_intro_f93,
    s_boot_intro_f94,
    s_boot_intro_f95,
    s_boot_intro_f96,
    s_boot_intro_f97,
    s_boot_intro_f98,
    s_boot_intro_f99,
};

static const uint16_t s_boot_intro_sizes[100] = {
    135,
    136,
    141,
    161,
    175,
    185,
    191,
    182,
    193,
    180,
    173,
    154,
    178,
    196,
    186,
    186,
    182,
    161,
    165,
    150,
    163,
    179,
    189,
    201,
    195,
    210,
    210,
    211,
    211,
    206,
    189,
    188,
    180,
    172,
    157,
    151,
    158,
    147,
    153,
    152,
    149,
    154,
    180,
    195,
    197,
    201,
    221,
    216,
    218,
    183,
    190,
    188,
    165,
    170,
    179,
    175,
    165,
    161,
    158,
    175,
    196,
    204,
    187,
    187,
    188,
    190,
    186,
    177,
    175,
    175,
    180,
    183,
    191,
    187,
    182,
    188,
    184,
    166,
    154,
    166,
    166,
    173,
    174,
    180,
    208,
    202,
    186,
    172,
    176,
    176,
    170,
    171,
    158,
    166,
    176,
    179,
    180,
    185,
    183,
    168,
};
