#pragma once
/* 自动生成，请勿手动修改。源：scripts/gif/generate_robot_faces.py */

#include <stdint.h>

#define ANIM_CYCLE_MS   1200
#define ANIM_FRAME_MS   33
#define ANIM_FRAME_COUNT 36

static const uint8_t s_anim_idle_f00[] = {
    0xff, 0x00, 0x95, 0x00, 0x03, 0x80, 0xc0, 0xe0, 0xe0, 0x98, 0xf0, 0x03, 0xe0, 0xe0, 0xc0, 0x80,
    0x92, 0x00, 0x03, 0x80, 0xc0, 0xe0, 0xe0, 0x98, 0xf0, 0x03, 0xe0, 0xe0, 0xc0, 0x80, 0xa8, 0x00,
    0x00, 0xfc, 0xa2, 0xff, 0x00, 0xfc, 0x8e, 0x00, 0x00, 0xfc, 0xa2, 0xff, 0x00, 0xfc, 0xa6, 0x00,
    0x8c, 0xff, 0x02, 0x3f, 0x1f, 0x0f, 0x84, 0x07, 0x02, 0x0f, 0x1f, 0x3f, 0x8c, 0xff, 0x8e, 0x00,
    0x8c, 0xff, 0x02, 0x3f, 0x1f, 0x0f, 0x84, 0x07, 0x02, 0x0f, 0x1f, 0x3f, 0x8c, 0xff, 0xa6, 0x00,
    0x8c, 0xff, 0x02, 0xf8, 0xf0, 0xe0, 0x84, 0xc0, 0x02, 0xe0, 0xf0, 0xf8, 0x8c, 0xff, 0x8e, 0x00,
    0x8c, 0xff, 0x02, 0xf8, 0xf0, 0xe0, 0x84, 0xc0, 0x02, 0xe0, 0xf0, 0xf8, 0x8c, 0xff, 0xa6, 0x00,
    0x00, 0x7f, 0xa2, 0xff, 0x00, 0x7f, 0x8e, 0x00, 0x00, 0x7f, 0xa2, 0xff, 0x00, 0x7f, 0xa7, 0x00,
    0x04, 0x01, 0x03, 0x07, 0x0f, 0x0f, 0x98, 0x1f, 0x04, 0x0f, 0x0f, 0x07, 0x03, 0x01, 0x90, 0x00,
    0x04, 0x01, 0x03, 0x07, 0x0f, 0x0f, 0x98, 0x1f, 0x04, 0x0f, 0x0f, 0x07, 0x03, 0x01, 0xff, 0x00,
    0x93, 0x00,
};

static const uint8_t s_anim_idle_f01[] = {
    0xff, 0x00, 0x95, 0x00, 0x03, 0x80, 0xc0, 0xe0, 0xe0, 0x98, 0xf0, 0x03, 0xe0, 0xe0, 0xc0, 0x80,
    0x92, 0x00, 0x03, 0x80, 0xc0, 0xe0, 0xe0, 0x98, 0xf0, 0x03, 0xe0, 0xe0, 0xc0, 0x80, 0xa8, 0x00,
    0x00, 0xfc, 0xa2, 0xff, 0x00, 0xfc, 0x8e, 0x00, 0x00, 0xfc, 0xa2, 0xff, 0x00, 0xfc, 0xa6, 0x00,
    0x8c, 0xff, 0x02, 0x3f, 0x1f, 0x0f, 0x84, 0x07, 0x02, 0x0f, 0x1f, 0x3f, 0x8c, 0xff, 0x8e, 0x00,
    0x8c, 0xff, 0x02, 0x3f, 0x1f, 0x0f, 0x84, 0x07, 0x02, 0x0f, 0x1f, 0x3f, 0x8c, 0xff, 0xa6, 0x00,
    0x8c, 0xff, 0x02, 0xf8, 0xf0, 0xe0, 0x84, 0xc0, 0x02, 0xe0, 0xf0, 0xf8, 0x8c, 0xff, 0x8e, 0x00,
    0x8c, 0xff, 0x02, 0xf8, 0xf0, 0xe0, 0x84, 0xc0, 0x02, 0xe0, 0xf0, 0xf8, 0x8c, 0xff, 0xa6, 0x00,
    0x00, 0x7f, 0xa2, 0xff, 0x00, 0x7f, 0x8e, 0x00, 0x00, 0x7f, 0xa2, 0xff, 0x00, 0x7f, 0xa7, 0x00,
    0x04, 0x01, 0x03, 0x07, 0x0f, 0x0f, 0x98, 0x1f, 0x04, 0x0f, 0x0f, 0x07, 0x03, 0x01, 0x90, 0x00,
    0x04, 0x01, 0x03, 0x07, 0x0f, 0x0f, 0x98, 0x1f, 0x04, 0x0f, 0x0f, 0x07, 0x03, 0x01, 0xff, 0x00,
    0x93, 0x00,
};

static const uint8_t s_anim_idle_f02[] = {
    0xff, 0x00, 0x95, 0x00, 0x03, 0x80, 0xc0, 0xe0, 0xe0, 0x98, 0xf0, 0x03, 0xe0, 0xe0, 0xc0, 0x80,
    0x92, 0x00, 0x03, 0x80, 0xc0, 0xe0, 0xe0, 0x98, 0xf0, 0x03, 0xe0, 0xe0, 0xc0, 0x80, 0xa8, 0x00,
    0x00, 0xfc, 0xa2, 0xff, 0x00, 0xfc, 0x8e, 0x00, 0x00, 0xfc, 0xa2, 0xff, 0x00, 0xfc, 0xa6, 0x00,
    0x8c, 0xff, 0x02, 0x3f, 0x1f, 0x0f, 0x84, 0x07, 0x02, 0x0f, 0x1f, 0x3f, 0x8c, 0xff, 0x8e, 0x00,
    0x8c, 0xff, 0x02, 0x3f, 0x1f, 0x0f, 0x84, 0x07, 0x02, 0x0f, 0x1f, 0x3f, 0x8c, 0xff, 0xa6, 0x00,
    0x8c, 0xff, 0x02, 0xf8, 0xf0, 0xe0, 0x84, 0xc0, 0x02, 0xe0, 0xf0, 0xf8, 0x8c, 0xff, 0x8e, 0x00,
    0x8c, 0xff, 0x02, 0xf8, 0xf0, 0xe0, 0x84, 0xc0, 0x02, 0xe0, 0xf0, 0xf8, 0x8c, 0xff, 0xa6, 0x00,
    0x00, 0x7f, 0xa2, 0xff, 0x00, 0x7f, 0x8e, 0x00, 0x00, 0x7f, 0xa2, 0xff, 0x00, 0x7f, 0xa7, 0x00,
    0x04, 0x01, 0x03, 0x07, 0x0f, 0x0f, 0x98, 0x1f, 0x04, 0x0f, 0x0f, 0x07, 0x03, 0x01, 0x90, 0x00,
    0x04, 0x01, 0x03, 0x07, 0x0f, 0x0f, 0x98, 0x1f, 0x04, 0x0f, 0x0f, 0x07, 0x03, 0x01, 0xff, 0x00,
    0x93, 0x00,
};

static const uint8_t s_anim_idle_f03[] = {
    0xff, 0x00, 0x95, 0x00, 0x03, 0x80, 0xc0, 0xe0, 0xe0, 0x98, 0xf0, 0x03, 0xe0, 0xe0, 0xc0, 0x80,
    0x92, 0x00, 0x03, 0x80, 0xc0, 0xe0, 0xe0, 0x98, 0xf0, 0x03, 0xe0, 0xe0, 0xc0, 0x80, 0xa8, 0x00,
    0x00, 0xfc, 0xa2, 0xff, 0x00, 0xfc, 0x8e, 0x00, 0x00, 0xfc, 0xa2, 0xff, 0x00, 0xfc, 0xa6, 0x00,
    0x8c, 0xff, 0x02, 0x3f, 0x1f, 0x0f, 0x84, 0x07, 0x02, 0x0f, 0x1f, 0x3f, 0x8c, 0xff, 0x8e, 0x00,
    0x8c, 0xff, 0x02, 0x3f, 0x1f, 0x0f, 0x84, 0x07, 0x02, 0x0f, 0x1f, 0x3f, 0x8c, 0xff, 0xa6, 0x00,
    0x8c, 0xff, 0x02, 0xf8, 0xf0, 0xe0, 0x84, 0xc0, 0x02, 0xe0, 0xf0, 0xf8, 0x8c, 0xff, 0x8e, 0x00,
    0x8c, 0xff, 0x02, 0xf8, 0xf0, 0xe0, 0x84, 0xc0, 0x02, 0xe0, 0xf0, 0xf8, 0x8c, 0xff, 0xa6, 0x00,
    0x00, 0x7f, 0xa2, 0xff, 0x00, 0x7f, 0x8e, 0x00, 0x00, 0x7f, 0xa2, 0xff, 0x00, 0x7f, 0xa7, 0x00,
    0x04, 0x01, 0x03, 0x07, 0x0f, 0x0f, 0x98, 0x1f, 0x04, 0x0f, 0x0f, 0x07, 0x03, 0x01, 0x90, 0x00,
    0x04, 0x01, 0x03, 0x07, 0x0f, 0x0f, 0x98, 0x1f, 0x04, 0x0f, 0x0f, 0x07, 0x03, 0x01, 0xff, 0x00,
    0x93, 0x00,
};

static const uint8_t s_anim_idle_f04[] = {
    0xff, 0x00, 0x95, 0x00, 0x03, 0x80, 0xc0, 0xe0, 0xe0, 0x98, 0xf0, 0x03, 0xe0, 0xe0, 0xc0, 0x80,
    0x92, 0x00, 0x03, 0x80, 0xc0, 0xe0, 0xe0, 0x98, 0xf0, 0x03, 0xe0, 0xe0, 0xc0, 0x80, 0xa8, 0x00,
    0x00, 0xfc, 0xa2, 0xff, 0x00, 0xfc, 0x8e, 0x00, 0x00, 0xfc, 0xa2, 0xff, 0x00, 0xfc, 0xa6, 0x00,
    0x8c, 0xff, 0x02, 0x3f, 0x1f, 0x0f, 0x84, 0x07, 0x02, 0x0f, 0x1f, 0x3f, 0x8c, 0xff, 0x8e, 0x00,
    0x8c, 0xff, 0x02, 0x3f, 0x1f, 0x0f, 0x84, 0x07, 0x02, 0x0f, 0x1f, 0x3f, 0x8c, 0xff, 0xa6, 0x00,
    0x8c, 0xff, 0x02, 0xf8, 0xf0, 0xe0, 0x84, 0xc0, 0x02, 0xe0, 0xf0, 0xf8, 0x8c, 0xff, 0x8e, 0x00,
    0x8c, 0xff, 0x02, 0xf8, 0xf0, 0xe0, 0x84, 0xc0, 0x02, 0xe0, 0xf0, 0xf8, 0x8c, 0xff, 0xa6, 0x00,
    0x00, 0x7f, 0xa2, 0xff, 0x00, 0x7f, 0x8e, 0x00, 0x00, 0x7f, 0xa2, 0xff, 0x00, 0x7f, 0xa7, 0x00,
    0x04, 0x01, 0x03, 0x07, 0x0f, 0x0f, 0x98, 0x1f, 0x04, 0x0f, 0x0f, 0x07, 0x03, 0x01, 0x90, 0x00,
    0x04, 0x01, 0x03, 0x07, 0x0f, 0x0f, 0x98, 0x1f, 0x04, 0x0f, 0x0f, 0x07, 0x03, 0x01, 0xff, 0x00,
    0x93, 0x00,
};

static const uint8_t s_anim_idle_f05[] = {
    0xff, 0x00, 0x95, 0x00, 0x03, 0x80, 0xc0, 0xe0, 0xe0, 0x98, 0xf0, 0x03, 0xe0, 0xe0, 0xc0, 0x80,
    0x92, 0x00, 0x03, 0x80, 0xc0, 0xe0, 0xe0, 0x98, 0xf0, 0x03, 0xe0, 0xe0, 0xc0, 0x80, 0xa8, 0x00,
    0x00, 0xfc, 0xa2, 0xff, 0x00, 0xfc, 0x8e, 0x00, 0x00, 0xfc, 0xa2, 0xff, 0x00, 0xfc, 0xa6, 0x00,
    0x8c, 0xff, 0x02, 0x3f, 0x1f, 0x0f, 0x84, 0x07, 0x02, 0x0f, 0x1f, 0x3f, 0x8c, 0xff, 0x8e, 0x00,
    0x8c, 0xff, 0x02, 0x3f, 0x1f, 0x0f, 0x84, 0x07, 0x02, 0x0f, 0x1f, 0x3f, 0x8c, 0xff, 0xa6, 0x00,
    0x8c, 0xff, 0x02, 0xf8, 0xf0, 0xe0, 0x84, 0xc0, 0x02, 0xe0, 0xf0, 0xf8, 0x8c, 0xff, 0x8e, 0x00,
    0x8c, 0xff, 0x02, 0xf8, 0xf0, 0xe0, 0x84, 0xc0, 0x02, 0xe0, 0xf0, 0xf8, 0x8c, 0xff, 0xa6, 0x00,
    0x00, 0x7f, 0xa2, 0xff, 0x00, 0x7f, 0x8e, 0x00, 0x00, 0x7f, 0xa2, 0xff, 0x00, 0x7f, 0xa7, 0x00,
    0x04, 0x01, 0x03, 0x07, 0x0f, 0x0f, 0x98, 0x1f, 0x04, 0x0f, 0x0f, 0x07, 0x03, 0x01, 0x90, 0x00,
    0x04, 0x01, 0x03, 0x07, 0x0f, 0x0f, 0x98, 0x1f, 0x04, 0x0f, 0x0f, 0x07, 0x03, 0x01, 0xff, 0x00,
    0x93, 0x00,
};

static const uint8_t s_anim_idle_f06[] = {
    0xff, 0x00, 0x95, 0x00, 0x03, 0x80, 0xc0, 0xe0, 0xe0, 0x98, 0xf0, 0x03, 0xe0, 0xe0, 0xc0, 0x80,
    0x92, 0x00, 0x03, 0x80, 0xc0, 0xe0, 0xe0, 0x98, 0xf0, 0x03, 0xe0, 0xe0, 0xc0, 0x80, 0xa8, 0x00,
    0x00, 0xfc, 0xa2, 0xff, 0x00, 0xfc, 0x8e, 0x00, 0x00, 0xfc, 0xa2, 0xff, 0x00, 0xfc, 0xa6, 0x00,
    0x8c, 0xff, 0x02, 0x3f, 0x1f, 0x0f, 0x84, 0x07, 0x02, 0x0f, 0x1f, 0x3f, 0x8c, 0xff, 0x8e, 0x00,
    0x8c, 0xff, 0x02, 0x3f, 0x1f, 0x0f, 0x84, 0x07, 0x02, 0x0f, 0x1f, 0x3f, 0x8c, 0xff, 0xa6, 0x00,
    0x8c, 0xff, 0x02, 0xf8, 0xf0, 0xe0, 0x84, 0xc0, 0x02, 0xe0, 0xf0, 0xf8, 0x8c, 0xff, 0x8e, 0x00,
    0x8c, 0xff, 0x02, 0xf8, 0xf0, 0xe0, 0x84, 0xc0, 0x02, 0xe0, 0xf0, 0xf8, 0x8c, 0xff, 0xa6, 0x00,
    0x00, 0x7f, 0xa2, 0xff, 0x00, 0x7f, 0x8e, 0x00, 0x00, 0x7f, 0xa2, 0xff, 0x00, 0x7f, 0xa7, 0x00,
    0x04, 0x01, 0x03, 0x07, 0x0f, 0x0f, 0x98, 0x1f, 0x04, 0x0f, 0x0f, 0x07, 0x03, 0x01, 0x90, 0x00,
    0x04, 0x01, 0x03, 0x07, 0x0f, 0x0f, 0x98, 0x1f, 0x04, 0x0f, 0x0f, 0x07, 0x03, 0x01, 0xff, 0x00,
    0x93, 0x00,
};

static const uint8_t s_anim_idle_f07[] = {
    0xff, 0x00, 0x96, 0x00, 0x02, 0x80, 0xc0, 0xc0, 0x98, 0xe0, 0x02, 0xc0, 0xc0, 0x80, 0x94, 0x00,
    0x02, 0x80, 0xc0, 0xc0, 0x98, 0xe0, 0x02, 0xc0, 0xc0, 0x80, 0xa9, 0x00, 0x01, 0xf8, 0xfe, 0xa0,
    0xff, 0x01, 0xfe, 0xf8, 0x8e, 0x00, 0x01, 0xf8, 0xfe, 0xa0, 0xff, 0x01, 0xfe, 0xf8, 0xa6, 0x00,
    0x8c, 0xff, 0x02, 0x7f, 0x3f, 0x1f, 0x84, 0x0f, 0x02, 0x1f, 0x3f, 0x7f, 0x8c, 0xff, 0x8e, 0x00,
    0x8c, 0xff, 0x02, 0x7f, 0x3f, 0x1f, 0x84, 0x0f, 0x02, 0x1f, 0x3f, 0x7f, 0x8c, 0xff, 0xa6, 0x00,
    0x8c, 0xff, 0x02, 0xf0, 0xe0, 0xc0, 0x84, 0x80, 0x02, 0xc0, 0xe0, 0xf0, 0x8c, 0xff, 0x8e, 0x00,
    0x8c, 0xff, 0x02, 0xf0, 0xe0, 0xc0, 0x84, 0x80, 0x02, 0xc0, 0xe0, 0xf0, 0x8c, 0xff, 0xa6, 0x00,
    0xa4, 0xff, 0x8e, 0x00, 0xa4, 0xff, 0xa7, 0x00, 0x04, 0x03, 0x07, 0x0f, 0x1f, 0x1f, 0x98, 0x3f,
    0x04, 0x1f, 0x1f, 0x0f, 0x07, 0x03, 0x90, 0x00, 0x04, 0x03, 0x07, 0x0f, 0x1f, 0x1f, 0x98, 0x3f,
    0x04, 0x1f, 0x1f, 0x0f, 0x07, 0x03, 0xff, 0x00, 0x93, 0x00,
};

static const uint8_t s_anim_idle_f08[] = {
    0xff, 0x00, 0x96, 0x00, 0x02, 0x80, 0xc0, 0xc0, 0x98, 0xe0, 0x02, 0xc0, 0xc0, 0x80, 0x94, 0x00,
    0x02, 0x80, 0xc0, 0xc0, 0x98, 0xe0, 0x02, 0xc0, 0xc0, 0x80, 0xa9, 0x00, 0x01, 0xf8, 0xfe, 0xa0,
    0xff, 0x01, 0xfe, 0xf8, 0x8e, 0x00, 0x01, 0xf8, 0xfe, 0xa0, 0xff, 0x01, 0xfe, 0xf8, 0xa6, 0x00,
    0x8c, 0xff, 0x02, 0x7f, 0x3f, 0x1f, 0x84, 0x0f, 0x02, 0x1f, 0x3f, 0x7f, 0x8c, 0xff, 0x8e, 0x00,
    0x8c, 0xff, 0x02, 0x7f, 0x3f, 0x1f, 0x84, 0x0f, 0x02, 0x1f, 0x3f, 0x7f, 0x8c, 0xff, 0xa6, 0x00,
    0x8c, 0xff, 0x02, 0xf0, 0xe0, 0xc0, 0x84, 0x80, 0x02, 0xc0, 0xe0, 0xf0, 0x8c, 0xff, 0x8e, 0x00,
    0x8c, 0xff, 0x02, 0xf0, 0xe0, 0xc0, 0x84, 0x80, 0x02, 0xc0, 0xe0, 0xf0, 0x8c, 0xff, 0xa6, 0x00,
    0xa4, 0xff, 0x8e, 0x00, 0xa4, 0xff, 0xa7, 0x00, 0x04, 0x03, 0x07, 0x0f, 0x1f, 0x1f, 0x98, 0x3f,
    0x04, 0x1f, 0x1f, 0x0f, 0x07, 0x03, 0x90, 0x00, 0x04, 0x03, 0x07, 0x0f, 0x1f, 0x1f, 0x98, 0x3f,
    0x04, 0x1f, 0x1f, 0x0f, 0x07, 0x03, 0xff, 0x00, 0x93, 0x00,
};

static const uint8_t s_anim_idle_f09[] = {
    0xff, 0x00, 0x96, 0x00, 0x02, 0x80, 0xc0, 0xc0, 0x98, 0xe0, 0x02, 0xc0, 0xc0, 0x80, 0x94, 0x00,
    0x02, 0x80, 0xc0, 0xc0, 0x98, 0xe0, 0x02, 0xc0, 0xc0, 0x80, 0xa9, 0x00, 0x01, 0xf8, 0xfe, 0xa0,
    0xff, 0x01, 0xfe, 0xf8, 0x8e, 0x00, 0x01, 0xf8, 0xfe, 0xa0, 0xff, 0x01, 0xfe, 0xf8, 0xa6, 0x00,
    0x8c, 0xff, 0x02, 0x7f, 0x3f, 0x1f, 0x84, 0x0f, 0x02, 0x1f, 0x3f, 0x7f, 0x8c, 0xff, 0x8e, 0x00,
    0x8c, 0xff, 0x02, 0x7f, 0x3f, 0x1f, 0x84, 0x0f, 0x02, 0x1f, 0x3f, 0x7f, 0x8c, 0xff, 0xa6, 0x00,
    0x8c, 0xff, 0x02, 0xf0, 0xe0, 0xc0, 0x84, 0x80, 0x02, 0xc0, 0xe0, 0xf0, 0x8c, 0xff, 0x8e, 0x00,
    0x8c, 0xff, 0x02, 0xf0, 0xe0, 0xc0, 0x84, 0x80, 0x02, 0xc0, 0xe0, 0xf0, 0x8c, 0xff, 0xa6, 0x00,
    0xa4, 0xff, 0x8e, 0x00, 0xa4, 0xff, 0xa7, 0x00, 0x04, 0x03, 0x07, 0x0f, 0x1f, 0x1f, 0x98, 0x3f,
    0x04, 0x1f, 0x1f, 0x0f, 0x07, 0x03, 0x90, 0x00, 0x04, 0x03, 0x07, 0x0f, 0x1f, 0x1f, 0x98, 0x3f,
    0x04, 0x1f, 0x1f, 0x0f, 0x07, 0x03, 0xff, 0x00, 0x93, 0x00,
};

static const uint8_t s_anim_idle_f10[] = {
    0xff, 0x00, 0x96, 0x00, 0x02, 0x80, 0xc0, 0xc0, 0x98, 0xe0, 0x02, 0xc0, 0xc0, 0x80, 0x94, 0x00,
    0x02, 0x80, 0xc0, 0xc0, 0x98, 0xe0, 0x02, 0xc0, 0xc0, 0x80, 0xa9, 0x00, 0x01, 0xf8, 0xfe, 0xa0,
    0xff, 0x01, 0xfe, 0xf8, 0x8e, 0x00, 0x01, 0xf8, 0xfe, 0xa0, 0xff, 0x01, 0xfe, 0xf8, 0xa6, 0x00,
    0x8d, 0xff, 0x01, 0x7f, 0x3f, 0x84, 0x1f, 0x01, 0x3f, 0x7f, 0x8d, 0xff, 0x8e, 0x00, 0x8d, 0xff,
    0x01, 0x7f, 0x3f, 0x84, 0x1f, 0x01, 0x3f, 0x7f, 0x8d, 0xff, 0xa6, 0x00, 0x8c, 0xff, 0x02, 0xe0,
    0xc0, 0x80, 0x84, 0x00, 0x02, 0x80, 0xc0, 0xe0, 0x8c, 0xff, 0x8e, 0x00, 0x8c, 0xff, 0x02, 0xe0,
    0xc0, 0x80, 0x84, 0x00, 0x02, 0x80, 0xc0, 0xe0, 0x8c, 0xff, 0xa6, 0x00, 0xa4, 0xff, 0x8e, 0x00,
    0xa4, 0xff, 0xa7, 0x00, 0x04, 0x03, 0x07, 0x0f, 0x1f, 0x1f, 0x98, 0x3f, 0x04, 0x1f, 0x1f, 0x0f,
    0x07, 0x03, 0x90, 0x00, 0x04, 0x03, 0x07, 0x0f, 0x1f, 0x1f, 0x98, 0x3f, 0x04, 0x1f, 0x1f, 0x0f,
    0x07, 0x03, 0xff, 0x00, 0x93, 0x00,
};

static const uint8_t s_anim_idle_f11[] = {
    0xff, 0x00, 0x96, 0x00, 0x02, 0x80, 0xc0, 0xc0, 0x98, 0xe0, 0x02, 0xc0, 0xc0, 0x80, 0x94, 0x00,
    0x02, 0x80, 0xc0, 0xc0, 0x98, 0xe0, 0x02, 0xc0, 0xc0, 0x80, 0xa9, 0x00, 0x01, 0xf8, 0xfe, 0xa0,
    0xff, 0x01, 0xfe, 0xf8, 0x8e, 0x00, 0x01, 0xf8, 0xfe, 0xa0, 0xff, 0x01, 0xfe, 0xf8, 0xa6, 0x00,
    0x8d, 0xff, 0x01, 0x7f, 0x3f, 0x84, 0x1f, 0x01, 0x3f, 0x7f, 0x8d, 0xff, 0x8e, 0x00, 0x8d, 0xff,
    0x01, 0x7f, 0x3f, 0x84, 0x1f, 0x01, 0x3f, 0x7f, 0x8d, 0xff, 0xa6, 0x00, 0x8c, 0xff, 0x02, 0xe0,
    0xc0, 0x80, 0x84, 0x00, 0x02, 0x80, 0xc0, 0xe0, 0x8c, 0xff, 0x8e, 0x00, 0x8c, 0xff, 0x02, 0xe0,
    0xc0, 0x80, 0x84, 0x00, 0x02, 0x80, 0xc0, 0xe0, 0x8c, 0xff, 0xa6, 0x00, 0xa4, 0xff, 0x8e, 0x00,
    0xa4, 0xff, 0xa7, 0x00, 0x04, 0x03, 0x07, 0x0f, 0x1f, 0x1f, 0x98, 0x3f, 0x04, 0x1f, 0x1f, 0x0f,
    0x07, 0x03, 0x90, 0x00, 0x04, 0x03, 0x07, 0x0f, 0x1f, 0x1f, 0x98, 0x3f, 0x04, 0x1f, 0x1f, 0x0f,
    0x07, 0x03, 0xff, 0x00, 0x93, 0x00,
};

static const uint8_t s_anim_idle_f12[] = {
    0xff, 0x00, 0x96, 0x00, 0x02, 0x80, 0xc0, 0xc0, 0x98, 0xe0, 0x02, 0xc0, 0xc0, 0x80, 0x94, 0x00,
    0x02, 0x80, 0xc0, 0xc0, 0x98, 0xe0, 0x02, 0xc0, 0xc0, 0x80, 0xa9, 0x00, 0x01, 0xf8, 0xfe, 0xa0,
    0xff, 0x01, 0xfe, 0xf8, 0x8e, 0x00, 0x01, 0xf8, 0xfe, 0xa0, 0xff, 0x01, 0xfe, 0xf8, 0xa6, 0x00,
    0x8d, 0xff, 0x01, 0x7f, 0x3f, 0x84, 0x1f, 0x01, 0x3f, 0x7f, 0x8d, 0xff, 0x8e, 0x00, 0x8d, 0xff,
    0x01, 0x7f, 0x3f, 0x84, 0x1f, 0x01, 0x3f, 0x7f, 0x8d, 0xff, 0xa6, 0x00, 0x8c, 0xff, 0x02, 0xe0,
    0xc0, 0x80, 0x84, 0x00, 0x02, 0x80, 0xc0, 0xe0, 0x8c, 0xff, 0x8e, 0x00, 0x8c, 0xff, 0x02, 0xe0,
    0xc0, 0x80, 0x84, 0x00, 0x02, 0x80, 0xc0, 0xe0, 0x8c, 0xff, 0xa6, 0x00, 0xa4, 0xff, 0x8e, 0x00,
    0xa4, 0xff, 0xa7, 0x00, 0x04, 0x03, 0x07, 0x0f, 0x1f, 0x1f, 0x98, 0x3f, 0x04, 0x1f, 0x1f, 0x0f,
    0x07, 0x03, 0x90, 0x00, 0x04, 0x03, 0x07, 0x0f, 0x1f, 0x1f, 0x98, 0x3f, 0x04, 0x1f, 0x1f, 0x0f,
    0x07, 0x03, 0xff, 0x00, 0x93, 0x00,
};

static const uint8_t s_anim_idle_f13[] = {
    0xff, 0x00, 0x97, 0x00, 0x01, 0x80, 0x80, 0x98, 0xc0, 0x01, 0x80, 0x80, 0x96, 0x00, 0x01, 0x80,
    0x80, 0x98, 0xc0, 0x01, 0x80, 0x80, 0xaa, 0x00, 0x02, 0xf0, 0xfc, 0xfe, 0x9e, 0xff, 0x02, 0xfe,
    0xfc, 0xf0, 0x8e, 0x00, 0x02, 0xf0, 0xfc, 0xfe, 0x9e, 0xff, 0x02, 0xfe, 0xfc, 0xf0, 0xa6, 0x00,
    0x8e, 0xff, 0x00, 0x7f, 0x84, 0x3f, 0x00, 0x7f, 0x8e, 0xff, 0x8e, 0x00, 0x8e, 0xff, 0x00, 0x7f,
    0x84, 0x3f, 0x00, 0x7f, 0x8e, 0xff, 0xa6, 0x00, 0x8c, 0xff, 0x01, 0xc1, 0x80, 0x86, 0x00, 0x01,
    0x80, 0xc1, 0x8c, 0xff, 0x8e, 0x00, 0x8c, 0xff, 0x01, 0xc1, 0x80, 0x86, 0x00, 0x01, 0x80, 0xc1,
    0x8c, 0xff, 0xa6, 0x00, 0x8f, 0xff, 0x84, 0xfe, 0x8f, 0xff, 0x8e, 0x00, 0x8f, 0xff, 0x84, 0xfe,
    0x8f, 0xff, 0xa6, 0x00, 0x05, 0x01, 0x07, 0x0f, 0x1f, 0x3f, 0x3f, 0x98, 0x7f, 0x05, 0x3f, 0x3f,
    0x1f, 0x0f, 0x07, 0x01, 0x8e, 0x00, 0x05, 0x01, 0x07, 0x0f, 0x1f, 0x3f, 0x3f, 0x98, 0x7f, 0x05,
    0x3f, 0x3f, 0x1f, 0x0f, 0x07, 0x01, 0xff, 0x00, 0x92, 0x00,
};

static const uint8_t s_anim_idle_f14[] = {
    0xff, 0x00, 0x97, 0x00, 0x01, 0x80, 0x80, 0x98, 0xc0, 0x01, 0x80, 0x80, 0x96, 0x00, 0x01, 0x80,
    0x80, 0x98, 0xc0, 0x01, 0x80, 0x80, 0xaa, 0x00, 0x02, 0xf0, 0xfc, 0xfe, 0x9e, 0xff, 0x02, 0xfe,
    0xfc, 0xf0, 0x8e, 0x00, 0x02, 0xf0, 0xfc, 0xfe, 0x9e, 0xff, 0x02, 0xfe, 0xfc, 0xf0, 0xa6, 0x00,
    0x8e, 0xff, 0x00, 0x7f, 0x84, 0x3f, 0x00, 0x7f, 0x8e, 0xff, 0x8e, 0x00, 0x8e, 0xff, 0x00, 0x7f,
    0x84, 0x3f, 0x00, 0x7f, 0x8e, 0xff, 0xa6, 0x00, 0x8c, 0xff, 0x01, 0xc1, 0x80, 0x86, 0x00, 0x01,
    0x80, 0xc1, 0x8c, 0xff, 0x8e, 0x00, 0x8c, 0xff, 0x01, 0xc1, 0x80, 0x86, 0x00, 0x01, 0x80, 0xc1,
    0x8c, 0xff, 0xa6, 0x00, 0x8f, 0xff, 0x84, 0xfe, 0x8f, 0xff, 0x8e, 0x00, 0x8f, 0xff, 0x84, 0xfe,
    0x8f, 0xff, 0xa6, 0x00, 0x05, 0x01, 0x07, 0x0f, 0x1f, 0x3f, 0x3f, 0x98, 0x7f, 0x05, 0x3f, 0x3f,
    0x1f, 0x0f, 0x07, 0x01, 0x8e, 0x00, 0x05, 0x01, 0x07, 0x0f, 0x1f, 0x3f, 0x3f, 0x98, 0x7f, 0x05,
    0x3f, 0x3f, 0x1f, 0x0f, 0x07, 0x01, 0xff, 0x00, 0x92, 0x00,
};

static const uint8_t s_anim_idle_f15[] = {
    0xff, 0x00, 0x97, 0x00, 0x01, 0x80, 0x80, 0x98, 0xc0, 0x01, 0x80, 0x80, 0x96, 0x00, 0x01, 0x80,
    0x80, 0x98, 0xc0, 0x01, 0x80, 0x80, 0xaa, 0x00, 0x02, 0xf0, 0xfc, 0xfe, 0x9e, 0xff, 0x02, 0xfe,
    0xfc, 0xf0, 0x8e, 0x00, 0x02, 0xf0, 0xfc, 0xfe, 0x9e, 0xff, 0x02, 0xfe, 0xfc, 0xf0, 0xa6, 0x00,
    0x8e, 0xff, 0x00, 0x7f, 0x84, 0x3f, 0x00, 0x7f, 0x8e, 0xff, 0x8e, 0x00, 0x8e, 0xff, 0x00, 0x7f,
    0x84, 0x3f, 0x00, 0x7f, 0x8e, 0xff, 0xa6, 0x00, 0x8c, 0xff, 0x01, 0xc1, 0x80, 0x86, 0x00, 0x01,
    0x80, 0xc1, 0x8c, 0xff, 0x8e, 0x00, 0x8c, 0xff, 0x01, 0xc1, 0x80, 0x86, 0x00, 0x01, 0x80, 0xc1,
    0x8c, 0xff, 0xa6, 0x00, 0x8f, 0xff, 0x84, 0xfe, 0x8f, 0xff, 0x8e, 0x00, 0x8f, 0xff, 0x84, 0xfe,
    0x8f, 0xff, 0xa6, 0x00, 0x05, 0x01, 0x07, 0x0f, 0x1f, 0x3f, 0x3f, 0x98, 0x7f, 0x05, 0x3f, 0x3f,
    0x1f, 0x0f, 0x07, 0x01, 0x8e, 0x00, 0x05, 0x01, 0x07, 0x0f, 0x1f, 0x3f, 0x3f, 0x98, 0x7f, 0x05,
    0x3f, 0x3f, 0x1f, 0x0f, 0x07, 0x01, 0xff, 0x00, 0x92, 0x00,
};

static const uint8_t s_anim_idle_f16[] = {
    0xff, 0x00, 0x97, 0x00, 0x01, 0x80, 0x80, 0x98, 0xc0, 0x01, 0x80, 0x80, 0x96, 0x00, 0x01, 0x80,
    0x80, 0x98, 0xc0, 0x01, 0x80, 0x80, 0xaa, 0x00, 0x02, 0xf0, 0xfc, 0xfe, 0x9e, 0xff, 0x02, 0xfe,
    0xfc, 0xf0, 0x8e, 0x00, 0x02, 0xf0, 0xfc, 0xfe, 0x9e, 0xff, 0x02, 0xfe, 0xfc, 0xf0, 0xa6, 0x00,
    0x8e, 0xff, 0x00, 0x7f, 0x84, 0x3f, 0x00, 0x7f, 0x8e, 0xff, 0x8e, 0x00, 0x8e, 0xff, 0x00, 0x7f,
    0x84, 0x3f, 0x00, 0x7f, 0x8e, 0xff, 0xa6, 0x00, 0x8c, 0xff, 0x01, 0xc1, 0x80, 0x86, 0x00, 0x01,
    0x80, 0xc1, 0x8c, 0xff, 0x8e, 0x00, 0x8c, 0xff, 0x01, 0xc1, 0x80, 0x86, 0x00, 0x01, 0x80, 0xc1,
    0x8c, 0xff, 0xa6, 0x00, 0x8f, 0xff, 0x84, 0xfe, 0x8f, 0xff, 0x8e, 0x00, 0x8f, 0xff, 0x84, 0xfe,
    0x8f, 0xff, 0xa6, 0x00, 0x05, 0x01, 0x07, 0x0f, 0x1f, 0x3f, 0x3f, 0x98, 0x7f, 0x05, 0x3f, 0x3f,
    0x1f, 0x0f, 0x07, 0x01, 0x8e, 0x00, 0x05, 0x01, 0x07, 0x0f, 0x1f, 0x3f, 0x3f, 0x98, 0x7f, 0x05,
    0x3f, 0x3f, 0x1f, 0x0f, 0x07, 0x01, 0xff, 0x00, 0x92, 0x00,
};

static const uint8_t s_anim_idle_f17[] = {
    0xff, 0x00, 0x97, 0x00, 0x01, 0x80, 0x80, 0x98, 0xc0, 0x01, 0x80, 0x80, 0x96, 0x00, 0x01, 0x80,
    0x80, 0x98, 0xc0, 0x01, 0x80, 0x80, 0xaa, 0x00, 0x02, 0xf0, 0xfc, 0xfe, 0x9e, 0xff, 0x02, 0xfe,
    0xfc, 0xf0, 0x8e, 0x00, 0x02, 0xf0, 0xfc, 0xfe, 0x9e, 0xff, 0x02, 0xfe, 0xfc, 0xf0, 0xa6, 0x00,
    0x8e, 0xff, 0x00, 0x7f, 0x84, 0x3f, 0x00, 0x7f, 0x8e, 0xff, 0x8e, 0x00, 0x8e, 0xff, 0x00, 0x7f,
    0x84, 0x3f, 0x00, 0x7f, 0x8e, 0xff, 0xa6, 0x00, 0x8c, 0xff, 0x01, 0xc1, 0x80, 0x86, 0x00, 0x01,
    0x80, 0xc1, 0x8c, 0xff, 0x8e, 0x00, 0x8c, 0xff, 0x01, 0xc1, 0x80, 0x86, 0x00, 0x01, 0x80, 0xc1,
    0x8c, 0xff, 0xa6, 0x00, 0x8f, 0xff, 0x84, 0xfe, 0x8f, 0xff, 0x8e, 0x00, 0x8f, 0xff, 0x84, 0xfe,
    0x8f, 0xff, 0xa6, 0x00, 0x05, 0x01, 0x07, 0x0f, 0x1f, 0x3f, 0x3f, 0x98, 0x7f, 0x05, 0x3f, 0x3f,
    0x1f, 0x0f, 0x07, 0x01, 0x8e, 0x00, 0x05, 0x01, 0x07, 0x0f, 0x1f, 0x3f, 0x3f, 0x98, 0x7f, 0x05,
    0x3f, 0x3f, 0x1f, 0x0f, 0x07, 0x01, 0xff, 0x00, 0x92, 0x00,
};

static const uint8_t s_anim_idle_f18[] = {
    0xff, 0x00, 0x97, 0x00, 0x01, 0x80, 0x80, 0x98, 0xc0, 0x01, 0x80, 0x80, 0x96, 0x00, 0x01, 0x80,
    0x80, 0x98, 0xc0, 0x01, 0x80, 0x80, 0xaa, 0x00, 0x02, 0xf0, 0xfc, 0xfe, 0x9e, 0xff, 0x02, 0xfe,
    0xfc, 0xf0, 0x8e, 0x00, 0x02, 0xf0, 0xfc, 0xfe, 0x9e, 0xff, 0x02, 0xfe, 0xfc, 0xf0, 0xa6, 0x00,
    0x8e, 0xff, 0x00, 0x7f, 0x84, 0x3f, 0x00, 0x7f, 0x8e, 0xff, 0x8e, 0x00, 0x8e, 0xff, 0x00, 0x7f,
    0x84, 0x3f, 0x00, 0x7f, 0x8e, 0xff, 0xa6, 0x00, 0x8c, 0xff, 0x01, 0xc1, 0x80, 0x86, 0x00, 0x01,
    0x80, 0xc1, 0x8c, 0xff, 0x8e, 0x00, 0x8c, 0xff, 0x01, 0xc1, 0x80, 0x86, 0x00, 0x01, 0x80, 0xc1,
    0x8c, 0xff, 0xa6, 0x00, 0x8f, 0xff, 0x84, 0xfe, 0x8f, 0xff, 0x8e, 0x00, 0x8f, 0xff, 0x84, 0xfe,
    0x8f, 0xff, 0xa6, 0x00, 0x05, 0x01, 0x07, 0x0f, 0x1f, 0x3f, 0x3f, 0x98, 0x7f, 0x05, 0x3f, 0x3f,
    0x1f, 0x0f, 0x07, 0x01, 0x8e, 0x00, 0x05, 0x01, 0x07, 0x0f, 0x1f, 0x3f, 0x3f, 0x98, 0x7f, 0x05,
    0x3f, 0x3f, 0x1f, 0x0f, 0x07, 0x01, 0xff, 0x00, 0x92, 0x00,
};

static const uint8_t s_anim_idle_f19[] = {
    0xff, 0x00, 0x97, 0x00, 0x01, 0x80, 0x80, 0x98, 0xc0, 0x01, 0x80, 0x80, 0x96, 0x00, 0x01, 0x80,
    0x80, 0x98, 0xc0, 0x01, 0x80, 0x80, 0xaa, 0x00, 0x02, 0xf0, 0xfc, 0xfe, 0x9e, 0xff, 0x02, 0xfe,
    0xfc, 0xf0, 0x8e, 0x00, 0x02, 0xf0, 0xfc, 0xfe, 0x9e, 0xff, 0x02, 0xfe, 0xfc, 0xf0, 0xa6, 0x00,
    0x8e, 0xff, 0x00, 0x7f, 0x84, 0x3f, 0x00, 0x7f, 0x8e, 0xff, 0x8e, 0x00, 0x8e, 0xff, 0x00, 0x7f,
    0x84, 0x3f, 0x00, 0x7f, 0x8e, 0xff, 0xa6, 0x00, 0x8c, 0xff, 0x01, 0xc1, 0x80, 0x86, 0x00, 0x01,
    0x80, 0xc1, 0x8c, 0xff, 0x8e, 0x00, 0x8c, 0xff, 0x01, 0xc1, 0x80, 0x86, 0x00, 0x01, 0x80, 0xc1,
    0x8c, 0xff, 0xa6, 0x00, 0x8f, 0xff, 0x84, 0xfe, 0x8f, 0xff, 0x8e, 0x00, 0x8f, 0xff, 0x84, 0xfe,
    0x8f, 0xff, 0xa6, 0x00, 0x05, 0x01, 0x07, 0x0f, 0x1f, 0x3f, 0x3f, 0x98, 0x7f, 0x05, 0x3f, 0x3f,
    0x1f, 0x0f, 0x07, 0x01, 0x8e, 0x00, 0x05, 0x01, 0x07, 0x0f, 0x1f, 0x3f, 0x3f, 0x98, 0x7f, 0x05,
    0x3f, 0x3f, 0x1f, 0x0f, 0x07, 0x01, 0xff, 0x00, 0x92, 0x00,
};

static const uint8_t s_anim_idle_f20[] = {
    0xff, 0x00, 0x97, 0x00, 0x01, 0x80, 0x80, 0x98, 0xc0, 0x01, 0x80, 0x80, 0x96, 0x00, 0x01, 0x80,
    0x80, 0x98, 0xc0, 0x01, 0x80, 0x80, 0xaa, 0x00, 0x02, 0xf0, 0xfc, 0xfe, 0x9e, 0xff, 0x02, 0xfe,
    0xfc, 0xf0, 0x8e, 0x00, 0x02, 0xf0, 0xfc, 0xfe, 0x9e, 0xff, 0x02, 0xfe, 0xfc, 0xf0, 0xa6, 0x00,
    0x8e, 0xff, 0x00, 0x7f, 0x84, 0x3f, 0x00, 0x7f, 0x8e, 0xff, 0x8e, 0x00, 0x8e, 0xff, 0x00, 0x7f,
    0x84, 0x3f, 0x00, 0x7f, 0x8e, 0xff, 0xa6, 0x00, 0x8c, 0xff, 0x01, 0xc1, 0x80, 0x86, 0x00, 0x01,
    0x80, 0xc1, 0x8c, 0xff, 0x8e, 0x00, 0x8c, 0xff, 0x01, 0xc1, 0x80, 0x86, 0x00, 0x01, 0x80, 0xc1,
    0x8c, 0xff, 0xa6, 0x00, 0x8f, 0xff, 0x84, 0xfe, 0x8f, 0xff, 0x8e, 0x00, 0x8f, 0xff, 0x84, 0xfe,
    0x8f, 0xff, 0xa6, 0x00, 0x05, 0x01, 0x07, 0x0f, 0x1f, 0x3f, 0x3f, 0x98, 0x7f, 0x05, 0x3f, 0x3f,
    0x1f, 0x0f, 0x07, 0x01, 0x8e, 0x00, 0x05, 0x01, 0x07, 0x0f, 0x1f, 0x3f, 0x3f, 0x98, 0x7f, 0x05,
    0x3f, 0x3f, 0x1f, 0x0f, 0x07, 0x01, 0xff, 0x00, 0x92, 0x00,
};

static const uint8_t s_anim_idle_f21[] = {
    0xff, 0x00, 0x97, 0x00, 0x01, 0x80, 0x80, 0x98, 0xc0, 0x01, 0x80, 0x80, 0x96, 0x00, 0x01, 0x80,
    0x80, 0x98, 0xc0, 0x01, 0x80, 0x80, 0xaa, 0x00, 0x02, 0xf0, 0xfc, 0xfe, 0x9e, 0xff, 0x02, 0xfe,
    0xfc, 0xf0, 0x8e, 0x00, 0x02, 0xf0, 0xfc, 0xfe, 0x9e, 0xff, 0x02, 0xfe, 0xfc, 0xf0, 0xa6, 0x00,
    0x8e, 0xff, 0x00, 0x7f, 0x84, 0x3f, 0x00, 0x7f, 0x8e, 0xff, 0x8e, 0x00, 0x8e, 0xff, 0x00, 0x7f,
    0x84, 0x3f, 0x00, 0x7f, 0x8e, 0xff, 0xa6, 0x00, 0x8c, 0xff, 0x01, 0xc1, 0x80, 0x86, 0x00, 0x01,
    0x80, 0xc1, 0x8c, 0xff, 0x8e, 0x00, 0x8c, 0xff, 0x01, 0xc1, 0x80, 0x86, 0x00, 0x01, 0x80, 0xc1,
    0x8c, 0xff, 0xa6, 0x00, 0x8f, 0xff, 0x84, 0xfe, 0x8f, 0xff, 0x8e, 0x00, 0x8f, 0xff, 0x84, 0xfe,
    0x8f, 0xff, 0xa6, 0x00, 0x05, 0x01, 0x07, 0x0f, 0x1f, 0x3f, 0x3f, 0x98, 0x7f, 0x05, 0x3f, 0x3f,
    0x1f, 0x0f, 0x07, 0x01, 0x8e, 0x00, 0x05, 0x01, 0x07, 0x0f, 0x1f, 0x3f, 0x3f, 0x98, 0x7f, 0x05,
    0x3f, 0x3f, 0x1f, 0x0f, 0x07, 0x01, 0xff, 0x00, 0x92, 0x00,
};

static const uint8_t s_anim_idle_f22[] = {
    0xff, 0x00, 0x97, 0x00, 0x01, 0x80, 0x80, 0x98, 0xc0, 0x01, 0x80, 0x80, 0x96, 0x00, 0x01, 0x80,
    0x80, 0x98, 0xc0, 0x01, 0x80, 0x80, 0xaa, 0x00, 0x02, 0xf0, 0xfc, 0xfe, 0x9e, 0xff, 0x02, 0xfe,
    0xfc, 0xf0, 0x8e, 0x00, 0x02, 0xf0, 0xfc, 0xfe, 0x9e, 0xff, 0x02, 0xfe, 0xfc, 0xf0, 0xa6, 0x00,
    0x8e, 0xff, 0x00, 0x7f, 0x84, 0x3f, 0x00, 0x7f, 0x8e, 0xff, 0x8e, 0x00, 0x8e, 0xff, 0x00, 0x7f,
    0x84, 0x3f, 0x00, 0x7f, 0x8e, 0xff, 0xa6, 0x00, 0x8c, 0xff, 0x01, 0xc1, 0x80, 0x86, 0x00, 0x01,
    0x80, 0xc1, 0x8c, 0xff, 0x8e, 0x00, 0x8c, 0xff, 0x01, 0xc1, 0x80, 0x86, 0x00, 0x01, 0x80, 0xc1,
    0x8c, 0xff, 0xa6, 0x00, 0x8f, 0xff, 0x84, 0xfe, 0x8f, 0xff, 0x8e, 0x00, 0x8f, 0xff, 0x84, 0xfe,
    0x8f, 0xff, 0xa6, 0x00, 0x05, 0x01, 0x07, 0x0f, 0x1f, 0x3f, 0x3f, 0x98, 0x7f, 0x05, 0x3f, 0x3f,
    0x1f, 0x0f, 0x07, 0x01, 0x8e, 0x00, 0x05, 0x01, 0x07, 0x0f, 0x1f, 0x3f, 0x3f, 0x98, 0x7f, 0x05,
    0x3f, 0x3f, 0x1f, 0x0f, 0x07, 0x01, 0xff, 0x00, 0x92, 0x00,
};

static const uint8_t s_anim_idle_f23[] = {
    0xff, 0x00, 0x97, 0x00, 0x01, 0x80, 0x80, 0x98, 0xc0, 0x01, 0x80, 0x80, 0x96, 0x00, 0x01, 0x80,
    0x80, 0x98, 0xc0, 0x01, 0x80, 0x80, 0xaa, 0x00, 0x02, 0xf0, 0xfc, 0xfe, 0x9e, 0xff, 0x02, 0xfe,
    0xfc, 0xf0, 0x8e, 0x00, 0x02, 0xf0, 0xfc, 0xfe, 0x9e, 0xff, 0x02, 0xfe, 0xfc, 0xf0, 0xa6, 0x00,
    0x8e, 0xff, 0x00, 0x7f, 0x84, 0x3f, 0x00, 0x7f, 0x8e, 0xff, 0x8e, 0x00, 0x8e, 0xff, 0x00, 0x7f,
    0x84, 0x3f, 0x00, 0x7f, 0x8e, 0xff, 0xa6, 0x00, 0x8c, 0xff, 0x01, 0xc1, 0x80, 0x86, 0x00, 0x01,
    0x80, 0xc1, 0x8c, 0xff, 0x8e, 0x00, 0x8c, 0xff, 0x01, 0xc1, 0x80, 0x86, 0x00, 0x01, 0x80, 0xc1,
    0x8c, 0xff, 0xa6, 0x00, 0x8f, 0xff, 0x84, 0xfe, 0x8f, 0xff, 0x8e, 0x00, 0x8f, 0xff, 0x84, 0xfe,
    0x8f, 0xff, 0xa6, 0x00, 0x05, 0x01, 0x07, 0x0f, 0x1f, 0x3f, 0x3f, 0x98, 0x7f, 0x05, 0x3f, 0x3f,
    0x1f, 0x0f, 0x07, 0x01, 0x8e, 0x00, 0x05, 0x01, 0x07, 0x0f, 0x1f, 0x3f, 0x3f, 0x98, 0x7f, 0x05,
    0x3f, 0x3f, 0x1f, 0x0f, 0x07, 0x01, 0xff, 0x00, 0x92, 0x00,
};

static const uint8_t s_anim_idle_f24[] = {
    0xff, 0x00, 0x97, 0x00, 0x01, 0x80, 0x80, 0x98, 0xc0, 0x01, 0x80, 0x80, 0x96, 0x00, 0x01, 0x80,
    0x80, 0x98, 0xc0, 0x01, 0x80, 0x80, 0xaa, 0x00, 0x02, 0xf0, 0xfc, 0xfe, 0x9e, 0xff, 0x02, 0xfe,
    0xfc, 0xf0, 0x8e, 0x00, 0x02, 0xf0, 0xfc, 0xfe, 0x9e, 0xff, 0x02, 0xfe, 0xfc, 0xf0, 0xa6, 0x00,
    0x8e, 0xff, 0x00, 0x7f, 0x84, 0x3f, 0x00, 0x7f, 0x8e, 0xff, 0x8e, 0x00, 0x8e, 0xff, 0x00, 0x7f,
    0x84, 0x3f, 0x00, 0x7f, 0x8e, 0xff, 0xa6, 0x00, 0x8c, 0xff, 0x01, 0xc1, 0x80, 0x86, 0x00, 0x01,
    0x80, 0xc1, 0x8c, 0xff, 0x8e, 0x00, 0x8c, 0xff, 0x01, 0xc1, 0x80, 0x86, 0x00, 0x01, 0x80, 0xc1,
    0x8c, 0xff, 0xa6, 0x00, 0x8f, 0xff, 0x84, 0xfe, 0x8f, 0xff, 0x8e, 0x00, 0x8f, 0xff, 0x84, 0xfe,
    0x8f, 0xff, 0xa6, 0x00, 0x05, 0x01, 0x07, 0x0f, 0x1f, 0x3f, 0x3f, 0x98, 0x7f, 0x05, 0x3f, 0x3f,
    0x1f, 0x0f, 0x07, 0x01, 0x8e, 0x00, 0x05, 0x01, 0x07, 0x0f, 0x1f, 0x3f, 0x3f, 0x98, 0x7f, 0x05,
    0x3f, 0x3f, 0x1f, 0x0f, 0x07, 0x01, 0xff, 0x00, 0x92, 0x00,
};

static const uint8_t s_anim_idle_f25[] = {
    0xff, 0x00, 0x96, 0x00, 0x02, 0x80, 0xc0, 0xc0, 0x98, 0xe0, 0x02, 0xc0, 0xc0, 0x80, 0x94, 0x00,
    0x02, 0x80, 0xc0, 0xc0, 0x98, 0xe0, 0x02, 0xc0, 0xc0, 0x80, 0xa9, 0x00, 0x01, 0xf8, 0xfe, 0xa0,
    0xff, 0x01, 0xfe, 0xf8, 0x8e, 0x00, 0x01, 0xf8, 0xfe, 0xa0, 0xff, 0x01, 0xfe, 0xf8, 0xa6, 0x00,
    0x8d, 0xff, 0x01, 0x7f, 0x3f, 0x84, 0x1f, 0x01, 0x3f, 0x7f, 0x8d, 0xff, 0x8e, 0x00, 0x8d, 0xff,
    0x01, 0x7f, 0x3f, 0x84, 0x1f, 0x01, 0x3f, 0x7f, 0x8d, 0xff, 0xa6, 0x00, 0x8c, 0xff, 0x02, 0xe0,
    0xc0, 0x80, 0x84, 0x00, 0x02, 0x80, 0xc0, 0xe0, 0x8c, 0xff, 0x8e, 0x00, 0x8c, 0xff, 0x02, 0xe0,
    0xc0, 0x80, 0x84, 0x00, 0x02, 0x80, 0xc0, 0xe0, 0x8c, 0xff, 0xa6, 0x00, 0xa4, 0xff, 0x8e, 0x00,
    0xa4, 0xff, 0xa7, 0x00, 0x04, 0x03, 0x07, 0x0f, 0x1f, 0x1f, 0x98, 0x3f, 0x04, 0x1f, 0x1f, 0x0f,
    0x07, 0x03, 0x90, 0x00, 0x04, 0x03, 0x07, 0x0f, 0x1f, 0x1f, 0x98, 0x3f, 0x04, 0x1f, 0x1f, 0x0f,
    0x07, 0x03, 0xff, 0x00, 0x93, 0x00,
};

static const uint8_t s_anim_idle_f26[] = {
    0xff, 0x00, 0x96, 0x00, 0x02, 0x80, 0xc0, 0xc0, 0x98, 0xe0, 0x02, 0xc0, 0xc0, 0x80, 0x94, 0x00,
    0x02, 0x80, 0xc0, 0xc0, 0x98, 0xe0, 0x02, 0xc0, 0xc0, 0x80, 0xa9, 0x00, 0x01, 0xf8, 0xfe, 0xa0,
    0xff, 0x01, 0xfe, 0xf8, 0x8e, 0x00, 0x01, 0xf8, 0xfe, 0xa0, 0xff, 0x01, 0xfe, 0xf8, 0xa6, 0x00,
    0x8d, 0xff, 0x01, 0x7f, 0x3f, 0x84, 0x1f, 0x01, 0x3f, 0x7f, 0x8d, 0xff, 0x8e, 0x00, 0x8d, 0xff,
    0x01, 0x7f, 0x3f, 0x84, 0x1f, 0x01, 0x3f, 0x7f, 0x8d, 0xff, 0xa6, 0x00, 0x8c, 0xff, 0x02, 0xe0,
    0xc0, 0x80, 0x84, 0x00, 0x02, 0x80, 0xc0, 0xe0, 0x8c, 0xff, 0x8e, 0x00, 0x8c, 0xff, 0x02, 0xe0,
    0xc0, 0x80, 0x84, 0x00, 0x02, 0x80, 0xc0, 0xe0, 0x8c, 0xff, 0xa6, 0x00, 0xa4, 0xff, 0x8e, 0x00,
    0xa4, 0xff, 0xa7, 0x00, 0x04, 0x03, 0x07, 0x0f, 0x1f, 0x1f, 0x98, 0x3f, 0x04, 0x1f, 0x1f, 0x0f,
    0x07, 0x03, 0x90, 0x00, 0x04, 0x03, 0x07, 0x0f, 0x1f, 0x1f, 0x98, 0x3f, 0x04, 0x1f, 0x1f, 0x0f,
    0x07, 0x03, 0xff, 0x00, 0x93, 0x00,
};

static const uint8_t s_anim_idle_f27[] = {
    0xff, 0x00, 0x96, 0x00, 0x02, 0x80, 0xc0, 0xc0, 0x98, 0xe0, 0x02, 0xc0, 0xc0, 0x80, 0x94, 0x00,
    0x02, 0x80, 0xc0, 0xc0, 0x98, 0xe0, 0x02, 0xc0, 0xc0, 0x80, 0xa9, 0x00, 0x01, 0xf8, 0xfe, 0xa0,
    0xff, 0x01, 0xfe, 0xf8, 0x8e, 0x00, 0x01, 0xf8, 0xfe, 0xa0, 0xff, 0x01, 0xfe, 0xf8, 0xa6, 0x00,
    0x8c, 0xff, 0x02, 0x7f, 0x3f, 0x1f, 0x84, 0x0f, 0x02, 0x1f, 0x3f, 0x7f, 0x8c, 0xff, 0x8e, 0x00,
    0x8c, 0xff, 0x02, 0x7f, 0x3f, 0x1f, 0x84, 0x0f, 0x02, 0x1f, 0x3f, 0x7f, 0x8c, 0xff, 0xa6, 0x00,
    0x8c, 0xff, 0x02, 0xf0, 0xe0, 0xc0, 0x84, 0x80, 0x02, 0xc0, 0xe0, 0xf0, 0x8c, 0xff, 0x8e, 0x00,
    0x8c, 0xff, 0x02, 0xf0, 0xe0, 0xc0, 0x84, 0x80, 0x02, 0xc0, 0xe0, 0xf0, 0x8c, 0xff, 0xa6, 0x00,
    0xa4, 0xff, 0x8e, 0x00, 0xa4, 0xff, 0xa7, 0x00, 0x04, 0x03, 0x07, 0x0f, 0x1f, 0x1f, 0x98, 0x3f,
    0x04, 0x1f, 0x1f, 0x0f, 0x07, 0x03, 0x90, 0x00, 0x04, 0x03, 0x07, 0x0f, 0x1f, 0x1f, 0x98, 0x3f,
    0x04, 0x1f, 0x1f, 0x0f, 0x07, 0x03, 0xff, 0x00, 0x93, 0x00,
};

static const uint8_t s_anim_idle_f28[] = {
    0xff, 0x00, 0x96, 0x00, 0x02, 0x80, 0xc0, 0xc0, 0x98, 0xe0, 0x02, 0xc0, 0xc0, 0x80, 0x94, 0x00,
    0x02, 0x80, 0xc0, 0xc0, 0x98, 0xe0, 0x02, 0xc0, 0xc0, 0x80, 0xa9, 0x00, 0x01, 0xf8, 0xfe, 0xa0,
    0xff, 0x01, 0xfe, 0xf8, 0x8e, 0x00, 0x01, 0xf8, 0xfe, 0xa0, 0xff, 0x01, 0xfe, 0xf8, 0xa6, 0x00,
    0x8c, 0xff, 0x02, 0x7f, 0x3f, 0x1f, 0x84, 0x0f, 0x02, 0x1f, 0x3f, 0x7f, 0x8c, 0xff, 0x8e, 0x00,
    0x8c, 0xff, 0x02, 0x7f, 0x3f, 0x1f, 0x84, 0x0f, 0x02, 0x1f, 0x3f, 0x7f, 0x8c, 0xff, 0xa6, 0x00,
    0x8c, 0xff, 0x02, 0xf0, 0xe0, 0xc0, 0x84, 0x80, 0x02, 0xc0, 0xe0, 0xf0, 0x8c, 0xff, 0x8e, 0x00,
    0x8c, 0xff, 0x02, 0xf0, 0xe0, 0xc0, 0x84, 0x80, 0x02, 0xc0, 0xe0, 0xf0, 0x8c, 0xff, 0xa6, 0x00,
    0xa4, 0xff, 0x8e, 0x00, 0xa4, 0xff, 0xa7, 0x00, 0x04, 0x03, 0x07, 0x0f, 0x1f, 0x1f, 0x98, 0x3f,
    0x04, 0x1f, 0x1f, 0x0f, 0x07, 0x03, 0x90, 0x00, 0x04, 0x03, 0x07, 0x0f, 0x1f, 0x1f, 0x98, 0x3f,
    0x04, 0x1f, 0x1f, 0x0f, 0x07, 0x03, 0xff, 0x00, 0x93, 0x00,
};

static const uint8_t s_anim_idle_f29[] = {
    0xff, 0x00, 0x96, 0x00, 0x02, 0x80, 0xc0, 0xc0, 0x98, 0xe0, 0x02, 0xc0, 0xc0, 0x80, 0x94, 0x00,
    0x02, 0x80, 0xc0, 0xc0, 0x98, 0xe0, 0x02, 0xc0, 0xc0, 0x80, 0xa9, 0x00, 0x01, 0xf8, 0xfe, 0xa0,
    0xff, 0x01, 0xfe, 0xf8, 0x8e, 0x00, 0x01, 0xf8, 0xfe, 0xa0, 0xff, 0x01, 0xfe, 0xf8, 0xa6, 0x00,
    0x8c, 0xff, 0x02, 0x7f, 0x3f, 0x1f, 0x84, 0x0f, 0x02, 0x1f, 0x3f, 0x7f, 0x8c, 0xff, 0x8e, 0x00,
    0x8c, 0xff, 0x02, 0x7f, 0x3f, 0x1f, 0x84, 0x0f, 0x02, 0x1f, 0x3f, 0x7f, 0x8c, 0xff, 0xa6, 0x00,
    0x8c, 0xff, 0x02, 0xf0, 0xe0, 0xc0, 0x84, 0x80, 0x02, 0xc0, 0xe0, 0xf0, 0x8c, 0xff, 0x8e, 0x00,
    0x8c, 0xff, 0x02, 0xf0, 0xe0, 0xc0, 0x84, 0x80, 0x02, 0xc0, 0xe0, 0xf0, 0x8c, 0xff, 0xa6, 0x00,
    0xa4, 0xff, 0x8e, 0x00, 0xa4, 0xff, 0xa7, 0x00, 0x04, 0x03, 0x07, 0x0f, 0x1f, 0x1f, 0x98, 0x3f,
    0x04, 0x1f, 0x1f, 0x0f, 0x07, 0x03, 0x90, 0x00, 0x04, 0x03, 0x07, 0x0f, 0x1f, 0x1f, 0x98, 0x3f,
    0x04, 0x1f, 0x1f, 0x0f, 0x07, 0x03, 0xff, 0x00, 0x93, 0x00,
};

static const uint8_t s_anim_idle_f30[] = {
    0xff, 0x00, 0x95, 0x00, 0x03, 0x80, 0xc0, 0xe0, 0xe0, 0x98, 0xf0, 0x03, 0xe0, 0xe0, 0xc0, 0x80,
    0x92, 0x00, 0x03, 0x80, 0xc0, 0xe0, 0xe0, 0x98, 0xf0, 0x03, 0xe0, 0xe0, 0xc0, 0x80, 0xa8, 0x00,
    0x00, 0xfc, 0xa2, 0xff, 0x00, 0xfc, 0x8e, 0x00, 0x00, 0xfc, 0xa2, 0xff, 0x00, 0xfc, 0xa6, 0x00,
    0x8c, 0xff, 0x02, 0x3f, 0x1f, 0x0f, 0x84, 0x07, 0x02, 0x0f, 0x1f, 0x3f, 0x8c, 0xff, 0x8e, 0x00,
    0x8c, 0xff, 0x02, 0x3f, 0x1f, 0x0f, 0x84, 0x07, 0x02, 0x0f, 0x1f, 0x3f, 0x8c, 0xff, 0xa6, 0x00,
    0x8c, 0xff, 0x02, 0xf8, 0xf0, 0xe0, 0x84, 0xc0, 0x02, 0xe0, 0xf0, 0xf8, 0x8c, 0xff, 0x8e, 0x00,
    0x8c, 0xff, 0x02, 0xf8, 0xf0, 0xe0, 0x84, 0xc0, 0x02, 0xe0, 0xf0, 0xf8, 0x8c, 0xff, 0xa6, 0x00,
    0x00, 0x7f, 0xa2, 0xff, 0x00, 0x7f, 0x8e, 0x00, 0x00, 0x7f, 0xa2, 0xff, 0x00, 0x7f, 0xa7, 0x00,
    0x04, 0x01, 0x03, 0x07, 0x0f, 0x0f, 0x98, 0x1f, 0x04, 0x0f, 0x0f, 0x07, 0x03, 0x01, 0x90, 0x00,
    0x04, 0x01, 0x03, 0x07, 0x0f, 0x0f, 0x98, 0x1f, 0x04, 0x0f, 0x0f, 0x07, 0x03, 0x01, 0xff, 0x00,
    0x93, 0x00,
};

static const uint8_t s_anim_idle_f31[] = {
    0xff, 0x00, 0x95, 0x00, 0x03, 0x80, 0xc0, 0xe0, 0xe0, 0x98, 0xf0, 0x03, 0xe0, 0xe0, 0xc0, 0x80,
    0x92, 0x00, 0x03, 0x80, 0xc0, 0xe0, 0xe0, 0x98, 0xf0, 0x03, 0xe0, 0xe0, 0xc0, 0x80, 0xa8, 0x00,
    0x00, 0xfc, 0xa2, 0xff, 0x00, 0xfc, 0x8e, 0x00, 0x00, 0xfc, 0xa2, 0xff, 0x00, 0xfc, 0xa6, 0x00,
    0x8c, 0xff, 0x02, 0x3f, 0x1f, 0x0f, 0x84, 0x07, 0x02, 0x0f, 0x1f, 0x3f, 0x8c, 0xff, 0x8e, 0x00,
    0x8c, 0xff, 0x02, 0x3f, 0x1f, 0x0f, 0x84, 0x07, 0x02, 0x0f, 0x1f, 0x3f, 0x8c, 0xff, 0xa6, 0x00,
    0x8c, 0xff, 0x02, 0xf8, 0xf0, 0xe0, 0x84, 0xc0, 0x02, 0xe0, 0xf0, 0xf8, 0x8c, 0xff, 0x8e, 0x00,
    0x8c, 0xff, 0x02, 0xf8, 0xf0, 0xe0, 0x84, 0xc0, 0x02, 0xe0, 0xf0, 0xf8, 0x8c, 0xff, 0xa6, 0x00,
    0x00, 0x7f, 0xa2, 0xff, 0x00, 0x7f, 0x8e, 0x00, 0x00, 0x7f, 0xa2, 0xff, 0x00, 0x7f, 0xa7, 0x00,
    0x04, 0x01, 0x03, 0x07, 0x0f, 0x0f, 0x98, 0x1f, 0x04, 0x0f, 0x0f, 0x07, 0x03, 0x01, 0x90, 0x00,
    0x04, 0x01, 0x03, 0x07, 0x0f, 0x0f, 0x98, 0x1f, 0x04, 0x0f, 0x0f, 0x07, 0x03, 0x01, 0xff, 0x00,
    0x93, 0x00,
};

static const uint8_t s_anim_idle_f32[] = {
    0xff, 0x00, 0x95, 0x00, 0x03, 0x80, 0xc0, 0xe0, 0xe0, 0x98, 0xf0, 0x03, 0xe0, 0xe0, 0xc0, 0x80,
    0x92, 0x00, 0x03, 0x80, 0xc0, 0xe0, 0xe0, 0x98, 0xf0, 0x03, 0xe0, 0xe0, 0xc0, 0x80, 0xa8, 0x00,
    0x00, 0xfc, 0xa2, 0xff, 0x00, 0xfc, 0x8e, 0x00, 0x00, 0xfc, 0xa2, 0xff, 0x00, 0xfc, 0xa6, 0x00,
    0x8c, 0xff, 0x02, 0x3f, 0x1f, 0x0f, 0x84, 0x07, 0x02, 0x0f, 0x1f, 0x3f, 0x8c, 0xff, 0x8e, 0x00,
    0x8c, 0xff, 0x02, 0x3f, 0x1f, 0x0f, 0x84, 0x07, 0x02, 0x0f, 0x1f, 0x3f, 0x8c, 0xff, 0xa6, 0x00,
    0x8c, 0xff, 0x02, 0xf8, 0xf0, 0xe0, 0x84, 0xc0, 0x02, 0xe0, 0xf0, 0xf8, 0x8c, 0xff, 0x8e, 0x00,
    0x8c, 0xff, 0x02, 0xf8, 0xf0, 0xe0, 0x84, 0xc0, 0x02, 0xe0, 0xf0, 0xf8, 0x8c, 0xff, 0xa6, 0x00,
    0x00, 0x7f, 0xa2, 0xff, 0x00, 0x7f, 0x8e, 0x00, 0x00, 0x7f, 0xa2, 0xff, 0x00, 0x7f, 0xa7, 0x00,
    0x04, 0x01, 0x03, 0x07, 0x0f, 0x0f, 0x98, 0x1f, 0x04, 0x0f, 0x0f, 0x07, 0x03, 0x01, 0x90, 0x00,
    0x04, 0x01, 0x03, 0x07, 0x0f, 0x0f, 0x98, 0x1f, 0x04, 0x0f, 0x0f, 0x07, 0x03, 0x01, 0xff, 0x00,
    0x93, 0x00,
};

static const uint8_t s_anim_idle_f33[] = {
    0xff, 0x00, 0x95, 0x00, 0x03, 0x80, 0xc0, 0xe0, 0xe0, 0x98, 0xf0, 0x03, 0xe0, 0xe0, 0xc0, 0x80,
    0x92, 0x00, 0x03, 0x80, 0xc0, 0xe0, 0xe0, 0x98, 0xf0, 0x03, 0xe0, 0xe0, 0xc0, 0x80, 0xa8, 0x00,
    0x00, 0xfc, 0xa2, 0xff, 0x00, 0xfc, 0x8e, 0x00, 0x00, 0xfc, 0xa2, 0xff, 0x00, 0xfc, 0xa6, 0x00,
    0x8c, 0xff, 0x02, 0x3f, 0x1f, 0x0f, 0x84, 0x07, 0x02, 0x0f, 0x1f, 0x3f, 0x8c, 0xff, 0x8e, 0x00,
    0x8c, 0xff, 0x02, 0x3f, 0x1f, 0x0f, 0x84, 0x07, 0x02, 0x0f, 0x1f, 0x3f, 0x8c, 0xff, 0xa6, 0x00,
    0x8c, 0xff, 0x02, 0xf8, 0xf0, 0xe0, 0x84, 0xc0, 0x02, 0xe0, 0xf0, 0xf8, 0x8c, 0xff, 0x8e, 0x00,
    0x8c, 0xff, 0x02, 0xf8, 0xf0, 0xe0, 0x84, 0xc0, 0x02, 0xe0, 0xf0, 0xf8, 0x8c, 0xff, 0xa6, 0x00,
    0x00, 0x7f, 0xa2, 0xff, 0x00, 0x7f, 0x8e, 0x00, 0x00, 0x7f, 0xa2, 0xff, 0x00, 0x7f, 0xa7, 0x00,
    0x04, 0x01, 0x03, 0x07, 0x0f, 0x0f, 0x98, 0x1f, 0x04, 0x0f, 0x0f, 0x07, 0x03, 0x01, 0x90, 0x00,
    0x04, 0x01, 0x03, 0x07, 0x0f, 0x0f, 0x98, 0x1f, 0x04, 0x0f, 0x0f, 0x07, 0x03, 0x01, 0xff, 0x00,
    0x93, 0x00,
};

static const uint8_t s_anim_idle_f34[] = {
    0xff, 0x00, 0x95, 0x00, 0x03, 0x80, 0xc0, 0xe0, 0xe0, 0x98, 0xf0, 0x03, 0xe0, 0xe0, 0xc0, 0x80,
    0x92, 0x00, 0x03, 0x80, 0xc0, 0xe0, 0xe0, 0x98, 0xf0, 0x03, 0xe0, 0xe0, 0xc0, 0x80, 0xa8, 0x00,
    0x00, 0xfc, 0xa2, 0xff, 0x00, 0xfc, 0x8e, 0x00, 0x00, 0xfc, 0xa2, 0xff, 0x00, 0xfc, 0xa6, 0x00,
    0x8c, 0xff, 0x02, 0x3f, 0x1f, 0x0f, 0x84, 0x07, 0x02, 0x0f, 0x1f, 0x3f, 0x8c, 0xff, 0x8e, 0x00,
    0x8c, 0xff, 0x02, 0x3f, 0x1f, 0x0f, 0x84, 0x07, 0x02, 0x0f, 0x1f, 0x3f, 0x8c, 0xff, 0xa6, 0x00,
    0x8c, 0xff, 0x02, 0xf8, 0xf0, 0xe0, 0x84, 0xc0, 0x02, 0xe0, 0xf0, 0xf8, 0x8c, 0xff, 0x8e, 0x00,
    0x8c, 0xff, 0x02, 0xf8, 0xf0, 0xe0, 0x84, 0xc0, 0x02, 0xe0, 0xf0, 0xf8, 0x8c, 0xff, 0xa6, 0x00,
    0x00, 0x7f, 0xa2, 0xff, 0x00, 0x7f, 0x8e, 0x00, 0x00, 0x7f, 0xa2, 0xff, 0x00, 0x7f, 0xa7, 0x00,
    0x04, 0x01, 0x03, 0x07, 0x0f, 0x0f, 0x98, 0x1f, 0x04, 0x0f, 0x0f, 0x07, 0x03, 0x01, 0x90, 0x00,
    0x04, 0x01, 0x03, 0x07, 0x0f, 0x0f, 0x98, 0x1f, 0x04, 0x0f, 0x0f, 0x07, 0x03, 0x01, 0xff, 0x00,
    0x93, 0x00,
};

static const uint8_t s_anim_idle_f35[] = {
    0xff, 0x00, 0x95, 0x00, 0x03, 0x80, 0xc0, 0xe0, 0xe0, 0x98, 0xf0, 0x03, 0xe0, 0xe0, 0xc0, 0x80,
    0x92, 0x00, 0x03, 0x80, 0xc0, 0xe0, 0xe0, 0x98, 0xf0, 0x03, 0xe0, 0xe0, 0xc0, 0x80, 0xa8, 0x00,
    0x00, 0xfc, 0xa2, 0xff, 0x00, 0xfc, 0x8e, 0x00, 0x00, 0xfc, 0xa2, 0xff, 0x00, 0xfc, 0xa6, 0x00,
    0x8c, 0xff, 0x02, 0x3f, 0x1f, 0x0f, 0x84, 0x07, 0x02, 0x0f, 0x1f, 0x3f, 0x8c, 0xff, 0x8e, 0x00,
    0x8c, 0xff, 0x02, 0x3f, 0x1f, 0x0f, 0x84, 0x07, 0x02, 0x0f, 0x1f, 0x3f, 0x8c, 0xff, 0xa6, 0x00,
    0x8c, 0xff, 0x02, 0xf8, 0xf0, 0xe0, 0x84, 0xc0, 0x02, 0xe0, 0xf0, 0xf8, 0x8c, 0xff, 0x8e, 0x00,
    0x8c, 0xff, 0x02, 0xf8, 0xf0, 0xe0, 0x84, 0xc0, 0x02, 0xe0, 0xf0, 0xf8, 0x8c, 0xff, 0xa6, 0x00,
    0x00, 0x7f, 0xa2, 0xff, 0x00, 0x7f, 0x8e, 0x00, 0x00, 0x7f, 0xa2, 0xff, 0x00, 0x7f, 0xa7, 0x00,
    0x04, 0x01, 0x03, 0x07, 0x0f, 0x0f, 0x98, 0x1f, 0x04, 0x0f, 0x0f, 0x07, 0x03, 0x01, 0x90, 0x00,
    0x04, 0x01, 0x03, 0x07, 0x0f, 0x0f, 0x98, 0x1f, 0x04, 0x0f, 0x0f, 0x07, 0x03, 0x01, 0xff, 0x00,
    0x93, 0x00,
};

static const uint8_t *const s_anim_idle_frames[36] = {
    s_anim_idle_f00,
    s_anim_idle_f01,
    s_anim_idle_f02,
    s_anim_idle_f03,
    s_anim_idle_f04,
    s_anim_idle_f05,
    s_anim_idle_f06,
    s_anim_idle_f07,
    s_anim_idle_f08,
    s_anim_idle_f09,
    s_anim_idle_f10,
    s_anim_idle_f11,
    s_anim_idle_f12,
    s_anim_idle_f13,
    s_anim_idle_f14,
    s_anim_idle_f15,
    s_anim_idle_f16,
    s_anim_idle_f17,
    s_anim_idle_f18,
    s_anim_idle_f19,
    s_anim_idle_f20,
    s_anim_idle_f21,
    s_anim_idle_f22,
    s_anim_idle_f23,
    s_anim_idle_f24,
    s_anim_idle_f25,
    s_anim_idle_f26,
    s_anim_idle_f27,
    s_anim_idle_f28,
    s_anim_idle_f29,
    s_anim_idle_f30,
    s_anim_idle_f31,
    s_anim_idle_f32,
    s_anim_idle_f33,
    s_anim_idle_f34,
    s_anim_idle_f35,
};

static const uint16_t s_anim_idle_sizes[36] = {
    162, 162, 162, 162, 162, 162, 162, 154,
    154, 154, 150, 150, 150, 154, 154, 154,
    154, 154, 154, 154, 154, 154, 154, 154,
    154, 150, 150, 154, 154, 154, 162, 162,
    162, 162, 162, 162,
};

static const uint8_t s_anim_blink_f00[] = {
    0xff, 0x00, 0x95, 0x00, 0x03, 0x80, 0xc0, 0xe0, 0xe0, 0x98, 0xf0, 0x03, 0xe0, 0xe0, 0xc0, 0x80,
    0x92, 0x00, 0x03, 0x80, 0xc0, 0xe0, 0xe0, 0x98, 0xf0, 0x03, 0xe0, 0xe0, 0xc0, 0x80, 0xa8, 0x00,
    0x00, 0xfc, 0xa2, 0xff, 0x00, 0xfc, 0x8e, 0x00, 0x00, 0xfc, 0xa2, 0xff, 0x00, 0xfc, 0xa6, 0x00,
    0x8c, 0xff, 0x02, 0x3f, 0x1f, 0x0f, 0x84, 0x07, 0x02, 0x0f, 0x1f, 0x3f, 0x8c, 0xff, 0x8e, 0x00,
    0x8c, 0xff, 0x02, 0x3f, 0x1f, 0x0f, 0x84, 0x07, 0x02, 0x0f, 0x1f, 0x3f, 0x8c, 0xff, 0xa6, 0x00,
    0x8c, 0xff, 0x02, 0xf8, 0xf0, 0xe0, 0x84, 0xc0, 0x02, 0xe0, 0xf0, 0xf8, 0x8c, 0xff, 0x8e, 0x00,
    0x8c, 0xff, 0x02, 0xf8, 0xf0, 0xe0, 0x84, 0xc0, 0x02, 0xe0, 0xf0, 0xf8, 0x8c, 0xff, 0xa6, 0x00,
    0x00, 0x7f, 0xa2, 0xff, 0x00, 0x7f, 0x8e, 0x00, 0x00, 0x7f, 0xa2, 0xff, 0x00, 0x7f, 0xa7, 0x00,
    0x04, 0x01, 0x03, 0x07, 0x0f, 0x0f, 0x98, 0x1f, 0x04, 0x0f, 0x0f, 0x07, 0x03, 0x01, 0x90, 0x00,
    0x04, 0x01, 0x03, 0x07, 0x0f, 0x0f, 0x98, 0x1f, 0x04, 0x0f, 0x0f, 0x07, 0x03, 0x01, 0xff, 0x00,
    0x93, 0x00,
};

static const uint8_t s_anim_blink_f01[] = {
    0xff, 0x00, 0x95, 0x00, 0x03, 0x80, 0xc0, 0xe0, 0xe0, 0x98, 0xf0, 0x03, 0xe0, 0xe0, 0xc0, 0x80,
    0x92, 0x00, 0x03, 0x80, 0xc0, 0xe0, 0xe0, 0x98, 0xf0, 0x03, 0xe0, 0xe0, 0xc0, 0x80, 0xa8, 0x00,
    0x00, 0xfc, 0xa2, 0xff, 0x00, 0xfc, 0x8e, 0x00, 0x00, 0xfc, 0xa2, 0xff, 0x00, 0xfc, 0xa6, 0x00,
    0x8c, 0xff, 0x02, 0x3f, 0x1f, 0x0f, 0x84, 0x07, 0x02, 0x0f, 0x1f, 0x3f, 0x8c, 0xff, 0x8e, 0x00,
    0x8c, 0xff, 0x02, 0x3f, 0x1f, 0x0f, 0x84, 0x07, 0x02, 0x0f, 0x1f, 0x3f, 0x8c, 0xff, 0xa6, 0x00,
    0x8c, 0xff, 0x02, 0xf8, 0xf0, 0xe0, 0x84, 0xc0, 0x02, 0xe0, 0xf0, 0xf8, 0x8c, 0xff, 0x8e, 0x00,
    0x8c, 0xff, 0x02, 0xf8, 0xf0, 0xe0, 0x84, 0xc0, 0x02, 0xe0, 0xf0, 0xf8, 0x8c, 0xff, 0xa6, 0x00,
    0x00, 0x7f, 0xa2, 0xff, 0x00, 0x7f, 0x8e, 0x00, 0x00, 0x7f, 0xa2, 0xff, 0x00, 0x7f, 0xa7, 0x00,
    0x04, 0x01, 0x03, 0x07, 0x0f, 0x0f, 0x98, 0x1f, 0x04, 0x0f, 0x0f, 0x07, 0x03, 0x01, 0x90, 0x00,
    0x04, 0x01, 0x03, 0x07, 0x0f, 0x0f, 0x98, 0x1f, 0x04, 0x0f, 0x0f, 0x07, 0x03, 0x01, 0xff, 0x00,
    0x93, 0x00,
};

static const uint8_t s_anim_blink_f02[] = {
    0xff, 0x00, 0x95, 0x00, 0x03, 0x80, 0xc0, 0xe0, 0xe0, 0x98, 0xf0, 0x03, 0xe0, 0xe0, 0xc0, 0x80,
    0x92, 0x00, 0x03, 0x80, 0xc0, 0xe0, 0xe0, 0x98, 0xf0, 0x03, 0xe0, 0xe0, 0xc0, 0x80, 0xa8, 0x00,
    0x00, 0xfc, 0xa2, 0xff, 0x00, 0xfc, 0x8e, 0x00, 0x00, 0xfc, 0xa2, 0xff, 0x00, 0xfc, 0xa6, 0x00,
    0x8c, 0xff, 0x02, 0x3f, 0x1f, 0x0f, 0x84, 0x07, 0x02, 0x0f, 0x1f, 0x3f, 0x8c, 0xff, 0x8e, 0x00,
    0x8c, 0xff, 0x02, 0x3f, 0x1f, 0x0f, 0x84, 0x07, 0x02, 0x0f, 0x1f, 0x3f, 0x8c, 0xff, 0xa6, 0x00,
    0x8c, 0xff, 0x02, 0xf8, 0xf0, 0xe0, 0x84, 0xc0, 0x02, 0xe0, 0xf0, 0xf8, 0x8c, 0xff, 0x8e, 0x00,
    0x8c, 0xff, 0x02, 0xf8, 0xf0, 0xe0, 0x84, 0xc0, 0x02, 0xe0, 0xf0, 0xf8, 0x8c, 0xff, 0xa6, 0x00,
    0x00, 0x7f, 0xa2, 0xff, 0x00, 0x7f, 0x8e, 0x00, 0x00, 0x7f, 0xa2, 0xff, 0x00, 0x7f, 0xa7, 0x00,
    0x04, 0x01, 0x03, 0x07, 0x0f, 0x0f, 0x98, 0x1f, 0x04, 0x0f, 0x0f, 0x07, 0x03, 0x01, 0x90, 0x00,
    0x04, 0x01, 0x03, 0x07, 0x0f, 0x0f, 0x98, 0x1f, 0x04, 0x0f, 0x0f, 0x07, 0x03, 0x01, 0xff, 0x00,
    0x93, 0x00,
};

static const uint8_t s_anim_blink_f03[] = {
    0xff, 0x00, 0x95, 0x00, 0x03, 0x80, 0xc0, 0xe0, 0xe0, 0x98, 0xf0, 0x03, 0xe0, 0xe0, 0xc0, 0x80,
    0x92, 0x00, 0x03, 0x80, 0xc0, 0xe0, 0xe0, 0x98, 0xf0, 0x03, 0xe0, 0xe0, 0xc0, 0x80, 0xa8, 0x00,
    0x00, 0xfc, 0xa2, 0xff, 0x00, 0xfc, 0x8e, 0x00, 0x00, 0xfc, 0xa2, 0xff, 0x00, 0xfc, 0xa6, 0x00,
    0x8c, 0xff, 0x02, 0x3f, 0x1f, 0x0f, 0x84, 0x07, 0x02, 0x0f, 0x1f, 0x3f, 0x8c, 0xff, 0x8e, 0x00,
    0x8c, 0xff, 0x02, 0x3f, 0x1f, 0x0f, 0x84, 0x07, 0x02, 0x0f, 0x1f, 0x3f, 0x8c, 0xff, 0xa6, 0x00,
    0x8c, 0xff, 0x02, 0xf8, 0xf0, 0xe0, 0x84, 0xc0, 0x02, 0xe0, 0xf0, 0xf8, 0x8c, 0xff, 0x8e, 0x00,
    0x8c, 0xff, 0x02, 0xf8, 0xf0, 0xe0, 0x84, 0xc0, 0x02, 0xe0, 0xf0, 0xf8, 0x8c, 0xff, 0xa6, 0x00,
    0x00, 0x7f, 0xa2, 0xff, 0x00, 0x7f, 0x8e, 0x00, 0x00, 0x7f, 0xa2, 0xff, 0x00, 0x7f, 0xa7, 0x00,
    0x04, 0x01, 0x03, 0x07, 0x0f, 0x0f, 0x98, 0x1f, 0x04, 0x0f, 0x0f, 0x07, 0x03, 0x01, 0x90, 0x00,
    0x04, 0x01, 0x03, 0x07, 0x0f, 0x0f, 0x98, 0x1f, 0x04, 0x0f, 0x0f, 0x07, 0x03, 0x01, 0xff, 0x00,
    0x93, 0x00,
};

static const uint8_t s_anim_blink_f04[] = {
    0xff, 0x00, 0x95, 0x00, 0x03, 0x80, 0xc0, 0xe0, 0xe0, 0x98, 0xf0, 0x03, 0xe0, 0xe0, 0xc0, 0x80,
    0x92, 0x00, 0x03, 0x80, 0xc0, 0xe0, 0xe0, 0x98, 0xf0, 0x03, 0xe0, 0xe0, 0xc0, 0x80, 0xa8, 0x00,
    0x00, 0xfc, 0xa2, 0xff, 0x00, 0xfc, 0x8e, 0x00, 0x00, 0xfc, 0xa2, 0xff, 0x00, 0xfc, 0xa6, 0x00,
    0x8c, 0xff, 0x02, 0x3f, 0x1f, 0x0f, 0x84, 0x07, 0x02, 0x0f, 0x1f, 0x3f, 0x8c, 0xff, 0x8e, 0x00,
    0x8c, 0xff, 0x02, 0x3f, 0x1f, 0x0f, 0x84, 0x07, 0x02, 0x0f, 0x1f, 0x3f, 0x8c, 0xff, 0xa6, 0x00,
    0x8c, 0xff, 0x02, 0xf8, 0xf0, 0xe0, 0x84, 0xc0, 0x02, 0xe0, 0xf0, 0xf8, 0x8c, 0xff, 0x8e, 0x00,
    0x8c, 0xff, 0x02, 0xf8, 0xf0, 0xe0, 0x84, 0xc0, 0x02, 0xe0, 0xf0, 0xf8, 0x8c, 0xff, 0xa6, 0x00,
    0x00, 0x7f, 0xa2, 0xff, 0x00, 0x7f, 0x8e, 0x00, 0x00, 0x7f, 0xa2, 0xff, 0x00, 0x7f, 0xa7, 0x00,
    0x04, 0x01, 0x03, 0x07, 0x0f, 0x0f, 0x98, 0x1f, 0x04, 0x0f, 0x0f, 0x07, 0x03, 0x01, 0x90, 0x00,
    0x04, 0x01, 0x03, 0x07, 0x0f, 0x0f, 0x98, 0x1f, 0x04, 0x0f, 0x0f, 0x07, 0x03, 0x01, 0xff, 0x00,
    0x93, 0x00,
};

static const uint8_t s_anim_blink_f05[] = {
    0xff, 0x00, 0x95, 0x00, 0x03, 0x80, 0xc0, 0xe0, 0xe0, 0x98, 0xf0, 0x03, 0xe0, 0xe0, 0xc0, 0x80,
    0x92, 0x00, 0x03, 0x80, 0xc0, 0xe0, 0xe0, 0x98, 0xf0, 0x03, 0xe0, 0xe0, 0xc0, 0x80, 0xa8, 0x00,
    0x00, 0xfc, 0xa2, 0xff, 0x00, 0xfc, 0x8e, 0x00, 0x00, 0xfc, 0xa2, 0xff, 0x00, 0xfc, 0xa6, 0x00,
    0x8c, 0xff, 0x02, 0x3f, 0x1f, 0x0f, 0x84, 0x07, 0x02, 0x0f, 0x1f, 0x3f, 0x8c, 0xff, 0x8e, 0x00,
    0x8c, 0xff, 0x02, 0x3f, 0x1f, 0x0f, 0x84, 0x07, 0x02, 0x0f, 0x1f, 0x3f, 0x8c, 0xff, 0xa6, 0x00,
    0x8c, 0xff, 0x02, 0xf8, 0xf0, 0xe0, 0x84, 0xc0, 0x02, 0xe0, 0xf0, 0xf8, 0x8c, 0xff, 0x8e, 0x00,
    0x8c, 0xff, 0x02, 0xf8, 0xf0, 0xe0, 0x84, 0xc0, 0x02, 0xe0, 0xf0, 0xf8, 0x8c, 0xff, 0xa6, 0x00,
    0x00, 0x7f, 0xa2, 0xff, 0x00, 0x7f, 0x8e, 0x00, 0x00, 0x7f, 0xa2, 0xff, 0x00, 0x7f, 0xa7, 0x00,
    0x04, 0x01, 0x03, 0x07, 0x0f, 0x0f, 0x98, 0x1f, 0x04, 0x0f, 0x0f, 0x07, 0x03, 0x01, 0x90, 0x00,
    0x04, 0x01, 0x03, 0x07, 0x0f, 0x0f, 0x98, 0x1f, 0x04, 0x0f, 0x0f, 0x07, 0x03, 0x01, 0xff, 0x00,
    0x93, 0x00,
};

static const uint8_t s_anim_blink_f06[] = {
    0xff, 0x00, 0x95, 0x00, 0x03, 0x80, 0xc0, 0xe0, 0xe0, 0x98, 0xf0, 0x03, 0xe0, 0xe0, 0xc0, 0x80,
    0x92, 0x00, 0x03, 0x80, 0xc0, 0xe0, 0xe0, 0x98, 0xf0, 0x03, 0xe0, 0xe0, 0xc0, 0x80, 0xa8, 0x00,
    0x00, 0xfc, 0xa2, 0xff, 0x00, 0xfc, 0x8e, 0x00, 0x00, 0xfc, 0xa2, 0xff, 0x00, 0xfc, 0xa6, 0x00,
    0x8c, 0xff, 0x02, 0x3f, 0x1f, 0x0f, 0x84, 0x07, 0x02, 0x0f, 0x1f, 0x3f, 0x8c, 0xff, 0x8e, 0x00,
    0x8c, 0xff, 0x02, 0x3f, 0x1f, 0x0f, 0x84, 0x07, 0x02, 0x0f, 0x1f, 0x3f, 0x8c, 0xff, 0xa6, 0x00,
    0x8c, 0xff, 0x02, 0xf8, 0xf0, 0xe0, 0x84, 0xc0, 0x02, 0xe0, 0xf0, 0xf8, 0x8c, 0xff, 0x8e, 0x00,
    0x8c, 0xff, 0x02, 0xf8, 0xf0, 0xe0, 0x84, 0xc0, 0x02, 0xe0, 0xf0, 0xf8, 0x8c, 0xff, 0xa6, 0x00,
    0x00, 0x7f, 0xa2, 0xff, 0x00, 0x7f, 0x8e, 0x00, 0x00, 0x7f, 0xa2, 0xff, 0x00, 0x7f, 0xa7, 0x00,
    0x04, 0x01, 0x03, 0x07, 0x0f, 0x0f, 0x98, 0x1f, 0x04, 0x0f, 0x0f, 0x07, 0x03, 0x01, 0x90, 0x00,
    0x04, 0x01, 0x03, 0x07, 0x0f, 0x0f, 0x98, 0x1f, 0x04, 0x0f, 0x0f, 0x07, 0x03, 0x01, 0xff, 0x00,
    0x93, 0x00,
};

static const uint8_t s_anim_blink_f07[] = {
    0xff, 0x00, 0x95, 0x00, 0x03, 0x80, 0xc0, 0xe0, 0xe0, 0x98, 0xf0, 0x03, 0xe0, 0xe0, 0xc0, 0x80,
    0x92, 0x00, 0x03, 0x80, 0xc0, 0xe0, 0xe0, 0x98, 0xf0, 0x03, 0xe0, 0xe0, 0xc0, 0x80, 0xa8, 0x00,
    0x00, 0xfc, 0xa2, 0xff, 0x00, 0xfc, 0x8e, 0x00, 0x00, 0xfc, 0xa2, 0xff, 0x00, 0xfc, 0xa6, 0x00,
    0x8c, 0xff, 0x02, 0x3f, 0x1f, 0x0f, 0x84, 0x07, 0x02, 0x0f, 0x1f, 0x3f, 0x8c, 0xff, 0x8e, 0x00,
    0x8c, 0xff, 0x02, 0x3f, 0x1f, 0x0f, 0x84, 0x07, 0x02, 0x0f, 0x1f, 0x3f, 0x8c, 0xff, 0xa6, 0x00,
    0x8c, 0xff, 0x02, 0xf8, 0xf0, 0xe0, 0x84, 0xc0, 0x02, 0xe0, 0xf0, 0xf8, 0x8c, 0xff, 0x8e, 0x00,
    0x8c, 0xff, 0x02, 0xf8, 0xf0, 0xe0, 0x84, 0xc0, 0x02, 0xe0, 0xf0, 0xf8, 0x8c, 0xff, 0xa6, 0x00,
    0x00, 0x7f, 0xa2, 0xff, 0x00, 0x7f, 0x8e, 0x00, 0x00, 0x7f, 0xa2, 0xff, 0x00, 0x7f, 0xa7, 0x00,
    0x04, 0x01, 0x03, 0x07, 0x0f, 0x0f, 0x98, 0x1f, 0x04, 0x0f, 0x0f, 0x07, 0x03, 0x01, 0x90, 0x00,
    0x04, 0x01, 0x03, 0x07, 0x0f, 0x0f, 0x98, 0x1f, 0x04, 0x0f, 0x0f, 0x07, 0x03, 0x01, 0xff, 0x00,
    0x93, 0x00,
};

static const uint8_t s_anim_blink_f08[] = {
    0xff, 0x00, 0x95, 0x00, 0x03, 0x80, 0xc0, 0xe0, 0xe0, 0x98, 0xf0, 0x03, 0xe0, 0xe0, 0xc0, 0x80,
    0x92, 0x00, 0x03, 0x80, 0xc0, 0xe0, 0xe0, 0x98, 0xf0, 0x03, 0xe0, 0xe0, 0xc0, 0x80, 0xa8, 0x00,
    0x00, 0xfc, 0xa2, 0xff, 0x00, 0xfc, 0x8e, 0x00, 0x00, 0xfc, 0xa2, 0xff, 0x00, 0xfc, 0xa6, 0x00,
    0x8c, 0xff, 0x02, 0x3f, 0x1f, 0x0f, 0x84, 0x07, 0x02, 0x0f, 0x1f, 0x3f, 0x8c, 0xff, 0x8e, 0x00,
    0x8c, 0xff, 0x02, 0x3f, 0x1f, 0x0f, 0x84, 0x07, 0x02, 0x0f, 0x1f, 0x3f, 0x8c, 0xff, 0xa6, 0x00,
    0x8c, 0xff, 0x02, 0xf8, 0xf0, 0xe0, 0x84, 0xc0, 0x02, 0xe0, 0xf0, 0xf8, 0x8c, 0xff, 0x8e, 0x00,
    0x8c, 0xff, 0x02, 0xf8, 0xf0, 0xe0, 0x84, 0xc0, 0x02, 0xe0, 0xf0, 0xf8, 0x8c, 0xff, 0xa6, 0x00,
    0x00, 0x7f, 0xa2, 0xff, 0x00, 0x7f, 0x8e, 0x00, 0x00, 0x7f, 0xa2, 0xff, 0x00, 0x7f, 0xa7, 0x00,
    0x04, 0x01, 0x03, 0x07, 0x0f, 0x0f, 0x98, 0x1f, 0x04, 0x0f, 0x0f, 0x07, 0x03, 0x01, 0x90, 0x00,
    0x04, 0x01, 0x03, 0x07, 0x0f, 0x0f, 0x98, 0x1f, 0x04, 0x0f, 0x0f, 0x07, 0x03, 0x01, 0xff, 0x00,
    0x93, 0x00,
};

static const uint8_t s_anim_blink_f09[] = {
    0xff, 0x00, 0x95, 0x00, 0x03, 0x80, 0xc0, 0xe0, 0xe0, 0x98, 0xf0, 0x03, 0xe0, 0xe0, 0xc0, 0x80,
    0x92, 0x00, 0x03, 0x80, 0xc0, 0xe0, 0xe0, 0x98, 0xf0, 0x03, 0xe0, 0xe0, 0xc0, 0x80, 0xa8, 0x00,
    0x00, 0xfc, 0xa2, 0xff, 0x00, 0xfc, 0x8e, 0x00, 0x00, 0xfc, 0xa2, 0xff, 0x00, 0xfc, 0xa6, 0x00,
    0x8c, 0xff, 0x02, 0x3f, 0x1f, 0x0f, 0x84, 0x07, 0x02, 0x0f, 0x1f, 0x3f, 0x8c, 0xff, 0x8e, 0x00,
    0x8c, 0xff, 0x02, 0x3f, 0x1f, 0x0f, 0x84, 0x07, 0x02, 0x0f, 0x1f, 0x3f, 0x8c, 0xff, 0xa6, 0x00,
    0x8c, 0xff, 0x02, 0xf8, 0xf0, 0xe0, 0x84, 0xc0, 0x02, 0xe0, 0xf0, 0xf8, 0x8c, 0xff, 0x8e, 0x00,
    0x8c, 0xff, 0x02, 0xf8, 0xf0, 0xe0, 0x84, 0xc0, 0x02, 0xe0, 0xf0, 0xf8, 0x8c, 0xff, 0xa6, 0x00,
    0x00, 0x7f, 0xa2, 0xff, 0x00, 0x7f, 0x8e, 0x00, 0x00, 0x7f, 0xa2, 0xff, 0x00, 0x7f, 0xa7, 0x00,
    0x04, 0x01, 0x03, 0x07, 0x0f, 0x0f, 0x98, 0x1f, 0x04, 0x0f, 0x0f, 0x07, 0x03, 0x01, 0x90, 0x00,
    0x04, 0x01, 0x03, 0x07, 0x0f, 0x0f, 0x98, 0x1f, 0x04, 0x0f, 0x0f, 0x07, 0x03, 0x01, 0xff, 0x00,
    0x93, 0x00,
};

static const uint8_t s_anim_blink_f10[] = {
    0xff, 0x00, 0x95, 0x00, 0x03, 0x80, 0xc0, 0xe0, 0xe0, 0x98, 0xf0, 0x03, 0xe0, 0xe0, 0xc0, 0x80,
    0x92, 0x00, 0x03, 0x80, 0xc0, 0xe0, 0xe0, 0x98, 0xf0, 0x03, 0xe0, 0xe0, 0xc0, 0x80, 0xa8, 0x00,
    0x00, 0xfc, 0xa2, 0xff, 0x00, 0xfc, 0x8e, 0x00, 0x00, 0xfc, 0xa2, 0xff, 0x00, 0xfc, 0xa6, 0x00,
    0x8c, 0xff, 0x02, 0x3f, 0x1f, 0x0f, 0x84, 0x07, 0x02, 0x0f, 0x1f, 0x3f, 0x8c, 0xff, 0x8e, 0x00,
    0x8c, 0xff, 0x02, 0x3f, 0x1f, 0x0f, 0x84, 0x07, 0x02, 0x0f, 0x1f, 0x3f, 0x8c, 0xff, 0xa6, 0x00,
    0x8c, 0xff, 0x02, 0xf8, 0xf0, 0xe0, 0x84, 0xc0, 0x02, 0xe0, 0xf0, 0xf8, 0x8c, 0xff, 0x8e, 0x00,
    0x8c, 0xff, 0x02, 0xf8, 0xf0, 0xe0, 0x84, 0xc0, 0x02, 0xe0, 0xf0, 0xf8, 0x8c, 0xff, 0xa6, 0x00,
    0x00, 0x7f, 0xa2, 0xff, 0x00, 0x7f, 0x8e, 0x00, 0x00, 0x7f, 0xa2, 0xff, 0x00, 0x7f, 0xa7, 0x00,
    0x04, 0x01, 0x03, 0x07, 0x0f, 0x0f, 0x98, 0x1f, 0x04, 0x0f, 0x0f, 0x07, 0x03, 0x01, 0x90, 0x00,
    0x04, 0x01, 0x03, 0x07, 0x0f, 0x0f, 0x98, 0x1f, 0x04, 0x0f, 0x0f, 0x07, 0x03, 0x01, 0xff, 0x00,
    0x93, 0x00,
};

static const uint8_t s_anim_blink_f11[] = {
    0xff, 0x00, 0x95, 0x00, 0x03, 0x80, 0xc0, 0xe0, 0xe0, 0x98, 0xf0, 0x03, 0xe0, 0xe0, 0xc0, 0x80,
    0x92, 0x00, 0x03, 0x80, 0xc0, 0xe0, 0xe0, 0x98, 0xf0, 0x03, 0xe0, 0xe0, 0xc0, 0x80, 0xa8, 0x00,
    0x00, 0xfc, 0xa2, 0xff, 0x00, 0xfc, 0x8e, 0x00, 0x00, 0xfc, 0xa2, 0xff, 0x00, 0xfc, 0xa6, 0x00,
    0x8c, 0xff, 0x02, 0x3f, 0x1f, 0x0f, 0x84, 0x07, 0x02, 0x0f, 0x1f, 0x3f, 0x8c, 0xff, 0x8e, 0x00,
    0x8c, 0xff, 0x02, 0x3f, 0x1f, 0x0f, 0x84, 0x07, 0x02, 0x0f, 0x1f, 0x3f, 0x8c, 0xff, 0xa6, 0x00,
    0x8c, 0xff, 0x02, 0xf8, 0xf0, 0xe0, 0x84, 0xc0, 0x02, 0xe0, 0xf0, 0xf8, 0x8c, 0xff, 0x8e, 0x00,
    0x8c, 0xff, 0x02, 0xf8, 0xf0, 0xe0, 0x84, 0xc0, 0x02, 0xe0, 0xf0, 0xf8, 0x8c, 0xff, 0xa6, 0x00,
    0x00, 0x7f, 0xa2, 0xff, 0x00, 0x7f, 0x8e, 0x00, 0x00, 0x7f, 0xa2, 0xff, 0x00, 0x7f, 0xa7, 0x00,
    0x04, 0x01, 0x03, 0x07, 0x0f, 0x0f, 0x98, 0x1f, 0x04, 0x0f, 0x0f, 0x07, 0x03, 0x01, 0x90, 0x00,
    0x04, 0x01, 0x03, 0x07, 0x0f, 0x0f, 0x98, 0x1f, 0x04, 0x0f, 0x0f, 0x07, 0x03, 0x01, 0xff, 0x00,
    0x93, 0x00,
};

static const uint8_t s_anim_blink_f12[] = {
    0xff, 0x00, 0x95, 0x00, 0x03, 0x80, 0xc0, 0xe0, 0xe0, 0x98, 0xf0, 0x03, 0xe0, 0xe0, 0xc0, 0x80,
    0x92, 0x00, 0x03, 0x80, 0xc0, 0xe0, 0xe0, 0x98, 0xf0, 0x03, 0xe0, 0xe0, 0xc0, 0x80, 0xa8, 0x00,
    0x00, 0xfc, 0xa2, 0xff, 0x00, 0xfc, 0x8e, 0x00, 0x00, 0xfc, 0xa2, 0xff, 0x00, 0xfc, 0xa6, 0x00,
    0x8c, 0xff, 0x02, 0x3f, 0x1f, 0x0f, 0x84, 0x07, 0x02, 0x0f, 0x1f, 0x3f, 0x8c, 0xff, 0x8e, 0x00,
    0x8c, 0xff, 0x02, 0x3f, 0x1f, 0x0f, 0x84, 0x07, 0x02, 0x0f, 0x1f, 0x3f, 0x8c, 0xff, 0xa6, 0x00,
    0x8c, 0xff, 0x02, 0xf8, 0xf0, 0xe0, 0x84, 0xc0, 0x02, 0xe0, 0xf0, 0xf8, 0x8c, 0xff, 0x8e, 0x00,
    0x8c, 0xff, 0x02, 0xf8, 0xf0, 0xe0, 0x84, 0xc0, 0x02, 0xe0, 0xf0, 0xf8, 0x8c, 0xff, 0xa6, 0x00,
    0x00, 0x7f, 0xa2, 0xff, 0x00, 0x7f, 0x8e, 0x00, 0x00, 0x7f, 0xa2, 0xff, 0x00, 0x7f, 0xa7, 0x00,
    0x04, 0x01, 0x03, 0x07, 0x0f, 0x0f, 0x98, 0x1f, 0x04, 0x0f, 0x0f, 0x07, 0x03, 0x01, 0x90, 0x00,
    0x04, 0x01, 0x03, 0x07, 0x0f, 0x0f, 0x98, 0x1f, 0x04, 0x0f, 0x0f, 0x07, 0x03, 0x01, 0xff, 0x00,
    0x93, 0x00,
};

static const uint8_t s_anim_blink_f13[] = {
    0xff, 0x00, 0x95, 0x00, 0x03, 0x80, 0xc0, 0xe0, 0xe0, 0x98, 0xf0, 0x03, 0xe0, 0xe0, 0xc0, 0x80,
    0x92, 0x00, 0x03, 0x80, 0xc0, 0xe0, 0xe0, 0x98, 0xf0, 0x03, 0xe0, 0xe0, 0xc0, 0x80, 0xa8, 0x00,
    0x00, 0xfc, 0xa2, 0xff, 0x00, 0xfc, 0x8e, 0x00, 0x00, 0xfc, 0xa2, 0xff, 0x00, 0xfc, 0xa6, 0x00,
    0x8c, 0xff, 0x02, 0x3f, 0x1f, 0x0f, 0x84, 0x07, 0x02, 0x0f, 0x1f, 0x3f, 0x8c, 0xff, 0x8e, 0x00,
    0x8c, 0xff, 0x02, 0x3f, 0x1f, 0x0f, 0x84, 0x07, 0x02, 0x0f, 0x1f, 0x3f, 0x8c, 0xff, 0xa6, 0x00,
    0x8c, 0xff, 0x02, 0xf8, 0xf0, 0xe0, 0x84, 0xc0, 0x02, 0xe0, 0xf0, 0xf8, 0x8c, 0xff, 0x8e, 0x00,
    0x8c, 0xff, 0x02, 0xf8, 0xf0, 0xe0, 0x84, 0xc0, 0x02, 0xe0, 0xf0, 0xf8, 0x8c, 0xff, 0xa6, 0x00,
    0x00, 0x7f, 0xa2, 0xff, 0x00, 0x7f, 0x8e, 0x00, 0x00, 0x7f, 0xa2, 0xff, 0x00, 0x7f, 0xa7, 0x00,
    0x04, 0x01, 0x03, 0x07, 0x0f, 0x0f, 0x98, 0x1f, 0x04, 0x0f, 0x0f, 0x07, 0x03, 0x01, 0x90, 0x00,
    0x04, 0x01, 0x03, 0x07, 0x0f, 0x0f, 0x98, 0x1f, 0x04, 0x0f, 0x0f, 0x07, 0x03, 0x01, 0xff, 0x00,
    0x93, 0x00,
};

static const uint8_t s_anim_blink_f14[] = {
    0xff, 0x00, 0x95, 0x00, 0x03, 0x80, 0xc0, 0xe0, 0xe0, 0x98, 0xf0, 0x03, 0xe0, 0xe0, 0xc0, 0x80,
    0x92, 0x00, 0x03, 0x80, 0xc0, 0xe0, 0xe0, 0x98, 0xf0, 0x03, 0xe0, 0xe0, 0xc0, 0x80, 0xa8, 0x00,
    0x00, 0xfc, 0xa2, 0xff, 0x00, 0xfc, 0x8e, 0x00, 0x00, 0xfc, 0xa2, 0xff, 0x00, 0xfc, 0xa6, 0x00,
    0x8c, 0xff, 0x02, 0x3f, 0x1f, 0x0f, 0x84, 0x07, 0x02, 0x0f, 0x1f, 0x3f, 0x8c, 0xff, 0x8e, 0x00,
    0x8c, 0xff, 0x02, 0x3f, 0x1f, 0x0f, 0x84, 0x07, 0x02, 0x0f, 0x1f, 0x3f, 0x8c, 0xff, 0xa6, 0x00,
    0x8c, 0xff, 0x02, 0xf8, 0xf0, 0xe0, 0x84, 0xc0, 0x02, 0xe0, 0xf0, 0xf8, 0x8c, 0xff, 0x8e, 0x00,
    0x8c, 0xff, 0x02, 0xf8, 0xf0, 0xe0, 0x84, 0xc0, 0x02, 0xe0, 0xf0, 0xf8, 0x8c, 0xff, 0xa6, 0x00,
    0x00, 0x7f, 0xa2, 0xff, 0x00, 0x7f, 0x8e, 0x00, 0x00, 0x7f, 0xa2, 0xff, 0x00, 0x7f, 0xa7, 0x00,
    0x04, 0x01, 0x03, 0x07, 0x0f, 0x0f, 0x98, 0x1f, 0x04, 0x0f, 0x0f, 0x07, 0x03, 0x01, 0x90, 0x00,
    0x04, 0x01, 0x03, 0x07, 0x0f, 0x0f, 0x98, 0x1f, 0x04, 0x0f, 0x0f, 0x07, 0x03, 0x01, 0xff, 0x00,
    0x93, 0x00,
};

static const uint8_t s_anim_blink_f15[] = {
    0xff, 0x00, 0xff, 0x00, 0xff, 0x00, 0x95, 0x00, 0xa0, 0x80, 0x92, 0x00, 0xa0, 0x80, 0xaa, 0x00,
    0xa0, 0x03, 0x92, 0x00, 0xa0, 0x03, 0xff, 0x00, 0xff, 0x00, 0xff, 0x00, 0x94, 0x00,
};

static const uint8_t s_anim_blink_f16[] = {
    0xff, 0x00, 0xff, 0x00, 0xff, 0x00, 0x95, 0x00, 0xa0, 0x80, 0x92, 0x00, 0xa0, 0x80, 0xaa, 0x00,
    0xa0, 0x03, 0x92, 0x00, 0xa0, 0x03, 0xff, 0x00, 0xff, 0x00, 0xff, 0x00, 0x94, 0x00,
};

static const uint8_t s_anim_blink_f17[] = {
    0xff, 0x00, 0xff, 0x00, 0xff, 0x00, 0x95, 0x00, 0xa0, 0x80, 0x92, 0x00, 0xa0, 0x80, 0xaa, 0x00,
    0xa0, 0x03, 0x92, 0x00, 0xa0, 0x03, 0xff, 0x00, 0xff, 0x00, 0xff, 0x00, 0x94, 0x00,
};

static const uint8_t s_anim_blink_f18[] = {
    0xff, 0x00, 0x95, 0x00, 0x03, 0x80, 0xc0, 0xe0, 0xe0, 0x98, 0xf0, 0x03, 0xe0, 0xe0, 0xc0, 0x80,
    0x92, 0x00, 0x03, 0x80, 0xc0, 0xe0, 0xe0, 0x98, 0xf0, 0x03, 0xe0, 0xe0, 0xc0, 0x80, 0xa8, 0x00,
    0x00, 0xfc, 0xa2, 0xff, 0x00, 0xfc, 0x8e, 0x00, 0x00, 0xfc, 0xa2, 0xff, 0x00, 0xfc, 0xa6, 0x00,
    0x8c, 0xff, 0x02, 0x3f, 0x1f, 0x0f, 0x84, 0x07, 0x02, 0x0f, 0x1f, 0x3f, 0x8c, 0xff, 0x8e, 0x00,
    0x8c, 0xff, 0x02, 0x3f, 0x1f, 0x0f, 0x84, 0x07, 0x02, 0x0f, 0x1f, 0x3f, 0x8c, 0xff, 0xa6, 0x00,
    0x8c, 0xff, 0x02, 0xf8, 0xf0, 0xe0, 0x84, 0xc0, 0x02, 0xe0, 0xf0, 0xf8, 0x8c, 0xff, 0x8e, 0x00,
    0x8c, 0xff, 0x02, 0xf8, 0xf0, 0xe0, 0x84, 0xc0, 0x02, 0xe0, 0xf0, 0xf8, 0x8c, 0xff, 0xa6, 0x00,
    0x00, 0x7f, 0xa2, 0xff, 0x00, 0x7f, 0x8e, 0x00, 0x00, 0x7f, 0xa2, 0xff, 0x00, 0x7f, 0xa7, 0x00,
    0x04, 0x01, 0x03, 0x07, 0x0f, 0x0f, 0x98, 0x1f, 0x04, 0x0f, 0x0f, 0x07, 0x03, 0x01, 0x90, 0x00,
    0x04, 0x01, 0x03, 0x07, 0x0f, 0x0f, 0x98, 0x1f, 0x04, 0x0f, 0x0f, 0x07, 0x03, 0x01, 0xff, 0x00,
    0x93, 0x00,
};

static const uint8_t s_anim_blink_f19[] = {
    0xff, 0x00, 0x95, 0x00, 0x03, 0x80, 0xc0, 0xe0, 0xe0, 0x98, 0xf0, 0x03, 0xe0, 0xe0, 0xc0, 0x80,
    0x92, 0x00, 0x03, 0x80, 0xc0, 0xe0, 0xe0, 0x98, 0xf0, 0x03, 0xe0, 0xe0, 0xc0, 0x80, 0xa8, 0x00,
    0x00, 0xfc, 0xa2, 0xff, 0x00, 0xfc, 0x8e, 0x00, 0x00, 0xfc, 0xa2, 0xff, 0x00, 0xfc, 0xa6, 0x00,
    0x8c, 0xff, 0x02, 0x3f, 0x1f, 0x0f, 0x84, 0x07, 0x02, 0x0f, 0x1f, 0x3f, 0x8c, 0xff, 0x8e, 0x00,
    0x8c, 0xff, 0x02, 0x3f, 0x1f, 0x0f, 0x84, 0x07, 0x02, 0x0f, 0x1f, 0x3f, 0x8c, 0xff, 0xa6, 0x00,
    0x8c, 0xff, 0x02, 0xf8, 0xf0, 0xe0, 0x84, 0xc0, 0x02, 0xe0, 0xf0, 0xf8, 0x8c, 0xff, 0x8e, 0x00,
    0x8c, 0xff, 0x02, 0xf8, 0xf0, 0xe0, 0x84, 0xc0, 0x02, 0xe0, 0xf0, 0xf8, 0x8c, 0xff, 0xa6, 0x00,
    0x00, 0x7f, 0xa2, 0xff, 0x00, 0x7f, 0x8e, 0x00, 0x00, 0x7f, 0xa2, 0xff, 0x00, 0x7f, 0xa7, 0x00,
    0x04, 0x01, 0x03, 0x07, 0x0f, 0x0f, 0x98, 0x1f, 0x04, 0x0f, 0x0f, 0x07, 0x03, 0x01, 0x90, 0x00,
    0x04, 0x01, 0x03, 0x07, 0x0f, 0x0f, 0x98, 0x1f, 0x04, 0x0f, 0x0f, 0x07, 0x03, 0x01, 0xff, 0x00,
    0x93, 0x00,
};

static const uint8_t s_anim_blink_f20[] = {
    0xff, 0x00, 0x95, 0x00, 0x03, 0x80, 0xc0, 0xe0, 0xe0, 0x98, 0xf0, 0x03, 0xe0, 0xe0, 0xc0, 0x80,
    0x92, 0x00, 0x03, 0x80, 0xc0, 0xe0, 0xe0, 0x98, 0xf0, 0x03, 0xe0, 0xe0, 0xc0, 0x80, 0xa8, 0x00,
    0x00, 0xfc, 0xa2, 0xff, 0x00, 0xfc, 0x8e, 0x00, 0x00, 0xfc, 0xa2, 0xff, 0x00, 0xfc, 0xa6, 0x00,
    0x8c, 0xff, 0x02, 0x3f, 0x1f, 0x0f, 0x84, 0x07, 0x02, 0x0f, 0x1f, 0x3f, 0x8c, 0xff, 0x8e, 0x00,
    0x8c, 0xff, 0x02, 0x3f, 0x1f, 0x0f, 0x84, 0x07, 0x02, 0x0f, 0x1f, 0x3f, 0x8c, 0xff, 0xa6, 0x00,
    0x8c, 0xff, 0x02, 0xf8, 0xf0, 0xe0, 0x84, 0xc0, 0x02, 0xe0, 0xf0, 0xf8, 0x8c, 0xff, 0x8e, 0x00,
    0x8c, 0xff, 0x02, 0xf8, 0xf0, 0xe0, 0x84, 0xc0, 0x02, 0xe0, 0xf0, 0xf8, 0x8c, 0xff, 0xa6, 0x00,
    0x00, 0x7f, 0xa2, 0xff, 0x00, 0x7f, 0x8e, 0x00, 0x00, 0x7f, 0xa2, 0xff, 0x00, 0x7f, 0xa7, 0x00,
    0x04, 0x01, 0x03, 0x07, 0x0f, 0x0f, 0x98, 0x1f, 0x04, 0x0f, 0x0f, 0x07, 0x03, 0x01, 0x90, 0x00,
    0x04, 0x01, 0x03, 0x07, 0x0f, 0x0f, 0x98, 0x1f, 0x04, 0x0f, 0x0f, 0x07, 0x03, 0x01, 0xff, 0x00,
    0x93, 0x00,
};

static const uint8_t s_anim_blink_f21[] = {
    0xff, 0x00, 0x95, 0x00, 0x03, 0x80, 0xc0, 0xe0, 0xe0, 0x98, 0xf0, 0x03, 0xe0, 0xe0, 0xc0, 0x80,
    0x92, 0x00, 0x03, 0x80, 0xc0, 0xe0, 0xe0, 0x98, 0xf0, 0x03, 0xe0, 0xe0, 0xc0, 0x80, 0xa8, 0x00,
    0x00, 0xfc, 0xa2, 0xff, 0x00, 0xfc, 0x8e, 0x00, 0x00, 0xfc, 0xa2, 0xff, 0x00, 0xfc, 0xa6, 0x00,
    0x8c, 0xff, 0x02, 0x3f, 0x1f, 0x0f, 0x84, 0x07, 0x02, 0x0f, 0x1f, 0x3f, 0x8c, 0xff, 0x8e, 0x00,
    0x8c, 0xff, 0x02, 0x3f, 0x1f, 0x0f, 0x84, 0x07, 0x02, 0x0f, 0x1f, 0x3f, 0x8c, 0xff, 0xa6, 0x00,
    0x8c, 0xff, 0x02, 0xf8, 0xf0, 0xe0, 0x84, 0xc0, 0x02, 0xe0, 0xf0, 0xf8, 0x8c, 0xff, 0x8e, 0x00,
    0x8c, 0xff, 0x02, 0xf8, 0xf0, 0xe0, 0x84, 0xc0, 0x02, 0xe0, 0xf0, 0xf8, 0x8c, 0xff, 0xa6, 0x00,
    0x00, 0x7f, 0xa2, 0xff, 0x00, 0x7f, 0x8e, 0x00, 0x00, 0x7f, 0xa2, 0xff, 0x00, 0x7f, 0xa7, 0x00,
    0x04, 0x01, 0x03, 0x07, 0x0f, 0x0f, 0x98, 0x1f, 0x04, 0x0f, 0x0f, 0x07, 0x03, 0x01, 0x90, 0x00,
    0x04, 0x01, 0x03, 0x07, 0x0f, 0x0f, 0x98, 0x1f, 0x04, 0x0f, 0x0f, 0x07, 0x03, 0x01, 0xff, 0x00,
    0x93, 0x00,
};

static const uint8_t s_anim_blink_f22[] = {
    0xff, 0x00, 0x95, 0x00, 0x03, 0x80, 0xc0, 0xe0, 0xe0, 0x98, 0xf0, 0x03, 0xe0, 0xe0, 0xc0, 0x80,
    0x92, 0x00, 0x03, 0x80, 0xc0, 0xe0, 0xe0, 0x98, 0xf0, 0x03, 0xe0, 0xe0, 0xc0, 0x80, 0xa8, 0x00,
    0x00, 0xfc, 0xa2, 0xff, 0x00, 0xfc, 0x8e, 0x00, 0x00, 0xfc, 0xa2, 0xff, 0x00, 0xfc, 0xa6, 0x00,
    0x8c, 0xff, 0x02, 0x3f, 0x1f, 0x0f, 0x84, 0x07, 0x02, 0x0f, 0x1f, 0x3f, 0x8c, 0xff, 0x8e, 0x00,
    0x8c, 0xff, 0x02, 0x3f, 0x1f, 0x0f, 0x84, 0x07, 0x02, 0x0f, 0x1f, 0x3f, 0x8c, 0xff, 0xa6, 0x00,
    0x8c, 0xff, 0x02, 0xf8, 0xf0, 0xe0, 0x84, 0xc0, 0x02, 0xe0, 0xf0, 0xf8, 0x8c, 0xff, 0x8e, 0x00,
    0x8c, 0xff, 0x02, 0xf8, 0xf0, 0xe0, 0x84, 0xc0, 0x02, 0xe0, 0xf0, 0xf8, 0x8c, 0xff, 0xa6, 0x00,
    0x00, 0x7f, 0xa2, 0xff, 0x00, 0x7f, 0x8e, 0x00, 0x00, 0x7f, 0xa2, 0xff, 0x00, 0x7f, 0xa7, 0x00,
    0x04, 0x01, 0x03, 0x07, 0x0f, 0x0f, 0x98, 0x1f, 0x04, 0x0f, 0x0f, 0x07, 0x03, 0x01, 0x90, 0x00,
    0x04, 0x01, 0x03, 0x07, 0x0f, 0x0f, 0x98, 0x1f, 0x04, 0x0f, 0x0f, 0x07, 0x03, 0x01, 0xff, 0x00,
    0x93, 0x00,
};

static const uint8_t s_anim_blink_f23[] = {
    0xff, 0x00, 0x95, 0x00, 0x03, 0x80, 0xc0, 0xe0, 0xe0, 0x98, 0xf0, 0x03, 0xe0, 0xe0, 0xc0, 0x80,
    0x92, 0x00, 0x03, 0x80, 0xc0, 0xe0, 0xe0, 0x98, 0xf0, 0x03, 0xe0, 0xe0, 0xc0, 0x80, 0xa8, 0x00,
    0x00, 0xfc, 0xa2, 0xff, 0x00, 0xfc, 0x8e, 0x00, 0x00, 0xfc, 0xa2, 0xff, 0x00, 0xfc, 0xa6, 0x00,
    0x8c, 0xff, 0x02, 0x3f, 0x1f, 0x0f, 0x84, 0x07, 0x02, 0x0f, 0x1f, 0x3f, 0x8c, 0xff, 0x8e, 0x00,
    0x8c, 0xff, 0x02, 0x3f, 0x1f, 0x0f, 0x84, 0x07, 0x02, 0x0f, 0x1f, 0x3f, 0x8c, 0xff, 0xa6, 0x00,
    0x8c, 0xff, 0x02, 0xf8, 0xf0, 0xe0, 0x84, 0xc0, 0x02, 0xe0, 0xf0, 0xf8, 0x8c, 0xff, 0x8e, 0x00,
    0x8c, 0xff, 0x02, 0xf8, 0xf0, 0xe0, 0x84, 0xc0, 0x02, 0xe0, 0xf0, 0xf8, 0x8c, 0xff, 0xa6, 0x00,
    0x00, 0x7f, 0xa2, 0xff, 0x00, 0x7f, 0x8e, 0x00, 0x00, 0x7f, 0xa2, 0xff, 0x00, 0x7f, 0xa7, 0x00,
    0x04, 0x01, 0x03, 0x07, 0x0f, 0x0f, 0x98, 0x1f, 0x04, 0x0f, 0x0f, 0x07, 0x03, 0x01, 0x90, 0x00,
    0x04, 0x01, 0x03, 0x07, 0x0f, 0x0f, 0x98, 0x1f, 0x04, 0x0f, 0x0f, 0x07, 0x03, 0x01, 0xff, 0x00,
    0x93, 0x00,
};

static const uint8_t s_anim_blink_f24[] = {
    0xff, 0x00, 0x95, 0x00, 0x03, 0x80, 0xc0, 0xe0, 0xe0, 0x98, 0xf0, 0x03, 0xe0, 0xe0, 0xc0, 0x80,
    0x92, 0x00, 0x03, 0x80, 0xc0, 0xe0, 0xe0, 0x98, 0xf0, 0x03, 0xe0, 0xe0, 0xc0, 0x80, 0xa8, 0x00,
    0x00, 0xfc, 0xa2, 0xff, 0x00, 0xfc, 0x8e, 0x00, 0x00, 0xfc, 0xa2, 0xff, 0x00, 0xfc, 0xa6, 0x00,
    0x8c, 0xff, 0x02, 0x3f, 0x1f, 0x0f, 0x84, 0x07, 0x02, 0x0f, 0x1f, 0x3f, 0x8c, 0xff, 0x8e, 0x00,
    0x8c, 0xff, 0x02, 0x3f, 0x1f, 0x0f, 0x84, 0x07, 0x02, 0x0f, 0x1f, 0x3f, 0x8c, 0xff, 0xa6, 0x00,
    0x8c, 0xff, 0x02, 0xf8, 0xf0, 0xe0, 0x84, 0xc0, 0x02, 0xe0, 0xf0, 0xf8, 0x8c, 0xff, 0x8e, 0x00,
    0x8c, 0xff, 0x02, 0xf8, 0xf0, 0xe0, 0x84, 0xc0, 0x02, 0xe0, 0xf0, 0xf8, 0x8c, 0xff, 0xa6, 0x00,
    0x00, 0x7f, 0xa2, 0xff, 0x00, 0x7f, 0x8e, 0x00, 0x00, 0x7f, 0xa2, 0xff, 0x00, 0x7f, 0xa7, 0x00,
    0x04, 0x01, 0x03, 0x07, 0x0f, 0x0f, 0x98, 0x1f, 0x04, 0x0f, 0x0f, 0x07, 0x03, 0x01, 0x90, 0x00,
    0x04, 0x01, 0x03, 0x07, 0x0f, 0x0f, 0x98, 0x1f, 0x04, 0x0f, 0x0f, 0x07, 0x03, 0x01, 0xff, 0x00,
    0x93, 0x00,
};

static const uint8_t s_anim_blink_f25[] = {
    0xff, 0x00, 0x95, 0x00, 0x03, 0x80, 0xc0, 0xe0, 0xe0, 0x98, 0xf0, 0x03, 0xe0, 0xe0, 0xc0, 0x80,
    0x92, 0x00, 0x03, 0x80, 0xc0, 0xe0, 0xe0, 0x98, 0xf0, 0x03, 0xe0, 0xe0, 0xc0, 0x80, 0xa8, 0x00,
    0x00, 0xfc, 0xa2, 0xff, 0x00, 0xfc, 0x8e, 0x00, 0x00, 0xfc, 0xa2, 0xff, 0x00, 0xfc, 0xa6, 0x00,
    0x8c, 0xff, 0x02, 0x3f, 0x1f, 0x0f, 0x84, 0x07, 0x02, 0x0f, 0x1f, 0x3f, 0x8c, 0xff, 0x8e, 0x00,
    0x8c, 0xff, 0x02, 0x3f, 0x1f, 0x0f, 0x84, 0x07, 0x02, 0x0f, 0x1f, 0x3f, 0x8c, 0xff, 0xa6, 0x00,
    0x8c, 0xff, 0x02, 0xf8, 0xf0, 0xe0, 0x84, 0xc0, 0x02, 0xe0, 0xf0, 0xf8, 0x8c, 0xff, 0x8e, 0x00,
    0x8c, 0xff, 0x02, 0xf8, 0xf0, 0xe0, 0x84, 0xc0, 0x02, 0xe0, 0xf0, 0xf8, 0x8c, 0xff, 0xa6, 0x00,
    0x00, 0x7f, 0xa2, 0xff, 0x00, 0x7f, 0x8e, 0x00, 0x00, 0x7f, 0xa2, 0xff, 0x00, 0x7f, 0xa7, 0x00,
    0x04, 0x01, 0x03, 0x07, 0x0f, 0x0f, 0x98, 0x1f, 0x04, 0x0f, 0x0f, 0x07, 0x03, 0x01, 0x90, 0x00,
    0x04, 0x01, 0x03, 0x07, 0x0f, 0x0f, 0x98, 0x1f, 0x04, 0x0f, 0x0f, 0x07, 0x03, 0x01, 0xff, 0x00,
    0x93, 0x00,
};

static const uint8_t s_anim_blink_f26[] = {
    0xff, 0x00, 0x95, 0x00, 0x03, 0x80, 0xc0, 0xe0, 0xe0, 0x98, 0xf0, 0x03, 0xe0, 0xe0, 0xc0, 0x80,
    0x92, 0x00, 0x03, 0x80, 0xc0, 0xe0, 0xe0, 0x98, 0xf0, 0x03, 0xe0, 0xe0, 0xc0, 0x80, 0xa8, 0x00,
    0x00, 0xfc, 0xa2, 0xff, 0x00, 0xfc, 0x8e, 0x00, 0x00, 0xfc, 0xa2, 0xff, 0x00, 0xfc, 0xa6, 0x00,
    0x8c, 0xff, 0x02, 0x3f, 0x1f, 0x0f, 0x84, 0x07, 0x02, 0x0f, 0x1f, 0x3f, 0x8c, 0xff, 0x8e, 0x00,
    0x8c, 0xff, 0x02, 0x3f, 0x1f, 0x0f, 0x84, 0x07, 0x02, 0x0f, 0x1f, 0x3f, 0x8c, 0xff, 0xa6, 0x00,
    0x8c, 0xff, 0x02, 0xf8, 0xf0, 0xe0, 0x84, 0xc0, 0x02, 0xe0, 0xf0, 0xf8, 0x8c, 0xff, 0x8e, 0x00,
    0x8c, 0xff, 0x02, 0xf8, 0xf0, 0xe0, 0x84, 0xc0, 0x02, 0xe0, 0xf0, 0xf8, 0x8c, 0xff, 0xa6, 0x00,
    0x00, 0x7f, 0xa2, 0xff, 0x00, 0x7f, 0x8e, 0x00, 0x00, 0x7f, 0xa2, 0xff, 0x00, 0x7f, 0xa7, 0x00,
    0x04, 0x01, 0x03, 0x07, 0x0f, 0x0f, 0x98, 0x1f, 0x04, 0x0f, 0x0f, 0x07, 0x03, 0x01, 0x90, 0x00,
    0x04, 0x01, 0x03, 0x07, 0x0f, 0x0f, 0x98, 0x1f, 0x04, 0x0f, 0x0f, 0x07, 0x03, 0x01, 0xff, 0x00,
    0x93, 0x00,
};

static const uint8_t s_anim_blink_f27[] = {
    0xff, 0x00, 0x95, 0x00, 0x03, 0x80, 0xc0, 0xe0, 0xe0, 0x98, 0xf0, 0x03, 0xe0, 0xe0, 0xc0, 0x80,
    0x92, 0x00, 0x03, 0x80, 0xc0, 0xe0, 0xe0, 0x98, 0xf0, 0x03, 0xe0, 0xe0, 0xc0, 0x80, 0xa8, 0x00,
    0x00, 0xfc, 0xa2, 0xff, 0x00, 0xfc, 0x8e, 0x00, 0x00, 0xfc, 0xa2, 0xff, 0x00, 0xfc, 0xa6, 0x00,
    0x8c, 0xff, 0x02, 0x3f, 0x1f, 0x0f, 0x84, 0x07, 0x02, 0x0f, 0x1f, 0x3f, 0x8c, 0xff, 0x8e, 0x00,
    0x8c, 0xff, 0x02, 0x3f, 0x1f, 0x0f, 0x84, 0x07, 0x02, 0x0f, 0x1f, 0x3f, 0x8c, 0xff, 0xa6, 0x00,
    0x8c, 0xff, 0x02, 0xf8, 0xf0, 0xe0, 0x84, 0xc0, 0x02, 0xe0, 0xf0, 0xf8, 0x8c, 0xff, 0x8e, 0x00,
    0x8c, 0xff, 0x02, 0xf8, 0xf0, 0xe0, 0x84, 0xc0, 0x02, 0xe0, 0xf0, 0xf8, 0x8c, 0xff, 0xa6, 0x00,
    0x00, 0x7f, 0xa2, 0xff, 0x00, 0x7f, 0x8e, 0x00, 0x00, 0x7f, 0xa2, 0xff, 0x00, 0x7f, 0xa7, 0x00,
    0x04, 0x01, 0x03, 0x07, 0x0f, 0x0f, 0x98, 0x1f, 0x04, 0x0f, 0x0f, 0x07, 0x03, 0x01, 0x90, 0x00,
    0x04, 0x01, 0x03, 0x07, 0x0f, 0x0f, 0x98, 0x1f, 0x04, 0x0f, 0x0f, 0x07, 0x03, 0x01, 0xff, 0x00,
    0x93, 0x00,
};

static const uint8_t s_anim_blink_f28[] = {
    0xff, 0x00, 0x95, 0x00, 0x03, 0x80, 0xc0, 0xe0, 0xe0, 0x98, 0xf0, 0x03, 0xe0, 0xe0, 0xc0, 0x80,
    0x92, 0x00, 0x03, 0x80, 0xc0, 0xe0, 0xe0, 0x98, 0xf0, 0x03, 0xe0, 0xe0, 0xc0, 0x80, 0xa8, 0x00,
    0x00, 0xfc, 0xa2, 0xff, 0x00, 0xfc, 0x8e, 0x00, 0x00, 0xfc, 0xa2, 0xff, 0x00, 0xfc, 0xa6, 0x00,
    0x8c, 0xff, 0x02, 0x3f, 0x1f, 0x0f, 0x84, 0x07, 0x02, 0x0f, 0x1f, 0x3f, 0x8c, 0xff, 0x8e, 0x00,
    0x8c, 0xff, 0x02, 0x3f, 0x1f, 0x0f, 0x84, 0x07, 0x02, 0x0f, 0x1f, 0x3f, 0x8c, 0xff, 0xa6, 0x00,
    0x8c, 0xff, 0x02, 0xf8, 0xf0, 0xe0, 0x84, 0xc0, 0x02, 0xe0, 0xf0, 0xf8, 0x8c, 0xff, 0x8e, 0x00,
    0x8c, 0xff, 0x02, 0xf8, 0xf0, 0xe0, 0x84, 0xc0, 0x02, 0xe0, 0xf0, 0xf8, 0x8c, 0xff, 0xa6, 0x00,
    0x00, 0x7f, 0xa2, 0xff, 0x00, 0x7f, 0x8e, 0x00, 0x00, 0x7f, 0xa2, 0xff, 0x00, 0x7f, 0xa7, 0x00,
    0x04, 0x01, 0x03, 0x07, 0x0f, 0x0f, 0x98, 0x1f, 0x04, 0x0f, 0x0f, 0x07, 0x03, 0x01, 0x90, 0x00,
    0x04, 0x01, 0x03, 0x07, 0x0f, 0x0f, 0x98, 0x1f, 0x04, 0x0f, 0x0f, 0x07, 0x03, 0x01, 0xff, 0x00,
    0x93, 0x00,
};

static const uint8_t s_anim_blink_f29[] = {
    0xff, 0x00, 0x95, 0x00, 0x03, 0x80, 0xc0, 0xe0, 0xe0, 0x98, 0xf0, 0x03, 0xe0, 0xe0, 0xc0, 0x80,
    0x92, 0x00, 0x03, 0x80, 0xc0, 0xe0, 0xe0, 0x98, 0xf0, 0x03, 0xe0, 0xe0, 0xc0, 0x80, 0xa8, 0x00,
    0x00, 0xfc, 0xa2, 0xff, 0x00, 0xfc, 0x8e, 0x00, 0x00, 0xfc, 0xa2, 0xff, 0x00, 0xfc, 0xa6, 0x00,
    0x8c, 0xff, 0x02, 0x3f, 0x1f, 0x0f, 0x84, 0x07, 0x02, 0x0f, 0x1f, 0x3f, 0x8c, 0xff, 0x8e, 0x00,
    0x8c, 0xff, 0x02, 0x3f, 0x1f, 0x0f, 0x84, 0x07, 0x02, 0x0f, 0x1f, 0x3f, 0x8c, 0xff, 0xa6, 0x00,
    0x8c, 0xff, 0x02, 0xf8, 0xf0, 0xe0, 0x84, 0xc0, 0x02, 0xe0, 0xf0, 0xf8, 0x8c, 0xff, 0x8e, 0x00,
    0x8c, 0xff, 0x02, 0xf8, 0xf0, 0xe0, 0x84, 0xc0, 0x02, 0xe0, 0xf0, 0xf8, 0x8c, 0xff, 0xa6, 0x00,
    0x00, 0x7f, 0xa2, 0xff, 0x00, 0x7f, 0x8e, 0x00, 0x00, 0x7f, 0xa2, 0xff, 0x00, 0x7f, 0xa7, 0x00,
    0x04, 0x01, 0x03, 0x07, 0x0f, 0x0f, 0x98, 0x1f, 0x04, 0x0f, 0x0f, 0x07, 0x03, 0x01, 0x90, 0x00,
    0x04, 0x01, 0x03, 0x07, 0x0f, 0x0f, 0x98, 0x1f, 0x04, 0x0f, 0x0f, 0x07, 0x03, 0x01, 0xff, 0x00,
    0x93, 0x00,
};

static const uint8_t s_anim_blink_f30[] = {
    0xff, 0x00, 0x95, 0x00, 0x03, 0x80, 0xc0, 0xe0, 0xe0, 0x98, 0xf0, 0x03, 0xe0, 0xe0, 0xc0, 0x80,
    0x92, 0x00, 0x03, 0x80, 0xc0, 0xe0, 0xe0, 0x98, 0xf0, 0x03, 0xe0, 0xe0, 0xc0, 0x80, 0xa8, 0x00,
    0x00, 0xfc, 0xa2, 0xff, 0x00, 0xfc, 0x8e, 0x00, 0x00, 0xfc, 0xa2, 0xff, 0x00, 0xfc, 0xa6, 0x00,
    0x8c, 0xff, 0x02, 0x3f, 0x1f, 0x0f, 0x84, 0x07, 0x02, 0x0f, 0x1f, 0x3f, 0x8c, 0xff, 0x8e, 0x00,
    0x8c, 0xff, 0x02, 0x3f, 0x1f, 0x0f, 0x84, 0x07, 0x02, 0x0f, 0x1f, 0x3f, 0x8c, 0xff, 0xa6, 0x00,
    0x8c, 0xff, 0x02, 0xf8, 0xf0, 0xe0, 0x84, 0xc0, 0x02, 0xe0, 0xf0, 0xf8, 0x8c, 0xff, 0x8e, 0x00,
    0x8c, 0xff, 0x02, 0xf8, 0xf0, 0xe0, 0x84, 0xc0, 0x02, 0xe0, 0xf0, 0xf8, 0x8c, 0xff, 0xa6, 0x00,
    0x00, 0x7f, 0xa2, 0xff, 0x00, 0x7f, 0x8e, 0x00, 0x00, 0x7f, 0xa2, 0xff, 0x00, 0x7f, 0xa7, 0x00,
    0x04, 0x01, 0x03, 0x07, 0x0f, 0x0f, 0x98, 0x1f, 0x04, 0x0f, 0x0f, 0x07, 0x03, 0x01, 0x90, 0x00,
    0x04, 0x01, 0x03, 0x07, 0x0f, 0x0f, 0x98, 0x1f, 0x04, 0x0f, 0x0f, 0x07, 0x03, 0x01, 0xff, 0x00,
    0x93, 0x00,
};

static const uint8_t s_anim_blink_f31[] = {
    0xff, 0x00, 0x95, 0x00, 0x03, 0x80, 0xc0, 0xe0, 0xe0, 0x98, 0xf0, 0x03, 0xe0, 0xe0, 0xc0, 0x80,
    0x92, 0x00, 0x03, 0x80, 0xc0, 0xe0, 0xe0, 0x98, 0xf0, 0x03, 0xe0, 0xe0, 0xc0, 0x80, 0xa8, 0x00,
    0x00, 0xfc, 0xa2, 0xff, 0x00, 0xfc, 0x8e, 0x00, 0x00, 0xfc, 0xa2, 0xff, 0x00, 0xfc, 0xa6, 0x00,
    0x8c, 0xff, 0x02, 0x3f, 0x1f, 0x0f, 0x84, 0x07, 0x02, 0x0f, 0x1f, 0x3f, 0x8c, 0xff, 0x8e, 0x00,
    0x8c, 0xff, 0x02, 0x3f, 0x1f, 0x0f, 0x84, 0x07, 0x02, 0x0f, 0x1f, 0x3f, 0x8c, 0xff, 0xa6, 0x00,
    0x8c, 0xff, 0x02, 0xf8, 0xf0, 0xe0, 0x84, 0xc0, 0x02, 0xe0, 0xf0, 0xf8, 0x8c, 0xff, 0x8e, 0x00,
    0x8c, 0xff, 0x02, 0xf8, 0xf0, 0xe0, 0x84, 0xc0, 0x02, 0xe0, 0xf0, 0xf8, 0x8c, 0xff, 0xa6, 0x00,
    0x00, 0x7f, 0xa2, 0xff, 0x00, 0x7f, 0x8e, 0x00, 0x00, 0x7f, 0xa2, 0xff, 0x00, 0x7f, 0xa7, 0x00,
    0x04, 0x01, 0x03, 0x07, 0x0f, 0x0f, 0x98, 0x1f, 0x04, 0x0f, 0x0f, 0x07, 0x03, 0x01, 0x90, 0x00,
    0x04, 0x01, 0x03, 0x07, 0x0f, 0x0f, 0x98, 0x1f, 0x04, 0x0f, 0x0f, 0x07, 0x03, 0x01, 0xff, 0x00,
    0x93, 0x00,
};

static const uint8_t s_anim_blink_f32[] = {
    0xff, 0x00, 0x95, 0x00, 0x03, 0x80, 0xc0, 0xe0, 0xe0, 0x98, 0xf0, 0x03, 0xe0, 0xe0, 0xc0, 0x80,
    0x92, 0x00, 0x03, 0x80, 0xc0, 0xe0, 0xe0, 0x98, 0xf0, 0x03, 0xe0, 0xe0, 0xc0, 0x80, 0xa8, 0x00,
    0x00, 0xfc, 0xa2, 0xff, 0x00, 0xfc, 0x8e, 0x00, 0x00, 0xfc, 0xa2, 0xff, 0x00, 0xfc, 0xa6, 0x00,
    0x8c, 0xff, 0x02, 0x3f, 0x1f, 0x0f, 0x84, 0x07, 0x02, 0x0f, 0x1f, 0x3f, 0x8c, 0xff, 0x8e, 0x00,
    0x8c, 0xff, 0x02, 0x3f, 0x1f, 0x0f, 0x84, 0x07, 0x02, 0x0f, 0x1f, 0x3f, 0x8c, 0xff, 0xa6, 0x00,
    0x8c, 0xff, 0x02, 0xf8, 0xf0, 0xe0, 0x84, 0xc0, 0x02, 0xe0, 0xf0, 0xf8, 0x8c, 0xff, 0x8e, 0x00,
    0x8c, 0xff, 0x02, 0xf8, 0xf0, 0xe0, 0x84, 0xc0, 0x02, 0xe0, 0xf0, 0xf8, 0x8c, 0xff, 0xa6, 0x00,
    0x00, 0x7f, 0xa2, 0xff, 0x00, 0x7f, 0x8e, 0x00, 0x00, 0x7f, 0xa2, 0xff, 0x00, 0x7f, 0xa7, 0x00,
    0x04, 0x01, 0x03, 0x07, 0x0f, 0x0f, 0x98, 0x1f, 0x04, 0x0f, 0x0f, 0x07, 0x03, 0x01, 0x90, 0x00,
    0x04, 0x01, 0x03, 0x07, 0x0f, 0x0f, 0x98, 0x1f, 0x04, 0x0f, 0x0f, 0x07, 0x03, 0x01, 0xff, 0x00,
    0x93, 0x00,
};

static const uint8_t s_anim_blink_f33[] = {
    0xff, 0x00, 0x95, 0x00, 0x03, 0x80, 0xc0, 0xe0, 0xe0, 0x98, 0xf0, 0x03, 0xe0, 0xe0, 0xc0, 0x80,
    0x92, 0x00, 0x03, 0x80, 0xc0, 0xe0, 0xe0, 0x98, 0xf0, 0x03, 0xe0, 0xe0, 0xc0, 0x80, 0xa8, 0x00,
    0x00, 0xfc, 0xa2, 0xff, 0x00, 0xfc, 0x8e, 0x00, 0x00, 0xfc, 0xa2, 0xff, 0x00, 0xfc, 0xa6, 0x00,
    0x8c, 0xff, 0x02, 0x3f, 0x1f, 0x0f, 0x84, 0x07, 0x02, 0x0f, 0x1f, 0x3f, 0x8c, 0xff, 0x8e, 0x00,
    0x8c, 0xff, 0x02, 0x3f, 0x1f, 0x0f, 0x84, 0x07, 0x02, 0x0f, 0x1f, 0x3f, 0x8c, 0xff, 0xa6, 0x00,
    0x8c, 0xff, 0x02, 0xf8, 0xf0, 0xe0, 0x84, 0xc0, 0x02, 0xe0, 0xf0, 0xf8, 0x8c, 0xff, 0x8e, 0x00,
    0x8c, 0xff, 0x02, 0xf8, 0xf0, 0xe0, 0x84, 0xc0, 0x02, 0xe0, 0xf0, 0xf8, 0x8c, 0xff, 0xa6, 0x00,
    0x00, 0x7f, 0xa2, 0xff, 0x00, 0x7f, 0x8e, 0x00, 0x00, 0x7f, 0xa2, 0xff, 0x00, 0x7f, 0xa7, 0x00,
    0x04, 0x01, 0x03, 0x07, 0x0f, 0x0f, 0x98, 0x1f, 0x04, 0x0f, 0x0f, 0x07, 0x03, 0x01, 0x90, 0x00,
    0x04, 0x01, 0x03, 0x07, 0x0f, 0x0f, 0x98, 0x1f, 0x04, 0x0f, 0x0f, 0x07, 0x03, 0x01, 0xff, 0x00,
    0x93, 0x00,
};

static const uint8_t s_anim_blink_f34[] = {
    0xff, 0x00, 0x95, 0x00, 0x03, 0x80, 0xc0, 0xe0, 0xe0, 0x98, 0xf0, 0x03, 0xe0, 0xe0, 0xc0, 0x80,
    0x92, 0x00, 0x03, 0x80, 0xc0, 0xe0, 0xe0, 0x98, 0xf0, 0x03, 0xe0, 0xe0, 0xc0, 0x80, 0xa8, 0x00,
    0x00, 0xfc, 0xa2, 0xff, 0x00, 0xfc, 0x8e, 0x00, 0x00, 0xfc, 0xa2, 0xff, 0x00, 0xfc, 0xa6, 0x00,
    0x8c, 0xff, 0x02, 0x3f, 0x1f, 0x0f, 0x84, 0x07, 0x02, 0x0f, 0x1f, 0x3f, 0x8c, 0xff, 0x8e, 0x00,
    0x8c, 0xff, 0x02, 0x3f, 0x1f, 0x0f, 0x84, 0x07, 0x02, 0x0f, 0x1f, 0x3f, 0x8c, 0xff, 0xa6, 0x00,
    0x8c, 0xff, 0x02, 0xf8, 0xf0, 0xe0, 0x84, 0xc0, 0x02, 0xe0, 0xf0, 0xf8, 0x8c, 0xff, 0x8e, 0x00,
    0x8c, 0xff, 0x02, 0xf8, 0xf0, 0xe0, 0x84, 0xc0, 0x02, 0xe0, 0xf0, 0xf8, 0x8c, 0xff, 0xa6, 0x00,
    0x00, 0x7f, 0xa2, 0xff, 0x00, 0x7f, 0x8e, 0x00, 0x00, 0x7f, 0xa2, 0xff, 0x00, 0x7f, 0xa7, 0x00,
    0x04, 0x01, 0x03, 0x07, 0x0f, 0x0f, 0x98, 0x1f, 0x04, 0x0f, 0x0f, 0x07, 0x03, 0x01, 0x90, 0x00,
    0x04, 0x01, 0x03, 0x07, 0x0f, 0x0f, 0x98, 0x1f, 0x04, 0x0f, 0x0f, 0x07, 0x03, 0x01, 0xff, 0x00,
    0x93, 0x00,
};

static const uint8_t s_anim_blink_f35[] = {
    0xff, 0x00, 0x95, 0x00, 0x03, 0x80, 0xc0, 0xe0, 0xe0, 0x98, 0xf0, 0x03, 0xe0, 0xe0, 0xc0, 0x80,
    0x92, 0x00, 0x03, 0x80, 0xc0, 0xe0, 0xe0, 0x98, 0xf0, 0x03, 0xe0, 0xe0, 0xc0, 0x80, 0xa8, 0x00,
    0x00, 0xfc, 0xa2, 0xff, 0x00, 0xfc, 0x8e, 0x00, 0x00, 0xfc, 0xa2, 0xff, 0x00, 0xfc, 0xa6, 0x00,
    0x8c, 0xff, 0x02, 0x3f, 0x1f, 0x0f, 0x84, 0x07, 0x02, 0x0f, 0x1f, 0x3f, 0x8c, 0xff, 0x8e, 0x00,
    0x8c, 0xff, 0x02, 0x3f, 0x1f, 0x0f, 0x84, 0x07, 0x02, 0x0f, 0x1f, 0x3f, 0x8c, 0xff, 0xa6, 0x00,
    0x8c, 0xff, 0x02, 0xf8, 0xf0, 0xe0, 0x84, 0xc0, 0x02, 0xe0, 0xf0, 0xf8, 0x8c, 0xff, 0x8e, 0x00,
    0x8c, 0xff, 0x02, 0xf8, 0xf0, 0xe0, 0x84, 0xc0, 0x02, 0xe0, 0xf0, 0xf8, 0x8c, 0xff, 0xa6, 0x00,
    0x00, 0x7f, 0xa2, 0xff, 0x00, 0x7f, 0x8e, 0x00, 0x00, 0x7f, 0xa2, 0xff, 0x00, 0x7f, 0xa7, 0x00,
    0x04, 0x01, 0x03, 0x07, 0x0f, 0x0f, 0x98, 0x1f, 0x04, 0x0f, 0x0f, 0x07, 0x03, 0x01, 0x90, 0x00,
    0x04, 0x01, 0x03, 0x07, 0x0f, 0x0f, 0x98, 0x1f, 0x04, 0x0f, 0x0f, 0x07, 0x03, 0x01, 0xff, 0x00,
    0x93, 0x00,
};

static const uint8_t *const s_anim_blink_frames[36] = {
    s_anim_blink_f00,
    s_anim_blink_f01,
    s_anim_blink_f02,
    s_anim_blink_f03,
    s_anim_blink_f04,
    s_anim_blink_f05,
    s_anim_blink_f06,
    s_anim_blink_f07,
    s_anim_blink_f08,
    s_anim_blink_f09,
    s_anim_blink_f10,
    s_anim_blink_f11,
    s_anim_blink_f12,
    s_anim_blink_f13,
    s_anim_blink_f14,
    s_anim_blink_f15,
    s_anim_blink_f16,
    s_anim_blink_f17,
    s_anim_blink_f18,
    s_anim_blink_f19,
    s_anim_blink_f20,
    s_anim_blink_f21,
    s_anim_blink_f22,
    s_anim_blink_f23,
    s_anim_blink_f24,
    s_anim_blink_f25,
    s_anim_blink_f26,
    s_anim_blink_f27,
    s_anim_blink_f28,
    s_anim_blink_f29,
    s_anim_blink_f30,
    s_anim_blink_f31,
    s_anim_blink_f32,
    s_anim_blink_f33,
    s_anim_blink_f34,
    s_anim_blink_f35,
};

static const uint16_t s_anim_blink_sizes[36] = {
    162, 162, 162, 162, 162, 162, 162, 162,
    162, 162, 162, 162, 162, 162, 162, 30,
    30, 30, 162, 162, 162, 162, 162, 162,
    162, 162, 162, 162, 162, 162, 162, 162,
    162, 162, 162, 162,
};

static const uint8_t s_anim_happy_f00[] = {
    0xff, 0x00, 0x95, 0x00, 0x03, 0x80, 0xc0, 0xe0, 0xe0, 0x98, 0xf0, 0x03, 0xe0, 0xe0, 0xc0, 0x80,
    0x92, 0x00, 0x03, 0x80, 0xc0, 0xe0, 0xe0, 0x98, 0xf0, 0x03, 0xe0, 0xe0, 0xc0, 0x80, 0xa8, 0x00,
    0x00, 0xfc, 0xa2, 0xff, 0x00, 0xfc, 0x8e, 0x00, 0x00, 0xfc, 0xa2, 0xff, 0x00, 0xfc, 0xa6, 0x00,
    0x8c, 0xff, 0x02, 0x3f, 0x1f, 0x0f, 0x84, 0x07, 0x02, 0x0f, 0x1f, 0x3f, 0x8c, 0xff, 0x8e, 0x00,
    0x8c, 0xff, 0x02, 0x3f, 0x1f, 0x0f, 0x84, 0x07, 0x02, 0x0f, 0x1f, 0x3f, 0x8c, 0xff, 0xa6, 0x00,
    0x8c, 0xff, 0x02, 0xf8, 0xf0, 0xe0, 0x84, 0xc0, 0x02, 0xe0, 0xf0, 0xf8, 0x8c, 0xff, 0x8e, 0x00,
    0x8c, 0xff, 0x02, 0xf8, 0xf0, 0xe0, 0x84, 0xc0, 0x02, 0xe0, 0xf0, 0xf8, 0x8c, 0xff, 0xa6, 0x00,
    0x00, 0x7f, 0xa2, 0xff, 0x00, 0x7f, 0x8e, 0x00, 0x00, 0x7f, 0xa2, 0xff, 0x00, 0x7f, 0xa7, 0x00,
    0x04, 0x01, 0x03, 0x07, 0x0f, 0x0f, 0x93, 0x1f, 0x00, 0xdf, 0x82, 0x9f, 0x05, 0x1f, 0x0f, 0x0f,
    0x07, 0x03, 0x01, 0x90, 0x00, 0x05, 0x01, 0x03, 0x07, 0x0f, 0x0f, 0x1f, 0x82, 0x9f, 0x00, 0xdf,
    0x93, 0x1f, 0x04, 0x0f, 0x0f, 0x07, 0x03, 0x01, 0xc4, 0x00, 0x04, 0x01, 0x01, 0x03, 0x02, 0x02,
    0x94, 0x06, 0x04, 0x02, 0x02, 0x03, 0x01, 0x01, 0xaf, 0x00,
};

static const uint8_t s_anim_happy_f01[] = {
    0xff, 0x00, 0x95, 0x00, 0x03, 0x80, 0xc0, 0xe0, 0xe0, 0x98, 0xf0, 0x03, 0xe0, 0xe0, 0xc0, 0x80,
    0x92, 0x00, 0x03, 0x80, 0xc0, 0xe0, 0xe0, 0x98, 0xf0, 0x03, 0xe0, 0xe0, 0xc0, 0x80, 0xa8, 0x00,
    0x00, 0xfc, 0xa2, 0xff, 0x00, 0xfc, 0x8e, 0x00, 0x00, 0xfc, 0xa2, 0xff, 0x00, 0xfc, 0xa6, 0x00,
    0x8c, 0xff, 0x02, 0x3f, 0x1f, 0x0f, 0x84, 0x07, 0x02, 0x0f, 0x1f, 0x3f, 0x8c, 0xff, 0x8e, 0x00,
    0x8c, 0xff, 0x02, 0x3f, 0x1f, 0x0f, 0x84, 0x07, 0x02, 0x0f, 0x1f, 0x3f, 0x8c, 0xff, 0xa6, 0x00,
    0x8c, 0xff, 0x02, 0xf8, 0xf0, 0xe0, 0x84, 0xc0, 0x02, 0xe0, 0xf0, 0xf8, 0x8c, 0xff, 0x8e, 0x00,
    0x8c, 0xff, 0x02, 0xf8, 0xf0, 0xe0, 0x84, 0xc0, 0x02, 0xe0, 0xf0, 0xf8, 0x8c, 0xff, 0xa6, 0x00,
    0x00, 0x7f, 0xa2, 0xff, 0x00, 0x7f, 0x8e, 0x00, 0x00, 0x7f, 0xa2, 0xff, 0x00, 0x7f, 0xa7, 0x00,
    0x04, 0x01, 0x03, 0x07, 0x0f, 0x0f, 0x93, 0x1f, 0x00, 0xdf, 0x82, 0x9f, 0x05, 0x1f, 0x0f, 0x0f,
    0x07, 0x03, 0x01, 0x90, 0x00, 0x05, 0x01, 0x03, 0x07, 0x0f, 0x0f, 0x1f, 0x82, 0x9f, 0x00, 0xdf,
    0x93, 0x1f, 0x04, 0x0f, 0x0f, 0x07, 0x03, 0x01, 0xc4, 0x00, 0x04, 0x01, 0x01, 0x03, 0x02, 0x02,
    0x94, 0x06, 0x04, 0x02, 0x02, 0x03, 0x01, 0x01, 0xaf, 0x00,
};

static const uint8_t s_anim_happy_f02[] = {
    0xff, 0x00, 0x95, 0x00, 0x03, 0x80, 0xc0, 0xe0, 0xe0, 0x98, 0xf0, 0x03, 0xe0, 0xe0, 0xc0, 0x80,
    0x92, 0x00, 0x03, 0x80, 0xc0, 0xe0, 0xe0, 0x98, 0xf0, 0x03, 0xe0, 0xe0, 0xc0, 0x80, 0xa8, 0x00,
    0x00, 0xfc, 0xa2, 0xff, 0x00, 0xfc, 0x8e, 0x00, 0x00, 0xfc, 0xa2, 0xff, 0x00, 0xfc, 0xa6, 0x00,
    0x8c, 0xff, 0x02, 0x3f, 0x1f, 0x0f, 0x84, 0x07, 0x02, 0x0f, 0x1f, 0x3f, 0x8c, 0xff, 0x8e, 0x00,
    0x8c, 0xff, 0x02, 0x3f, 0x1f, 0x0f, 0x84, 0x07, 0x02, 0x0f, 0x1f, 0x3f, 0x8c, 0xff, 0xa6, 0x00,
    0x8c, 0xff, 0x02, 0xf8, 0xf0, 0xe0, 0x84, 0xc0, 0x02, 0xe0, 0xf0, 0xf8, 0x8c, 0xff, 0x8e, 0x00,
    0x8c, 0xff, 0x02, 0xf8, 0xf0, 0xe0, 0x84, 0xc0, 0x02, 0xe0, 0xf0, 0xf8, 0x8c, 0xff, 0xa6, 0x00,
    0x00, 0x7f, 0xa2, 0xff, 0x00, 0x7f, 0x8e, 0x00, 0x00, 0x7f, 0xa2, 0xff, 0x00, 0x7f, 0xa7, 0x00,
    0x04, 0x01, 0x03, 0x07, 0x0f, 0x0f, 0x93, 0x1f, 0x00, 0xdf, 0x82, 0x9f, 0x05, 0x1f, 0x0f, 0x0f,
    0x07, 0x03, 0x01, 0x90, 0x00, 0x05, 0x01, 0x03, 0x07, 0x0f, 0x0f, 0x1f, 0x82, 0x9f, 0x00, 0xdf,
    0x93, 0x1f, 0x04, 0x0f, 0x0f, 0x07, 0x03, 0x01, 0xc4, 0x00, 0x04, 0x01, 0x01, 0x03, 0x02, 0x02,
    0x94, 0x06, 0x04, 0x02, 0x02, 0x03, 0x01, 0x01, 0xaf, 0x00,
};

static const uint8_t s_anim_happy_f03[] = {
    0xff, 0x00, 0x95, 0x00, 0x03, 0x80, 0xc0, 0xe0, 0xe0, 0x98, 0xf0, 0x03, 0xe0, 0xe0, 0xc0, 0x80,
    0x92, 0x00, 0x03, 0x80, 0xc0, 0xe0, 0xe0, 0x98, 0xf0, 0x03, 0xe0, 0xe0, 0xc0, 0x80, 0xa8, 0x00,
    0x00, 0xfc, 0xa2, 0xff, 0x00, 0xfc, 0x8e, 0x00, 0x00, 0xfc, 0xa2, 0xff, 0x00, 0xfc, 0xa6, 0x00,
    0x8c, 0xff, 0x02, 0x3f, 0x1f, 0x0f, 0x84, 0x07, 0x02, 0x0f, 0x1f, 0x3f, 0x8c, 0xff, 0x8e, 0x00,
    0x8c, 0xff, 0x02, 0x3f, 0x1f, 0x0f, 0x84, 0x07, 0x02, 0x0f, 0x1f, 0x3f, 0x8c, 0xff, 0xa6, 0x00,
    0x8c, 0xff, 0x02, 0xf8, 0xf0, 0xe0, 0x84, 0xc0, 0x02, 0xe0, 0xf0, 0xf8, 0x8c, 0xff, 0x8e, 0x00,
    0x8c, 0xff, 0x02, 0xf8, 0xf0, 0xe0, 0x84, 0xc0, 0x02, 0xe0, 0xf0, 0xf8, 0x8c, 0xff, 0xa6, 0x00,
    0x00, 0x7f, 0xa2, 0xff, 0x00, 0x7f, 0x8e, 0x00, 0x00, 0x7f, 0xa2, 0xff, 0x00, 0x7f, 0xa7, 0x00,
    0x04, 0x01, 0x03, 0x07, 0x0f, 0x0f, 0x93, 0x1f, 0x00, 0xdf, 0x82, 0x9f, 0x05, 0x1f, 0x0f, 0x0f,
    0x07, 0x03, 0x01, 0x90, 0x00, 0x05, 0x01, 0x03, 0x07, 0x0f, 0x0f, 0x1f, 0x82, 0x9f, 0x00, 0xdf,
    0x93, 0x1f, 0x04, 0x0f, 0x0f, 0x07, 0x03, 0x01, 0xc4, 0x00, 0x04, 0x01, 0x01, 0x03, 0x02, 0x02,
    0x94, 0x06, 0x04, 0x02, 0x02, 0x03, 0x01, 0x01, 0xaf, 0x00,
};

static const uint8_t s_anim_happy_f04[] = {
    0xff, 0x00, 0x94, 0x00, 0x04, 0x80, 0xc0, 0xe0, 0xf0, 0xf0, 0x98, 0xf8, 0x04, 0xf0, 0xf0, 0xe0,
    0xc0, 0x80, 0x90, 0x00, 0x04, 0x80, 0xc0, 0xe0, 0xf0, 0xf0, 0x98, 0xf8, 0x04, 0xf0, 0xf0, 0xe0,
    0xc0, 0x80, 0xa7, 0x00, 0x00, 0xfe, 0xa2, 0xff, 0x00, 0xfe, 0x8e, 0x00, 0x00, 0xfe, 0xa2, 0xff,
    0x00, 0xfe, 0xa6, 0x00, 0x8c, 0xff, 0x02, 0x1f, 0x0f, 0x07, 0x84, 0x03, 0x02, 0x07, 0x0f, 0x1f,
    0x8c, 0xff, 0x8e, 0x00, 0x8c, 0xff, 0x02, 0x1f, 0x0f, 0x07, 0x84, 0x03, 0x02, 0x07, 0x0f, 0x1f,
    0x8c, 0xff, 0xa6, 0x00, 0x8c, 0xff, 0x02, 0xfc, 0xf8, 0xf0, 0x84, 0xe0, 0x02, 0xf0, 0xf8, 0xfc,
    0x8c, 0xff, 0x8e, 0x00, 0x8c, 0xff, 0x02, 0xfc, 0xf8, 0xf0, 0x84, 0xe0, 0x02, 0xf0, 0xf8, 0xfc,
    0x8c, 0xff, 0xa6, 0x00, 0x00, 0x3f, 0xa2, 0xff, 0x00, 0x3f, 0x8e, 0x00, 0x00, 0x3f, 0xa2, 0xff,
    0x00, 0x3f, 0xa8, 0x00, 0x03, 0x01, 0x03, 0x07, 0x07, 0x93, 0x0f, 0x00, 0xcf, 0x82, 0x8f, 0x04,
    0x0f, 0x07, 0x07, 0x03, 0x01, 0x92, 0x00, 0x04, 0x01, 0x03, 0x07, 0x07, 0x0f, 0x82, 0x8f, 0x00,
    0xcf, 0x93, 0x0f, 0x03, 0x07, 0x07, 0x03, 0x01, 0xc5, 0x00, 0x04, 0x01, 0x01, 0x03, 0x02, 0x02,
    0x94, 0x06, 0x04, 0x02, 0x02, 0x03, 0x01, 0x01, 0xaf, 0x00,
};

static const uint8_t s_anim_happy_f05[] = {
    0xff, 0x00, 0x94, 0x00, 0x04, 0x80, 0xc0, 0xe0, 0xf0, 0xf0, 0x98, 0xf8, 0x04, 0xf0, 0xf0, 0xe0,
    0xc0, 0x80, 0x90, 0x00, 0x04, 0x80, 0xc0, 0xe0, 0xf0, 0xf0, 0x98, 0xf8, 0x04, 0xf0, 0xf0, 0xe0,
    0xc0, 0x80, 0xa7, 0x00, 0x00, 0xfe, 0xa2, 0xff, 0x00, 0xfe, 0x8e, 0x00, 0x00, 0xfe, 0xa2, 0xff,
    0x00, 0xfe, 0xa6, 0x00, 0x8c, 0xff, 0x02, 0x1f, 0x0f, 0x07, 0x84, 0x03, 0x02, 0x07, 0x0f, 0x1f,
    0x8c, 0xff, 0x8e, 0x00, 0x8c, 0xff, 0x02, 0x1f, 0x0f, 0x07, 0x84, 0x03, 0x02, 0x07, 0x0f, 0x1f,
    0x8c, 0xff, 0xa6, 0x00, 0x8c, 0xff, 0x02, 0xfc, 0xf8, 0xf0, 0x84, 0xe0, 0x02, 0xf0, 0xf8, 0xfc,
    0x8c, 0xff, 0x8e, 0x00, 0x8c, 0xff, 0x02, 0xfc, 0xf8, 0xf0, 0x84, 0xe0, 0x02, 0xf0, 0xf8, 0xfc,
    0x8c, 0xff, 0xa6, 0x00, 0x00, 0x3f, 0xa2, 0xff, 0x00, 0x3f, 0x8e, 0x00, 0x00, 0x3f, 0xa2, 0xff,
    0x00, 0x3f, 0xa8, 0x00, 0x03, 0x01, 0x03, 0x07, 0x07, 0x93, 0x0f, 0x08, 0xcf, 0x8f, 0x8f, 0x0f,
    0x0f, 0x07, 0x07, 0x03, 0x01, 0x92, 0x00, 0x08, 0x01, 0x03, 0x07, 0x07, 0x0f, 0x0f, 0x8f, 0x8f,
    0xcf, 0x93, 0x0f, 0x03, 0x07, 0x07, 0x03, 0x01, 0xc4, 0x00, 0x05, 0x01, 0x01, 0x03, 0x02, 0x06,
    0x04, 0x94, 0x0c, 0x05, 0x04, 0x06, 0x02, 0x03, 0x01, 0x01, 0xae, 0x00,
};

static const uint8_t s_anim_happy_f06[] = {
    0xff, 0x00, 0x94, 0x00, 0x04, 0x80, 0xc0, 0xe0, 0xf0, 0xf0, 0x98, 0xf8, 0x04, 0xf0, 0xf0, 0xe0,
    0xc0, 0x80, 0x90, 0x00, 0x04, 0x80, 0xc0, 0xe0, 0xf0, 0xf0, 0x98, 0xf8, 0x04, 0xf0, 0xf0, 0xe0,
    0xc0, 0x80, 0xa7, 0x00, 0x00, 0xfe, 0xa2, 0xff, 0x00, 0xfe, 0x8e, 0x00, 0x00, 0xfe, 0xa2, 0xff,
    0x00, 0xfe, 0xa6, 0x00, 0x8c, 0xff, 0x02, 0x1f, 0x0f, 0x07, 0x84, 0x03, 0x02, 0x07, 0x0f, 0x1f,
    0x8c, 0xff, 0x8e, 0x00, 0x8c, 0xff, 0x02, 0x1f, 0x0f, 0x07, 0x84, 0x03, 0x02, 0x07, 0x0f, 0x1f,
    0x8c, 0xff, 0xa6, 0x00, 0x8c, 0xff, 0x02, 0xfc, 0xf8, 0xf0, 0x84, 0xe0, 0x02, 0xf0, 0xf8, 0xfc,
    0x8c, 0xff, 0x8e, 0x00, 0x8c, 0xff, 0x02, 0xfc, 0xf8, 0xf0, 0x84, 0xe0, 0x02, 0xf0, 0xf8, 0xfc,
    0x8c, 0xff, 0xa6, 0x00, 0x00, 0x3f, 0xa2, 0xff, 0x00, 0x3f, 0x8e, 0x00, 0x00, 0x3f, 0xa2, 0xff,
    0x00, 0x3f, 0xa8, 0x00, 0x03, 0x01, 0x03, 0x07, 0x07, 0x93, 0x0f, 0x08, 0xcf, 0x8f, 0x8f, 0x0f,
    0x0f, 0x07, 0x07, 0x03, 0x01, 0x92, 0x00, 0x08, 0x01, 0x03, 0x07, 0x07, 0x0f, 0x0f, 0x8f, 0x8f,
    0xcf, 0x93, 0x0f, 0x03, 0x07, 0x07, 0x03, 0x01, 0xc4, 0x00, 0x05, 0x01, 0x01, 0x03, 0x02, 0x06,
    0x04, 0x94, 0x0c, 0x05, 0x04, 0x06, 0x02, 0x03, 0x01, 0x01, 0xae, 0x00,
};

static const uint8_t s_anim_happy_f07[] = {
    0xff, 0x00, 0x94, 0x00, 0x04, 0xc0, 0xe0, 0xf0, 0xf8, 0xf8, 0x98, 0xfc, 0x04, 0xf8, 0xf8, 0xf0,
    0xe0, 0xc0, 0x90, 0x00, 0x04, 0xc0, 0xe0, 0xf0, 0xf8, 0xf8, 0x98, 0xfc, 0x04, 0xf8, 0xf8, 0xf0,
    0xe0, 0xc0, 0xa7, 0x00, 0xa4, 0xff, 0x8e, 0x00, 0xa4, 0xff, 0xa6, 0x00, 0x8c, 0xff, 0x02, 0x0f,
    0x07, 0x03, 0x84, 0x01, 0x02, 0x03, 0x07, 0x0f, 0x8c, 0xff, 0x8e, 0x00, 0x8c, 0xff, 0x02, 0x0f,
    0x07, 0x03, 0x84, 0x01, 0x02, 0x03, 0x07, 0x0f, 0x8c, 0xff, 0xa6, 0x00, 0x8c, 0xff, 0x02, 0xfe,
    0xfc, 0xf8, 0x84, 0xf0, 0x02, 0xf8, 0xfc, 0xfe, 0x8c, 0xff, 0x8e, 0x00, 0x8c, 0xff, 0x02, 0xfe,
    0xfc, 0xf8, 0x84, 0xf0, 0x02, 0xf8, 0xfc, 0xfe, 0x8c, 0xff, 0xa6, 0x00, 0x01, 0x1f, 0x7f, 0xa0,
    0xff, 0x01, 0x7f, 0x1f, 0x8e, 0x00, 0x01, 0x1f, 0x7f, 0xa0, 0xff, 0x01, 0x7f, 0x1f, 0xa9, 0x00,
    0x02, 0x01, 0x03, 0x03, 0x93, 0x07, 0x07, 0xc7, 0x87, 0x87, 0x07, 0x07, 0x03, 0x03, 0x01, 0x94,
    0x00, 0x07, 0x01, 0x03, 0x03, 0x07, 0x07, 0x87, 0x87, 0xc7, 0x93, 0x07, 0x02, 0x03, 0x03, 0x01,
    0xc5, 0x00, 0x05, 0x01, 0x01, 0x03, 0x02, 0x06, 0x04, 0x94, 0x0c, 0x05, 0x04, 0x06, 0x02, 0x03,
    0x01, 0x01, 0xae, 0x00,
};

static const uint8_t s_anim_happy_f08[] = {
    0xff, 0x00, 0x94, 0x00, 0x04, 0xc0, 0xe0, 0xf0, 0xf8, 0xf8, 0x98, 0xfc, 0x04, 0xf8, 0xf8, 0xf0,
    0xe0, 0xc0, 0x90, 0x00, 0x04, 0xc0, 0xe0, 0xf0, 0xf8, 0xf8, 0x98, 0xfc, 0x04, 0xf8, 0xf8, 0xf0,
    0xe0, 0xc0, 0xa7, 0x00, 0xa4, 0xff, 0x8e, 0x00, 0xa4, 0xff, 0xa6, 0x00, 0x8c, 0xff, 0x02, 0x0f,
    0x07, 0x03, 0x84, 0x01, 0x02, 0x03, 0x07, 0x0f, 0x8c, 0xff, 0x8e, 0x00, 0x8c, 0xff, 0x02, 0x0f,
    0x07, 0x03, 0x84, 0x01, 0x02, 0x03, 0x07, 0x0f, 0x8c, 0xff, 0xa6, 0x00, 0x8c, 0xff, 0x02, 0xfe,
    0xfc, 0xf8, 0x84, 0xf0, 0x02, 0xf8, 0xfc, 0xfe, 0x8c, 0xff, 0x8e, 0x00, 0x8c, 0xff, 0x02, 0xfe,
    0xfc, 0xf8, 0x84, 0xf0, 0x02, 0xf8, 0xfc, 0xfe, 0x8c, 0xff, 0xa6, 0x00, 0x01, 0x1f, 0x7f, 0xa0,
    0xff, 0x01, 0x7f, 0x1f, 0x8e, 0x00, 0x01, 0x1f, 0x7f, 0xa0, 0xff, 0x01, 0x7f, 0x1f, 0xa9, 0x00,
    0x02, 0x01, 0x03, 0x03, 0x93, 0x07, 0x07, 0xc7, 0x87, 0x87, 0x07, 0x07, 0x03, 0x03, 0x01, 0x94,
    0x00, 0x07, 0x01, 0x03, 0x03, 0x07, 0x07, 0x87, 0x87, 0xc7, 0x93, 0x07, 0x02, 0x03, 0x03, 0x01,
    0xc5, 0x00, 0x05, 0x01, 0x01, 0x03, 0x02, 0x06, 0x04, 0x94, 0x0c, 0x05, 0x04, 0x06, 0x02, 0x03,
    0x01, 0x01, 0xae, 0x00,
};

static const uint8_t s_anim_happy_f09[] = {
    0xff, 0x00, 0x94, 0x00, 0x04, 0xc0, 0xe0, 0xf0, 0xf8, 0xf8, 0x98, 0xfc, 0x04, 0xf8, 0xf8, 0xf0,
    0xe0, 0xc0, 0x90, 0x00, 0x04, 0xc0, 0xe0, 0xf0, 0xf8, 0xf8, 0x98, 0xfc, 0x04, 0xf8, 0xf8, 0xf0,
    0xe0, 0xc0, 0xa7, 0x00, 0xa4, 0xff, 0x8e, 0x00, 0xa4, 0xff, 0xa6, 0x00, 0x8c, 0xff, 0x02, 0x0f,
    0x07, 0x03, 0x84, 0x01, 0x02, 0x03, 0x07, 0x0f, 0x8c, 0xff, 0x8e, 0x00, 0x8c, 0xff, 0x02, 0x0f,
    0x07, 0x03, 0x84, 0x01, 0x02, 0x03, 0x07, 0x0f, 0x8c, 0xff, 0xa6, 0x00, 0x8c, 0xff, 0x02, 0xfe,
    0xfc, 0xf8, 0x84, 0xf0, 0x02, 0xf8, 0xfc, 0xfe, 0x8c, 0xff, 0x8e, 0x00, 0x8c, 0xff, 0x02, 0xfe,
    0xfc, 0xf8, 0x84, 0xf0, 0x02, 0xf8, 0xfc, 0xfe, 0x8c, 0xff, 0xa6, 0x00, 0x01, 0x1f, 0x7f, 0xa0,
    0xff, 0x01, 0x7f, 0x1f, 0x8e, 0x00, 0x01, 0x1f, 0x7f, 0xa0, 0xff, 0x01, 0x7f, 0x1f, 0xa9, 0x00,
    0x02, 0x01, 0x03, 0x03, 0x93, 0x07, 0x07, 0xc7, 0x87, 0x87, 0x07, 0x07, 0x03, 0x03, 0x01, 0x94,
    0x00, 0x07, 0x01, 0x03, 0x03, 0x07, 0x07, 0x87, 0x87, 0xc7, 0x93, 0x07, 0x02, 0x03, 0x03, 0x01,
    0xc5, 0x00, 0x05, 0x01, 0x01, 0x03, 0x02, 0x06, 0x04, 0x94, 0x0c, 0x05, 0x04, 0x06, 0x02, 0x03,
    0x01, 0x01, 0xae, 0x00,
};

static const uint8_t s_anim_happy_f10[] = {
    0xff, 0x00, 0x93, 0x00, 0x05, 0x80, 0xe0, 0xf0, 0xf8, 0xfc, 0xfc, 0x98, 0xfe, 0x05, 0xfc, 0xfc,
    0xf8, 0xf0, 0xe0, 0x80, 0x8e, 0x00, 0x05, 0x80, 0xe0, 0xf0, 0xf8, 0xfc, 0xfc, 0x98, 0xfe, 0x05,
    0xfc, 0xfc, 0xf8, 0xf0, 0xe0, 0x80, 0xa6, 0x00, 0xa4, 0xff, 0x8e, 0x00, 0xa4, 0xff, 0xa6, 0x00,
    0x8c, 0xff, 0x02, 0x07, 0x03, 0x01, 0x84, 0x00, 0x02, 0x01, 0x03, 0x07, 0x8c, 0xff, 0x8e, 0x00,
    0x8c, 0xff, 0x02, 0x07, 0x03, 0x01, 0x84, 0x00, 0x02, 0x01, 0x03, 0x07, 0x8c, 0xff, 0xa6, 0x00,
    0x8d, 0xff, 0x01, 0xfe, 0xfc, 0x84, 0xf8, 0x01, 0xfc, 0xfe, 0x8d, 0xff, 0x8e, 0x00, 0x8d, 0xff,
    0x01, 0xfe, 0xfc, 0x84, 0xf8, 0x01, 0xfc, 0xfe, 0x8d, 0xff, 0xa6, 0x00, 0x02, 0x0f, 0x3f, 0x7f,
    0x9e, 0xff, 0x02, 0x7f, 0x3f, 0x0f, 0x8e, 0x00, 0x02, 0x0f, 0x3f, 0x7f, 0x9e, 0xff, 0x02, 0x7f,
    0x3f, 0x0f, 0xaa, 0x00, 0x01, 0x01, 0x01, 0x93, 0x03, 0x06, 0x83, 0xc3, 0x83, 0x83, 0x03, 0x01,
    0x01, 0x96, 0x00, 0x06, 0x01, 0x01, 0x03, 0x83, 0x83, 0xc3, 0x83, 0x93, 0x03, 0x01, 0x01, 0x01,
    0xc6, 0x00, 0x05, 0x01, 0x03, 0x03, 0x06, 0x0e, 0x0c, 0x94, 0x18, 0x05, 0x0c, 0x0e, 0x06, 0x03,
    0x03, 0x01, 0xae, 0x00,
};

static const uint8_t s_anim_happy_f11[] = {
    0xff, 0x00, 0x93, 0x00, 0x05, 0x80, 0xe0, 0xf0, 0xf8, 0xfc, 0xfc, 0x98, 0xfe, 0x05, 0xfc, 0xfc,
    0xf8, 0xf0, 0xe0, 0x80, 0x8e, 0x00, 0x05, 0x80, 0xe0, 0xf0, 0xf8, 0xfc, 0xfc, 0x98, 0xfe, 0x05,
    0xfc, 0xfc, 0xf8, 0xf0, 0xe0, 0x80, 0xa6, 0x00, 0xa4, 0xff, 0x8e, 0x00, 0xa4, 0xff, 0xa6, 0x00,
    0x8c, 0xff, 0x02, 0x07, 0x03, 0x01, 0x84, 0x00, 0x02, 0x01, 0x03, 0x07, 0x8c, 0xff, 0x8e, 0x00,
    0x8c, 0xff, 0x02, 0x07, 0x03, 0x01, 0x84, 0x00, 0x02, 0x01, 0x03, 0x07, 0x8c, 0xff, 0xa6, 0x00,
    0x8d, 0xff, 0x01, 0xfe, 0xfc, 0x84, 0xf8, 0x01, 0xfc, 0xfe, 0x8d, 0xff, 0x8e, 0x00, 0x8d, 0xff,
    0x01, 0xfe, 0xfc, 0x84, 0xf8, 0x01, 0xfc, 0xfe, 0x8d, 0xff, 0xa6, 0x00, 0x02, 0x0f, 0x3f, 0x7f,
    0x9e, 0xff, 0x02, 0x7f, 0x3f, 0x0f, 0x8e, 0x00, 0x02, 0x0f, 0x3f, 0x7f, 0x9e, 0xff, 0x02, 0x7f,
    0x3f, 0x0f, 0xaa, 0x00, 0x01, 0x01, 0x01, 0x93, 0x03, 0x06, 0x83, 0xc3, 0x83, 0x83, 0x03, 0x01,
    0x01, 0x96, 0x00, 0x06, 0x01, 0x01, 0x03, 0x83, 0x83, 0xc3, 0x83, 0x93, 0x03, 0x01, 0x01, 0x01,
    0xc6, 0x00, 0x05, 0x01, 0x03, 0x03, 0x06, 0x0e, 0x0c, 0x94, 0x18, 0x05, 0x0c, 0x0e, 0x06, 0x03,
    0x03, 0x01, 0xae, 0x00,
};

static const uint8_t s_anim_happy_f12[] = {
    0xff, 0x00, 0x93, 0x00, 0x05, 0xc0, 0xf0, 0xf8, 0xfc, 0xfe, 0xfe, 0x98, 0xff, 0x05, 0xfe, 0xfe,
    0xfc, 0xf8, 0xf0, 0xc0, 0x8e, 0x00, 0x05, 0xc0, 0xf0, 0xf8, 0xfc, 0xfe, 0xfe, 0x98, 0xff, 0x05,
    0xfe, 0xfe, 0xfc, 0xf8, 0xf0, 0xc0, 0xa6, 0x00, 0x8f, 0xff, 0x84, 0x7f, 0x8f, 0xff, 0x8e, 0x00,
    0x8f, 0xff, 0x84, 0x7f, 0x8f, 0xff, 0xa6, 0x00, 0x8c, 0xff, 0x01, 0x83, 0x01, 0x86, 0x00, 0x01,
    0x01, 0x83, 0x8c, 0xff, 0x8e, 0x00, 0x8c, 0xff, 0x01, 0x83, 0x01, 0x86, 0x00, 0x01, 0x01, 0x83,
    0x8c, 0xff, 0xa6, 0x00, 0x8e, 0xff, 0x00, 0xfe, 0x84, 0xfc, 0x00, 0xfe, 0x8e, 0xff, 0x8e, 0x00,
    0x8e, 0xff, 0x00, 0xfe, 0x84, 0xfc, 0x00, 0xfe, 0x8e, 0xff, 0xa6, 0x00, 0x03, 0x07, 0x1f, 0x3f,
    0x7f, 0x9c, 0xff, 0x03, 0x7f, 0x3f, 0x1f, 0x07, 0x8e, 0x00, 0x03, 0x07, 0x1f, 0x3f, 0x7f, 0x9c,
    0xff, 0x03, 0x7f, 0x3f, 0x1f, 0x07, 0xac, 0x00, 0x93, 0x01, 0x04, 0x81, 0xc1, 0x81, 0x81, 0x01,
    0x9a, 0x00, 0x04, 0x01, 0x81, 0x81, 0xc1, 0x81, 0x93, 0x01, 0xc8, 0x00, 0x05, 0x01, 0x03, 0x03,
    0x06, 0x0e, 0x0c, 0x94, 0x18, 0x05, 0x0c, 0x0e, 0x06, 0x03, 0x03, 0x01, 0xae, 0x00,
};

static const uint8_t s_anim_happy_f13[] = {
    0xff, 0x00, 0x93, 0x00, 0x05, 0xc0, 0xf0, 0xf8, 0xfc, 0xfe, 0xfe, 0x98, 0xff, 0x05, 0xfe, 0xfe,
    0xfc, 0xf8, 0xf0, 0xc0, 0x8e, 0x00, 0x05, 0xc0, 0xf0, 0xf8, 0xfc, 0xfe, 0xfe, 0x98, 0xff, 0x05,
    0xfe, 0xfe, 0xfc, 0xf8, 0xf0, 0xc0, 0xa6, 0x00, 0x8f, 0xff, 0x84, 0x7f, 0x8f, 0xff, 0x8e, 0x00,
    0x8f, 0xff, 0x84, 0x7f, 0x8f, 0xff, 0xa6, 0x00, 0x8c, 0xff, 0x01, 0x83, 0x01, 0x86, 0x00, 0x01,
    0x01, 0x83, 0x8c, 0xff, 0x8e, 0x00, 0x8c, 0xff, 0x01, 0x83, 0x01, 0x86, 0x00, 0x01, 0x01, 0x83,
    0x8c, 0xff, 0xa6, 0x00, 0x8e, 0xff, 0x00, 0xfe, 0x84, 0xfc, 0x00, 0xfe, 0x8e, 0xff, 0x8e, 0x00,
    0x8e, 0xff, 0x00, 0xfe, 0x84, 0xfc, 0x00, 0xfe, 0x8e, 0xff, 0xa6, 0x00, 0x03, 0x07, 0x1f, 0x3f,
    0x7f, 0x9c, 0xff, 0x03, 0x7f, 0x3f, 0x1f, 0x07, 0x8e, 0x00, 0x03, 0x07, 0x1f, 0x3f, 0x7f, 0x9c,
    0xff, 0x03, 0x7f, 0x3f, 0x1f, 0x07, 0xac, 0x00, 0x93, 0x01, 0x04, 0x81, 0xc1, 0x81, 0x81, 0x01,
    0x9a, 0x00, 0x04, 0x01, 0x81, 0x81, 0xc1, 0x81, 0x93, 0x01, 0xc8, 0x00, 0x05, 0x01, 0x03, 0x03,
    0x06, 0x0e, 0x0c, 0x94, 0x18, 0x05, 0x0c, 0x0e, 0x06, 0x03, 0x03, 0x01, 0xae, 0x00,
};

static const uint8_t s_anim_happy_f14[] = {
    0xff, 0x00, 0x93, 0x00, 0x05, 0xc0, 0xf0, 0xf8, 0xfc, 0xfe, 0xfe, 0x98, 0xff, 0x05, 0xfe, 0xfe,
    0xfc, 0xf8, 0xf0, 0xc0, 0x8e, 0x00, 0x05, 0xc0, 0xf0, 0xf8, 0xfc, 0xfe, 0xfe, 0x98, 0xff, 0x05,
    0xfe, 0xfe, 0xfc, 0xf8, 0xf0, 0xc0, 0xa6, 0x00, 0x8f, 0xff, 0x84, 0x7f, 0x8f, 0xff, 0x8e, 0x00,
    0x8f, 0xff, 0x84, 0x7f, 0x8f, 0xff, 0xa6, 0x00, 0x8c, 0xff, 0x01, 0x83, 0x01, 0x86, 0x00, 0x01,
    0x01, 0x83, 0x8c, 0xff, 0x8e, 0x00, 0x8c, 0xff, 0x01, 0x83, 0x01, 0x86, 0x00, 0x01, 0x01, 0x83,
    0x8c, 0xff, 0xa6, 0x00, 0x8e, 0xff, 0x00, 0xfe, 0x84, 0xfc, 0x00, 0xfe, 0x8e, 0xff, 0x8e, 0x00,
    0x8e, 0xff, 0x00, 0xfe, 0x84, 0xfc, 0x00, 0xfe, 0x8e, 0xff, 0xa6, 0x00, 0x03, 0x07, 0x1f, 0x3f,
    0x7f, 0x9c, 0xff, 0x03, 0x7f, 0x3f, 0x1f, 0x07, 0x8e, 0x00, 0x03, 0x07, 0x1f, 0x3f, 0x7f, 0x9c,
    0xff, 0x03, 0x7f, 0x3f, 0x1f, 0x07, 0xac, 0x00, 0x93, 0x01, 0x04, 0x81, 0xc1, 0x81, 0x01, 0x01,
    0x9a, 0x00, 0x04, 0x01, 0x01, 0x81, 0xc1, 0x81, 0x93, 0x01, 0xc7, 0x00, 0x07, 0x01, 0x01, 0x03,
    0x07, 0x0e, 0x0c, 0x18, 0x38, 0x92, 0x30, 0x07, 0x38, 0x18, 0x0c, 0x0e, 0x07, 0x03, 0x01, 0x01,
    0xad, 0x00,
};

static const uint8_t s_anim_happy_f15[] = {
    0x99, 0x00, 0x98, 0x80, 0x9a, 0x00, 0x98, 0x80, 0xac, 0x00, 0x03, 0xe0, 0xf8, 0xfc, 0xfe, 0x9c,
    0xff, 0x03, 0xfe, 0xfc, 0xf8, 0xe0, 0x8e, 0x00, 0x03, 0xe0, 0xf8, 0xfc, 0xfe, 0x9c, 0xff, 0x03,
    0xfe, 0xfc, 0xf8, 0xe0, 0xa6, 0x00, 0x8e, 0xff, 0x00, 0x7f, 0x84, 0x3f, 0x00, 0x7f, 0x8e, 0xff,
    0x8e, 0x00, 0x8e, 0xff, 0x00, 0x7f, 0x84, 0x3f, 0x00, 0x7f, 0x8e, 0xff, 0xa6, 0x00, 0x8c, 0xff,
    0x01, 0xc1, 0x80, 0x86, 0x00, 0x01, 0x80, 0xc1, 0x8c, 0xff, 0x8e, 0x00, 0x8c, 0xff, 0x01, 0xc1,
    0x80, 0x86, 0x00, 0x01, 0x80, 0xc1, 0x8c, 0xff, 0xa6, 0x00, 0x8f, 0xff, 0x84, 0xfe, 0x8f, 0xff,
    0x8e, 0x00, 0x8f, 0xff, 0x84, 0xfe, 0x8f, 0xff, 0xa6, 0x00, 0x05, 0x03, 0x0f, 0x1f, 0x3f, 0x7f,
    0x7f, 0x98, 0xff, 0x05, 0x7f, 0x7f, 0x3f, 0x1f, 0x0f, 0x03, 0x8e, 0x00, 0x05, 0x03, 0x0f, 0x1f,
    0x3f, 0x7f, 0x7f, 0x98, 0xff, 0x05, 0x7f, 0x7f, 0x3f, 0x1f, 0x0f, 0x03, 0xc0, 0x00, 0x02, 0x80,
    0xc0, 0x80, 0x9e, 0x00, 0x02, 0x80, 0xc0, 0x80, 0xdb, 0x00, 0x07, 0x01, 0x01, 0x03, 0x07, 0x0e,
    0x0c, 0x18, 0x38, 0x92, 0x30, 0x07, 0x38, 0x18, 0x0c, 0x0e, 0x07, 0x03, 0x01, 0x01, 0xad, 0x00,
};

static const uint8_t s_anim_happy_f16[] = {
    0x99, 0x00, 0x98, 0x80, 0x9a, 0x00, 0x98, 0x80, 0xac, 0x00, 0x03, 0xe0, 0xf8, 0xfc, 0xfe, 0x9c,
    0xff, 0x03, 0xfe, 0xfc, 0xf8, 0xe0, 0x8e, 0x00, 0x03, 0xe0, 0xf8, 0xfc, 0xfe, 0x9c, 0xff, 0x03,
    0xfe, 0xfc, 0xf8, 0xe0, 0xa6, 0x00, 0x8e, 0xff, 0x00, 0x7f, 0x84, 0x3f, 0x00, 0x7f, 0x8e, 0xff,
    0x8e, 0x00, 0x8e, 0xff, 0x00, 0x7f, 0x84, 0x3f, 0x00, 0x7f, 0x8e, 0xff, 0xa6, 0x00, 0x8c, 0xff,
    0x01, 0xc1, 0x80, 0x86, 0x00, 0x01, 0x80, 0xc1, 0x8c, 0xff, 0x8e, 0x00, 0x8c, 0xff, 0x01, 0xc1,
    0x80, 0x86, 0x00, 0x01, 0x80, 0xc1, 0x8c, 0xff, 0xa6, 0x00, 0x8f, 0xff, 0x84, 0xfe, 0x8f, 0xff,
    0x8e, 0x00, 0x8f, 0xff, 0x84, 0xfe, 0x8f, 0xff, 0xa6, 0x00, 0x05, 0x03, 0x0f, 0x1f, 0x3f, 0x7f,
    0x7f, 0x98, 0xff, 0x05, 0x7f, 0x7f, 0x3f, 0x1f, 0x0f, 0x03, 0x8e, 0x00, 0x05, 0x03, 0x0f, 0x1f,
    0x3f, 0x7f, 0x7f, 0x98, 0xff, 0x05, 0x7f, 0x7f, 0x3f, 0x1f, 0x0f, 0x03, 0xc0, 0x00, 0x02, 0x80,
    0xc0, 0x80, 0x9e, 0x00, 0x02, 0x80, 0xc0, 0x80, 0xdb, 0x00, 0x07, 0x01, 0x01, 0x03, 0x07, 0x0e,
    0x0c, 0x18, 0x38, 0x92, 0x30, 0x07, 0x38, 0x18, 0x0c, 0x0e, 0x07, 0x03, 0x01, 0x01, 0xad, 0x00,
};

static const uint8_t s_anim_happy_f17[] = {
    0x99, 0x00, 0x98, 0x80, 0x9a, 0x00, 0x98, 0x80, 0xac, 0x00, 0x03, 0xe0, 0xf8, 0xfc, 0xfe, 0x9c,
    0xff, 0x03, 0xfe, 0xfc, 0xf8, 0xe0, 0x8e, 0x00, 0x03, 0xe0, 0xf8, 0xfc, 0xfe, 0x9c, 0xff, 0x03,
    0xfe, 0xfc, 0xf8, 0xe0, 0xa6, 0x00, 0x8e, 0xff, 0x00, 0x7f, 0x84, 0x3f, 0x00, 0x7f, 0x8e, 0xff,
    0x8e, 0x00, 0x8e, 0xff, 0x00, 0x7f, 0x84, 0x3f, 0x00, 0x7f, 0x8e, 0xff, 0xa6, 0x00, 0x8c, 0xff,
    0x01, 0xc1, 0x80, 0x86, 0x00, 0x01, 0x80, 0xc1, 0x8c, 0xff, 0x8e, 0x00, 0x8c, 0xff, 0x01, 0xc1,
    0x80, 0x86, 0x00, 0x01, 0x80, 0xc1, 0x8c, 0xff, 0xa6, 0x00, 0x8f, 0xff, 0x84, 0xfe, 0x8f, 0xff,
    0x8e, 0x00, 0x8f, 0xff, 0x84, 0xfe, 0x8f, 0xff, 0xa6, 0x00, 0x05, 0x03, 0x0f, 0x1f, 0x3f, 0x7f,
    0x7f, 0x98, 0xff, 0x05, 0x7f, 0x7f, 0x3f, 0x1f, 0x0f, 0x03, 0x8e, 0x00, 0x05, 0x03, 0x0f, 0x1f,
    0x3f, 0x7f, 0x7f, 0x98, 0xff, 0x05, 0x7f, 0x7f, 0x3f, 0x1f, 0x0f, 0x03, 0xc0, 0x00, 0x02, 0x80,
    0xc0, 0x80, 0x9e, 0x00, 0x02, 0x80, 0xc0, 0x80, 0xdb, 0x00, 0x07, 0x01, 0x01, 0x03, 0x07, 0x0e,
    0x0c, 0x18, 0x38, 0x92, 0x30, 0x07, 0x38, 0x18, 0x0c, 0x0e, 0x07, 0x03, 0x01, 0x01, 0xad, 0x00,
};

static const uint8_t s_anim_happy_f18[] = {
    0x99, 0x00, 0x98, 0x80, 0x9a, 0x00, 0x98, 0x80, 0xac, 0x00, 0x03, 0xe0, 0xf8, 0xfc, 0xfe, 0x9c,
    0xff, 0x03, 0xfe, 0xfc, 0xf8, 0xe0, 0x8e, 0x00, 0x03, 0xe0, 0xf8, 0xfc, 0xfe, 0x9c, 0xff, 0x03,
    0xfe, 0xfc, 0xf8, 0xe0, 0xa6, 0x00, 0x8e, 0xff, 0x00, 0x7f, 0x84, 0x3f, 0x00, 0x7f, 0x8e, 0xff,
    0x8e, 0x00, 0x8e, 0xff, 0x00, 0x7f, 0x84, 0x3f, 0x00, 0x7f, 0x8e, 0xff, 0xa6, 0x00, 0x8c, 0xff,
    0x01, 0xc1, 0x80, 0x86, 0x00, 0x01, 0x80, 0xc1, 0x8c, 0xff, 0x8e, 0x00, 0x8c, 0xff, 0x01, 0xc1,
    0x80, 0x86, 0x00, 0x01, 0x80, 0xc1, 0x8c, 0xff, 0xa6, 0x00, 0x8f, 0xff, 0x84, 0xfe, 0x8f, 0xff,
    0x8e, 0x00, 0x8f, 0xff, 0x84, 0xfe, 0x8f, 0xff, 0xa6, 0x00, 0x05, 0x03, 0x0f, 0x1f, 0x3f, 0x7f,
    0x7f, 0x98, 0xff, 0x05, 0x7f, 0x7f, 0x3f, 0x1f, 0x0f, 0x03, 0x8e, 0x00, 0x05, 0x03, 0x0f, 0x1f,
    0x3f, 0x7f, 0x7f, 0x98, 0xff, 0x05, 0x7f, 0x7f, 0x3f, 0x1f, 0x0f, 0x03, 0xc0, 0x00, 0x02, 0x80,
    0xc0, 0x80, 0x9e, 0x00, 0x02, 0x80, 0xc0, 0x80, 0xdb, 0x00, 0x07, 0x01, 0x01, 0x03, 0x07, 0x0e,
    0x0c, 0x18, 0x38, 0x92, 0x30, 0x07, 0x38, 0x18, 0x0c, 0x0e, 0x07, 0x03, 0x01, 0x01, 0xad, 0x00,
};

static const uint8_t s_anim_happy_f19[] = {
    0x99, 0x00, 0x98, 0x80, 0x9a, 0x00, 0x98, 0x80, 0xac, 0x00, 0x03, 0xe0, 0xf8, 0xfc, 0xfe, 0x9c,
    0xff, 0x03, 0xfe, 0xfc, 0xf8, 0xe0, 0x8e, 0x00, 0x03, 0xe0, 0xf8, 0xfc, 0xfe, 0x9c, 0xff, 0x03,
    0xfe, 0xfc, 0xf8, 0xe0, 0xa6, 0x00, 0x8e, 0xff, 0x00, 0x7f, 0x84, 0x3f, 0x00, 0x7f, 0x8e, 0xff,
    0x8e, 0x00, 0x8e, 0xff, 0x00, 0x7f, 0x84, 0x3f, 0x00, 0x7f, 0x8e, 0xff, 0xa6, 0x00, 0x8c, 0xff,
    0x01, 0xc1, 0x80, 0x86, 0x00, 0x01, 0x80, 0xc1, 0x8c, 0xff, 0x8e, 0x00, 0x8c, 0xff, 0x01, 0xc1,
    0x80, 0x86, 0x00, 0x01, 0x80, 0xc1, 0x8c, 0xff, 0xa6, 0x00, 0x8f, 0xff, 0x84, 0xfe, 0x8f, 0xff,
    0x8e, 0x00, 0x8f, 0xff, 0x84, 0xfe, 0x8f, 0xff, 0xa6, 0x00, 0x05, 0x03, 0x0f, 0x1f, 0x3f, 0x7f,
    0x7f, 0x98, 0xff, 0x05, 0x7f, 0x7f, 0x3f, 0x1f, 0x0f, 0x03, 0x8e, 0x00, 0x05, 0x03, 0x0f, 0x1f,
    0x3f, 0x7f, 0x7f, 0x98, 0xff, 0x05, 0x7f, 0x7f, 0x3f, 0x1f, 0x0f, 0x03, 0xc0, 0x00, 0x02, 0x80,
    0xc0, 0x80, 0x9e, 0x00, 0x02, 0x80, 0xc0, 0x80, 0xdb, 0x00, 0x07, 0x01, 0x01, 0x03, 0x07, 0x0e,
    0x0c, 0x18, 0x38, 0x92, 0x30, 0x07, 0x38, 0x18, 0x0c, 0x0e, 0x07, 0x03, 0x01, 0x01, 0xad, 0x00,
};

static const uint8_t s_anim_happy_f20[] = {
    0x99, 0x00, 0x98, 0x80, 0x9a, 0x00, 0x98, 0x80, 0xac, 0x00, 0x03, 0xe0, 0xf8, 0xfc, 0xfe, 0x9c,
    0xff, 0x03, 0xfe, 0xfc, 0xf8, 0xe0, 0x8e, 0x00, 0x03, 0xe0, 0xf8, 0xfc, 0xfe, 0x9c, 0xff, 0x03,
    0xfe, 0xfc, 0xf8, 0xe0, 0xa6, 0x00, 0x8e, 0xff, 0x00, 0x7f, 0x84, 0x3f, 0x00, 0x7f, 0x8e, 0xff,
    0x8e, 0x00, 0x8e, 0xff, 0x00, 0x7f, 0x84, 0x3f, 0x00, 0x7f, 0x8e, 0xff, 0xa6, 0x00, 0x8c, 0xff,
    0x01, 0xc1, 0x80, 0x86, 0x00, 0x01, 0x80, 0xc1, 0x8c, 0xff, 0x8e, 0x00, 0x8c, 0xff, 0x01, 0xc1,
    0x80, 0x86, 0x00, 0x01, 0x80, 0xc1, 0x8c, 0xff, 0xa6, 0x00, 0x8f, 0xff, 0x84, 0xfe, 0x8f, 0xff,
    0x8e, 0x00, 0x8f, 0xff, 0x84, 0xfe, 0x8f, 0xff, 0xa6, 0x00, 0x05, 0x03, 0x0f, 0x1f, 0x3f, 0x7f,
    0x7f, 0x98, 0xff, 0x05, 0x7f, 0x7f, 0x3f, 0x1f, 0x0f, 0x03, 0x8e, 0x00, 0x05, 0x03, 0x0f, 0x1f,
    0x3f, 0x7f, 0x7f, 0x98, 0xff, 0x05, 0x7f, 0x7f, 0x3f, 0x1f, 0x0f, 0x03, 0xc0, 0x00, 0x02, 0x80,
    0xc0, 0x80, 0x9e, 0x00, 0x02, 0x80, 0xc0, 0x80, 0xdb, 0x00, 0x07, 0x01, 0x01, 0x03, 0x07, 0x0e,
    0x0c, 0x18, 0x38, 0x92, 0x30, 0x07, 0x38, 0x18, 0x0c, 0x0e, 0x07, 0x03, 0x01, 0x01, 0xad, 0x00,
};

static const uint8_t s_anim_happy_f21[] = {
    0x99, 0x00, 0x98, 0x80, 0x9a, 0x00, 0x98, 0x80, 0xac, 0x00, 0x03, 0xe0, 0xf8, 0xfc, 0xfe, 0x9c,
    0xff, 0x03, 0xfe, 0xfc, 0xf8, 0xe0, 0x8e, 0x00, 0x03, 0xe0, 0xf8, 0xfc, 0xfe, 0x9c, 0xff, 0x03,
    0xfe, 0xfc, 0xf8, 0xe0, 0xa6, 0x00, 0x8e, 0xff, 0x00, 0x7f, 0x84, 0x3f, 0x00, 0x7f, 0x8e, 0xff,
    0x8e, 0x00, 0x8e, 0xff, 0x00, 0x7f, 0x84, 0x3f, 0x00, 0x7f, 0x8e, 0xff, 0xa6, 0x00, 0x8c, 0xff,
    0x01, 0xc1, 0x80, 0x86, 0x00, 0x01, 0x80, 0xc1, 0x8c, 0xff, 0x8e, 0x00, 0x8c, 0xff, 0x01, 0xc1,
    0x80, 0x86, 0x00, 0x01, 0x80, 0xc1, 0x8c, 0xff, 0xa6, 0x00, 0x8f, 0xff, 0x84, 0xfe, 0x8f, 0xff,
    0x8e, 0x00, 0x8f, 0xff, 0x84, 0xfe, 0x8f, 0xff, 0xa6, 0x00, 0x05, 0x03, 0x0f, 0x1f, 0x3f, 0x7f,
    0x7f, 0x98, 0xff, 0x05, 0x7f, 0x7f, 0x3f, 0x1f, 0x0f, 0x03, 0x8e, 0x00, 0x05, 0x03, 0x0f, 0x1f,
    0x3f, 0x7f, 0x7f, 0x98, 0xff, 0x05, 0x7f, 0x7f, 0x3f, 0x1f, 0x0f, 0x03, 0xc0, 0x00, 0x02, 0x80,
    0xc0, 0x80, 0x9e, 0x00, 0x02, 0x80, 0xc0, 0x80, 0xdb, 0x00, 0x07, 0x01, 0x01, 0x03, 0x07, 0x0e,
    0x0c, 0x18, 0x38, 0x92, 0x30, 0x07, 0x38, 0x18, 0x0c, 0x0e, 0x07, 0x03, 0x01, 0x01, 0xad, 0x00,
};

static const uint8_t s_anim_happy_f22[] = {
    0xff, 0x00, 0x93, 0x00, 0x05, 0xc0, 0xf0, 0xf8, 0xfc, 0xfe, 0xfe, 0x98, 0xff, 0x05, 0xfe, 0xfe,
    0xfc, 0xf8, 0xf0, 0xc0, 0x8e, 0x00, 0x05, 0xc0, 0xf0, 0xf8, 0xfc, 0xfe, 0xfe, 0x98, 0xff, 0x05,
    0xfe, 0xfe, 0xfc, 0xf8, 0xf0, 0xc0, 0xa6, 0x00, 0x8f, 0xff, 0x84, 0x7f, 0x8f, 0xff, 0x8e, 0x00,
    0x8f, 0xff, 0x84, 0x7f, 0x8f, 0xff, 0xa6, 0x00, 0x8c, 0xff, 0x01, 0x83, 0x01, 0x86, 0x00, 0x01,
    0x01, 0x83, 0x8c, 0xff, 0x8e, 0x00, 0x8c, 0xff, 0x01, 0x83, 0x01, 0x86, 0x00, 0x01, 0x01, 0x83,
    0x8c, 0xff, 0xa6, 0x00, 0x8e, 0xff, 0x00, 0xfe, 0x84, 0xfc, 0x00, 0xfe, 0x8e, 0xff, 0x8e, 0x00,
    0x8e, 0xff, 0x00, 0xfe, 0x84, 0xfc, 0x00, 0xfe, 0x8e, 0xff, 0xa6, 0x00, 0x03, 0x07, 0x1f, 0x3f,
    0x7f, 0x9c, 0xff, 0x03, 0x7f, 0x3f, 0x1f, 0x07, 0x8e, 0x00, 0x03, 0x07, 0x1f, 0x3f, 0x7f, 0x9c,
    0xff, 0x03, 0x7f, 0x3f, 0x1f, 0x07, 0xac, 0x00, 0x93, 0x01, 0x04, 0x81, 0xc1, 0x81, 0x01, 0x01,
    0x9a, 0x00, 0x04, 0x01, 0x01, 0x81, 0xc1, 0x81, 0x93, 0x01, 0xc7, 0x00, 0x07, 0x01, 0x01, 0x03,
    0x07, 0x0e, 0x0c, 0x18, 0x38, 0x92, 0x30, 0x07, 0x38, 0x18, 0x0c, 0x0e, 0x07, 0x03, 0x01, 0x01,
    0xad, 0x00,
};

static const uint8_t s_anim_happy_f23[] = {
    0xff, 0x00, 0x93, 0x00, 0x05, 0xc0, 0xf0, 0xf8, 0xfc, 0xfe, 0xfe, 0x98, 0xff, 0x05, 0xfe, 0xfe,
    0xfc, 0xf8, 0xf0, 0xc0, 0x8e, 0x00, 0x05, 0xc0, 0xf0, 0xf8, 0xfc, 0xfe, 0xfe, 0x98, 0xff, 0x05,
    0xfe, 0xfe, 0xfc, 0xf8, 0xf0, 0xc0, 0xa6, 0x00, 0x8f, 0xff, 0x84, 0x7f, 0x8f, 0xff, 0x8e, 0x00,
    0x8f, 0xff, 0x84, 0x7f, 0x8f, 0xff, 0xa6, 0x00, 0x8c, 0xff, 0x01, 0x83, 0x01, 0x86, 0x00, 0x01,
    0x01, 0x83, 0x8c, 0xff, 0x8e, 0x00, 0x8c, 0xff, 0x01, 0x83, 0x01, 0x86, 0x00, 0x01, 0x01, 0x83,
    0x8c, 0xff, 0xa6, 0x00, 0x8e, 0xff, 0x00, 0xfe, 0x84, 0xfc, 0x00, 0xfe, 0x8e, 0xff, 0x8e, 0x00,
    0x8e, 0xff, 0x00, 0xfe, 0x84, 0xfc, 0x00, 0xfe, 0x8e, 0xff, 0xa6, 0x00, 0x03, 0x07, 0x1f, 0x3f,
    0x7f, 0x9c, 0xff, 0x03, 0x7f, 0x3f, 0x1f, 0x07, 0x8e, 0x00, 0x03, 0x07, 0x1f, 0x3f, 0x7f, 0x9c,
    0xff, 0x03, 0x7f, 0x3f, 0x1f, 0x07, 0xac, 0x00, 0x93, 0x01, 0x04, 0x81, 0xc1, 0x81, 0x81, 0x01,
    0x9a, 0x00, 0x04, 0x01, 0x81, 0x81, 0xc1, 0x81, 0x93, 0x01, 0xc8, 0x00, 0x05, 0x01, 0x03, 0x03,
    0x06, 0x0e, 0x0c, 0x94, 0x18, 0x05, 0x0c, 0x0e, 0x06, 0x03, 0x03, 0x01, 0xae, 0x00,
};

static const uint8_t s_anim_happy_f24[] = {
    0xff, 0x00, 0x93, 0x00, 0x05, 0xc0, 0xf0, 0xf8, 0xfc, 0xfe, 0xfe, 0x98, 0xff, 0x05, 0xfe, 0xfe,
    0xfc, 0xf8, 0xf0, 0xc0, 0x8e, 0x00, 0x05, 0xc0, 0xf0, 0xf8, 0xfc, 0xfe, 0xfe, 0x98, 0xff, 0x05,
    0xfe, 0xfe, 0xfc, 0xf8, 0xf0, 0xc0, 0xa6, 0x00, 0x8f, 0xff, 0x84, 0x7f, 0x8f, 0xff, 0x8e, 0x00,
    0x8f, 0xff, 0x84, 0x7f, 0x8f, 0xff, 0xa6, 0x00, 0x8c, 0xff, 0x01, 0x83, 0x01, 0x86, 0x00, 0x01,
    0x01, 0x83, 0x8c, 0xff, 0x8e, 0x00, 0x8c, 0xff, 0x01, 0x83, 0x01, 0x86, 0x00, 0x01, 0x01, 0x83,
    0x8c, 0xff, 0xa6, 0x00, 0x8e, 0xff, 0x00, 0xfe, 0x84, 0xfc, 0x00, 0xfe, 0x8e, 0xff, 0x8e, 0x00,
    0x8e, 0xff, 0x00, 0xfe, 0x84, 0xfc, 0x00, 0xfe, 0x8e, 0xff, 0xa6, 0x00, 0x03, 0x07, 0x1f, 0x3f,
    0x7f, 0x9c, 0xff, 0x03, 0x7f, 0x3f, 0x1f, 0x07, 0x8e, 0x00, 0x03, 0x07, 0x1f, 0x3f, 0x7f, 0x9c,
    0xff, 0x03, 0x7f, 0x3f, 0x1f, 0x07, 0xac, 0x00, 0x93, 0x01, 0x04, 0x81, 0xc1, 0x81, 0x81, 0x01,
    0x9a, 0x00, 0x04, 0x01, 0x81, 0x81, 0xc1, 0x81, 0x93, 0x01, 0xc8, 0x00, 0x05, 0x01, 0x03, 0x03,
    0x06, 0x0e, 0x0c, 0x94, 0x18, 0x05, 0x0c, 0x0e, 0x06, 0x03, 0x03, 0x01, 0xae, 0x00,
};

static const uint8_t s_anim_happy_f25[] = {
    0xff, 0x00, 0x93, 0x00, 0x05, 0x80, 0xe0, 0xf0, 0xf8, 0xfc, 0xfc, 0x98, 0xfe, 0x05, 0xfc, 0xfc,
    0xf8, 0xf0, 0xe0, 0x80, 0x8e, 0x00, 0x05, 0x80, 0xe0, 0xf0, 0xf8, 0xfc, 0xfc, 0x98, 0xfe, 0x05,
    0xfc, 0xfc, 0xf8, 0xf0, 0xe0, 0x80, 0xa6, 0x00, 0xa4, 0xff, 0x8e, 0x00, 0xa4, 0xff, 0xa6, 0x00,
    0x8c, 0xff, 0x02, 0x07, 0x03, 0x01, 0x84, 0x00, 0x02, 0x01, 0x03, 0x07, 0x8c, 0xff, 0x8e, 0x00,
    0x8c, 0xff, 0x02, 0x07, 0x03, 0x01, 0x84, 0x00, 0x02, 0x01, 0x03, 0x07, 0x8c, 0xff, 0xa6, 0x00,
    0x8d, 0xff, 0x01, 0xfe, 0xfc, 0x84, 0xf8, 0x01, 0xfc, 0xfe, 0x8d, 0xff, 0x8e, 0x00, 0x8d, 0xff,
    0x01, 0xfe, 0xfc, 0x84, 0xf8, 0x01, 0xfc, 0xfe, 0x8d, 0xff, 0xa6, 0x00, 0x02, 0x0f, 0x3f, 0x7f,
    0x9e, 0xff, 0x02, 0x7f, 0x3f, 0x0f, 0x8e, 0x00, 0x02, 0x0f, 0x3f, 0x7f, 0x9e, 0xff, 0x02, 0x7f,
    0x3f, 0x0f, 0xaa, 0x00, 0x01, 0x01, 0x01, 0x93, 0x03, 0x06, 0x83, 0xc3, 0x83, 0x83, 0x03, 0x01,
    0x01, 0x96, 0x00, 0x06, 0x01, 0x01, 0x03, 0x83, 0x83, 0xc3, 0x83, 0x93, 0x03, 0x01, 0x01, 0x01,
    0xc6, 0x00, 0x05, 0x01, 0x03, 0x03, 0x06, 0x0e, 0x0c, 0x94, 0x18, 0x05, 0x0c, 0x0e, 0x06, 0x03,
    0x03, 0x01, 0xae, 0x00,
};

static const uint8_t s_anim_happy_f26[] = {
    0xff, 0x00, 0x93, 0x00, 0x05, 0x80, 0xe0, 0xf0, 0xf8, 0xfc, 0xfc, 0x98, 0xfe, 0x05, 0xfc, 0xfc,
    0xf8, 0xf0, 0xe0, 0x80, 0x8e, 0x00, 0x05, 0x80, 0xe0, 0xf0, 0xf8, 0xfc, 0xfc, 0x98, 0xfe, 0x05,
    0xfc, 0xfc, 0xf8, 0xf0, 0xe0, 0x80, 0xa6, 0x00, 0xa4, 0xff, 0x8e, 0x00, 0xa4, 0xff, 0xa6, 0x00,
    0x8c, 0xff, 0x02, 0x07, 0x03, 0x01, 0x84, 0x00, 0x02, 0x01, 0x03, 0x07, 0x8c, 0xff, 0x8e, 0x00,
    0x8c, 0xff, 0x02, 0x07, 0x03, 0x01, 0x84, 0x00, 0x02, 0x01, 0x03, 0x07, 0x8c, 0xff, 0xa6, 0x00,
    0x8d, 0xff, 0x01, 0xfe, 0xfc, 0x84, 0xf8, 0x01, 0xfc, 0xfe, 0x8d, 0xff, 0x8e, 0x00, 0x8d, 0xff,
    0x01, 0xfe, 0xfc, 0x84, 0xf8, 0x01, 0xfc, 0xfe, 0x8d, 0xff, 0xa6, 0x00, 0x02, 0x0f, 0x3f, 0x7f,
    0x9e, 0xff, 0x02, 0x7f, 0x3f, 0x0f, 0x8e, 0x00, 0x02, 0x0f, 0x3f, 0x7f, 0x9e, 0xff, 0x02, 0x7f,
    0x3f, 0x0f, 0xaa, 0x00, 0x01, 0x01, 0x01, 0x93, 0x03, 0x06, 0x83, 0xc3, 0x83, 0x83, 0x03, 0x01,
    0x01, 0x96, 0x00, 0x06, 0x01, 0x01, 0x03, 0x83, 0x83, 0xc3, 0x83, 0x93, 0x03, 0x01, 0x01, 0x01,
    0xc6, 0x00, 0x05, 0x01, 0x03, 0x03, 0x06, 0x0e, 0x0c, 0x94, 0x18, 0x05, 0x0c, 0x0e, 0x06, 0x03,
    0x03, 0x01, 0xae, 0x00,
};

static const uint8_t s_anim_happy_f27[] = {
    0xff, 0x00, 0x94, 0x00, 0x04, 0xc0, 0xe0, 0xf0, 0xf8, 0xf8, 0x98, 0xfc, 0x04, 0xf8, 0xf8, 0xf0,
    0xe0, 0xc0, 0x90, 0x00, 0x04, 0xc0, 0xe0, 0xf0, 0xf8, 0xf8, 0x98, 0xfc, 0x04, 0xf8, 0xf8, 0xf0,
    0xe0, 0xc0, 0xa7, 0x00, 0xa4, 0xff, 0x8e, 0x00, 0xa4, 0xff, 0xa6, 0x00, 0x8c, 0xff, 0x02, 0x0f,
    0x07, 0x03, 0x84, 0x01, 0x02, 0x03, 0x07, 0x0f, 0x8c, 0xff, 0x8e, 0x00, 0x8c, 0xff, 0x02, 0x0f,
    0x07, 0x03, 0x84, 0x01, 0x02, 0x03, 0x07, 0x0f, 0x8c, 0xff, 0xa6, 0x00, 0x8c, 0xff, 0x02, 0xfe,
    0xfc, 0xf8, 0x84, 0xf0, 0x02, 0xf8, 0xfc, 0xfe, 0x8c, 0xff, 0x8e, 0x00, 0x8c, 0xff, 0x02, 0xfe,
    0xfc, 0xf8, 0x84, 0xf0, 0x02, 0xf8, 0xfc, 0xfe, 0x8c, 0xff, 0xa6, 0x00, 0x01, 0x1f, 0x7f, 0xa0,
    0xff, 0x01, 0x7f, 0x1f, 0x8e, 0x00, 0x01, 0x1f, 0x7f, 0xa0, 0xff, 0x01, 0x7f, 0x1f, 0xa9, 0x00,
    0x02, 0x01, 0x03, 0x03, 0x93, 0x07, 0x07, 0xc7, 0x87, 0x87, 0x07, 0x07, 0x03, 0x03, 0x01, 0x94,
    0x00, 0x07, 0x01, 0x03, 0x03, 0x07, 0x07, 0x87, 0x87, 0xc7, 0x93, 0x07, 0x02, 0x03, 0x03, 0x01,
    0xc5, 0x00, 0x05, 0x01, 0x01, 0x03, 0x02, 0x06, 0x04, 0x94, 0x0c, 0x05, 0x04, 0x06, 0x02, 0x03,
    0x01, 0x01, 0xae, 0x00,
};

static const uint8_t s_anim_happy_f28[] = {
    0xff, 0x00, 0x94, 0x00, 0x04, 0xc0, 0xe0, 0xf0, 0xf8, 0xf8, 0x98, 0xfc, 0x04, 0xf8, 0xf8, 0xf0,
    0xe0, 0xc0, 0x90, 0x00, 0x04, 0xc0, 0xe0, 0xf0, 0xf8, 0xf8, 0x98, 0xfc, 0x04, 0xf8, 0xf8, 0xf0,
    0xe0, 0xc0, 0xa7, 0x00, 0xa4, 0xff, 0x8e, 0x00, 0xa4, 0xff, 0xa6, 0x00, 0x8c, 0xff, 0x02, 0x0f,
    0x07, 0x03, 0x84, 0x01, 0x02, 0x03, 0x07, 0x0f, 0x8c, 0xff, 0x8e, 0x00, 0x8c, 0xff, 0x02, 0x0f,
    0x07, 0x03, 0x84, 0x01, 0x02, 0x03, 0x07, 0x0f, 0x8c, 0xff, 0xa6, 0x00, 0x8c, 0xff, 0x02, 0xfe,
    0xfc, 0xf8, 0x84, 0xf0, 0x02, 0xf8, 0xfc, 0xfe, 0x8c, 0xff, 0x8e, 0x00, 0x8c, 0xff, 0x02, 0xfe,
    0xfc, 0xf8, 0x84, 0xf0, 0x02, 0xf8, 0xfc, 0xfe, 0x8c, 0xff, 0xa6, 0x00, 0x01, 0x1f, 0x7f, 0xa0,
    0xff, 0x01, 0x7f, 0x1f, 0x8e, 0x00, 0x01, 0x1f, 0x7f, 0xa0, 0xff, 0x01, 0x7f, 0x1f, 0xa9, 0x00,
    0x02, 0x01, 0x03, 0x03, 0x93, 0x07, 0x07, 0xc7, 0x87, 0x87, 0x07, 0x07, 0x03, 0x03, 0x01, 0x94,
    0x00, 0x07, 0x01, 0x03, 0x03, 0x07, 0x07, 0x87, 0x87, 0xc7, 0x93, 0x07, 0x02, 0x03, 0x03, 0x01,
    0xc5, 0x00, 0x05, 0x01, 0x01, 0x03, 0x02, 0x06, 0x04, 0x94, 0x0c, 0x05, 0x04, 0x06, 0x02, 0x03,
    0x01, 0x01, 0xae, 0x00,
};

static const uint8_t s_anim_happy_f29[] = {
    0xff, 0x00, 0x94, 0x00, 0x04, 0xc0, 0xe0, 0xf0, 0xf8, 0xf8, 0x98, 0xfc, 0x04, 0xf8, 0xf8, 0xf0,
    0xe0, 0xc0, 0x90, 0x00, 0x04, 0xc0, 0xe0, 0xf0, 0xf8, 0xf8, 0x98, 0xfc, 0x04, 0xf8, 0xf8, 0xf0,
    0xe0, 0xc0, 0xa7, 0x00, 0xa4, 0xff, 0x8e, 0x00, 0xa4, 0xff, 0xa6, 0x00, 0x8c, 0xff, 0x02, 0x0f,
    0x07, 0x03, 0x84, 0x01, 0x02, 0x03, 0x07, 0x0f, 0x8c, 0xff, 0x8e, 0x00, 0x8c, 0xff, 0x02, 0x0f,
    0x07, 0x03, 0x84, 0x01, 0x02, 0x03, 0x07, 0x0f, 0x8c, 0xff, 0xa6, 0x00, 0x8c, 0xff, 0x02, 0xfe,
    0xfc, 0xf8, 0x84, 0xf0, 0x02, 0xf8, 0xfc, 0xfe, 0x8c, 0xff, 0x8e, 0x00, 0x8c, 0xff, 0x02, 0xfe,
    0xfc, 0xf8, 0x84, 0xf0, 0x02, 0xf8, 0xfc, 0xfe, 0x8c, 0xff, 0xa6, 0x00, 0x01, 0x1f, 0x7f, 0xa0,
    0xff, 0x01, 0x7f, 0x1f, 0x8e, 0x00, 0x01, 0x1f, 0x7f, 0xa0, 0xff, 0x01, 0x7f, 0x1f, 0xa9, 0x00,
    0x02, 0x01, 0x03, 0x03, 0x93, 0x07, 0x07, 0xc7, 0x87, 0x87, 0x07, 0x07, 0x03, 0x03, 0x01, 0x94,
    0x00, 0x07, 0x01, 0x03, 0x03, 0x07, 0x07, 0x87, 0x87, 0xc7, 0x93, 0x07, 0x02, 0x03, 0x03, 0x01,
    0xc5, 0x00, 0x05, 0x01, 0x01, 0x03, 0x02, 0x06, 0x04, 0x94, 0x0c, 0x05, 0x04, 0x06, 0x02, 0x03,
    0x01, 0x01, 0xae, 0x00,
};

static const uint8_t s_anim_happy_f30[] = {
    0xff, 0x00, 0x94, 0x00, 0x04, 0x80, 0xc0, 0xe0, 0xf0, 0xf0, 0x98, 0xf8, 0x04, 0xf0, 0xf0, 0xe0,
    0xc0, 0x80, 0x90, 0x00, 0x04, 0x80, 0xc0, 0xe0, 0xf0, 0xf0, 0x98, 0xf8, 0x04, 0xf0, 0xf0, 0xe0,
    0xc0, 0x80, 0xa7, 0x00, 0x00, 0xfe, 0xa2, 0xff, 0x00, 0xfe, 0x8e, 0x00, 0x00, 0xfe, 0xa2, 0xff,
    0x00, 0xfe, 0xa6, 0x00, 0x8c, 0xff, 0x02, 0x1f, 0x0f, 0x07, 0x84, 0x03, 0x02, 0x07, 0x0f, 0x1f,
    0x8c, 0xff, 0x8e, 0x00, 0x8c, 0xff, 0x02, 0x1f, 0x0f, 0x07, 0x84, 0x03, 0x02, 0x07, 0x0f, 0x1f,
    0x8c, 0xff, 0xa6, 0x00, 0x8c, 0xff, 0x02, 0xfc, 0xf8, 0xf0, 0x84, 0xe0, 0x02, 0xf0, 0xf8, 0xfc,
    0x8c, 0xff, 0x8e, 0x00, 0x8c, 0xff, 0x02, 0xfc, 0xf8, 0xf0, 0x84, 0xe0, 0x02, 0xf0, 0xf8, 0xfc,
    0x8c, 0xff, 0xa6, 0x00, 0x00, 0x3f, 0xa2, 0xff, 0x00, 0x3f, 0x8e, 0x00, 0x00, 0x3f, 0xa2, 0xff,
    0x00, 0x3f, 0xa8, 0x00, 0x03, 0x01, 0x03, 0x07, 0x07, 0x93, 0x0f, 0x08, 0xcf, 0x8f, 0x8f, 0x0f,
    0x0f, 0x07, 0x07, 0x03, 0x01, 0x92, 0x00, 0x08, 0x01, 0x03, 0x07, 0x07, 0x0f, 0x0f, 0x8f, 0x8f,
    0xcf, 0x93, 0x0f, 0x03, 0x07, 0x07, 0x03, 0x01, 0xc4, 0x00, 0x05, 0x01, 0x01, 0x03, 0x02, 0x06,
    0x04, 0x94, 0x0c, 0x05, 0x04, 0x06, 0x02, 0x03, 0x01, 0x01, 0xae, 0x00,
};

static const uint8_t s_anim_happy_f31[] = {
    0xff, 0x00, 0x94, 0x00, 0x04, 0x80, 0xc0, 0xe0, 0xf0, 0xf0, 0x98, 0xf8, 0x04, 0xf0, 0xf0, 0xe0,
    0xc0, 0x80, 0x90, 0x00, 0x04, 0x80, 0xc0, 0xe0, 0xf0, 0xf0, 0x98, 0xf8, 0x04, 0xf0, 0xf0, 0xe0,
    0xc0, 0x80, 0xa7, 0x00, 0x00, 0xfe, 0xa2, 0xff, 0x00, 0xfe, 0x8e, 0x00, 0x00, 0xfe, 0xa2, 0xff,
    0x00, 0xfe, 0xa6, 0x00, 0x8c, 0xff, 0x02, 0x1f, 0x0f, 0x07, 0x84, 0x03, 0x02, 0x07, 0x0f, 0x1f,
    0x8c, 0xff, 0x8e, 0x00, 0x8c, 0xff, 0x02, 0x1f, 0x0f, 0x07, 0x84, 0x03, 0x02, 0x07, 0x0f, 0x1f,
    0x8c, 0xff, 0xa6, 0x00, 0x8c, 0xff, 0x02, 0xfc, 0xf8, 0xf0, 0x84, 0xe0, 0x02, 0xf0, 0xf8, 0xfc,
    0x8c, 0xff, 0x8e, 0x00, 0x8c, 0xff, 0x02, 0xfc, 0xf8, 0xf0, 0x84, 0xe0, 0x02, 0xf0, 0xf8, 0xfc,
    0x8c, 0xff, 0xa6, 0x00, 0x00, 0x3f, 0xa2, 0xff, 0x00, 0x3f, 0x8e, 0x00, 0x00, 0x3f, 0xa2, 0xff,
    0x00, 0x3f, 0xa8, 0x00, 0x03, 0x01, 0x03, 0x07, 0x07, 0x93, 0x0f, 0x08, 0xcf, 0x8f, 0x8f, 0x0f,
    0x0f, 0x07, 0x07, 0x03, 0x01, 0x92, 0x00, 0x08, 0x01, 0x03, 0x07, 0x07, 0x0f, 0x0f, 0x8f, 0x8f,
    0xcf, 0x93, 0x0f, 0x03, 0x07, 0x07, 0x03, 0x01, 0xc4, 0x00, 0x05, 0x01, 0x01, 0x03, 0x02, 0x06,
    0x04, 0x94, 0x0c, 0x05, 0x04, 0x06, 0x02, 0x03, 0x01, 0x01, 0xae, 0x00,
};

static const uint8_t s_anim_happy_f32[] = {
    0xff, 0x00, 0x94, 0x00, 0x04, 0x80, 0xc0, 0xe0, 0xf0, 0xf0, 0x98, 0xf8, 0x04, 0xf0, 0xf0, 0xe0,
    0xc0, 0x80, 0x90, 0x00, 0x04, 0x80, 0xc0, 0xe0, 0xf0, 0xf0, 0x98, 0xf8, 0x04, 0xf0, 0xf0, 0xe0,
    0xc0, 0x80, 0xa7, 0x00, 0x00, 0xfe, 0xa2, 0xff, 0x00, 0xfe, 0x8e, 0x00, 0x00, 0xfe, 0xa2, 0xff,
    0x00, 0xfe, 0xa6, 0x00, 0x8c, 0xff, 0x02, 0x1f, 0x0f, 0x07, 0x84, 0x03, 0x02, 0x07, 0x0f, 0x1f,
    0x8c, 0xff, 0x8e, 0x00, 0x8c, 0xff, 0x02, 0x1f, 0x0f, 0x07, 0x84, 0x03, 0x02, 0x07, 0x0f, 0x1f,
    0x8c, 0xff, 0xa6, 0x00, 0x8c, 0xff, 0x02, 0xfc, 0xf8, 0xf0, 0x84, 0xe0, 0x02, 0xf0, 0xf8, 0xfc,
    0x8c, 0xff, 0x8e, 0x00, 0x8c, 0xff, 0x02, 0xfc, 0xf8, 0xf0, 0x84, 0xe0, 0x02, 0xf0, 0xf8, 0xfc,
    0x8c, 0xff, 0xa6, 0x00, 0x00, 0x3f, 0xa2, 0xff, 0x00, 0x3f, 0x8e, 0x00, 0x00, 0x3f, 0xa2, 0xff,
    0x00, 0x3f, 0xa8, 0x00, 0x03, 0x01, 0x03, 0x07, 0x07, 0x93, 0x0f, 0x00, 0xcf, 0x82, 0x8f, 0x04,
    0x0f, 0x07, 0x07, 0x03, 0x01, 0x92, 0x00, 0x04, 0x01, 0x03, 0x07, 0x07, 0x0f, 0x82, 0x8f, 0x00,
    0xcf, 0x93, 0x0f, 0x03, 0x07, 0x07, 0x03, 0x01, 0xc5, 0x00, 0x04, 0x01, 0x01, 0x03, 0x02, 0x02,
    0x94, 0x06, 0x04, 0x02, 0x02, 0x03, 0x01, 0x01, 0xaf, 0x00,
};

static const uint8_t s_anim_happy_f33[] = {
    0xff, 0x00, 0x95, 0x00, 0x03, 0x80, 0xc0, 0xe0, 0xe0, 0x98, 0xf0, 0x03, 0xe0, 0xe0, 0xc0, 0x80,
    0x92, 0x00, 0x03, 0x80, 0xc0, 0xe0, 0xe0, 0x98, 0xf0, 0x03, 0xe0, 0xe0, 0xc0, 0x80, 0xa8, 0x00,
    0x00, 0xfc, 0xa2, 0xff, 0x00, 0xfc, 0x8e, 0x00, 0x00, 0xfc, 0xa2, 0xff, 0x00, 0xfc, 0xa6, 0x00,
    0x8c, 0xff, 0x02, 0x3f, 0x1f, 0x0f, 0x84, 0x07, 0x02, 0x0f, 0x1f, 0x3f, 0x8c, 0xff, 0x8e, 0x00,
    0x8c, 0xff, 0x02, 0x3f, 0x1f, 0x0f, 0x84, 0x07, 0x02, 0x0f, 0x1f, 0x3f, 0x8c, 0xff, 0xa6, 0x00,
    0x8c, 0xff, 0x02, 0xf8, 0xf0, 0xe0, 0x84, 0xc0, 0x02, 0xe0, 0xf0, 0xf8, 0x8c, 0xff, 0x8e, 0x00,
    0x8c, 0xff, 0x02, 0xf8, 0xf0, 0xe0, 0x84, 0xc0, 0x02, 0xe0, 0xf0, 0xf8, 0x8c, 0xff, 0xa6, 0x00,
    0x00, 0x7f, 0xa2, 0xff, 0x00, 0x7f, 0x8e, 0x00, 0x00, 0x7f, 0xa2, 0xff, 0x00, 0x7f, 0xa7, 0x00,
    0x04, 0x01, 0x03, 0x07, 0x0f, 0x0f, 0x93, 0x1f, 0x00, 0xdf, 0x82, 0x9f, 0x05, 0x1f, 0x0f, 0x0f,
    0x07, 0x03, 0x01, 0x90, 0x00, 0x05, 0x01, 0x03, 0x07, 0x0f, 0x0f, 0x1f, 0x82, 0x9f, 0x00, 0xdf,
    0x93, 0x1f, 0x04, 0x0f, 0x0f, 0x07, 0x03, 0x01, 0xc4, 0x00, 0x04, 0x01, 0x01, 0x03, 0x02, 0x02,
    0x94, 0x06, 0x04, 0x02, 0x02, 0x03, 0x01, 0x01, 0xaf, 0x00,
};

static const uint8_t s_anim_happy_f34[] = {
    0xff, 0x00, 0x95, 0x00, 0x03, 0x80, 0xc0, 0xe0, 0xe0, 0x98, 0xf0, 0x03, 0xe0, 0xe0, 0xc0, 0x80,
    0x92, 0x00, 0x03, 0x80, 0xc0, 0xe0, 0xe0, 0x98, 0xf0, 0x03, 0xe0, 0xe0, 0xc0, 0x80, 0xa8, 0x00,
    0x00, 0xfc, 0xa2, 0xff, 0x00, 0xfc, 0x8e, 0x00, 0x00, 0xfc, 0xa2, 0xff, 0x00, 0xfc, 0xa6, 0x00,
    0x8c, 0xff, 0x02, 0x3f, 0x1f, 0x0f, 0x84, 0x07, 0x02, 0x0f, 0x1f, 0x3f, 0x8c, 0xff, 0x8e, 0x00,
    0x8c, 0xff, 0x02, 0x3f, 0x1f, 0x0f, 0x84, 0x07, 0x02, 0x0f, 0x1f, 0x3f, 0x8c, 0xff, 0xa6, 0x00,
    0x8c, 0xff, 0x02, 0xf8, 0xf0, 0xe0, 0x84, 0xc0, 0x02, 0xe0, 0xf0, 0xf8, 0x8c, 0xff, 0x8e, 0x00,
    0x8c, 0xff, 0x02, 0xf8, 0xf0, 0xe0, 0x84, 0xc0, 0x02, 0xe0, 0xf0, 0xf8, 0x8c, 0xff, 0xa6, 0x00,
    0x00, 0x7f, 0xa2, 0xff, 0x00, 0x7f, 0x8e, 0x00, 0x00, 0x7f, 0xa2, 0xff, 0x00, 0x7f, 0xa7, 0x00,
    0x04, 0x01, 0x03, 0x07, 0x0f, 0x0f, 0x93, 0x1f, 0x00, 0xdf, 0x82, 0x9f, 0x05, 0x1f, 0x0f, 0x0f,
    0x07, 0x03, 0x01, 0x90, 0x00, 0x05, 0x01, 0x03, 0x07, 0x0f, 0x0f, 0x1f, 0x82, 0x9f, 0x00, 0xdf,
    0x93, 0x1f, 0x04, 0x0f, 0x0f, 0x07, 0x03, 0x01, 0xc4, 0x00, 0x04, 0x01, 0x01, 0x03, 0x02, 0x02,
    0x94, 0x06, 0x04, 0x02, 0x02, 0x03, 0x01, 0x01, 0xaf, 0x00,
};

static const uint8_t s_anim_happy_f35[] = {
    0xff, 0x00, 0x95, 0x00, 0x03, 0x80, 0xc0, 0xe0, 0xe0, 0x98, 0xf0, 0x03, 0xe0, 0xe0, 0xc0, 0x80,
    0x92, 0x00, 0x03, 0x80, 0xc0, 0xe0, 0xe0, 0x98, 0xf0, 0x03, 0xe0, 0xe0, 0xc0, 0x80, 0xa8, 0x00,
    0x00, 0xfc, 0xa2, 0xff, 0x00, 0xfc, 0x8e, 0x00, 0x00, 0xfc, 0xa2, 0xff, 0x00, 0xfc, 0xa6, 0x00,
    0x8c, 0xff, 0x02, 0x3f, 0x1f, 0x0f, 0x84, 0x07, 0x02, 0x0f, 0x1f, 0x3f, 0x8c, 0xff, 0x8e, 0x00,
    0x8c, 0xff, 0x02, 0x3f, 0x1f, 0x0f, 0x84, 0x07, 0x02, 0x0f, 0x1f, 0x3f, 0x8c, 0xff, 0xa6, 0x00,
    0x8c, 0xff, 0x02, 0xf8, 0xf0, 0xe0, 0x84, 0xc0, 0x02, 0xe0, 0xf0, 0xf8, 0x8c, 0xff, 0x8e, 0x00,
    0x8c, 0xff, 0x02, 0xf8, 0xf0, 0xe0, 0x84, 0xc0, 0x02, 0xe0, 0xf0, 0xf8, 0x8c, 0xff, 0xa6, 0x00,
    0x00, 0x7f, 0xa2, 0xff, 0x00, 0x7f, 0x8e, 0x00, 0x00, 0x7f, 0xa2, 0xff, 0x00, 0x7f, 0xa7, 0x00,
    0x04, 0x01, 0x03, 0x07, 0x0f, 0x0f, 0x93, 0x1f, 0x00, 0xdf, 0x82, 0x9f, 0x05, 0x1f, 0x0f, 0x0f,
    0x07, 0x03, 0x01, 0x90, 0x00, 0x05, 0x01, 0x03, 0x07, 0x0f, 0x0f, 0x1f, 0x82, 0x9f, 0x00, 0xdf,
    0x93, 0x1f, 0x04, 0x0f, 0x0f, 0x07, 0x03, 0x01, 0xc4, 0x00, 0x04, 0x01, 0x01, 0x03, 0x02, 0x02,
    0x94, 0x06, 0x04, 0x02, 0x02, 0x03, 0x01, 0x01, 0xaf, 0x00,
};

static const uint8_t *const s_anim_happy_frames[36] = {
    s_anim_happy_f00,
    s_anim_happy_f01,
    s_anim_happy_f02,
    s_anim_happy_f03,
    s_anim_happy_f04,
    s_anim_happy_f05,
    s_anim_happy_f06,
    s_anim_happy_f07,
    s_anim_happy_f08,
    s_anim_happy_f09,
    s_anim_happy_f10,
    s_anim_happy_f11,
    s_anim_happy_f12,
    s_anim_happy_f13,
    s_anim_happy_f14,
    s_anim_happy_f15,
    s_anim_happy_f16,
    s_anim_happy_f17,
    s_anim_happy_f18,
    s_anim_happy_f19,
    s_anim_happy_f20,
    s_anim_happy_f21,
    s_anim_happy_f22,
    s_anim_happy_f23,
    s_anim_happy_f24,
    s_anim_happy_f25,
    s_anim_happy_f26,
    s_anim_happy_f27,
    s_anim_happy_f28,
    s_anim_happy_f29,
    s_anim_happy_f30,
    s_anim_happy_f31,
    s_anim_happy_f32,
    s_anim_happy_f33,
    s_anim_happy_f34,
    s_anim_happy_f35,
};

static const uint16_t s_anim_happy_sizes[36] = {
    186, 186, 186, 186, 186, 188, 188, 180,
    180, 180, 180, 180, 174, 174, 178, 176,
    176, 176, 176, 176, 176, 176, 178, 174,
    174, 180, 180, 180, 180, 180, 188, 188,
    186, 186, 186, 186,
};

static const uint8_t s_anim_sleepy_f00[] = {
    0xff, 0x00, 0xff, 0x00, 0xff, 0x00, 0x93, 0x00, 0x04, 0xc0, 0xf0, 0xf8, 0xfc, 0xfc, 0x88, 0xfe,
    0x02, 0x7e, 0x1e, 0x1e, 0x82, 0x0e, 0x02, 0x1e, 0x1e, 0x7e, 0x88, 0xfe, 0x04, 0xfc, 0xfc, 0xf8,
    0xf0, 0xc0, 0x8e, 0x00, 0x04, 0xc0, 0xf0, 0xf8, 0xfc, 0xfc, 0x88, 0xfe, 0x02, 0x7e, 0x1e, 0x1e,
    0x82, 0x0e, 0x02, 0x1e, 0x1e, 0x7e, 0x88, 0xfe, 0x04, 0xfc, 0xfc, 0xf8, 0xf0, 0xc0, 0xa6, 0x00,
    0x04, 0x07, 0x1f, 0x3f, 0x7f, 0x7f, 0x88, 0xff, 0x02, 0xfc, 0xf0, 0xf0, 0x82, 0xe0, 0x02, 0xf0,
    0xf0, 0xfc, 0x88, 0xff, 0x04, 0x7f, 0x7f, 0x3f, 0x1f, 0x07, 0x8e, 0x00, 0x04, 0x07, 0x1f, 0x3f,
    0x7f, 0x7f, 0x88, 0xff, 0x02, 0xfc, 0xf0, 0xf0, 0x82, 0xe0, 0x02, 0xf0, 0xf0, 0xfc, 0x88, 0xff,
    0x04, 0x7f, 0x7f, 0x3f, 0x1f, 0x07, 0xff, 0x00, 0xca, 0x00, 0x90, 0x40, 0xff, 0x00, 0xb6, 0x00,
};

static const uint8_t s_anim_sleepy_f01[] = {
    0xff, 0x00, 0xff, 0x00, 0xff, 0x00, 0x93, 0x00, 0x04, 0xc0, 0xf0, 0xf8, 0xfc, 0xfc, 0x88, 0xfe,
    0x02, 0x7e, 0x1e, 0x1e, 0x82, 0x0e, 0x02, 0x1e, 0x1e, 0x7e, 0x88, 0xfe, 0x04, 0xfc, 0xfc, 0xf8,
    0xf0, 0xc0, 0x8e, 0x00, 0x04, 0xc0, 0xf0, 0xf8, 0xfc, 0xfc, 0x88, 0xfe, 0x02, 0x7e, 0x1e, 0x1e,
    0x82, 0x0e, 0x02, 0x1e, 0x1e, 0x7e, 0x88, 0xfe, 0x04, 0xfc, 0xfc, 0xf8, 0xf0, 0xc0, 0xa6, 0x00,
    0x04, 0x07, 0x1f, 0x3f, 0x7f, 0x7f, 0x88, 0xff, 0x02, 0xfc, 0xf0, 0xf0, 0x82, 0xe0, 0x02, 0xf0,
    0xf0, 0xfc, 0x88, 0xff, 0x04, 0x7f, 0x7f, 0x3f, 0x1f, 0x07, 0x8e, 0x00, 0x04, 0x07, 0x1f, 0x3f,
    0x7f, 0x7f, 0x88, 0xff, 0x02, 0xfc, 0xf0, 0xf0, 0x82, 0xe0, 0x02, 0xf0, 0xf0, 0xfc, 0x88, 0xff,
    0x04, 0x7f, 0x7f, 0x3f, 0x1f, 0x07, 0xff, 0x00, 0xca, 0x00, 0x90, 0x40, 0xff, 0x00, 0xb6, 0x00,
};

static const uint8_t s_anim_sleepy_f02[] = {
    0xff, 0x00, 0xff, 0x00, 0xff, 0x00, 0x93, 0x00, 0x04, 0xc0, 0xf0, 0xf8, 0xfc, 0xfc, 0x88, 0xfe,
    0x02, 0x7e, 0x1e, 0x1e, 0x82, 0x0e, 0x02, 0x1e, 0x1e, 0x7e, 0x88, 0xfe, 0x04, 0xfc, 0xfc, 0xf8,
    0xf0, 0xc0, 0x8e, 0x00, 0x04, 0xc0, 0xf0, 0xf8, 0xfc, 0xfc, 0x88, 0xfe, 0x02, 0x7e, 0x1e, 0x1e,
    0x82, 0x0e, 0x02, 0x1e, 0x1e, 0x7e, 0x88, 0xfe, 0x04, 0xfc, 0xfc, 0xf8, 0xf0, 0xc0, 0xa6, 0x00,
    0x04, 0x07, 0x1f, 0x3f, 0x7f, 0x7f, 0x88, 0xff, 0x02, 0xfc, 0xf0, 0xf0, 0x82, 0xe0, 0x02, 0xf0,
    0xf0, 0xfc, 0x88, 0xff, 0x04, 0x7f, 0x7f, 0x3f, 0x1f, 0x07, 0x8e, 0x00, 0x04, 0x07, 0x1f, 0x3f,
    0x7f, 0x7f, 0x88, 0xff, 0x02, 0xfc, 0xf0, 0xf0, 0x82, 0xe0, 0x02, 0xf0, 0xf0, 0xfc, 0x88, 0xff,
    0x04, 0x7f, 0x7f, 0x3f, 0x1f, 0x07, 0xff, 0x00, 0xca, 0x00, 0x90, 0x40, 0xff, 0x00, 0xb6, 0x00,
};

static const uint8_t s_anim_sleepy_f03[] = {
    0xff, 0x00, 0xff, 0x00, 0xff, 0x00, 0x93, 0x00, 0x04, 0xc0, 0xf0, 0xf8, 0xfc, 0xfc, 0x88, 0xfe,
    0x02, 0x7e, 0x1e, 0x1e, 0x82, 0x0e, 0x02, 0x1e, 0x1e, 0x7e, 0x88, 0xfe, 0x04, 0xfc, 0xfc, 0xf8,
    0xf0, 0xc0, 0x8e, 0x00, 0x04, 0xc0, 0xf0, 0xf8, 0xfc, 0xfc, 0x88, 0xfe, 0x02, 0x7e, 0x1e, 0x1e,
    0x82, 0x0e, 0x02, 0x1e, 0x1e, 0x7e, 0x88, 0xfe, 0x04, 0xfc, 0xfc, 0xf8, 0xf0, 0xc0, 0xa6, 0x00,
    0x04, 0x07, 0x1f, 0x3f, 0x7f, 0x7f, 0x88, 0xff, 0x02, 0xfc, 0xf0, 0xf0, 0x82, 0xe0, 0x02, 0xf0,
    0xf0, 0xfc, 0x88, 0xff, 0x04, 0x7f, 0x7f, 0x3f, 0x1f, 0x07, 0x8e, 0x00, 0x04, 0x07, 0x1f, 0x3f,
    0x7f, 0x7f, 0x88, 0xff, 0x02, 0xfc, 0xf0, 0xf0, 0x82, 0xe0, 0x02, 0xf0, 0xf0, 0xfc, 0x88, 0xff,
    0x04, 0x7f, 0x7f, 0x3f, 0x1f, 0x07, 0xff, 0x00, 0xca, 0x00, 0x90, 0x40, 0xff, 0x00, 0xb6, 0x00,
};

static const uint8_t s_anim_sleepy_f04[] = {
    0xff, 0x00, 0xff, 0x00, 0xff, 0x00, 0x93, 0x00, 0x04, 0x80, 0xe0, 0xf0, 0xf8, 0xf8, 0x89, 0xfc,
    0x01, 0x3c, 0x3c, 0x82, 0x1c, 0x01, 0x3c, 0x3c, 0x89, 0xfc, 0x04, 0xf8, 0xf8, 0xf0, 0xe0, 0x80,
    0x8e, 0x00, 0x04, 0x80, 0xe0, 0xf0, 0xf8, 0xf8, 0x89, 0xfc, 0x01, 0x3c, 0x3c, 0x82, 0x1c, 0x01,
    0x3c, 0x3c, 0x89, 0xfc, 0x04, 0xf8, 0xf8, 0xf0, 0xe0, 0x80, 0xa6, 0x00, 0x02, 0x0f, 0x3f, 0x7f,
    0x8a, 0xff, 0x02, 0xf8, 0xe0, 0xe0, 0x82, 0xc0, 0x02, 0xe0, 0xe0, 0xf8, 0x8a, 0xff, 0x02, 0x7f,
    0x3f, 0x0f, 0x8e, 0x00, 0x02, 0x0f, 0x3f, 0x7f, 0x8a, 0xff, 0x02, 0xf8, 0xe0, 0xe0, 0x82, 0xc0,
    0x02, 0xe0, 0xe0, 0xf8, 0x8a, 0xff, 0x02, 0x7f, 0x3f, 0x0f, 0xab, 0x00, 0x9a, 0x01, 0x98, 0x00,
    0x9a, 0x01, 0xcf, 0x00, 0x90, 0x40, 0xff, 0x00, 0xb6, 0x00,
};

static const uint8_t s_anim_sleepy_f05[] = {
    0xff, 0x00, 0xff, 0x00, 0xff, 0x00, 0x93, 0x00, 0x05, 0x80, 0xe0, 0xf0, 0xf8, 0xfc, 0xfc, 0x88,
    0xfe, 0x01, 0x3e, 0x3e, 0x82, 0x1e, 0x01, 0x3e, 0x3e, 0x88, 0xfe, 0x05, 0xfc, 0xfc, 0xf8, 0xf0,
    0xe0, 0x80, 0x8e, 0x00, 0x05, 0x80, 0xe0, 0xf0, 0xf8, 0xfc, 0xfc, 0x88, 0xfe, 0x01, 0x3e, 0x3e,
    0x82, 0x1e, 0x01, 0x3e, 0x3e, 0x88, 0xfe, 0x05, 0xfc, 0xfc, 0xf8, 0xf0, 0xe0, 0x80, 0xa6, 0x00,
    0x02, 0x0f, 0x3f, 0x7f, 0x8a, 0xff, 0x02, 0xf8, 0xe0, 0xe0, 0x82, 0xc0, 0x02, 0xe0, 0xe0, 0xf8,
    0x8a, 0xff, 0x02, 0x7f, 0x3f, 0x0f, 0x8e, 0x00, 0x02, 0x0f, 0x3f, 0x7f, 0x8a, 0xff, 0x02, 0xf8,
    0xe0, 0xe0, 0x82, 0xc0, 0x02, 0xe0, 0xe0, 0xf8, 0x8a, 0xff, 0x02, 0x7f, 0x3f, 0x0f, 0xaa, 0x00,
    0x01, 0x01, 0x01, 0x98, 0x03, 0x01, 0x01, 0x01, 0x96, 0x00, 0x01, 0x01, 0x01, 0x98, 0x03, 0x01,
    0x01, 0x01, 0xce, 0x00, 0x90, 0x40, 0xff, 0x00, 0xb6, 0x00,
};

static const uint8_t s_anim_sleepy_f06[] = {
    0xff, 0x00, 0xff, 0x00, 0xff, 0x00, 0x93, 0x00, 0x05, 0x80, 0xe0, 0xf0, 0xf8, 0xfc, 0xfc, 0x88,
    0xfe, 0x01, 0x3e, 0x3e, 0x82, 0x1e, 0x01, 0x3e, 0x3e, 0x88, 0xfe, 0x05, 0xfc, 0xfc, 0xf8, 0xf0,
    0xe0, 0x80, 0x8e, 0x00, 0x05, 0x80, 0xe0, 0xf0, 0xf8, 0xfc, 0xfc, 0x88, 0xfe, 0x01, 0x3e, 0x3e,
    0x82, 0x1e, 0x01, 0x3e, 0x3e, 0x88, 0xfe, 0x05, 0xfc, 0xfc, 0xf8, 0xf0, 0xe0, 0x80, 0xa6, 0x00,
    0x02, 0x0f, 0x3f, 0x7f, 0x8a, 0xff, 0x02, 0xf8, 0xe0, 0xe0, 0x82, 0xc0, 0x02, 0xe0, 0xe0, 0xf8,
    0x8a, 0xff, 0x02, 0x7f, 0x3f, 0x0f, 0x8e, 0x00, 0x02, 0x0f, 0x3f, 0x7f, 0x8a, 0xff, 0x02, 0xf8,
    0xe0, 0xe0, 0x82, 0xc0, 0x02, 0xe0, 0xe0, 0xf8, 0x8a, 0xff, 0x02, 0x7f, 0x3f, 0x0f, 0xaa, 0x00,
    0x01, 0x01, 0x01, 0x98, 0x03, 0x01, 0x01, 0x01, 0x96, 0x00, 0x01, 0x01, 0x01, 0x98, 0x03, 0x01,
    0x01, 0x01, 0xce, 0x00, 0x90, 0x40, 0xff, 0x00, 0xb6, 0x00,
};

static const uint8_t s_anim_sleepy_f07[] = {
    0xff, 0x00, 0xff, 0x00, 0xff, 0x00, 0x94, 0x00, 0x04, 0xc0, 0xe0, 0xf0, 0xf8, 0xf8, 0x88, 0xfc,
    0x01, 0x7c, 0x7c, 0x82, 0x3c, 0x01, 0x7c, 0x7c, 0x88, 0xfc, 0x04, 0xf8, 0xf8, 0xf0, 0xe0, 0xc0,
    0x90, 0x00, 0x04, 0xc0, 0xe0, 0xf0, 0xf8, 0xf8, 0x88, 0xfc, 0x01, 0x7c, 0x7c, 0x82, 0x3c, 0x01,
    0x7c, 0x7c, 0x88, 0xfc, 0x04, 0xf8, 0xf8, 0xf0, 0xe0, 0xc0, 0xa7, 0x00, 0x01, 0x1f, 0x7f, 0x8b,
    0xff, 0x02, 0xf1, 0xc0, 0xc0, 0x82, 0x80, 0x02, 0xc0, 0xc0, 0xf1, 0x8b, 0xff, 0x01, 0x7f, 0x1f,
    0x8e, 0x00, 0x01, 0x1f, 0x7f, 0x8b, 0xff, 0x02, 0xf1, 0xc0, 0xc0, 0x82, 0x80, 0x02, 0xc0, 0xc0,
    0xf1, 0x8b, 0xff, 0x01, 0x7f, 0x1f, 0xa9, 0x00, 0x02, 0x01, 0x03, 0x03, 0x98, 0x07, 0x02, 0x03,
    0x03, 0x01, 0x94, 0x00, 0x02, 0x01, 0x03, 0x03, 0x98, 0x07, 0x02, 0x03, 0x03, 0x01, 0xcd, 0x00,
    0x90, 0x40, 0xff, 0x00, 0xb6, 0x00,
};

static const uint8_t s_anim_sleepy_f08[] = {
    0xff, 0x00, 0xff, 0x00, 0xff, 0x00, 0x94, 0x00, 0x04, 0xc0, 0xe0, 0xf0, 0xf8, 0xf8, 0x88, 0xfc,
    0x01, 0x7c, 0x7c, 0x82, 0x3c, 0x01, 0x7c, 0x7c, 0x88, 0xfc, 0x04, 0xf8, 0xf8, 0xf0, 0xe0, 0xc0,
    0x90, 0x00, 0x04, 0xc0, 0xe0, 0xf0, 0xf8, 0xf8, 0x88, 0xfc, 0x01, 0x7c, 0x7c, 0x82, 0x3c, 0x01,
    0x7c, 0x7c, 0x88, 0xfc, 0x04, 0xf8, 0xf8, 0xf0, 0xe0, 0xc0, 0xa7, 0x00, 0x01, 0x1f, 0x7f, 0x8b,
    0xff, 0x02, 0xf1, 0xc0, 0xc0, 0x82, 0x80, 0x02, 0xc0, 0xc0, 0xf1, 0x8b, 0xff, 0x01, 0x7f, 0x1f,
    0x8e, 0x00, 0x01, 0x1f, 0x7f, 0x8b, 0xff, 0x02, 0xf1, 0xc0, 0xc0, 0x82, 0x80, 0x02, 0xc0, 0xc0,
    0xf1, 0x8b, 0xff, 0x01, 0x7f, 0x1f, 0xa9, 0x00, 0x02, 0x01, 0x03, 0x03, 0x98, 0x07, 0x02, 0x03,
    0x03, 0x01, 0x94, 0x00, 0x02, 0x01, 0x03, 0x03, 0x98, 0x07, 0x02, 0x03, 0x03, 0x01, 0xcd, 0x00,
    0x90, 0x40, 0xff, 0x00, 0xb6, 0x00,
};

static const uint8_t s_anim_sleepy_f09[] = {
    0xff, 0x00, 0xff, 0x00, 0xff, 0x00, 0x94, 0x00, 0x04, 0x80, 0xc0, 0xe0, 0xf0, 0xf0, 0x8a, 0xf8,
    0x82, 0x78, 0x8a, 0xf8, 0x04, 0xf0, 0xf0, 0xe0, 0xc0, 0x80, 0x90, 0x00, 0x04, 0x80, 0xc0, 0xe0,
    0xf0, 0xf0, 0x8a, 0xf8, 0x82, 0x78, 0x8a, 0xf8, 0x04, 0xf0, 0xf0, 0xe0, 0xc0, 0x80, 0xa7, 0x00,
    0x00, 0x3e, 0x8c, 0xff, 0x02, 0xe3, 0x80, 0x80, 0x82, 0x00, 0x02, 0x80, 0x80, 0xe3, 0x8c, 0xff,
    0x00, 0x3e, 0x8e, 0x00, 0x00, 0x3e, 0x8c, 0xff, 0x02, 0xe3, 0x80, 0x80, 0x82, 0x00, 0x02, 0x80,
    0x80, 0xe3, 0x8c, 0xff, 0x00, 0x3e, 0xa8, 0x00, 0x03, 0x01, 0x03, 0x07, 0x07, 0x98, 0x0f, 0x03,
    0x07, 0x07, 0x03, 0x01, 0x92, 0x00, 0x03, 0x01, 0x03, 0x07, 0x07, 0x98, 0x0f, 0x03, 0x07, 0x07,
    0x03, 0x01, 0xcc, 0x00, 0x90, 0x40, 0xff, 0x00, 0xb6, 0x00,
};

static const uint8_t s_anim_sleepy_f10[] = {
    0xff, 0x00, 0xff, 0x00, 0xff, 0x00, 0x94, 0x00, 0x04, 0x80, 0xc0, 0xe0, 0xf0, 0xf0, 0x98, 0xf8,
    0x04, 0xf0, 0xf0, 0xe0, 0xc0, 0x80, 0x90, 0x00, 0x04, 0x80, 0xc0, 0xe0, 0xf0, 0xf0, 0x98, 0xf8,
    0x04, 0xf0, 0xf0, 0xe0, 0xc0, 0x80, 0xa7, 0x00, 0x00, 0xfe, 0x8c, 0xff, 0x02, 0xc7, 0x01, 0x01,
    0x82, 0x00, 0x02, 0x01, 0x01, 0xc7, 0x8c, 0xff, 0x00, 0xfe, 0x8e, 0x00, 0x00, 0xfe, 0x8c, 0xff,
    0x02, 0xc7, 0x01, 0x01, 0x82, 0x00, 0x02, 0x01, 0x01, 0xc7, 0x8c, 0xff, 0x00, 0xfe, 0xa7, 0x00,
    0x04, 0x03, 0x07, 0x0f, 0x1f, 0x1f, 0x8a, 0x3f, 0x82, 0x3e, 0x8a, 0x3f, 0x04, 0x1f, 0x1f, 0x0f,
    0x07, 0x03, 0x90, 0x00, 0x04, 0x03, 0x07, 0x0f, 0x1f, 0x1f, 0x8a, 0x3f, 0x82, 0x3e, 0x8a, 0x3f,
    0x04, 0x1f, 0x1f, 0x0f, 0x07, 0x03, 0xcb, 0x00, 0x90, 0x40, 0xff, 0x00, 0xb6, 0x00,
};

static const uint8_t s_anim_sleepy_f11[] = {
    0xff, 0x00, 0xff, 0x00, 0xff, 0x00, 0x94, 0x00, 0x04, 0x80, 0xc0, 0xe0, 0xf0, 0xf0, 0x98, 0xf8,
    0x04, 0xf0, 0xf0, 0xe0, 0xc0, 0x80, 0x90, 0x00, 0x04, 0x80, 0xc0, 0xe0, 0xf0, 0xf0, 0x98, 0xf8,
    0x04, 0xf0, 0xf0, 0xe0, 0xc0, 0x80, 0xa7, 0x00, 0x00, 0xfe, 0x8c, 0xff, 0x02, 0xc7, 0x01, 0x01,
    0x82, 0x00, 0x02, 0x01, 0x01, 0xc7, 0x8c, 0xff, 0x00, 0xfe, 0x8e, 0x00, 0x00, 0xfe, 0x8c, 0xff,
    0x02, 0xc7, 0x01, 0x01, 0x82, 0x00, 0x02, 0x01, 0x01, 0xc7, 0x8c, 0xff, 0x00, 0xfe, 0xa7, 0x00,
    0x04, 0x03, 0x07, 0x0f, 0x1f, 0x1f, 0x8a, 0x3f, 0x82, 0x3e, 0x8a, 0x3f, 0x04, 0x1f, 0x1f, 0x0f,
    0x07, 0x03, 0x90, 0x00, 0x04, 0x03, 0x07, 0x0f, 0x1f, 0x1f, 0x8a, 0x3f, 0x82, 0x3e, 0x8a, 0x3f,
    0x04, 0x1f, 0x1f, 0x0f, 0x07, 0x03, 0xcb, 0x00, 0x90, 0x40, 0xff, 0x00, 0xb6, 0x00,
};

static const uint8_t s_anim_sleepy_f12[] = {
    0xff, 0x00, 0xff, 0x00, 0xff, 0x00, 0x94, 0x00, 0x04, 0x80, 0xc0, 0xe0, 0xf0, 0xf0, 0x98, 0xf8,
    0x04, 0xf0, 0xf0, 0xe0, 0xc0, 0x80, 0x90, 0x00, 0x04, 0x80, 0xc0, 0xe0, 0xf0, 0xf0, 0x98, 0xf8,
    0x04, 0xf0, 0xf0, 0xe0, 0xc0, 0x80, 0xa7, 0x00, 0x00, 0xfe, 0x8c, 0xff, 0x02, 0xc7, 0x01, 0x01,
    0x82, 0x00, 0x02, 0x01, 0x01, 0xc7, 0x8c, 0xff, 0x00, 0xfe, 0x8e, 0x00, 0x00, 0xfe, 0x8c, 0xff,
    0x02, 0xc7, 0x01, 0x01, 0x82, 0x00, 0x02, 0x01, 0x01, 0xc7, 0x8c, 0xff, 0x00, 0xfe, 0xa7, 0x00,
    0x04, 0x03, 0x07, 0x0f, 0x1f, 0x1f, 0x8a, 0x3f, 0x82, 0x3e, 0x8a, 0x3f, 0x04, 0x1f, 0x1f, 0x0f,
    0x07, 0x03, 0x90, 0x00, 0x04, 0x03, 0x07, 0x0f, 0x1f, 0x1f, 0x8a, 0x3f, 0x82, 0x3e, 0x8a, 0x3f,
    0x04, 0x1f, 0x1f, 0x0f, 0x07, 0x03, 0xcb, 0x00, 0x90, 0x40, 0xff, 0x00, 0xb6, 0x00,
};

static const uint8_t s_anim_sleepy_f13[] = {
    0xff, 0x00, 0xff, 0x00, 0xff, 0x00, 0x95, 0x00, 0x03, 0x80, 0xc0, 0xe0, 0xe0, 0x98, 0xf0, 0x03,
    0xe0, 0xe0, 0xc0, 0x80, 0x92, 0x00, 0x03, 0x80, 0xc0, 0xe0, 0xe0, 0x98, 0xf0, 0x03, 0xe0, 0xe0,
    0xc0, 0x80, 0xa8, 0x00, 0x00, 0xfc, 0x8c, 0xff, 0x02, 0x8f, 0x03, 0x03, 0x82, 0x01, 0x02, 0x03,
    0x03, 0x8f, 0x8c, 0xff, 0x00, 0xfc, 0x8e, 0x00, 0x00, 0xfc, 0x8c, 0xff, 0x02, 0x8f, 0x03, 0x03,
    0x82, 0x01, 0x02, 0x03, 0x03, 0x8f, 0x8c, 0xff, 0x00, 0xfc, 0xa6, 0x00, 0x05, 0x01, 0x07, 0x0f,
    0x1f, 0x3f, 0x3f, 0x88, 0x7f, 0x01, 0x7e, 0x7e, 0x82, 0x7c, 0x01, 0x7e, 0x7e, 0x88, 0x7f, 0x05,
    0x3f, 0x3f, 0x1f, 0x0f, 0x07, 0x01, 0x8e, 0x00, 0x05, 0x01, 0x07, 0x0f, 0x1f, 0x3f, 0x3f, 0x88,
    0x7f, 0x01, 0x7e, 0x7e, 0x82, 0x7c, 0x01, 0x7e, 0x7e, 0x88, 0x7f, 0x05, 0x3f, 0x3f, 0x1f, 0x0f,
    0x07, 0x01, 0xca, 0x00, 0x90, 0x40, 0xff, 0x00, 0xb6, 0x00,
};

static const uint8_t s_anim_sleepy_f14[] = {
    0xff, 0x00, 0xff, 0x00, 0xff, 0x00, 0x94, 0x00, 0x04, 0x80, 0xc0, 0xe0, 0xf0, 0xf0, 0x98, 0xf8,
    0x04, 0xf0, 0xf0, 0xe0, 0xc0, 0x80, 0x90, 0x00, 0x04, 0x80, 0xc0, 0xe0, 0xf0, 0xf0, 0x98, 0xf8,
    0x04, 0xf0, 0xf0, 0xe0, 0xc0, 0x80, 0xa7, 0x00, 0x00, 0xfe, 0x8c, 0xff, 0x02, 0x8f, 0x03, 0x03,
    0x82, 0x01, 0x02, 0x03, 0x03, 0x8f, 0x8c, 0xff, 0x00, 0xfe, 0x8e, 0x00, 0x00, 0xfe, 0x8c, 0xff,
    0x02, 0x8f, 0x03, 0x03, 0x82, 0x01, 0x02, 0x03, 0x03, 0x8f, 0x8c, 0xff, 0x00, 0xfe, 0xa6, 0x00,
    0x05, 0x03, 0x0f, 0x1f, 0x3f, 0x7f, 0x7f, 0x88, 0xff, 0x01, 0xfe, 0xfe, 0x82, 0xfc, 0x01, 0xfe,
    0xfe, 0x88, 0xff, 0x05, 0x7f, 0x7f, 0x3f, 0x1f, 0x0f, 0x03, 0x8e, 0x00, 0x05, 0x03, 0x0f, 0x1f,
    0x3f, 0x7f, 0x7f, 0x88, 0xff, 0x01, 0xfe, 0xfe, 0x82, 0xfc, 0x01, 0xfe, 0xfe, 0x88, 0xff, 0x05,
    0x7f, 0x7f, 0x3f, 0x1f, 0x0f, 0x03, 0xca, 0x00, 0x90, 0x40, 0xff, 0x00, 0xb6, 0x00,
};

static const uint8_t s_anim_sleepy_f15[] = {
    0xff, 0x00, 0xff, 0x00, 0xff, 0x00, 0x95, 0x00, 0xa0, 0x80, 0x92, 0x00, 0xa0, 0x80, 0xaa, 0x00,
    0xa0, 0x03, 0x92, 0x00, 0xa0, 0x03, 0xff, 0x00, 0xcc, 0x00, 0x90, 0x40, 0xff, 0x00, 0xb6, 0x00,
};

static const uint8_t s_anim_sleepy_f16[] = {
    0xff, 0x00, 0xff, 0x00, 0xff, 0x00, 0x95, 0x00, 0xa0, 0x80, 0x92, 0x00, 0xa0, 0x80, 0xaa, 0x00,
    0xa0, 0x03, 0x92, 0x00, 0xa0, 0x03, 0xff, 0x00, 0xcc, 0x00, 0x90, 0x40, 0xff, 0x00, 0xb6, 0x00,
};

static const uint8_t s_anim_sleepy_f17[] = {
    0xff, 0x00, 0xff, 0x00, 0xff, 0x00, 0x95, 0x00, 0xa0, 0x80, 0x92, 0x00, 0xa0, 0x80, 0xaa, 0x00,
    0xa0, 0x03, 0x92, 0x00, 0xa0, 0x03, 0xff, 0x00, 0xcc, 0x00, 0x90, 0x40, 0xff, 0x00, 0xb6, 0x00,
};

static const uint8_t s_anim_sleepy_f18[] = {
    0xff, 0x00, 0xff, 0x00, 0xff, 0x00, 0x95, 0x00, 0xa0, 0x80, 0x92, 0x00, 0xa0, 0x80, 0xaa, 0x00,
    0xa0, 0x03, 0x92, 0x00, 0xa0, 0x03, 0xff, 0x00, 0xcc, 0x00, 0x90, 0x40, 0xff, 0x00, 0xb6, 0x00,
};

static const uint8_t s_anim_sleepy_f19[] = {
    0xff, 0x00, 0xff, 0x00, 0xff, 0x00, 0x95, 0x00, 0xa0, 0x80, 0x92, 0x00, 0xa0, 0x80, 0xaa, 0x00,
    0xa0, 0x03, 0x92, 0x00, 0xa0, 0x03, 0xff, 0x00, 0xcc, 0x00, 0x90, 0x40, 0xff, 0x00, 0xb6, 0x00,
};

static const uint8_t s_anim_sleepy_f20[] = {
    0xff, 0x00, 0xff, 0x00, 0xff, 0x00, 0x95, 0x00, 0x03, 0x80, 0xc0, 0xe0, 0xe0, 0x98, 0xf0, 0x03,
    0xe0, 0xe0, 0xc0, 0x80, 0x92, 0x00, 0x03, 0x80, 0xc0, 0xe0, 0xe0, 0x98, 0xf0, 0x03, 0xe0, 0xe0,
    0xc0, 0x80, 0xa8, 0x00, 0x00, 0xfc, 0x8c, 0xff, 0x02, 0x1f, 0x07, 0x07, 0x82, 0x03, 0x02, 0x07,
    0x07, 0x1f, 0x8c, 0xff, 0x00, 0xfc, 0x8e, 0x00, 0x00, 0xfc, 0x8c, 0xff, 0x02, 0x1f, 0x07, 0x07,
    0x82, 0x03, 0x02, 0x07, 0x07, 0x1f, 0x8c, 0xff, 0x00, 0xfc, 0xa6, 0x00, 0x03, 0x07, 0x1f, 0x3f,
    0x7f, 0x8a, 0xff, 0x01, 0xfc, 0xfc, 0x82, 0xf8, 0x01, 0xfc, 0xfc, 0x8a, 0xff, 0x03, 0x7f, 0x3f,
    0x1f, 0x07, 0x8e, 0x00, 0x03, 0x07, 0x1f, 0x3f, 0x7f, 0x8a, 0xff, 0x01, 0xfc, 0xfc, 0x82, 0xf8,
    0x01, 0xfc, 0xfc, 0x8a, 0xff, 0x03, 0x7f, 0x3f, 0x1f, 0x07, 0xac, 0x00, 0x98, 0x01, 0x84, 0x00,
    0x90, 0x40, 0x84, 0x00, 0x98, 0x01, 0xff, 0x00, 0x98, 0x00,
};

static const uint8_t s_anim_sleepy_f21[] = {
    0xff, 0x00, 0xff, 0x00, 0xff, 0x00, 0x95, 0x00, 0x03, 0x80, 0xc0, 0xe0, 0xe0, 0x98, 0xf0, 0x03,
    0xe0, 0xe0, 0xc0, 0x80, 0x92, 0x00, 0x03, 0x80, 0xc0, 0xe0, 0xe0, 0x98, 0xf0, 0x03, 0xe0, 0xe0,
    0xc0, 0x80, 0xa8, 0x00, 0x00, 0xfc, 0x8c, 0xff, 0x02, 0x1f, 0x07, 0x07, 0x82, 0x03, 0x02, 0x07,
    0x07, 0x1f, 0x8c, 0xff, 0x00, 0xfc, 0x8e, 0x00, 0x00, 0xfc, 0x8c, 0xff, 0x02, 0x1f, 0x07, 0x07,
    0x82, 0x03, 0x02, 0x07, 0x07, 0x1f, 0x8c, 0xff, 0x00, 0xfc, 0xa6, 0x00, 0x03, 0x07, 0x1f, 0x3f,
    0x7f, 0x8a, 0xff, 0x01, 0xfc, 0xfc, 0x82, 0xf8, 0x01, 0xfc, 0xfc, 0x8a, 0xff, 0x03, 0x7f, 0x3f,
    0x1f, 0x07, 0x8e, 0x00, 0x03, 0x07, 0x1f, 0x3f, 0x7f, 0x8a, 0xff, 0x01, 0xfc, 0xfc, 0x82, 0xf8,
    0x01, 0xfc, 0xfc, 0x8a, 0xff, 0x03, 0x7f, 0x3f, 0x1f, 0x07, 0xac, 0x00, 0x98, 0x01, 0x84, 0x00,
    0x90, 0x40, 0x84, 0x00, 0x98, 0x01, 0xff, 0x00, 0x98, 0x00,
};

static const uint8_t s_anim_sleepy_f22[] = {
    0xff, 0x00, 0xff, 0x00, 0xff, 0x00, 0x94, 0x00, 0x04, 0x80, 0xc0, 0xe0, 0xf0, 0xf0, 0x98, 0xf8,
    0x04, 0xf0, 0xf0, 0xe0, 0xc0, 0x80, 0x90, 0x00, 0x04, 0x80, 0xc0, 0xe0, 0xf0, 0xf0, 0x98, 0xf8,
    0x04, 0xf0, 0xf0, 0xe0, 0xc0, 0x80, 0xa7, 0x00, 0x00, 0xfe, 0x8c, 0xff, 0x02, 0x8f, 0x03, 0x03,
    0x82, 0x01, 0x02, 0x03, 0x03, 0x8f, 0x8c, 0xff, 0x00, 0xfe, 0x8e, 0x00, 0x00, 0xfe, 0x8c, 0xff,
    0x02, 0x8f, 0x03, 0x03, 0x82, 0x01, 0x02, 0x03, 0x03, 0x8f, 0x8c, 0xff, 0x00, 0xfe, 0xa6, 0x00,
    0x05, 0x03, 0x0f, 0x1f, 0x3f, 0x7f, 0x7f, 0x88, 0xff, 0x01, 0xfe, 0xfe, 0x82, 0xfc, 0x01, 0xfe,
    0xfe, 0x88, 0xff, 0x05, 0x7f, 0x7f, 0x3f, 0x1f, 0x0f, 0x03, 0x8e, 0x00, 0x05, 0x03, 0x0f, 0x1f,
    0x3f, 0x7f, 0x7f, 0x88, 0xff, 0x01, 0xfe, 0xfe, 0x82, 0xfc, 0x01, 0xfe, 0xfe, 0x88, 0xff, 0x05,
    0x7f, 0x7f, 0x3f, 0x1f, 0x0f, 0x03, 0xca, 0x00, 0x90, 0x40, 0xff, 0x00, 0xb6, 0x00,
};

static const uint8_t s_anim_sleepy_f23[] = {
    0xff, 0x00, 0xff, 0x00, 0xff, 0x00, 0x95, 0x00, 0x03, 0x80, 0xc0, 0xe0, 0xe0, 0x98, 0xf0, 0x03,
    0xe0, 0xe0, 0xc0, 0x80, 0x92, 0x00, 0x03, 0x80, 0xc0, 0xe0, 0xe0, 0x98, 0xf0, 0x03, 0xe0, 0xe0,
    0xc0, 0x80, 0xa8, 0x00, 0x00, 0xfc, 0x8c, 0xff, 0x02, 0x8f, 0x03, 0x03, 0x82, 0x01, 0x02, 0x03,
    0x03, 0x8f, 0x8c, 0xff, 0x00, 0xfc, 0x8e, 0x00, 0x00, 0xfc, 0x8c, 0xff, 0x02, 0x8f, 0x03, 0x03,
    0x82, 0x01, 0x02, 0x03, 0x03, 0x8f, 0x8c, 0xff, 0x00, 0xfc, 0xa6, 0x00, 0x05, 0x01, 0x07, 0x0f,
    0x1f, 0x3f, 0x3f, 0x88, 0x7f, 0x01, 0x7e, 0x7e, 0x82, 0x7c, 0x01, 0x7e, 0x7e, 0x88, 0x7f, 0x05,
    0x3f, 0x3f, 0x1f, 0x0f, 0x07, 0x01, 0x8e, 0x00, 0x05, 0x01, 0x07, 0x0f, 0x1f, 0x3f, 0x3f, 0x88,
    0x7f, 0x01, 0x7e, 0x7e, 0x82, 0x7c, 0x01, 0x7e, 0x7e, 0x88, 0x7f, 0x05, 0x3f, 0x3f, 0x1f, 0x0f,
    0x07, 0x01, 0xca, 0x00, 0x90, 0x40, 0xff, 0x00, 0xb6, 0x00,
};

static const uint8_t s_anim_sleepy_f24[] = {
    0xff, 0x00, 0xff, 0x00, 0xff, 0x00, 0x95, 0x00, 0x03, 0x80, 0xc0, 0xe0, 0xe0, 0x98, 0xf0, 0x03,
    0xe0, 0xe0, 0xc0, 0x80, 0x92, 0x00, 0x03, 0x80, 0xc0, 0xe0, 0xe0, 0x98, 0xf0, 0x03, 0xe0, 0xe0,
    0xc0, 0x80, 0xa8, 0x00, 0x00, 0xfc, 0x8c, 0xff, 0x02, 0x8f, 0x03, 0x03, 0x82, 0x01, 0x02, 0x03,
    0x03, 0x8f, 0x8c, 0xff, 0x00, 0xfc, 0x8e, 0x00, 0x00, 0xfc, 0x8c, 0xff, 0x02, 0x8f, 0x03, 0x03,
    0x82, 0x01, 0x02, 0x03, 0x03, 0x8f, 0x8c, 0xff, 0x00, 0xfc, 0xa6, 0x00, 0x05, 0x01, 0x07, 0x0f,
    0x1f, 0x3f, 0x3f, 0x88, 0x7f, 0x01, 0x7e, 0x7e, 0x82, 0x7c, 0x01, 0x7e, 0x7e, 0x88, 0x7f, 0x05,
    0x3f, 0x3f, 0x1f, 0x0f, 0x07, 0x01, 0x8e, 0x00, 0x05, 0x01, 0x07, 0x0f, 0x1f, 0x3f, 0x3f, 0x88,
    0x7f, 0x01, 0x7e, 0x7e, 0x82, 0x7c, 0x01, 0x7e, 0x7e, 0x88, 0x7f, 0x05, 0x3f, 0x3f, 0x1f, 0x0f,
    0x07, 0x01, 0xca, 0x00, 0x90, 0x40, 0xff, 0x00, 0xb6, 0x00,
};

static const uint8_t s_anim_sleepy_f25[] = {
    0xff, 0x00, 0xff, 0x00, 0xff, 0x00, 0x94, 0x00, 0x04, 0x80, 0xc0, 0xe0, 0xf0, 0xf0, 0x98, 0xf8,
    0x04, 0xf0, 0xf0, 0xe0, 0xc0, 0x80, 0x90, 0x00, 0x04, 0x80, 0xc0, 0xe0, 0xf0, 0xf0, 0x98, 0xf8,
    0x04, 0xf0, 0xf0, 0xe0, 0xc0, 0x80, 0xa7, 0x00, 0x00, 0xfe, 0x8c, 0xff, 0x02, 0xc7, 0x01, 0x01,
    0x82, 0x00, 0x02, 0x01, 0x01, 0xc7, 0x8c, 0xff, 0x00, 0xfe, 0x8e, 0x00, 0x00, 0xfe, 0x8c, 0xff,
    0x02, 0xc7, 0x01, 0x01, 0x82, 0x00, 0x02, 0x01, 0x01, 0xc7, 0x8c, 0xff, 0x00, 0xfe, 0xa7, 0x00,
    0x04, 0x03, 0x07, 0x0f, 0x1f, 0x1f, 0x8a, 0x3f, 0x82, 0x3e, 0x8a, 0x3f, 0x04, 0x1f, 0x1f, 0x0f,
    0x07, 0x03, 0x90, 0x00, 0x04, 0x03, 0x07, 0x0f, 0x1f, 0x1f, 0x8a, 0x3f, 0x82, 0x3e, 0x8a, 0x3f,
    0x04, 0x1f, 0x1f, 0x0f, 0x07, 0x03, 0xcb, 0x00, 0x90, 0x40, 0xff, 0x00, 0xb6, 0x00,
};

static const uint8_t s_anim_sleepy_f26[] = {
    0xff, 0x00, 0xff, 0x00, 0xff, 0x00, 0x94, 0x00, 0x04, 0x80, 0xc0, 0xe0, 0xf0, 0xf0, 0x98, 0xf8,
    0x04, 0xf0, 0xf0, 0xe0, 0xc0, 0x80, 0x90, 0x00, 0x04, 0x80, 0xc0, 0xe0, 0xf0, 0xf0, 0x98, 0xf8,
    0x04, 0xf0, 0xf0, 0xe0, 0xc0, 0x80, 0xa7, 0x00, 0x00, 0xfe, 0x8c, 0xff, 0x02, 0xc7, 0x01, 0x01,
    0x82, 0x00, 0x02, 0x01, 0x01, 0xc7, 0x8c, 0xff, 0x00, 0xfe, 0x8e, 0x00, 0x00, 0xfe, 0x8c, 0xff,
    0x02, 0xc7, 0x01, 0x01, 0x82, 0x00, 0x02, 0x01, 0x01, 0xc7, 0x8c, 0xff, 0x00, 0xfe, 0xa7, 0x00,
    0x04, 0x03, 0x07, 0x0f, 0x1f, 0x1f, 0x8a, 0x3f, 0x82, 0x3e, 0x8a, 0x3f, 0x04, 0x1f, 0x1f, 0x0f,
    0x07, 0x03, 0x90, 0x00, 0x04, 0x03, 0x07, 0x0f, 0x1f, 0x1f, 0x8a, 0x3f, 0x82, 0x3e, 0x8a, 0x3f,
    0x04, 0x1f, 0x1f, 0x0f, 0x07, 0x03, 0xcb, 0x00, 0x90, 0x40, 0xff, 0x00, 0xb6, 0x00,
};

static const uint8_t s_anim_sleepy_f27[] = {
    0xff, 0x00, 0xff, 0x00, 0xff, 0x00, 0x94, 0x00, 0x04, 0x80, 0xc0, 0xe0, 0xf0, 0xf0, 0x8a, 0xf8,
    0x82, 0x78, 0x8a, 0xf8, 0x04, 0xf0, 0xf0, 0xe0, 0xc0, 0x80, 0x90, 0x00, 0x04, 0x80, 0xc0, 0xe0,
    0xf0, 0xf0, 0x8a, 0xf8, 0x82, 0x78, 0x8a, 0xf8, 0x04, 0xf0, 0xf0, 0xe0, 0xc0, 0x80, 0xa7, 0x00,
    0x00, 0x3e, 0x8c, 0xff, 0x02, 0xe3, 0x80, 0x80, 0x82, 0x00, 0x02, 0x80, 0x80, 0xe3, 0x8c, 0xff,
    0x00, 0x3e, 0x8e, 0x00, 0x00, 0x3e, 0x8c, 0xff, 0x02, 0xe3, 0x80, 0x80, 0x82, 0x00, 0x02, 0x80,
    0x80, 0xe3, 0x8c, 0xff, 0x00, 0x3e, 0xa8, 0x00, 0x03, 0x01, 0x03, 0x07, 0x07, 0x98, 0x0f, 0x03,
    0x07, 0x07, 0x03, 0x01, 0x92, 0x00, 0x03, 0x01, 0x03, 0x07, 0x07, 0x98, 0x0f, 0x03, 0x07, 0x07,
    0x03, 0x01, 0xcc, 0x00, 0x90, 0x40, 0xff, 0x00, 0xb6, 0x00,
};

static const uint8_t s_anim_sleepy_f28[] = {
    0xff, 0x00, 0xff, 0x00, 0xff, 0x00, 0x94, 0x00, 0x04, 0xc0, 0xe0, 0xf0, 0xf8, 0xf8, 0x88, 0xfc,
    0x01, 0x7c, 0x7c, 0x82, 0x3c, 0x01, 0x7c, 0x7c, 0x88, 0xfc, 0x04, 0xf8, 0xf8, 0xf0, 0xe0, 0xc0,
    0x90, 0x00, 0x04, 0xc0, 0xe0, 0xf0, 0xf8, 0xf8, 0x88, 0xfc, 0x01, 0x7c, 0x7c, 0x82, 0x3c, 0x01,
    0x7c, 0x7c, 0x88, 0xfc, 0x04, 0xf8, 0xf8, 0xf0, 0xe0, 0xc0, 0xa7, 0x00, 0x01, 0x1f, 0x7f, 0x8b,
    0xff, 0x02, 0xf1, 0xc0, 0xc0, 0x82, 0x80, 0x02, 0xc0, 0xc0, 0xf1, 0x8b, 0xff, 0x01, 0x7f, 0x1f,
    0x8e, 0x00, 0x01, 0x1f, 0x7f, 0x8b, 0xff, 0x02, 0xf1, 0xc0, 0xc0, 0x82, 0x80, 0x02, 0xc0, 0xc0,
    0xf1, 0x8b, 0xff, 0x01, 0x7f, 0x1f, 0xa9, 0x00, 0x02, 0x01, 0x03, 0x03, 0x98, 0x07, 0x02, 0x03,
    0x03, 0x01, 0x94, 0x00, 0x02, 0x01, 0x03, 0x03, 0x98, 0x07, 0x02, 0x03, 0x03, 0x01, 0xcd, 0x00,
    0x90, 0x40, 0xff, 0x00, 0xb6, 0x00,
};

static const uint8_t s_anim_sleepy_f29[] = {
    0xff, 0x00, 0xff, 0x00, 0xff, 0x00, 0x94, 0x00, 0x04, 0xc0, 0xe0, 0xf0, 0xf8, 0xf8, 0x88, 0xfc,
    0x01, 0x7c, 0x7c, 0x82, 0x3c, 0x01, 0x7c, 0x7c, 0x88, 0xfc, 0x04, 0xf8, 0xf8, 0xf0, 0xe0, 0xc0,
    0x90, 0x00, 0x04, 0xc0, 0xe0, 0xf0, 0xf8, 0xf8, 0x88, 0xfc, 0x01, 0x7c, 0x7c, 0x82, 0x3c, 0x01,
    0x7c, 0x7c, 0x88, 0xfc, 0x04, 0xf8, 0xf8, 0xf0, 0xe0, 0xc0, 0xa7, 0x00, 0x01, 0x1f, 0x7f, 0x8b,
    0xff, 0x02, 0xf1, 0xc0, 0xc0, 0x82, 0x80, 0x02, 0xc0, 0xc0, 0xf1, 0x8b, 0xff, 0x01, 0x7f, 0x1f,
    0x8e, 0x00, 0x01, 0x1f, 0x7f, 0x8b, 0xff, 0x02, 0xf1, 0xc0, 0xc0, 0x82, 0x80, 0x02, 0xc0, 0xc0,
    0xf1, 0x8b, 0xff, 0x01, 0x7f, 0x1f, 0xa9, 0x00, 0x02, 0x01, 0x03, 0x03, 0x98, 0x07, 0x02, 0x03,
    0x03, 0x01, 0x94, 0x00, 0x02, 0x01, 0x03, 0x03, 0x98, 0x07, 0x02, 0x03, 0x03, 0x01, 0xcd, 0x00,
    0x90, 0x40, 0xff, 0x00, 0xb6, 0x00,
};

static const uint8_t s_anim_sleepy_f30[] = {
    0xff, 0x00, 0xff, 0x00, 0xff, 0x00, 0x93, 0x00, 0x05, 0x80, 0xe0, 0xf0, 0xf8, 0xfc, 0xfc, 0x88,
    0xfe, 0x01, 0x3e, 0x3e, 0x82, 0x1e, 0x01, 0x3e, 0x3e, 0x88, 0xfe, 0x05, 0xfc, 0xfc, 0xf8, 0xf0,
    0xe0, 0x80, 0x8e, 0x00, 0x05, 0x80, 0xe0, 0xf0, 0xf8, 0xfc, 0xfc, 0x88, 0xfe, 0x01, 0x3e, 0x3e,
    0x82, 0x1e, 0x01, 0x3e, 0x3e, 0x88, 0xfe, 0x05, 0xfc, 0xfc, 0xf8, 0xf0, 0xe0, 0x80, 0xa6, 0x00,
    0x02, 0x0f, 0x3f, 0x7f, 0x8a, 0xff, 0x02, 0xf8, 0xe0, 0xe0, 0x82, 0xc0, 0x02, 0xe0, 0xe0, 0xf8,
    0x8a, 0xff, 0x02, 0x7f, 0x3f, 0x0f, 0x8e, 0x00, 0x02, 0x0f, 0x3f, 0x7f, 0x8a, 0xff, 0x02, 0xf8,
    0xe0, 0xe0, 0x82, 0xc0, 0x02, 0xe0, 0xe0, 0xf8, 0x8a, 0xff, 0x02, 0x7f, 0x3f, 0x0f, 0xaa, 0x00,
    0x01, 0x01, 0x01, 0x98, 0x03, 0x01, 0x01, 0x01, 0x96, 0x00, 0x01, 0x01, 0x01, 0x98, 0x03, 0x01,
    0x01, 0x01, 0xce, 0x00, 0x90, 0x40, 0xff, 0x00, 0xb6, 0x00,
};

static const uint8_t s_anim_sleepy_f31[] = {
    0xff, 0x00, 0xff, 0x00, 0xff, 0x00, 0x93, 0x00, 0x05, 0x80, 0xe0, 0xf0, 0xf8, 0xfc, 0xfc, 0x88,
    0xfe, 0x01, 0x3e, 0x3e, 0x82, 0x1e, 0x01, 0x3e, 0x3e, 0x88, 0xfe, 0x05, 0xfc, 0xfc, 0xf8, 0xf0,
    0xe0, 0x80, 0x8e, 0x00, 0x05, 0x80, 0xe0, 0xf0, 0xf8, 0xfc, 0xfc, 0x88, 0xfe, 0x01, 0x3e, 0x3e,
    0x82, 0x1e, 0x01, 0x3e, 0x3e, 0x88, 0xfe, 0x05, 0xfc, 0xfc, 0xf8, 0xf0, 0xe0, 0x80, 0xa6, 0x00,
    0x02, 0x0f, 0x3f, 0x7f, 0x8a, 0xff, 0x02, 0xf8, 0xe0, 0xe0, 0x82, 0xc0, 0x02, 0xe0, 0xe0, 0xf8,
    0x8a, 0xff, 0x02, 0x7f, 0x3f, 0x0f, 0x8e, 0x00, 0x02, 0x0f, 0x3f, 0x7f, 0x8a, 0xff, 0x02, 0xf8,
    0xe0, 0xe0, 0x82, 0xc0, 0x02, 0xe0, 0xe0, 0xf8, 0x8a, 0xff, 0x02, 0x7f, 0x3f, 0x0f, 0xaa, 0x00,
    0x01, 0x01, 0x01, 0x98, 0x03, 0x01, 0x01, 0x01, 0x96, 0x00, 0x01, 0x01, 0x01, 0x98, 0x03, 0x01,
    0x01, 0x01, 0xce, 0x00, 0x90, 0x40, 0xff, 0x00, 0xb6, 0x00,
};

static const uint8_t s_anim_sleepy_f32[] = {
    0xff, 0x00, 0xff, 0x00, 0xff, 0x00, 0x93, 0x00, 0x04, 0x80, 0xe0, 0xf0, 0xf8, 0xf8, 0x89, 0xfc,
    0x01, 0x3c, 0x3c, 0x82, 0x1c, 0x01, 0x3c, 0x3c, 0x89, 0xfc, 0x04, 0xf8, 0xf8, 0xf0, 0xe0, 0x80,
    0x8e, 0x00, 0x04, 0x80, 0xe0, 0xf0, 0xf8, 0xf8, 0x89, 0xfc, 0x01, 0x3c, 0x3c, 0x82, 0x1c, 0x01,
    0x3c, 0x3c, 0x89, 0xfc, 0x04, 0xf8, 0xf8, 0xf0, 0xe0, 0x80, 0xa6, 0x00, 0x02, 0x0f, 0x3f, 0x7f,
    0x8a, 0xff, 0x02, 0xf8, 0xe0, 0xe0, 0x82, 0xc0, 0x02, 0xe0, 0xe0, 0xf8, 0x8a, 0xff, 0x02, 0x7f,
    0x3f, 0x0f, 0x8e, 0x00, 0x02, 0x0f, 0x3f, 0x7f, 0x8a, 0xff, 0x02, 0xf8, 0xe0, 0xe0, 0x82, 0xc0,
    0x02, 0xe0, 0xe0, 0xf8, 0x8a, 0xff, 0x02, 0x7f, 0x3f, 0x0f, 0xab, 0x00, 0x9a, 0x01, 0x98, 0x00,
    0x9a, 0x01, 0xcf, 0x00, 0x90, 0x40, 0xff, 0x00, 0xb6, 0x00,
};

static const uint8_t s_anim_sleepy_f33[] = {
    0xff, 0x00, 0xff, 0x00, 0xff, 0x00, 0x93, 0x00, 0x04, 0xc0, 0xf0, 0xf8, 0xfc, 0xfc, 0x88, 0xfe,
    0x02, 0x7e, 0x1e, 0x1e, 0x82, 0x0e, 0x02, 0x1e, 0x1e, 0x7e, 0x88, 0xfe, 0x04, 0xfc, 0xfc, 0xf8,
    0xf0, 0xc0, 0x8e, 0x00, 0x04, 0xc0, 0xf0, 0xf8, 0xfc, 0xfc, 0x88, 0xfe, 0x02, 0x7e, 0x1e, 0x1e,
    0x82, 0x0e, 0x02, 0x1e, 0x1e, 0x7e, 0x88, 0xfe, 0x04, 0xfc, 0xfc, 0xf8, 0xf0, 0xc0, 0xa6, 0x00,
    0x04, 0x07, 0x1f, 0x3f, 0x7f, 0x7f, 0x88, 0xff, 0x02, 0xfc, 0xf0, 0xf0, 0x82, 0xe0, 0x02, 0xf0,
    0xf0, 0xfc, 0x88, 0xff, 0x04, 0x7f, 0x7f, 0x3f, 0x1f, 0x07, 0x8e, 0x00, 0x04, 0x07, 0x1f, 0x3f,
    0x7f, 0x7f, 0x88, 0xff, 0x02, 0xfc, 0xf0, 0xf0, 0x82, 0xe0, 0x02, 0xf0, 0xf0, 0xfc, 0x88, 0xff,
    0x04, 0x7f, 0x7f, 0x3f, 0x1f, 0x07, 0xff, 0x00, 0xca, 0x00, 0x90, 0x40, 0xff, 0x00, 0xb6, 0x00,
};

static const uint8_t s_anim_sleepy_f34[] = {
    0xff, 0x00, 0xff, 0x00, 0xff, 0x00, 0x93, 0x00, 0x04, 0xc0, 0xf0, 0xf8, 0xfc, 0xfc, 0x88, 0xfe,
    0x02, 0x7e, 0x1e, 0x1e, 0x82, 0x0e, 0x02, 0x1e, 0x1e, 0x7e, 0x88, 0xfe, 0x04, 0xfc, 0xfc, 0xf8,
    0xf0, 0xc0, 0x8e, 0x00, 0x04, 0xc0, 0xf0, 0xf8, 0xfc, 0xfc, 0x88, 0xfe, 0x02, 0x7e, 0x1e, 0x1e,
    0x82, 0x0e, 0x02, 0x1e, 0x1e, 0x7e, 0x88, 0xfe, 0x04, 0xfc, 0xfc, 0xf8, 0xf0, 0xc0, 0xa6, 0x00,
    0x04, 0x07, 0x1f, 0x3f, 0x7f, 0x7f, 0x88, 0xff, 0x02, 0xfc, 0xf0, 0xf0, 0x82, 0xe0, 0x02, 0xf0,
    0xf0, 0xfc, 0x88, 0xff, 0x04, 0x7f, 0x7f, 0x3f, 0x1f, 0x07, 0x8e, 0x00, 0x04, 0x07, 0x1f, 0x3f,
    0x7f, 0x7f, 0x88, 0xff, 0x02, 0xfc, 0xf0, 0xf0, 0x82, 0xe0, 0x02, 0xf0, 0xf0, 0xfc, 0x88, 0xff,
    0x04, 0x7f, 0x7f, 0x3f, 0x1f, 0x07, 0xff, 0x00, 0xca, 0x00, 0x90, 0x40, 0xff, 0x00, 0xb6, 0x00,
};

static const uint8_t s_anim_sleepy_f35[] = {
    0xff, 0x00, 0xff, 0x00, 0xff, 0x00, 0x93, 0x00, 0x04, 0xc0, 0xf0, 0xf8, 0xfc, 0xfc, 0x88, 0xfe,
    0x02, 0x7e, 0x1e, 0x1e, 0x82, 0x0e, 0x02, 0x1e, 0x1e, 0x7e, 0x88, 0xfe, 0x04, 0xfc, 0xfc, 0xf8,
    0xf0, 0xc0, 0x8e, 0x00, 0x04, 0xc0, 0xf0, 0xf8, 0xfc, 0xfc, 0x88, 0xfe, 0x02, 0x7e, 0x1e, 0x1e,
    0x82, 0x0e, 0x02, 0x1e, 0x1e, 0x7e, 0x88, 0xfe, 0x04, 0xfc, 0xfc, 0xf8, 0xf0, 0xc0, 0xa6, 0x00,
    0x04, 0x07, 0x1f, 0x3f, 0x7f, 0x7f, 0x88, 0xff, 0x02, 0xfc, 0xf0, 0xf0, 0x82, 0xe0, 0x02, 0xf0,
    0xf0, 0xfc, 0x88, 0xff, 0x04, 0x7f, 0x7f, 0x3f, 0x1f, 0x07, 0x8e, 0x00, 0x04, 0x07, 0x1f, 0x3f,
    0x7f, 0x7f, 0x88, 0xff, 0x02, 0xfc, 0xf0, 0xf0, 0x82, 0xe0, 0x02, 0xf0, 0xf0, 0xfc, 0x88, 0xff,
    0x04, 0x7f, 0x7f, 0x3f, 0x1f, 0x07, 0xff, 0x00, 0xca, 0x00, 0x90, 0x40, 0xff, 0x00, 0xb6, 0x00,
};

static const uint8_t *const s_anim_sleepy_frames[36] = {
    s_anim_sleepy_f00,
    s_anim_sleepy_f01,
    s_anim_sleepy_f02,
    s_anim_sleepy_f03,
    s_anim_sleepy_f04,
    s_anim_sleepy_f05,
    s_anim_sleepy_f06,
    s_anim_sleepy_f07,
    s_anim_sleepy_f08,
    s_anim_sleepy_f09,
    s_anim_sleepy_f10,
    s_anim_sleepy_f11,
    s_anim_sleepy_f12,
    s_anim_sleepy_f13,
    s_anim_sleepy_f14,
    s_anim_sleepy_f15,
    s_anim_sleepy_f16,
    s_anim_sleepy_f17,
    s_anim_sleepy_f18,
    s_anim_sleepy_f19,
    s_anim_sleepy_f20,
    s_anim_sleepy_f21,
    s_anim_sleepy_f22,
    s_anim_sleepy_f23,
    s_anim_sleepy_f24,
    s_anim_sleepy_f25,
    s_anim_sleepy_f26,
    s_anim_sleepy_f27,
    s_anim_sleepy_f28,
    s_anim_sleepy_f29,
    s_anim_sleepy_f30,
    s_anim_sleepy_f31,
    s_anim_sleepy_f32,
    s_anim_sleepy_f33,
    s_anim_sleepy_f34,
    s_anim_sleepy_f35,
};

static const uint16_t s_anim_sleepy_sizes[36] = {
    128, 128, 128, 128, 122, 138, 138, 134,
    134, 122, 126, 126, 126, 138, 142, 32,
    32, 32, 32, 32, 138, 138, 142, 138,
    138, 126, 126, 122, 134, 134, 138, 138,
    122, 128, 128, 128,
};

static const uint8_t s_anim_turn_left_f00[] = {
    0xff, 0x00, 0x95, 0x00, 0x03, 0x80, 0xc0, 0xe0, 0xe0, 0x98, 0xf0, 0x03, 0xe0, 0xe0, 0xc0, 0x80,
    0x92, 0x00, 0x03, 0x80, 0xc0, 0xe0, 0xe0, 0x98, 0xf0, 0x03, 0xe0, 0xe0, 0xc0, 0x80, 0xa8, 0x00,
    0x00, 0xfc, 0xa2, 0xff, 0x00, 0xfc, 0x8e, 0x00, 0x00, 0xfc, 0xa2, 0xff, 0x00, 0xfc, 0xa6, 0x00,
    0x8c, 0xff, 0x02, 0x3f, 0x1f, 0x0f, 0x84, 0x07, 0x02, 0x0f, 0x1f, 0x3f, 0x8c, 0xff, 0x8e, 0x00,
    0x8c, 0xff, 0x02, 0x3f, 0x1f, 0x0f, 0x84, 0x07, 0x02, 0x0f, 0x1f, 0x3f, 0x8c, 0xff, 0xa6, 0x00,
    0x8c, 0xff, 0x02, 0xf8, 0xf0, 0xe0, 0x84, 0xc0, 0x02, 0xe0, 0xf0, 0xf8, 0x8c, 0xff, 0x8e, 0x00,
    0x8c, 0xff, 0x02, 0xf8, 0xf0, 0xe0, 0x84, 0xc0, 0x02, 0xe0, 0xf0, 0xf8, 0x8c, 0xff, 0xa6, 0x00,
    0x00, 0x7f, 0xa2, 0xff, 0x00, 0x7f, 0x8e, 0x00, 0x00, 0x7f, 0xa2, 0xff, 0x00, 0x7f, 0xa7, 0x00,
    0x04, 0x01, 0x03, 0x07, 0x0f, 0x0f, 0x98, 0x1f, 0x04, 0x0f, 0x0f, 0x07, 0x03, 0x01, 0x90, 0x00,
    0x04, 0x01, 0x03, 0x07, 0x0f, 0x0f, 0x98, 0x1f, 0x04, 0x0f, 0x0f, 0x07, 0x03, 0x01, 0xff, 0x00,
    0x93, 0x00,
};

static const uint8_t s_anim_turn_left_f01[] = {
    0xff, 0x00, 0x95, 0x00, 0x03, 0x80, 0xc0, 0xe0, 0xe0, 0x98, 0xf0, 0x03, 0xe0, 0xe0, 0xc0, 0x80,
    0x92, 0x00, 0x03, 0x80, 0xc0, 0xe0, 0xe0, 0x98, 0xf0, 0x03, 0xe0, 0xe0, 0xc0, 0x80, 0xa8, 0x00,
    0x00, 0xfc, 0xa2, 0xff, 0x00, 0xfc, 0x8e, 0x00, 0x00, 0xfc, 0xa2, 0xff, 0x00, 0xfc, 0xa6, 0x00,
    0x8c, 0xff, 0x02, 0x3f, 0x1f, 0x0f, 0x84, 0x07, 0x02, 0x0f, 0x1f, 0x3f, 0x8c, 0xff, 0x8e, 0x00,
    0x8c, 0xff, 0x02, 0x3f, 0x1f, 0x0f, 0x84, 0x07, 0x02, 0x0f, 0x1f, 0x3f, 0x8c, 0xff, 0xa6, 0x00,
    0x8c, 0xff, 0x02, 0xf8, 0xf0, 0xe0, 0x84, 0xc0, 0x02, 0xe0, 0xf0, 0xf8, 0x8c, 0xff, 0x8e, 0x00,
    0x8c, 0xff, 0x02, 0xf8, 0xf0, 0xe0, 0x84, 0xc0, 0x02, 0xe0, 0xf0, 0xf8, 0x8c, 0xff, 0xa6, 0x00,
    0x00, 0x7f, 0xa2, 0xff, 0x00, 0x7f, 0x8e, 0x00, 0x00, 0x7f, 0xa2, 0xff, 0x00, 0x7f, 0xa7, 0x00,
    0x04, 0x01, 0x03, 0x07, 0x0f, 0x0f, 0x98, 0x1f, 0x04, 0x0f, 0x0f, 0x07, 0x03, 0x01, 0x90, 0x00,
    0x04, 0x01, 0x03, 0x07, 0x0f, 0x0f, 0x98, 0x1f, 0x04, 0x0f, 0x0f, 0x07, 0x03, 0x01, 0xff, 0x00,
    0x93, 0x00,
};

static const uint8_t s_anim_turn_left_f02[] = {
    0xff, 0x00, 0x96, 0x00, 0x03, 0x80, 0xc0, 0xe0, 0xe0, 0x98, 0xf0, 0x03, 0xe0, 0xe0, 0xc0, 0x80,
    0x92, 0x00, 0x03, 0x80, 0xc0, 0xe0, 0xe0, 0x98, 0xf0, 0x03, 0xe0, 0xe0, 0xc0, 0x80, 0xa8, 0x00,
    0x00, 0xfc, 0xa2, 0xff, 0x00, 0xfc, 0x8e, 0x00, 0x00, 0xfc, 0xa2, 0xff, 0x00, 0xfc, 0xa6, 0x00,
    0x8c, 0xff, 0x02, 0x3f, 0x1f, 0x0f, 0x84, 0x07, 0x02, 0x0f, 0x1f, 0x3f, 0x8c, 0xff, 0x8e, 0x00,
    0x8c, 0xff, 0x02, 0x3f, 0x1f, 0x0f, 0x84, 0x07, 0x02, 0x0f, 0x1f, 0x3f, 0x8c, 0xff, 0xa6, 0x00,
    0x8c, 0xff, 0x02, 0xf8, 0xf0, 0xe0, 0x84, 0xc0, 0x02, 0xe0, 0xf0, 0xf8, 0x8c, 0xff, 0x8e, 0x00,
    0x8c, 0xff, 0x02, 0xf8, 0xf0, 0xe0, 0x84, 0xc0, 0x02, 0xe0, 0xf0, 0xf8, 0x8c, 0xff, 0xa6, 0x00,
    0x00, 0x7f, 0xa2, 0xff, 0x00, 0x7f, 0x8e, 0x00, 0x00, 0x7f, 0xa2, 0xff, 0x00, 0x7f, 0xa7, 0x00,
    0x04, 0x01, 0x03, 0x07, 0x0f, 0x0f, 0x98, 0x1f, 0x04, 0x0f, 0x0f, 0x07, 0x03, 0x01, 0x90, 0x00,
    0x04, 0x01, 0x03, 0x07, 0x0f, 0x0f, 0x98, 0x1f, 0x04, 0x0f, 0x0f, 0x07, 0x03, 0x01, 0xff, 0x00,
    0x92, 0x00,
};

static const uint8_t s_anim_turn_left_f03[] = {
    0xff, 0x00, 0x96, 0x00, 0x03, 0x80, 0xc0, 0xe0, 0xe0, 0x98, 0xf0, 0x03, 0xe0, 0xe0, 0xc0, 0x80,
    0x92, 0x00, 0x03, 0x80, 0xc0, 0xe0, 0xe0, 0x98, 0xf0, 0x03, 0xe0, 0xe0, 0xc0, 0x80, 0xa8, 0x00,
    0x00, 0xfc, 0xa2, 0xff, 0x00, 0xfc, 0x8e, 0x00, 0x00, 0xfc, 0xa2, 0xff, 0x00, 0xfc, 0xa6, 0x00,
    0x8c, 0xff, 0x02, 0x3f, 0x1f, 0x0f, 0x84, 0x07, 0x02, 0x0f, 0x1f, 0x3f, 0x8c, 0xff, 0x8e, 0x00,
    0x8c, 0xff, 0x02, 0x3f, 0x1f, 0x0f, 0x84, 0x07, 0x02, 0x0f, 0x1f, 0x3f, 0x8c, 0xff, 0xa6, 0x00,
    0x8c, 0xff, 0x02, 0xf8, 0xf0, 0xe0, 0x84, 0xc0, 0x02, 0xe0, 0xf0, 0xf8, 0x8c, 0xff, 0x8e, 0x00,
    0x8c, 0xff, 0x02, 0xf8, 0xf0, 0xe0, 0x84, 0xc0, 0x02, 0xe0, 0xf0, 0xf8, 0x8c, 0xff, 0xa6, 0x00,
    0x00, 0x7f, 0xa2, 0xff, 0x00, 0x7f, 0x8e, 0x00, 0x00, 0x7f, 0xa2, 0xff, 0x00, 0x7f, 0xa7, 0x00,
    0x04, 0x01, 0x03, 0x07, 0x0f, 0x0f, 0x98, 0x1f, 0x04, 0x0f, 0x0f, 0x07, 0x03, 0x01, 0x90, 0x00,
    0x04, 0x01, 0x03, 0x07, 0x0f, 0x0f, 0x98, 0x1f, 0x04, 0x0f, 0x0f, 0x07, 0x03, 0x01, 0xff, 0x00,
    0x92, 0x00,
};

static const uint8_t s_anim_turn_left_f04[] = {
    0xff, 0x00, 0x99, 0x00, 0x02, 0x80, 0xc0, 0xc0, 0x98, 0xe0, 0x02, 0xc0, 0xc0, 0x80, 0x92, 0x00,
    0x04, 0x80, 0xc0, 0xe0, 0xf0, 0xf0, 0x98, 0xf8, 0x04, 0xf0, 0xf0, 0xe0, 0xc0, 0x80, 0xa7, 0x00,
    0x01, 0xf8, 0xfe, 0xa0, 0xff, 0x01, 0xfe, 0xf8, 0x8e, 0x00, 0x00, 0xfe, 0xa2, 0xff, 0x00, 0xfe,
    0xa6, 0x00, 0x8c, 0xff, 0x02, 0x7f, 0x3f, 0x1f, 0x84, 0x0f, 0x02, 0x1f, 0x3f, 0x7f, 0x8c, 0xff,
    0x8e, 0x00, 0x8c, 0xff, 0x02, 0x1f, 0x0f, 0x07, 0x84, 0x03, 0x02, 0x07, 0x0f, 0x1f, 0x8c, 0xff,
    0xa6, 0x00, 0x8c, 0xff, 0x02, 0xf0, 0xe0, 0xc0, 0x84, 0x80, 0x02, 0xc0, 0xe0, 0xf0, 0x8c, 0xff,
    0x8e, 0x00, 0x8c, 0xff, 0x02, 0xfc, 0xf8, 0xf0, 0x84, 0xe0, 0x02, 0xf0, 0xf8, 0xfc, 0x8c, 0xff,
    0xa6, 0x00, 0xa4, 0xff, 0x8e, 0x00, 0x00, 0x3f, 0xa2, 0xff, 0x00, 0x3f, 0xa7, 0x00, 0x04, 0x03,
    0x07, 0x0f, 0x1f, 0x1f, 0x98, 0x3f, 0x04, 0x1f, 0x1f, 0x0f, 0x07, 0x03, 0x91, 0x00, 0x03, 0x01,
    0x03, 0x07, 0x07, 0x98, 0x0f, 0x03, 0x07, 0x07, 0x03, 0x01, 0xff, 0x00, 0x91, 0x00,
};

static const uint8_t s_anim_turn_left_f05[] = {
    0xff, 0x00, 0x9b, 0x00, 0x01, 0x80, 0x80, 0x98, 0xc0, 0x01, 0x80, 0x80, 0x94, 0x00, 0x03, 0x80,
    0xc0, 0xe0, 0xe0, 0x98, 0xf0, 0x03, 0xe0, 0xe0, 0xc0, 0x80, 0xa8, 0x00, 0x02, 0xf0, 0xfc, 0xfe,
    0x9e, 0xff, 0x02, 0xfe, 0xfc, 0xf0, 0x8e, 0x00, 0x00, 0xfc, 0xa2, 0xff, 0x00, 0xfc, 0xa6, 0x00,
    0x8c, 0xff, 0x02, 0x7f, 0x3f, 0x1f, 0x84, 0x0f, 0x02, 0x1f, 0x3f, 0x7f, 0x8c, 0xff, 0x8e, 0x00,
    0x8c, 0xff, 0x02, 0x1f, 0x0f, 0x07, 0x84, 0x03, 0x02, 0x07, 0x0f, 0x1f, 0x8c, 0xff, 0xa6, 0x00,
    0x8c, 0xff, 0x02, 0xf0, 0xe0, 0xc0, 0x84, 0x80, 0x02, 0xc0, 0xe0, 0xf0, 0x8c, 0xff, 0x8e, 0x00,
    0x8c, 0xff, 0x02, 0xfc, 0xf8, 0xf0, 0x84, 0xe0, 0x02, 0xf0, 0xf8, 0xfc, 0x8c, 0xff, 0xa6, 0x00,
    0x00, 0x7f, 0xa2, 0xff, 0x00, 0x7f, 0x8e, 0x00, 0x01, 0x1f, 0x7f, 0xa0, 0xff, 0x01, 0x7f, 0x1f,
    0xa7, 0x00, 0x04, 0x01, 0x03, 0x07, 0x0f, 0x0f, 0x98, 0x1f, 0x04, 0x0f, 0x0f, 0x07, 0x03, 0x01,
    0x92, 0x00, 0x02, 0x01, 0x03, 0x03, 0x98, 0x07, 0x02, 0x03, 0x03, 0x01, 0xff, 0x00, 0x91, 0x00,
};

static const uint8_t s_anim_turn_left_f06[] = {
    0xff, 0x00, 0x9c, 0x00, 0x01, 0x80, 0x80, 0x98, 0xc0, 0x01, 0x80, 0x80, 0x94, 0x00, 0x03, 0x80,
    0xc0, 0xe0, 0xe0, 0x98, 0xf0, 0x03, 0xe0, 0xe0, 0xc0, 0x80, 0xa8, 0x00, 0x02, 0xf0, 0xfc, 0xfe,
    0x9e, 0xff, 0x02, 0xfe, 0xfc, 0xf0, 0x8e, 0x00, 0x00, 0xfc, 0xa2, 0xff, 0x00, 0xfc, 0xa6, 0x00,
    0x8c, 0xff, 0x02, 0x7f, 0x3f, 0x1f, 0x84, 0x0f, 0x02, 0x1f, 0x3f, 0x7f, 0x8c, 0xff, 0x8e, 0x00,
    0x8c, 0xff, 0x02, 0x1f, 0x0f, 0x07, 0x84, 0x03, 0x02, 0x07, 0x0f, 0x1f, 0x8c, 0xff, 0xa6, 0x00,
    0x8c, 0xff, 0x02, 0xf0, 0xe0, 0xc0, 0x84, 0x80, 0x02, 0xc0, 0xe0, 0xf0, 0x8c, 0xff, 0x8e, 0x00,
    0x8c, 0xff, 0x02, 0xfc, 0xf8, 0xf0, 0x84, 0xe0, 0x02, 0xf0, 0xf8, 0xfc, 0x8c, 0xff, 0xa6, 0x00,
    0x00, 0x7f, 0xa2, 0xff, 0x00, 0x7f, 0x8e, 0x00, 0x01, 0x1f, 0x7f, 0xa0, 0xff, 0x01, 0x7f, 0x1f,
    0xa7, 0x00, 0x04, 0x01, 0x03, 0x07, 0x0f, 0x0f, 0x98, 0x1f, 0x04, 0x0f, 0x0f, 0x07, 0x03, 0x01,
    0x92, 0x00, 0x02, 0x01, 0x03, 0x03, 0x98, 0x07, 0x02, 0x03, 0x03, 0x01, 0xff, 0x00, 0x90, 0x00,
};

static const uint8_t s_anim_turn_left_f07[] = {
    0xff, 0x00, 0xa0, 0x00, 0x98, 0x80, 0x95, 0x00, 0x04, 0x80, 0xc0, 0xe0, 0xf0, 0xf0, 0x98, 0xf8,
    0x04, 0xf0, 0xf0, 0xe0, 0xc0, 0x80, 0xa7, 0x00, 0x03, 0xe0, 0xf8, 0xfc, 0xfe, 0x9c, 0xff, 0x03,
    0xfe, 0xfc, 0xf8, 0xe0, 0x8e, 0x00, 0x00, 0xfe, 0xa2, 0xff, 0x00, 0xfe, 0xa6, 0x00, 0x8d, 0xff,
    0x01, 0x7f, 0x3f, 0x84, 0x1f, 0x01, 0x3f, 0x7f, 0x8d, 0xff, 0x8e, 0x00, 0x8c, 0xff, 0x02, 0x0f,
    0x07, 0x03, 0x84, 0x01, 0x02, 0x03, 0x07, 0x0f, 0x8c, 0xff, 0xa6, 0x00, 0x8c, 0xff, 0x02, 0xe0,
    0xc0, 0x80, 0x84, 0x00, 0x02, 0x80, 0xc0, 0xe0, 0x8c, 0xff, 0x8e, 0x00, 0x8c, 0xff, 0x02, 0xfe,
    0xfc, 0xf8, 0x84, 0xf0, 0x02, 0xf8, 0xfc, 0xfe, 0x8c, 0xff, 0xa6, 0x00, 0xa4, 0xff, 0x8e, 0x00,
    0x02, 0x0f, 0x3f, 0x7f, 0x9e, 0xff, 0x02, 0x7f, 0x3f, 0x0f, 0xa7, 0x00, 0x04, 0x03, 0x07, 0x0f,
    0x1f, 0x1f, 0x98, 0x3f, 0x04, 0x1f, 0x1f, 0x0f, 0x07, 0x03, 0x93, 0x00, 0x01, 0x01, 0x01, 0x98,
    0x03, 0x01, 0x01, 0x01, 0xff, 0x00, 0x8f, 0x00,
};

static const uint8_t s_anim_turn_left_f08[] = {
    0xff, 0x00, 0xa2, 0x00, 0x98, 0x80, 0x95, 0x00, 0x04, 0x80, 0xc0, 0xe0, 0xf0, 0xf0, 0x98, 0xf8,
    0x04, 0xf0, 0xf0, 0xe0, 0xc0, 0x80, 0xa7, 0x00, 0x03, 0xe0, 0xf8, 0xfc, 0xfe, 0x9c, 0xff, 0x03,
    0xfe, 0xfc, 0xf8, 0xe0, 0x8e, 0x00, 0x00, 0xfe, 0xa2, 0xff, 0x00, 0xfe, 0xa6, 0x00, 0x8d, 0xff,
    0x01, 0x7f, 0x3f, 0x84, 0x1f, 0x01, 0x3f, 0x7f, 0x8d, 0xff, 0x8e, 0x00, 0x8c, 0xff, 0x02, 0x0f,
    0x07, 0x03, 0x84, 0x01, 0x02, 0x03, 0x07, 0x0f, 0x8c, 0xff, 0xa6, 0x00, 0x8c, 0xff, 0x02, 0xe0,
    0xc0, 0x80, 0x84, 0x00, 0x02, 0x80, 0xc0, 0xe0, 0x8c, 0xff, 0x8e, 0x00, 0x8c, 0xff, 0x02, 0xfe,
    0xfc, 0xf8, 0x84, 0xf0, 0x02, 0xf8, 0xfc, 0xfe, 0x8c, 0xff, 0xa6, 0x00, 0xa4, 0xff, 0x8e, 0x00,
    0x02, 0x0f, 0x3f, 0x7f, 0x9e, 0xff, 0x02, 0x7f, 0x3f, 0x0f, 0xa7, 0x00, 0x04, 0x03, 0x07, 0x0f,
    0x1f, 0x1f, 0x98, 0x3f, 0x04, 0x1f, 0x1f, 0x0f, 0x07, 0x03, 0x93, 0x00, 0x01, 0x01, 0x01, 0x98,
    0x03, 0x01, 0x01, 0x01, 0xff, 0x00, 0x8d, 0x00,
};

static const uint8_t s_anim_turn_left_f09[] = {
    0xff, 0x00, 0xd3, 0x00, 0x04, 0x80, 0xc0, 0xe0, 0xf0, 0xf0, 0x98, 0xf8, 0x04, 0xf0, 0xf0, 0xe0,
    0xc0, 0x80, 0xa7, 0x00, 0x05, 0x80, 0xe0, 0xf0, 0xf8, 0xfc, 0xfc, 0x98, 0xfe, 0x05, 0xfc, 0xfc,
    0xf8, 0xf0, 0xe0, 0x80, 0x8e, 0x00, 0x00, 0xfe, 0xa2, 0xff, 0x00, 0xfe, 0xa6, 0x00, 0x8e, 0xff,
    0x00, 0x7f, 0x84, 0x3f, 0x00, 0x7f, 0x8e, 0xff, 0x8e, 0x00, 0x8c, 0xff, 0x02, 0x07, 0x03, 0x01,
    0x84, 0x00, 0x02, 0x01, 0x03, 0x07, 0x8c, 0xff, 0xa6, 0x00, 0x8c, 0xff, 0x01, 0xc1, 0x80, 0x86,
    0x00, 0x01, 0x80, 0xc1, 0x8c, 0xff, 0x8e, 0x00, 0x8d, 0xff, 0x01, 0xfe, 0xfc, 0x84, 0xf8, 0x01,
    0xfc, 0xfe, 0x8d, 0xff, 0xa6, 0x00, 0x8f, 0xff, 0x84, 0xfe, 0x8f, 0xff, 0x8e, 0x00, 0x05, 0x03,
    0x0f, 0x1f, 0x3f, 0x7f, 0x7f, 0x98, 0xff, 0x05, 0x7f, 0x7f, 0x3f, 0x1f, 0x0f, 0x03, 0xa7, 0x00,
    0x04, 0x03, 0x07, 0x0f, 0x1f, 0x1f, 0x98, 0x3f, 0x04, 0x1f, 0x1f, 0x0f, 0x07, 0x03, 0xff, 0x00,
    0xbc, 0x00,
};

static const uint8_t s_anim_turn_left_f10[] = {
    0xff, 0x00, 0xd5, 0x00, 0x04, 0xc0, 0xe0, 0xf0, 0xf8, 0xf8, 0x98, 0xfc, 0x04, 0xf8, 0xf8, 0xf0,
    0xe0, 0xc0, 0xa8, 0x00, 0x04, 0xc0, 0xe0, 0xf0, 0xf8, 0xf8, 0x98, 0xfc, 0x04, 0xf8, 0xf8, 0xf0,
    0xe0, 0xc0, 0x8f, 0x00, 0x8f, 0xff, 0x84, 0x7f, 0x8f, 0xff, 0xa6, 0x00, 0x8f, 0xff, 0x84, 0x7f,
    0x8f, 0xff, 0x8e, 0x00, 0x8c, 0xff, 0x01, 0x83, 0x01, 0x86, 0x00, 0x01, 0x01, 0x83, 0x8c, 0xff,
    0xa6, 0x00, 0x8c, 0xff, 0x01, 0x83, 0x01, 0x86, 0x00, 0x01, 0x01, 0x83, 0x8c, 0xff, 0x8e, 0x00,
    0x8e, 0xff, 0x00, 0xfe, 0x84, 0xfc, 0x00, 0xfe, 0x8e, 0xff, 0xa6, 0x00, 0x8e, 0xff, 0x00, 0xfe,
    0x84, 0xfc, 0x00, 0xfe, 0x8e, 0xff, 0x8e, 0x00, 0x05, 0x01, 0x07, 0x0f, 0x1f, 0x3f, 0x3f, 0x98,
    0x7f, 0x05, 0x3f, 0x3f, 0x1f, 0x0f, 0x07, 0x01, 0xa6, 0x00, 0x05, 0x01, 0x07, 0x0f, 0x1f, 0x3f,
    0x3f, 0x98, 0x7f, 0x05, 0x3f, 0x3f, 0x1f, 0x0f, 0x07, 0x01, 0xff, 0x00, 0xb9, 0x00,
};

static const uint8_t s_anim_turn_left_f11[] = {
    0xff, 0x00, 0xd7, 0x00, 0x04, 0xc0, 0xe0, 0xf0, 0xf8, 0xf8, 0x98, 0xfc, 0x04, 0xf8, 0xf8, 0xf0,
    0xe0, 0xc0, 0xa8, 0x00, 0x04, 0xc0, 0xe0, 0xf0, 0xf8, 0xf8, 0x98, 0xfc, 0x04, 0xf8, 0xf8, 0xf0,
    0xe0, 0xc0, 0x8f, 0x00, 0x8f, 0xff, 0x84, 0x7f, 0x8f, 0xff, 0xa6, 0x00, 0x8f, 0xff, 0x84, 0x7f,
    0x8f, 0xff, 0x8e, 0x00, 0x8c, 0xff, 0x01, 0x83, 0x01, 0x86, 0x00, 0x01, 0x01, 0x83, 0x8c, 0xff,
    0xa6, 0x00, 0x8c, 0xff, 0x01, 0x83, 0x01, 0x86, 0x00, 0x01, 0x01, 0x83, 0x8c, 0xff, 0x8e, 0x00,
    0x8e, 0xff, 0x00, 0xfe, 0x84, 0xfc, 0x00, 0xfe, 0x8e, 0xff, 0xa6, 0x00, 0x8e, 0xff, 0x00, 0xfe,
    0x84, 0xfc, 0x00, 0xfe, 0x8e, 0xff, 0x8e, 0x00, 0x05, 0x01, 0x07, 0x0f, 0x1f, 0x3f, 0x3f, 0x98,
    0x7f, 0x05, 0x3f, 0x3f, 0x1f, 0x0f, 0x07, 0x01, 0xa6, 0x00, 0x05, 0x01, 0x07, 0x0f, 0x1f, 0x3f,
    0x3f, 0x98, 0x7f, 0x05, 0x3f, 0x3f, 0x1f, 0x0f, 0x07, 0x01, 0xff, 0x00, 0xb7, 0x00,
};

static const uint8_t s_anim_turn_left_f12[] = {
    0xff, 0x00, 0xd8, 0x00, 0x04, 0xc0, 0xe0, 0xf0, 0xf8, 0xf8, 0x98, 0xfc, 0x04, 0xf8, 0xf8, 0xf0,
    0xe0, 0xc0, 0xa8, 0x00, 0x04, 0xc0, 0xe0, 0xf0, 0xf8, 0xf8, 0x98, 0xfc, 0x04, 0xf8, 0xf8, 0xf0,
    0xe0, 0xc0, 0x8f, 0x00, 0x8f, 0xff, 0x84, 0x7f, 0x8f, 0xff, 0xa6, 0x00, 0x8f, 0xff, 0x84, 0x7f,
    0x8f, 0xff, 0x8e, 0x00, 0x8c, 0xff, 0x01, 0x83, 0x01, 0x86, 0x00, 0x01, 0x01, 0x83, 0x8c, 0xff,
    0xa6, 0x00, 0x8c, 0xff, 0x01, 0x83, 0x01, 0x86, 0x00, 0x01, 0x01, 0x83, 0x8c, 0xff, 0x8e, 0x00,
    0x8e, 0xff, 0x00, 0xfe, 0x84, 0xfc, 0x00, 0xfe, 0x8e, 0xff, 0xa6, 0x00, 0x8e, 0xff, 0x00, 0xfe,
    0x84, 0xfc, 0x00, 0xfe, 0x8e, 0xff, 0x8e, 0x00, 0x05, 0x01, 0x07, 0x0f, 0x1f, 0x3f, 0x3f, 0x98,
    0x7f, 0x05, 0x3f, 0x3f, 0x1f, 0x0f, 0x07, 0x01, 0xa6, 0x00, 0x05, 0x01, 0x07, 0x0f, 0x1f, 0x3f,
    0x3f, 0x98, 0x7f, 0x05, 0x3f, 0x3f, 0x1f, 0x0f, 0x07, 0x01, 0xff, 0x00, 0xb6, 0x00,
};

static const uint8_t s_anim_turn_left_f13[] = {
    0xff, 0x00, 0xd9, 0x00, 0x05, 0x80, 0xe0, 0xf0, 0xf8, 0xfc, 0xfc, 0x98, 0xfe, 0x05, 0xfc, 0xfc,
    0xf8, 0xf0, 0xe0, 0x80, 0xa7, 0x00, 0x04, 0x80, 0xc0, 0xe0, 0xf0, 0xf0, 0x98, 0xf8, 0x04, 0xf0,
    0xf0, 0xe0, 0xc0, 0x80, 0x8f, 0x00, 0x8e, 0xff, 0x00, 0x7f, 0x84, 0x3f, 0x00, 0x7f, 0x8e, 0xff,
    0xa6, 0x00, 0x00, 0xfe, 0xa2, 0xff, 0x00, 0xfe, 0x8e, 0x00, 0x8c, 0xff, 0x01, 0xc1, 0x80, 0x86,
    0x00, 0x01, 0x80, 0xc1, 0x8c, 0xff, 0xa6, 0x00, 0x8c, 0xff, 0x02, 0x07, 0x03, 0x01, 0x84, 0x00,
    0x02, 0x01, 0x03, 0x07, 0x8c, 0xff, 0x8e, 0x00, 0x8f, 0xff, 0x84, 0xfe, 0x8f, 0xff, 0xa6, 0x00,
    0x8d, 0xff, 0x01, 0xfe, 0xfc, 0x84, 0xf8, 0x01, 0xfc, 0xfe, 0x8d, 0xff, 0x8f, 0x00, 0x04, 0x03,
    0x07, 0x0f, 0x1f, 0x1f, 0x98, 0x3f, 0x04, 0x1f, 0x1f, 0x0f, 0x07, 0x03, 0xa7, 0x00, 0x05, 0x03,
    0x0f, 0x1f, 0x3f, 0x7f, 0x7f, 0x98, 0xff, 0x05, 0x7f, 0x7f, 0x3f, 0x1f, 0x0f, 0x03, 0xff, 0x00,
    0xb4, 0x00,
};

static const uint8_t s_anim_turn_left_f14[] = {
    0xff, 0x00, 0xdb, 0x00, 0x04, 0xc0, 0xe0, 0xf0, 0xf8, 0xf8, 0x98, 0xfc, 0x04, 0xf8, 0xf8, 0xf0,
    0xe0, 0xc0, 0xa9, 0x00, 0x03, 0x80, 0xc0, 0xe0, 0xe0, 0x98, 0xf0, 0x03, 0xe0, 0xe0, 0xc0, 0x80,
    0x90, 0x00, 0x8e, 0xff, 0x00, 0x7f, 0x84, 0x3f, 0x00, 0x7f, 0x8e, 0xff, 0xa6, 0x00, 0x00, 0xfc,
    0xa2, 0xff, 0x00, 0xfc, 0x8e, 0x00, 0x8c, 0xff, 0x01, 0xc1, 0x80, 0x86, 0x00, 0x01, 0x80, 0xc1,
    0x8c, 0xff, 0xa6, 0x00, 0x8c, 0xff, 0x02, 0x07, 0x03, 0x01, 0x84, 0x00, 0x02, 0x01, 0x03, 0x07,
    0x8c, 0xff, 0x8e, 0x00, 0x00, 0x7f, 0x8e, 0xff, 0x84, 0xfe, 0x8e, 0xff, 0x00, 0x7f, 0xa6, 0x00,
    0x8d, 0xff, 0x01, 0xfe, 0xfc, 0x84, 0xf8, 0x01, 0xfc, 0xfe, 0x8d, 0xff, 0x8f, 0x00, 0x04, 0x01,
    0x03, 0x07, 0x0f, 0x0f, 0x98, 0x1f, 0x04, 0x0f, 0x0f, 0x07, 0x03, 0x01, 0xa7, 0x00, 0x05, 0x01,
    0x07, 0x0f, 0x1f, 0x3f, 0x3f, 0x98, 0x7f, 0x05, 0x3f, 0x3f, 0x1f, 0x0f, 0x07, 0x01, 0xff, 0x00,
    0xb3, 0x00,
};

static const uint8_t s_anim_turn_left_f15[] = {
    0xff, 0x00, 0xdc, 0x00, 0x05, 0x80, 0xe0, 0xf0, 0xf8, 0xfc, 0xfc, 0x98, 0xfe, 0x03, 0xfc, 0xfc,
    0xf8, 0xf0, 0xab, 0x00, 0x02, 0x80, 0xc0, 0xc0, 0x98, 0xe0, 0x02, 0xc0, 0xc0, 0x80, 0x91, 0x00,
    0x8d, 0xff, 0x01, 0x7f, 0x3f, 0x84, 0x1f, 0x01, 0x3f, 0x7f, 0x8b, 0xff, 0xa8, 0x00, 0x01, 0xf8,
    0xfe, 0xa0, 0xff, 0x01, 0xfe, 0xf8, 0x8e, 0x00, 0x8c, 0xff, 0x02, 0xe0, 0xc0, 0x80, 0x84, 0x00,
    0x02, 0x80, 0xc0, 0xe0, 0x8a, 0xff, 0xa8, 0x00, 0x8c, 0xff, 0x02, 0x0f, 0x07, 0x03, 0x84, 0x01,
    0x02, 0x03, 0x07, 0x0f, 0x8c, 0xff, 0x8e, 0x00, 0x00, 0x3f, 0xa1, 0xff, 0xa8, 0x00, 0x8c, 0xff,
    0x02, 0xfe, 0xfc, 0xf8, 0x84, 0xf0, 0x02, 0xf8, 0xfc, 0xfe, 0x8c, 0xff, 0x90, 0x00, 0x03, 0x01,
    0x03, 0x07, 0x07, 0x98, 0x0f, 0x03, 0x07, 0x07, 0x03, 0x01, 0xa8, 0x00, 0x05, 0x03, 0x0f, 0x1f,
    0x3f, 0x7f, 0x7f, 0x98, 0xff, 0x05, 0x7f, 0x7f, 0x3f, 0x1f, 0x0f, 0x03, 0xff, 0x00, 0xb1, 0x00,
};

static const uint8_t s_anim_turn_left_f16[] = {
    0xff, 0x00, 0xdc, 0x00, 0x05, 0x80, 0xe0, 0xf0, 0xf8, 0xfc, 0xfc, 0x98, 0xfe, 0x03, 0xfc, 0xfc,
    0xf8, 0xf0, 0xab, 0x00, 0x02, 0x80, 0xc0, 0xc0, 0x98, 0xe0, 0x02, 0xc0, 0xc0, 0x80, 0x91, 0x00,
    0x8d, 0xff, 0x01, 0x7f, 0x3f, 0x84, 0x1f, 0x01, 0x3f, 0x7f, 0x8b, 0xff, 0xa8, 0x00, 0x01, 0xf8,
    0xfe, 0xa0, 0xff, 0x01, 0xfe, 0xf8, 0x8e, 0x00, 0x8c, 0xff, 0x02, 0xe0, 0xc0, 0x80, 0x84, 0x00,
    0x02, 0x80, 0xc0, 0xe0, 0x8a, 0xff, 0xa8, 0x00, 0x8c, 0xff, 0x02, 0x0f, 0x07, 0x03, 0x84, 0x01,
    0x02, 0x03, 0x07, 0x0f, 0x8c, 0xff, 0x8e, 0x00, 0x00, 0x3f, 0xa1, 0xff, 0xa8, 0x00, 0x8c, 0xff,
    0x02, 0xfe, 0xfc, 0xf8, 0x84, 0xf0, 0x02, 0xf8, 0xfc, 0xfe, 0x8c, 0xff, 0x90, 0x00, 0x03, 0x01,
    0x03, 0x07, 0x07, 0x98, 0x0f, 0x03, 0x07, 0x07, 0x03, 0x01, 0xa8, 0x00, 0x05, 0x03, 0x0f, 0x1f,
    0x3f, 0x7f, 0x7f, 0x98, 0xff, 0x05, 0x7f, 0x7f, 0x3f, 0x1f, 0x0f, 0x03, 0xff, 0x00, 0xb1, 0x00,
};

static const uint8_t s_anim_turn_left_f17[] = {
    0xff, 0x00, 0xdd, 0x00, 0x05, 0x80, 0xe0, 0xf0, 0xf8, 0xfc, 0xfc, 0x98, 0xfe, 0x02, 0xfc, 0xfc,
    0xf8, 0xac, 0x00, 0x02, 0x80, 0xc0, 0xc0, 0x98, 0xe0, 0x02, 0xc0, 0xc0, 0x80, 0x91, 0x00, 0x8d,
    0xff, 0x01, 0x7f, 0x3f, 0x84, 0x1f, 0x01, 0x3f, 0x7f, 0x8a, 0xff, 0xa9, 0x00, 0x01, 0xf8, 0xfe,
    0xa0, 0xff, 0x01, 0xfe, 0xf8, 0x8e, 0x00, 0x8c, 0xff, 0x02, 0xe0, 0xc0, 0x80, 0x84, 0x00, 0x02,
    0x80, 0xc0, 0xe0, 0x89, 0xff, 0xa9, 0x00, 0x8c, 0xff, 0x02, 0x0f, 0x07, 0x03, 0x84, 0x01, 0x02,
    0x03, 0x07, 0x0f, 0x8c, 0xff, 0x8e, 0x00, 0x00, 0x3f, 0xa0, 0xff, 0xa9, 0x00, 0x8c, 0xff, 0x02,
    0xfe, 0xfc, 0xf8, 0x84, 0xf0, 0x02, 0xf8, 0xfc, 0xfe, 0x8c, 0xff, 0x90, 0x00, 0x03, 0x01, 0x03,
    0x07, 0x07, 0x98, 0x0f, 0x02, 0x07, 0x07, 0x03, 0xa9, 0x00, 0x05, 0x03, 0x0f, 0x1f, 0x3f, 0x7f,
    0x7f, 0x98, 0xff, 0x05, 0x7f, 0x7f, 0x3f, 0x1f, 0x0f, 0x03, 0xff, 0x00, 0xb0, 0x00,
};

static const uint8_t s_anim_turn_left_f18[] = {
    0xff, 0x00, 0xdd, 0x00, 0x05, 0x80, 0xe0, 0xf0, 0xf8, 0xfc, 0xfc, 0x98, 0xfe, 0x02, 0xfc, 0xfc,
    0xf8, 0xac, 0x00, 0x02, 0x80, 0xc0, 0xc0, 0x98, 0xe0, 0x02, 0xc0, 0xc0, 0x80, 0x91, 0x00, 0x8d,
    0xff, 0x01, 0x7f, 0x3f, 0x84, 0x1f, 0x01, 0x3f, 0x7f, 0x8a, 0xff, 0xa9, 0x00, 0x01, 0xf8, 0xfe,
    0xa0, 0xff, 0x01, 0xfe, 0xf8, 0x8e, 0x00, 0x8c, 0xff, 0x02, 0xe0, 0xc0, 0x80, 0x84, 0x00, 0x02,
    0x80, 0xc0, 0xe0, 0x89, 0xff, 0xa9, 0x00, 0x8c, 0xff, 0x02, 0x0f, 0x07, 0x03, 0x84, 0x01, 0x02,
    0x03, 0x07, 0x0f, 0x8c, 0xff, 0x8e, 0x00, 0x00, 0x3f, 0xa0, 0xff, 0xa9, 0x00, 0x8c, 0xff, 0x02,
    0xfe, 0xfc, 0xf8, 0x84, 0xf0, 0x02, 0xf8, 0xfc, 0xfe, 0x8c, 0xff, 0x90, 0x00, 0x03, 0x01, 0x03,
    0x07, 0x07, 0x98, 0x0f, 0x02, 0x07, 0x07, 0x03, 0xa9, 0x00, 0x05, 0x03, 0x0f, 0x1f, 0x3f, 0x7f,
    0x7f, 0x98, 0xff, 0x05, 0x7f, 0x7f, 0x3f, 0x1f, 0x0f, 0x03, 0xff, 0x00, 0xb0, 0x00,
};

static const uint8_t s_anim_turn_left_f19[] = {
    0xff, 0x00, 0xdd, 0x00, 0x05, 0x80, 0xe0, 0xf0, 0xf8, 0xfc, 0xfc, 0x98, 0xfe, 0x02, 0xfc, 0xfc,
    0xf8, 0xac, 0x00, 0x02, 0x80, 0xc0, 0xc0, 0x98, 0xe0, 0x02, 0xc0, 0xc0, 0x80, 0x91, 0x00, 0x8d,
    0xff, 0x01, 0x7f, 0x3f, 0x84, 0x1f, 0x01, 0x3f, 0x7f, 0x8a, 0xff, 0xa9, 0x00, 0x01, 0xf8, 0xfe,
    0xa0, 0xff, 0x01, 0xfe, 0xf8, 0x8e, 0x00, 0x8c, 0xff, 0x02, 0xe0, 0xc0, 0x80, 0x84, 0x00, 0x02,
    0x80, 0xc0, 0xe0, 0x89, 0xff, 0xa9, 0x00, 0x8c, 0xff, 0x02, 0x0f, 0x07, 0x03, 0x84, 0x01, 0x02,
    0x03, 0x07, 0x0f, 0x8c, 0xff, 0x8e, 0x00, 0x00, 0x3f, 0xa0, 0xff, 0xa9, 0x00, 0x8c, 0xff, 0x02,
    0xfe, 0xfc, 0xf8, 0x84, 0xf0, 0x02, 0xf8, 0xfc, 0xfe, 0x8c, 0xff, 0x90, 0x00, 0x03, 0x01, 0x03,
    0x07, 0x07, 0x98, 0x0f, 0x02, 0x07, 0x07, 0x03, 0xa9, 0x00, 0x05, 0x03, 0x0f, 0x1f, 0x3f, 0x7f,
    0x7f, 0x98, 0xff, 0x05, 0x7f, 0x7f, 0x3f, 0x1f, 0x0f, 0x03, 0xff, 0x00, 0xb0, 0x00,
};

static const uint8_t s_anim_turn_left_f20[] = {
    0xff, 0x00, 0xdc, 0x00, 0x05, 0x80, 0xe0, 0xf0, 0xf8, 0xfc, 0xfc, 0x98, 0xfe, 0x03, 0xfc, 0xfc,
    0xf8, 0xf0, 0xab, 0x00, 0x02, 0x80, 0xc0, 0xc0, 0x98, 0xe0, 0x02, 0xc0, 0xc0, 0x80, 0x91, 0x00,
    0x8d, 0xff, 0x01, 0x7f, 0x3f, 0x84, 0x1f, 0x01, 0x3f, 0x7f, 0x8b, 0xff, 0xa8, 0x00, 0x01, 0xf8,
    0xfe, 0xa0, 0xff, 0x01, 0xfe, 0xf8, 0x8e, 0x00, 0x8c, 0xff, 0x02, 0xe0, 0xc0, 0x80, 0x84, 0x00,
    0x02, 0x80, 0xc0, 0xe0, 0x8a, 0xff, 0xa8, 0x00, 0x8c, 0xff, 0x02, 0x0f, 0x07, 0x03, 0x84, 0x01,
    0x02, 0x03, 0x07, 0x0f, 0x8c, 0xff, 0x8e, 0x00, 0x00, 0x3f, 0xa1, 0xff, 0xa8, 0x00, 0x8c, 0xff,
    0x02, 0xfe, 0xfc, 0xf8, 0x84, 0xf0, 0x02, 0xf8, 0xfc, 0xfe, 0x8c, 0xff, 0x90, 0x00, 0x03, 0x01,
    0x03, 0x07, 0x07, 0x98, 0x0f, 0x03, 0x07, 0x07, 0x03, 0x01, 0xa8, 0x00, 0x05, 0x03, 0x0f, 0x1f,
    0x3f, 0x7f, 0x7f, 0x98, 0xff, 0x05, 0x7f, 0x7f, 0x3f, 0x1f, 0x0f, 0x03, 0xff, 0x00, 0xb1, 0x00,
};

static const uint8_t s_anim_turn_left_f21[] = {
    0xff, 0x00, 0xdc, 0x00, 0x05, 0x80, 0xe0, 0xf0, 0xf8, 0xfc, 0xfc, 0x98, 0xfe, 0x03, 0xfc, 0xfc,
    0xf8, 0xf0, 0xab, 0x00, 0x02, 0x80, 0xc0, 0xc0, 0x98, 0xe0, 0x02, 0xc0, 0xc0, 0x80, 0x91, 0x00,
    0x8d, 0xff, 0x01, 0x7f, 0x3f, 0x84, 0x1f, 0x01, 0x3f, 0x7f, 0x8b, 0xff, 0xa8, 0x00, 0x01, 0xf8,
    0xfe, 0xa0, 0xff, 0x01, 0xfe, 0xf8, 0x8e, 0x00, 0x8c, 0xff, 0x02, 0xe0, 0xc0, 0x80, 0x84, 0x00,
    0x02, 0x80, 0xc0, 0xe0, 0x8a, 0xff, 0xa8, 0x00, 0x8c, 0xff, 0x02, 0x0f, 0x07, 0x03, 0x84, 0x01,
    0x02, 0x03, 0x07, 0x0f, 0x8c, 0xff, 0x8e, 0x00, 0x00, 0x3f, 0xa1, 0xff, 0xa8, 0x00, 0x8c, 0xff,
    0x02, 0xfe, 0xfc, 0xf8, 0x84, 0xf0, 0x02, 0xf8, 0xfc, 0xfe, 0x8c, 0xff, 0x90, 0x00, 0x03, 0x01,
    0x03, 0x07, 0x07, 0x98, 0x0f, 0x03, 0x07, 0x07, 0x03, 0x01, 0xa8, 0x00, 0x05, 0x03, 0x0f, 0x1f,
    0x3f, 0x7f, 0x7f, 0x98, 0xff, 0x05, 0x7f, 0x7f, 0x3f, 0x1f, 0x0f, 0x03, 0xff, 0x00, 0xb1, 0x00,
};

static const uint8_t s_anim_turn_left_f22[] = {
    0xff, 0x00, 0xdb, 0x00, 0x04, 0xc0, 0xe0, 0xf0, 0xf8, 0xf8, 0x98, 0xfc, 0x04, 0xf8, 0xf8, 0xf0,
    0xe0, 0xc0, 0xa9, 0x00, 0x03, 0x80, 0xc0, 0xe0, 0xe0, 0x98, 0xf0, 0x03, 0xe0, 0xe0, 0xc0, 0x80,
    0x90, 0x00, 0x8e, 0xff, 0x00, 0x7f, 0x84, 0x3f, 0x00, 0x7f, 0x8e, 0xff, 0xa6, 0x00, 0x00, 0xfc,
    0xa2, 0xff, 0x00, 0xfc, 0x8e, 0x00, 0x8c, 0xff, 0x01, 0xc1, 0x80, 0x86, 0x00, 0x01, 0x80, 0xc1,
    0x8c, 0xff, 0xa6, 0x00, 0x8c, 0xff, 0x02, 0x07, 0x03, 0x01, 0x84, 0x00, 0x02, 0x01, 0x03, 0x07,
    0x8c, 0xff, 0x8e, 0x00, 0x00, 0x7f, 0x8e, 0xff, 0x84, 0xfe, 0x8e, 0xff, 0x00, 0x7f, 0xa6, 0x00,
    0x8d, 0xff, 0x01, 0xfe, 0xfc, 0x84, 0xf8, 0x01, 0xfc, 0xfe, 0x8d, 0xff, 0x8f, 0x00, 0x04, 0x01,
    0x03, 0x07, 0x0f, 0x0f, 0x98, 0x1f, 0x04, 0x0f, 0x0f, 0x07, 0x03, 0x01, 0xa7, 0x00, 0x05, 0x01,
    0x07, 0x0f, 0x1f, 0x3f, 0x3f, 0x98, 0x7f, 0x05, 0x3f, 0x3f, 0x1f, 0x0f, 0x07, 0x01, 0xff, 0x00,
    0xb3, 0x00,
};

static const uint8_t s_anim_turn_left_f23[] = {
    0xff, 0x00, 0xd9, 0x00, 0x05, 0x80, 0xe0, 0xf0, 0xf8, 0xfc, 0xfc, 0x98, 0xfe, 0x05, 0xfc, 0xfc,
    0xf8, 0xf0, 0xe0, 0x80, 0xa7, 0x00, 0x04, 0x80, 0xc0, 0xe0, 0xf0, 0xf0, 0x98, 0xf8, 0x04, 0xf0,
    0xf0, 0xe0, 0xc0, 0x80, 0x8f, 0x00, 0x8e, 0xff, 0x00, 0x7f, 0x84, 0x3f, 0x00, 0x7f, 0x8e, 0xff,
    0xa6, 0x00, 0x00, 0xfe, 0xa2, 0xff, 0x00, 0xfe, 0x8e, 0x00, 0x8c, 0xff, 0x01, 0xc1, 0x80, 0x86,
    0x00, 0x01, 0x80, 0xc1, 0x8c, 0xff, 0xa6, 0x00, 0x8c, 0xff, 0x02, 0x07, 0x03, 0x01, 0x84, 0x00,
    0x02, 0x01, 0x03, 0x07, 0x8c, 0xff, 0x8e, 0x00, 0x8f, 0xff, 0x84, 0xfe, 0x8f, 0xff, 0xa6, 0x00,
    0x8d, 0xff, 0x01, 0xfe, 0xfc, 0x84, 0xf8, 0x01, 0xfc, 0xfe, 0x8d, 0xff, 0x8f, 0x00, 0x04, 0x03,
    0x07, 0x0f, 0x1f, 0x1f, 0x98, 0x3f, 0x04, 0x1f, 0x1f, 0x0f, 0x07, 0x03, 0xa7, 0x00, 0x05, 0x03,
    0x0f, 0x1f, 0x3f, 0x7f, 0x7f, 0x98, 0xff, 0x05, 0x7f, 0x7f, 0x3f, 0x1f, 0x0f, 0x03, 0xff, 0x00,
    0xb4, 0x00,
};

static const uint8_t s_anim_turn_left_f24[] = {
    0xff, 0x00, 0xd8, 0x00, 0x05, 0x80, 0xe0, 0xf0, 0xf8, 0xfc, 0xfc, 0x98, 0xfe, 0x05, 0xfc, 0xfc,
    0xf8, 0xf0, 0xe0, 0x80, 0xa7, 0x00, 0x04, 0x80, 0xc0, 0xe0, 0xf0, 0xf0, 0x98, 0xf8, 0x04, 0xf0,
    0xf0, 0xe0, 0xc0, 0x80, 0x8f, 0x00, 0x8e, 0xff, 0x00, 0x7f, 0x84, 0x3f, 0x00, 0x7f, 0x8e, 0xff,
    0xa6, 0x00, 0x00, 0xfe, 0xa2, 0xff, 0x00, 0xfe, 0x8e, 0x00, 0x8c, 0xff, 0x01, 0xc1, 0x80, 0x86,
    0x00, 0x01, 0x80, 0xc1, 0x8c, 0xff, 0xa6, 0x00, 0x8c, 0xff, 0x02, 0x07, 0x03, 0x01, 0x84, 0x00,
    0x02, 0x01, 0x03, 0x07, 0x8c, 0xff, 0x8e, 0x00, 0x8f, 0xff, 0x84, 0xfe, 0x8f, 0xff, 0xa6, 0x00,
    0x8d, 0xff, 0x01, 0xfe, 0xfc, 0x84, 0xf8, 0x01, 0xfc, 0xfe, 0x8d, 0xff, 0x8f, 0x00, 0x04, 0x03,
    0x07, 0x0f, 0x1f, 0x1f, 0x98, 0x3f, 0x04, 0x1f, 0x1f, 0x0f, 0x07, 0x03, 0xa7, 0x00, 0x05, 0x03,
    0x0f, 0x1f, 0x3f, 0x7f, 0x7f, 0x98, 0xff, 0x05, 0x7f, 0x7f, 0x3f, 0x1f, 0x0f, 0x03, 0xff, 0x00,
    0xb5, 0x00,
};

static const uint8_t s_anim_turn_left_f25[] = {
    0xff, 0x00, 0xd7, 0x00, 0x04, 0xc0, 0xe0, 0xf0, 0xf8, 0xf8, 0x98, 0xfc, 0x04, 0xf8, 0xf8, 0xf0,
    0xe0, 0xc0, 0xa8, 0x00, 0x04, 0xc0, 0xe0, 0xf0, 0xf8, 0xf8, 0x98, 0xfc, 0x04, 0xf8, 0xf8, 0xf0,
    0xe0, 0xc0, 0x8f, 0x00, 0x8f, 0xff, 0x84, 0x7f, 0x8f, 0xff, 0xa6, 0x00, 0x8f, 0xff, 0x84, 0x7f,
    0x8f, 0xff, 0x8e, 0x00, 0x8c, 0xff, 0x01, 0x83, 0x01, 0x86, 0x00, 0x01, 0x01, 0x83, 0x8c, 0xff,
    0xa6, 0x00, 0x8c, 0xff, 0x01, 0x83, 0x01, 0x86, 0x00, 0x01, 0x01, 0x83, 0x8c, 0xff, 0x8e, 0x00,
    0x8e, 0xff, 0x00, 0xfe, 0x84, 0xfc, 0x00, 0xfe, 0x8e, 0xff, 0xa6, 0x00, 0x8e, 0xff, 0x00, 0xfe,
    0x84, 0xfc, 0x00, 0xfe, 0x8e, 0xff, 0x8e, 0x00, 0x05, 0x01, 0x07, 0x0f, 0x1f, 0x3f, 0x3f, 0x98,
    0x7f, 0x05, 0x3f, 0x3f, 0x1f, 0x0f, 0x07, 0x01, 0xa6, 0x00, 0x05, 0x01, 0x07, 0x0f, 0x1f, 0x3f,
    0x3f, 0x98, 0x7f, 0x05, 0x3f, 0x3f, 0x1f, 0x0f, 0x07, 0x01, 0xff, 0x00, 0xb7, 0x00,
};

static const uint8_t s_anim_turn_left_f26[] = {
    0xff, 0x00, 0xd5, 0x00, 0x04, 0xc0, 0xe0, 0xf0, 0xf8, 0xf8, 0x98, 0xfc, 0x04, 0xf8, 0xf8, 0xf0,
    0xe0, 0xc0, 0xa8, 0x00, 0x04, 0xc0, 0xe0, 0xf0, 0xf8, 0xf8, 0x98, 0xfc, 0x04, 0xf8, 0xf8, 0xf0,
    0xe0, 0xc0, 0x8f, 0x00, 0x8f, 0xff, 0x84, 0x7f, 0x8f, 0xff, 0xa6, 0x00, 0x8f, 0xff, 0x84, 0x7f,
    0x8f, 0xff, 0x8e, 0x00, 0x8c, 0xff, 0x01, 0x83, 0x01, 0x86, 0x00, 0x01, 0x01, 0x83, 0x8c, 0xff,
    0xa6, 0x00, 0x8c, 0xff, 0x01, 0x83, 0x01, 0x86, 0x00, 0x01, 0x01, 0x83, 0x8c, 0xff, 0x8e, 0x00,
    0x8e, 0xff, 0x00, 0xfe, 0x84, 0xfc, 0x00, 0xfe, 0x8e, 0xff, 0xa6, 0x00, 0x8e, 0xff, 0x00, 0xfe,
    0x84, 0xfc, 0x00, 0xfe, 0x8e, 0xff, 0x8e, 0x00, 0x05, 0x01, 0x07, 0x0f, 0x1f, 0x3f, 0x3f, 0x98,
    0x7f, 0x05, 0x3f, 0x3f, 0x1f, 0x0f, 0x07, 0x01, 0xa6, 0x00, 0x05, 0x01, 0x07, 0x0f, 0x1f, 0x3f,
    0x3f, 0x98, 0x7f, 0x05, 0x3f, 0x3f, 0x1f, 0x0f, 0x07, 0x01, 0xff, 0x00, 0xb9, 0x00,
};

static const uint8_t s_anim_turn_left_f27[] = {
    0xff, 0x00, 0xd3, 0x00, 0x04, 0x80, 0xc0, 0xe0, 0xf0, 0xf0, 0x98, 0xf8, 0x04, 0xf0, 0xf0, 0xe0,
    0xc0, 0x80, 0xa7, 0x00, 0x05, 0x80, 0xe0, 0xf0, 0xf8, 0xfc, 0xfc, 0x98, 0xfe, 0x05, 0xfc, 0xfc,
    0xf8, 0xf0, 0xe0, 0x80, 0x8e, 0x00, 0x00, 0xfe, 0xa2, 0xff, 0x00, 0xfe, 0xa6, 0x00, 0x8e, 0xff,
    0x00, 0x7f, 0x84, 0x3f, 0x00, 0x7f, 0x8e, 0xff, 0x8e, 0x00, 0x8c, 0xff, 0x02, 0x07, 0x03, 0x01,
    0x84, 0x00, 0x02, 0x01, 0x03, 0x07, 0x8c, 0xff, 0xa6, 0x00, 0x8c, 0xff, 0x01, 0xc1, 0x80, 0x86,
    0x00, 0x01, 0x80, 0xc1, 0x8c, 0xff, 0x8e, 0x00, 0x8d, 0xff, 0x01, 0xfe, 0xfc, 0x84, 0xf8, 0x01,
    0xfc, 0xfe, 0x8d, 0xff, 0xa6, 0x00, 0x8f, 0xff, 0x84, 0xfe, 0x8f, 0xff, 0x8e, 0x00, 0x05, 0x03,
    0x0f, 0x1f, 0x3f, 0x7f, 0x7f, 0x98, 0xff, 0x05, 0x7f, 0x7f, 0x3f, 0x1f, 0x0f, 0x03, 0xa7, 0x00,
    0x04, 0x03, 0x07, 0x0f, 0x1f, 0x1f, 0x98, 0x3f, 0x04, 0x1f, 0x1f, 0x0f, 0x07, 0x03, 0xff, 0x00,
    0xbc, 0x00,
};

static const uint8_t s_anim_turn_left_f28[] = {
    0xff, 0x00, 0xa2, 0x00, 0x98, 0x80, 0x95, 0x00, 0x04, 0x80, 0xc0, 0xe0, 0xf0, 0xf0, 0x98, 0xf8,
    0x04, 0xf0, 0xf0, 0xe0, 0xc0, 0x80, 0xa7, 0x00, 0x03, 0xe0, 0xf8, 0xfc, 0xfe, 0x9c, 0xff, 0x03,
    0xfe, 0xfc, 0xf8, 0xe0, 0x8e, 0x00, 0x00, 0xfe, 0xa2, 0xff, 0x00, 0xfe, 0xa6, 0x00, 0x8d, 0xff,
    0x01, 0x7f, 0x3f, 0x84, 0x1f, 0x01, 0x3f, 0x7f, 0x8d, 0xff, 0x8e, 0x00, 0x8c, 0xff, 0x02, 0x0f,
    0x07, 0x03, 0x84, 0x01, 0x02, 0x03, 0x07, 0x0f, 0x8c, 0xff, 0xa6, 0x00, 0x8c, 0xff, 0x02, 0xe0,
    0xc0, 0x80, 0x84, 0x00, 0x02, 0x80, 0xc0, 0xe0, 0x8c, 0xff, 0x8e, 0x00, 0x8c, 0xff, 0x02, 0xfe,
    0xfc, 0xf8, 0x84, 0xf0, 0x02, 0xf8, 0xfc, 0xfe, 0x8c, 0xff, 0xa6, 0x00, 0xa4, 0xff, 0x8e, 0x00,
    0x02, 0x0f, 0x3f, 0x7f, 0x9e, 0xff, 0x02, 0x7f, 0x3f, 0x0f, 0xa7, 0x00, 0x04, 0x03, 0x07, 0x0f,
    0x1f, 0x1f, 0x98, 0x3f, 0x04, 0x1f, 0x1f, 0x0f, 0x07, 0x03, 0x93, 0x00, 0x01, 0x01, 0x01, 0x98,
    0x03, 0x01, 0x01, 0x01, 0xff, 0x00, 0x8d, 0x00,
};

static const uint8_t s_anim_turn_left_f29[] = {
    0xff, 0x00, 0xa0, 0x00, 0x98, 0x80, 0x95, 0x00, 0x04, 0x80, 0xc0, 0xe0, 0xf0, 0xf0, 0x98, 0xf8,
    0x04, 0xf0, 0xf0, 0xe0, 0xc0, 0x80, 0xa7, 0x00, 0x03, 0xe0, 0xf8, 0xfc, 0xfe, 0x9c, 0xff, 0x03,
    0xfe, 0xfc, 0xf8, 0xe0, 0x8e, 0x00, 0x00, 0xfe, 0xa2, 0xff, 0x00, 0xfe, 0xa6, 0x00, 0x8d, 0xff,
    0x01, 0x7f, 0x3f, 0x84, 0x1f, 0x01, 0x3f, 0x7f, 0x8d, 0xff, 0x8e, 0x00, 0x8c, 0xff, 0x02, 0x0f,
    0x07, 0x03, 0x84, 0x01, 0x02, 0x03, 0x07, 0x0f, 0x8c, 0xff, 0xa6, 0x00, 0x8c, 0xff, 0x02, 0xe0,
    0xc0, 0x80, 0x84, 0x00, 0x02, 0x80, 0xc0, 0xe0, 0x8c, 0xff, 0x8e, 0x00, 0x8c, 0xff, 0x02, 0xfe,
    0xfc, 0xf8, 0x84, 0xf0, 0x02, 0xf8, 0xfc, 0xfe, 0x8c, 0xff, 0xa6, 0x00, 0xa4, 0xff, 0x8e, 0x00,
    0x02, 0x0f, 0x3f, 0x7f, 0x9e, 0xff, 0x02, 0x7f, 0x3f, 0x0f, 0xa7, 0x00, 0x04, 0x03, 0x07, 0x0f,
    0x1f, 0x1f, 0x98, 0x3f, 0x04, 0x1f, 0x1f, 0x0f, 0x07, 0x03, 0x93, 0x00, 0x01, 0x01, 0x01, 0x98,
    0x03, 0x01, 0x01, 0x01, 0xff, 0x00, 0x8f, 0x00,
};

static const uint8_t s_anim_turn_left_f30[] = {
    0xff, 0x00, 0x9c, 0x00, 0x01, 0x80, 0x80, 0x98, 0xc0, 0x01, 0x80, 0x80, 0x94, 0x00, 0x03, 0x80,
    0xc0, 0xe0, 0xe0, 0x98, 0xf0, 0x03, 0xe0, 0xe0, 0xc0, 0x80, 0xa8, 0x00, 0x02, 0xf0, 0xfc, 0xfe,
    0x9e, 0xff, 0x02, 0xfe, 0xfc, 0xf0, 0x8e, 0x00, 0x00, 0xfc, 0xa2, 0xff, 0x00, 0xfc, 0xa6, 0x00,
    0x8c, 0xff, 0x02, 0x7f, 0x3f, 0x1f, 0x84, 0x0f, 0x02, 0x1f, 0x3f, 0x7f, 0x8c, 0xff, 0x8e, 0x00,
    0x8c, 0xff, 0x02, 0x1f, 0x0f, 0x07, 0x84, 0x03, 0x02, 0x07, 0x0f, 0x1f, 0x8c, 0xff, 0xa6, 0x00,
    0x8c, 0xff, 0x02, 0xf0, 0xe0, 0xc0, 0x84, 0x80, 0x02, 0xc0, 0xe0, 0xf0, 0x8c, 0xff, 0x8e, 0x00,
    0x8c, 0xff, 0x02, 0xfc, 0xf8, 0xf0, 0x84, 0xe0, 0x02, 0xf0, 0xf8, 0xfc, 0x8c, 0xff, 0xa6, 0x00,
    0x00, 0x7f, 0xa2, 0xff, 0x00, 0x7f, 0x8e, 0x00, 0x01, 0x1f, 0x7f, 0xa0, 0xff, 0x01, 0x7f, 0x1f,
    0xa7, 0x00, 0x04, 0x01, 0x03, 0x07, 0x0f, 0x0f, 0x98, 0x1f, 0x04, 0x0f, 0x0f, 0x07, 0x03, 0x01,
    0x92, 0x00, 0x02, 0x01, 0x03, 0x03, 0x98, 0x07, 0x02, 0x03, 0x03, 0x01, 0xff, 0x00, 0x90, 0x00,
};

static const uint8_t s_anim_turn_left_f31[] = {
    0xff, 0x00, 0x9b, 0x00, 0x01, 0x80, 0x80, 0x98, 0xc0, 0x01, 0x80, 0x80, 0x94, 0x00, 0x03, 0x80,
    0xc0, 0xe0, 0xe0, 0x98, 0xf0, 0x03, 0xe0, 0xe0, 0xc0, 0x80, 0xa8, 0x00, 0x02, 0xf0, 0xfc, 0xfe,
    0x9e, 0xff, 0x02, 0xfe, 0xfc, 0xf0, 0x8e, 0x00, 0x00, 0xfc, 0xa2, 0xff, 0x00, 0xfc, 0xa6, 0x00,
    0x8c, 0xff, 0x02, 0x7f, 0x3f, 0x1f, 0x84, 0x0f, 0x02, 0x1f, 0x3f, 0x7f, 0x8c, 0xff, 0x8e, 0x00,
    0x8c, 0xff, 0x02, 0x1f, 0x0f, 0x07, 0x84, 0x03, 0x02, 0x07, 0x0f, 0x1f, 0x8c, 0xff, 0xa6, 0x00,
    0x8c, 0xff, 0x02, 0xf0, 0xe0, 0xc0, 0x84, 0x80, 0x02, 0xc0, 0xe0, 0xf0, 0x8c, 0xff, 0x8e, 0x00,
    0x8c, 0xff, 0x02, 0xfc, 0xf8, 0xf0, 0x84, 0xe0, 0x02, 0xf0, 0xf8, 0xfc, 0x8c, 0xff, 0xa6, 0x00,
    0x00, 0x7f, 0xa2, 0xff, 0x00, 0x7f, 0x8e, 0x00, 0x01, 0x1f, 0x7f, 0xa0, 0xff, 0x01, 0x7f, 0x1f,
    0xa7, 0x00, 0x04, 0x01, 0x03, 0x07, 0x0f, 0x0f, 0x98, 0x1f, 0x04, 0x0f, 0x0f, 0x07, 0x03, 0x01,
    0x92, 0x00, 0x02, 0x01, 0x03, 0x03, 0x98, 0x07, 0x02, 0x03, 0x03, 0x01, 0xff, 0x00, 0x91, 0x00,
};

static const uint8_t s_anim_turn_left_f32[] = {
    0xff, 0x00, 0x99, 0x00, 0x02, 0x80, 0xc0, 0xc0, 0x98, 0xe0, 0x02, 0xc0, 0xc0, 0x80, 0x92, 0x00,
    0x04, 0x80, 0xc0, 0xe0, 0xf0, 0xf0, 0x98, 0xf8, 0x04, 0xf0, 0xf0, 0xe0, 0xc0, 0x80, 0xa7, 0x00,
    0x01, 0xf8, 0xfe, 0xa0, 0xff, 0x01, 0xfe, 0xf8, 0x8e, 0x00, 0x00, 0xfe, 0xa2, 0xff, 0x00, 0xfe,
    0xa6, 0x00, 0x8c, 0xff, 0x02, 0x7f, 0x3f, 0x1f, 0x84, 0x0f, 0x02, 0x1f, 0x3f, 0x7f, 0x8c, 0xff,
    0x8e, 0x00, 0x8c, 0xff, 0x02, 0x1f, 0x0f, 0x07, 0x84, 0x03, 0x02, 0x07, 0x0f, 0x1f, 0x8c, 0xff,
    0xa6, 0x00, 0x8c, 0xff, 0x02, 0xf0, 0xe0, 0xc0, 0x84, 0x80, 0x02, 0xc0, 0xe0, 0xf0, 0x8c, 0xff,
    0x8e, 0x00, 0x8c, 0xff, 0x02, 0xfc, 0xf8, 0xf0, 0x84, 0xe0, 0x02, 0xf0, 0xf8, 0xfc, 0x8c, 0xff,
    0xa6, 0x00, 0xa4, 0xff, 0x8e, 0x00, 0x00, 0x3f, 0xa2, 0xff, 0x00, 0x3f, 0xa7, 0x00, 0x04, 0x03,
    0x07, 0x0f, 0x1f, 0x1f, 0x98, 0x3f, 0x04, 0x1f, 0x1f, 0x0f, 0x07, 0x03, 0x91, 0x00, 0x03, 0x01,
    0x03, 0x07, 0x07, 0x98, 0x0f, 0x03, 0x07, 0x07, 0x03, 0x01, 0xff, 0x00, 0x91, 0x00,
};

static const uint8_t s_anim_turn_left_f33[] = {
    0xff, 0x00, 0x96, 0x00, 0x03, 0x80, 0xc0, 0xe0, 0xe0, 0x98, 0xf0, 0x03, 0xe0, 0xe0, 0xc0, 0x80,
    0x92, 0x00, 0x03, 0x80, 0xc0, 0xe0, 0xe0, 0x98, 0xf0, 0x03, 0xe0, 0xe0, 0xc0, 0x80, 0xa8, 0x00,
    0x00, 0xfc, 0xa2, 0xff, 0x00, 0xfc, 0x8e, 0x00, 0x00, 0xfc, 0xa2, 0xff, 0x00, 0xfc, 0xa6, 0x00,
    0x8c, 0xff, 0x02, 0x3f, 0x1f, 0x0f, 0x84, 0x07, 0x02, 0x0f, 0x1f, 0x3f, 0x8c, 0xff, 0x8e, 0x00,
    0x8c, 0xff, 0x02, 0x3f, 0x1f, 0x0f, 0x84, 0x07, 0x02, 0x0f, 0x1f, 0x3f, 0x8c, 0xff, 0xa6, 0x00,
    0x8c, 0xff, 0x02, 0xf8, 0xf0, 0xe0, 0x84, 0xc0, 0x02, 0xe0, 0xf0, 0xf8, 0x8c, 0xff, 0x8e, 0x00,
    0x8c, 0xff, 0x02, 0xf8, 0xf0, 0xe0, 0x84, 0xc0, 0x02, 0xe0, 0xf0, 0xf8, 0x8c, 0xff, 0xa6, 0x00,
    0x00, 0x7f, 0xa2, 0xff, 0x00, 0x7f, 0x8e, 0x00, 0x00, 0x7f, 0xa2, 0xff, 0x00, 0x7f, 0xa7, 0x00,
    0x04, 0x01, 0x03, 0x07, 0x0f, 0x0f, 0x98, 0x1f, 0x04, 0x0f, 0x0f, 0x07, 0x03, 0x01, 0x90, 0x00,
    0x04, 0x01, 0x03, 0x07, 0x0f, 0x0f, 0x98, 0x1f, 0x04, 0x0f, 0x0f, 0x07, 0x03, 0x01, 0xff, 0x00,
    0x92, 0x00,
};

static const uint8_t s_anim_turn_left_f34[] = {
    0xff, 0x00, 0x96, 0x00, 0x03, 0x80, 0xc0, 0xe0, 0xe0, 0x98, 0xf0, 0x03, 0xe0, 0xe0, 0xc0, 0x80,
    0x92, 0x00, 0x03, 0x80, 0xc0, 0xe0, 0xe0, 0x98, 0xf0, 0x03, 0xe0, 0xe0, 0xc0, 0x80, 0xa8, 0x00,
    0x00, 0xfc, 0xa2, 0xff, 0x00, 0xfc, 0x8e, 0x00, 0x00, 0xfc, 0xa2, 0xff, 0x00, 0xfc, 0xa6, 0x00,
    0x8c, 0xff, 0x02, 0x3f, 0x1f, 0x0f, 0x84, 0x07, 0x02, 0x0f, 0x1f, 0x3f, 0x8c, 0xff, 0x8e, 0x00,
    0x8c, 0xff, 0x02, 0x3f, 0x1f, 0x0f, 0x84, 0x07, 0x02, 0x0f, 0x1f, 0x3f, 0x8c, 0xff, 0xa6, 0x00,
    0x8c, 0xff, 0x02, 0xf8, 0xf0, 0xe0, 0x84, 0xc0, 0x02, 0xe0, 0xf0, 0xf8, 0x8c, 0xff, 0x8e, 0x00,
    0x8c, 0xff, 0x02, 0xf8, 0xf0, 0xe0, 0x84, 0xc0, 0x02, 0xe0, 0xf0, 0xf8, 0x8c, 0xff, 0xa6, 0x00,
    0x00, 0x7f, 0xa2, 0xff, 0x00, 0x7f, 0x8e, 0x00, 0x00, 0x7f, 0xa2, 0xff, 0x00, 0x7f, 0xa7, 0x00,
    0x04, 0x01, 0x03, 0x07, 0x0f, 0x0f, 0x98, 0x1f, 0x04, 0x0f, 0x0f, 0x07, 0x03, 0x01, 0x90, 0x00,
    0x04, 0x01, 0x03, 0x07, 0x0f, 0x0f, 0x98, 0x1f, 0x04, 0x0f, 0x0f, 0x07, 0x03, 0x01, 0xff, 0x00,
    0x92, 0x00,
};

static const uint8_t s_anim_turn_left_f35[] = {
    0xff, 0x00, 0x95, 0x00, 0x03, 0x80, 0xc0, 0xe0, 0xe0, 0x98, 0xf0, 0x03, 0xe0, 0xe0, 0xc0, 0x80,
    0x92, 0x00, 0x03, 0x80, 0xc0, 0xe0, 0xe0, 0x98, 0xf0, 0x03, 0xe0, 0xe0, 0xc0, 0x80, 0xa8, 0x00,
    0x00, 0xfc, 0xa2, 0xff, 0x00, 0xfc, 0x8e, 0x00, 0x00, 0xfc, 0xa2, 0xff, 0x00, 0xfc, 0xa6, 0x00,
    0x8c, 0xff, 0x02, 0x3f, 0x1f, 0x0f, 0x84, 0x07, 0x02, 0x0f, 0x1f, 0x3f, 0x8c, 0xff, 0x8e, 0x00,
    0x8c, 0xff, 0x02, 0x3f, 0x1f, 0x0f, 0x84, 0x07, 0x02, 0x0f, 0x1f, 0x3f, 0x8c, 0xff, 0xa6, 0x00,
    0x8c, 0xff, 0x02, 0xf8, 0xf0, 0xe0, 0x84, 0xc0, 0x02, 0xe0, 0xf0, 0xf8, 0x8c, 0xff, 0x8e, 0x00,
    0x8c, 0xff, 0x02, 0xf8, 0xf0, 0xe0, 0x84, 0xc0, 0x02, 0xe0, 0xf0, 0xf8, 0x8c, 0xff, 0xa6, 0x00,
    0x00, 0x7f, 0xa2, 0xff, 0x00, 0x7f, 0x8e, 0x00, 0x00, 0x7f, 0xa2, 0xff, 0x00, 0x7f, 0xa7, 0x00,
    0x04, 0x01, 0x03, 0x07, 0x0f, 0x0f, 0x98, 0x1f, 0x04, 0x0f, 0x0f, 0x07, 0x03, 0x01, 0x90, 0x00,
    0x04, 0x01, 0x03, 0x07, 0x0f, 0x0f, 0x98, 0x1f, 0x04, 0x0f, 0x0f, 0x07, 0x03, 0x01, 0xff, 0x00,
    0x93, 0x00,
};

static const uint8_t *const s_anim_turn_left_frames[36] = {
    s_anim_turn_left_f00,
    s_anim_turn_left_f01,
    s_anim_turn_left_f02,
    s_anim_turn_left_f03,
    s_anim_turn_left_f04,
    s_anim_turn_left_f05,
    s_anim_turn_left_f06,
    s_anim_turn_left_f07,
    s_anim_turn_left_f08,
    s_anim_turn_left_f09,
    s_anim_turn_left_f10,
    s_anim_turn_left_f11,
    s_anim_turn_left_f12,
    s_anim_turn_left_f13,
    s_anim_turn_left_f14,
    s_anim_turn_left_f15,
    s_anim_turn_left_f16,
    s_anim_turn_left_f17,
    s_anim_turn_left_f18,
    s_anim_turn_left_f19,
    s_anim_turn_left_f20,
    s_anim_turn_left_f21,
    s_anim_turn_left_f22,
    s_anim_turn_left_f23,
    s_anim_turn_left_f24,
    s_anim_turn_left_f25,
    s_anim_turn_left_f26,
    s_anim_turn_left_f27,
    s_anim_turn_left_f28,
    s_anim_turn_left_f29,
    s_anim_turn_left_f30,
    s_anim_turn_left_f31,
    s_anim_turn_left_f32,
    s_anim_turn_left_f33,
    s_anim_turn_left_f34,
    s_anim_turn_left_f35,
};

static const uint16_t s_anim_turn_left_sizes[36] = {
    162, 162, 162, 162, 158, 160, 160, 152,
    152, 146, 142, 142, 142, 146, 146, 144,
    144, 142, 142, 142, 144, 144, 146, 146,
    146, 142, 142, 146, 152, 152, 160, 160,
    158, 162, 162, 162,
};

static const uint8_t s_anim_turn_right_f00[] = {
    0xff, 0x00, 0x95, 0x00, 0x03, 0x80, 0xc0, 0xe0, 0xe0, 0x98, 0xf0, 0x03, 0xe0, 0xe0, 0xc0, 0x80,
    0x92, 0x00, 0x03, 0x80, 0xc0, 0xe0, 0xe0, 0x98, 0xf0, 0x03, 0xe0, 0xe0, 0xc0, 0x80, 0xa8, 0x00,
    0x00, 0xfc, 0xa2, 0xff, 0x00, 0xfc, 0x8e, 0x00, 0x00, 0xfc, 0xa2, 0xff, 0x00, 0xfc, 0xa6, 0x00,
    0x8c, 0xff, 0x02, 0x3f, 0x1f, 0x0f, 0x84, 0x07, 0x02, 0x0f, 0x1f, 0x3f, 0x8c, 0xff, 0x8e, 0x00,
    0x8c, 0xff, 0x02, 0x3f, 0x1f, 0x0f, 0x84, 0x07, 0x02, 0x0f, 0x1f, 0x3f, 0x8c, 0xff, 0xa6, 0x00,
    0x8c, 0xff, 0x02, 0xf8, 0xf0, 0xe0, 0x84, 0xc0, 0x02, 0xe0, 0xf0, 0xf8, 0x8c, 0xff, 0x8e, 0x00,
    0x8c, 0xff, 0x02, 0xf8, 0xf0, 0xe0, 0x84, 0xc0, 0x02, 0xe0, 0xf0, 0xf8, 0x8c, 0xff, 0xa6, 0x00,
    0x00, 0x7f, 0xa2, 0xff, 0x00, 0x7f, 0x8e, 0x00, 0x00, 0x7f, 0xa2, 0xff, 0x00, 0x7f, 0xa7, 0x00,
    0x04, 0x01, 0x03, 0x07, 0x0f, 0x0f, 0x98, 0x1f, 0x04, 0x0f, 0x0f, 0x07, 0x03, 0x01, 0x90, 0x00,
    0x04, 0x01, 0x03, 0x07, 0x0f, 0x0f, 0x98, 0x1f, 0x04, 0x0f, 0x0f, 0x07, 0x03, 0x01, 0xff, 0x00,
    0x93, 0x00,
};

static const uint8_t s_anim_turn_right_f01[] = {
    0xff, 0x00, 0x95, 0x00, 0x03, 0x80, 0xc0, 0xe0, 0xe0, 0x98, 0xf0, 0x03, 0xe0, 0xe0, 0xc0, 0x80,
    0x92, 0x00, 0x03, 0x80, 0xc0, 0xe0, 0xe0, 0x98, 0xf0, 0x03, 0xe0, 0xe0, 0xc0, 0x80, 0xa8, 0x00,
    0x00, 0xfc, 0xa2, 0xff, 0x00, 0xfc, 0x8e, 0x00, 0x00, 0xfc, 0xa2, 0xff, 0x00, 0xfc, 0xa6, 0x00,
    0x8c, 0xff, 0x02, 0x3f, 0x1f, 0x0f, 0x84, 0x07, 0x02, 0x0f, 0x1f, 0x3f, 0x8c, 0xff, 0x8e, 0x00,
    0x8c, 0xff, 0x02, 0x3f, 0x1f, 0x0f, 0x84, 0x07, 0x02, 0x0f, 0x1f, 0x3f, 0x8c, 0xff, 0xa6, 0x00,
    0x8c, 0xff, 0x02, 0xf8, 0xf0, 0xe0, 0x84, 0xc0, 0x02, 0xe0, 0xf0, 0xf8, 0x8c, 0xff, 0x8e, 0x00,
    0x8c, 0xff, 0x02, 0xf8, 0xf0, 0xe0, 0x84, 0xc0, 0x02, 0xe0, 0xf0, 0xf8, 0x8c, 0xff, 0xa6, 0x00,
    0x00, 0x7f, 0xa2, 0xff, 0x00, 0x7f, 0x8e, 0x00, 0x00, 0x7f, 0xa2, 0xff, 0x00, 0x7f, 0xa7, 0x00,
    0x04, 0x01, 0x03, 0x07, 0x0f, 0x0f, 0x98, 0x1f, 0x04, 0x0f, 0x0f, 0x07, 0x03, 0x01, 0x90, 0x00,
    0x04, 0x01, 0x03, 0x07, 0x0f, 0x0f, 0x98, 0x1f, 0x04, 0x0f, 0x0f, 0x07, 0x03, 0x01, 0xff, 0x00,
    0x93, 0x00,
};

static const uint8_t s_anim_turn_right_f02[] = {
    0xff, 0x00, 0x94, 0x00, 0x03, 0x80, 0xc0, 0xe0, 0xe0, 0x98, 0xf0, 0x03, 0xe0, 0xe0, 0xc0, 0x80,
    0x92, 0x00, 0x03, 0x80, 0xc0, 0xe0, 0xe0, 0x98, 0xf0, 0x03, 0xe0, 0xe0, 0xc0, 0x80, 0xa8, 0x00,
    0x00, 0xfc, 0xa2, 0xff, 0x00, 0xfc, 0x8e, 0x00, 0x00, 0xfc, 0xa2, 0xff, 0x00, 0xfc, 0xa6, 0x00,
    0x8c, 0xff, 0x02, 0x3f, 0x1f, 0x0f, 0x84, 0x07, 0x02, 0x0f, 0x1f, 0x3f, 0x8c, 0xff, 0x8e, 0x00,
    0x8c, 0xff, 0x02, 0x3f, 0x1f, 0x0f, 0x84, 0x07, 0x02, 0x0f, 0x1f, 0x3f, 0x8c, 0xff, 0xa6, 0x00,
    0x8c, 0xff, 0x02, 0xf8, 0xf0, 0xe0, 0x84, 0xc0, 0x02, 0xe0, 0xf0, 0xf8, 0x8c, 0xff, 0x8e, 0x00,
    0x8c, 0xff, 0x02, 0xf8, 0xf0, 0xe0, 0x84, 0xc0, 0x02, 0xe0, 0xf0, 0xf8, 0x8c, 0xff, 0xa6, 0x00,
    0x00, 0x7f, 0xa2, 0xff, 0x00, 0x7f, 0x8e, 0x00, 0x00, 0x7f, 0xa2, 0xff, 0x00, 0x7f, 0xa7, 0x00,
    0x04, 0x01, 0x03, 0x07, 0x0f, 0x0f, 0x98, 0x1f, 0x04, 0x0f, 0x0f, 0x07, 0x03, 0x01, 0x90, 0x00,
    0x04, 0x01, 0x03, 0x07, 0x0f, 0x0f, 0x98, 0x1f, 0x04, 0x0f, 0x0f, 0x07, 0x03, 0x01, 0xff, 0x00,
    0x94, 0x00,
};

static const uint8_t s_anim_turn_right_f03[] = {
    0xff, 0x00, 0x94, 0x00, 0x03, 0x80, 0xc0, 0xe0, 0xe0, 0x98, 0xf0, 0x03, 0xe0, 0xe0, 0xc0, 0x80,
    0x92, 0x00, 0x03, 0x80, 0xc0, 0xe0, 0xe0, 0x98, 0xf0, 0x03, 0xe0, 0xe0, 0xc0, 0x80, 0xa8, 0x00,
    0x00, 0xfc, 0xa2, 0xff, 0x00, 0xfc, 0x8e, 0x00, 0x00, 0xfc, 0xa2, 0xff, 0x00, 0xfc, 0xa6, 0x00,
    0x8c, 0xff, 0x02, 0x3f, 0x1f, 0x0f, 0x84, 0x07, 0x02, 0x0f, 0x1f, 0x3f, 0x8c, 0xff, 0x8e, 0x00,
    0x8c, 0xff, 0x02, 0x3f, 0x1f, 0x0f, 0x84, 0x07, 0x02, 0x0f, 0x1f, 0x3f, 0x8c, 0xff, 0xa6, 0x00,
    0x8c, 0xff, 0x02, 0xf8, 0xf0, 0xe0, 0x84, 0xc0, 0x02, 0xe0, 0xf0, 0xf8, 0x8c, 0xff, 0x8e, 0x00,
    0x8c, 0xff, 0x02, 0xf8, 0xf0, 0xe0, 0x84, 0xc0, 0x02, 0xe0, 0xf0, 0xf8, 0x8c, 0xff, 0xa6, 0x00,
    0x00, 0x7f, 0xa2, 0xff, 0x00, 0x7f, 0x8e, 0x00, 0x00, 0x7f, 0xa2, 0xff, 0x00, 0x7f, 0xa7, 0x00,
    0x04, 0x01, 0x03, 0x07, 0x0f, 0x0f, 0x98, 0x1f, 0x04, 0x0f, 0x0f, 0x07, 0x03, 0x01, 0x90, 0x00,
    0x04, 0x01, 0x03, 0x07, 0x0f, 0x0f, 0x98, 0x1f, 0x04, 0x0f, 0x0f, 0x07, 0x03, 0x01, 0xff, 0x00,
    0x94, 0x00,
};

static const uint8_t s_anim_turn_right_f04[] = {
    0xff, 0x00, 0x91, 0x00, 0x04, 0x80, 0xc0, 0xe0, 0xf0, 0xf0, 0x98, 0xf8, 0x04, 0xf0, 0xf0, 0xe0,
    0xc0, 0x80, 0x92, 0x00, 0x02, 0x80, 0xc0, 0xc0, 0x98, 0xe0, 0x02, 0xc0, 0xc0, 0x80, 0xa9, 0x00,
    0x00, 0xfe, 0xa2, 0xff, 0x00, 0xfe, 0x8e, 0x00, 0x01, 0xf8, 0xfe, 0xa0, 0xff, 0x01, 0xfe, 0xf8,
    0xa6, 0x00, 0x8c, 0xff, 0x02, 0x1f, 0x0f, 0x07, 0x84, 0x03, 0x02, 0x07, 0x0f, 0x1f, 0x8c, 0xff,
    0x8e, 0x00, 0x8c, 0xff, 0x02, 0x7f, 0x3f, 0x1f, 0x84, 0x0f, 0x02, 0x1f, 0x3f, 0x7f, 0x8c, 0xff,
    0xa6, 0x00, 0x8c, 0xff, 0x02, 0xfc, 0xf8, 0xf0, 0x84, 0xe0, 0x02, 0xf0, 0xf8, 0xfc, 0x8c, 0xff,
    0x8e, 0x00, 0x8c, 0xff, 0x02, 0xf0, 0xe0, 0xc0, 0x84, 0x80, 0x02, 0xc0, 0xe0, 0xf0, 0x8c, 0xff,
    0xa6, 0x00, 0x00, 0x3f, 0xa2, 0xff, 0x00, 0x3f, 0x8e, 0x00, 0xa4, 0xff, 0xa8, 0x00, 0x03, 0x01,
    0x03, 0x07, 0x07, 0x98, 0x0f, 0x03, 0x07, 0x07, 0x03, 0x01, 0x91, 0x00, 0x04, 0x03, 0x07, 0x0f,
    0x1f, 0x1f, 0x98, 0x3f, 0x04, 0x1f, 0x1f, 0x0f, 0x07, 0x03, 0xff, 0x00, 0x96, 0x00,
};

static const uint8_t s_anim_turn_right_f05[] = {
    0xff, 0x00, 0x91, 0x00, 0x03, 0x80, 0xc0, 0xe0, 0xe0, 0x98, 0xf0, 0x03, 0xe0, 0xe0, 0xc0, 0x80,
    0x94, 0x00, 0x01, 0x80, 0x80, 0x98, 0xc0, 0x01, 0x80, 0x80, 0xaa, 0x00, 0x00, 0xfc, 0xa2, 0xff,
    0x00, 0xfc, 0x8e, 0x00, 0x02, 0xf0, 0xfc, 0xfe, 0x9e, 0xff, 0x02, 0xfe, 0xfc, 0xf0, 0xa6, 0x00,
    0x8c, 0xff, 0x02, 0x1f, 0x0f, 0x07, 0x84, 0x03, 0x02, 0x07, 0x0f, 0x1f, 0x8c, 0xff, 0x8e, 0x00,
    0x8c, 0xff, 0x02, 0x7f, 0x3f, 0x1f, 0x84, 0x0f, 0x02, 0x1f, 0x3f, 0x7f, 0x8c, 0xff, 0xa6, 0x00,
    0x8c, 0xff, 0x02, 0xfc, 0xf8, 0xf0, 0x84, 0xe0, 0x02, 0xf0, 0xf8, 0xfc, 0x8c, 0xff, 0x8e, 0x00,
    0x8c, 0xff, 0x02, 0xf0, 0xe0, 0xc0, 0x84, 0x80, 0x02, 0xc0, 0xe0, 0xf0, 0x8c, 0xff, 0xa6, 0x00,
    0x01, 0x1f, 0x7f, 0xa0, 0xff, 0x01, 0x7f, 0x1f, 0x8e, 0x00, 0x00, 0x7f, 0xa2, 0xff, 0x00, 0x7f,
    0xa9, 0x00, 0x02, 0x01, 0x03, 0x03, 0x98, 0x07, 0x02, 0x03, 0x03, 0x01, 0x92, 0x00, 0x04, 0x01,
    0x03, 0x07, 0x0f, 0x0f, 0x98, 0x1f, 0x04, 0x0f, 0x0f, 0x07, 0x03, 0x01, 0xff, 0x00, 0x97, 0x00,
};

static const uint8_t s_anim_turn_right_f06[] = {
    0xff, 0x00, 0x90, 0x00, 0x03, 0x80, 0xc0, 0xe0, 0xe0, 0x98, 0xf0, 0x03, 0xe0, 0xe0, 0xc0, 0x80,
    0x94, 0x00, 0x01, 0x80, 0x80, 0x98, 0xc0, 0x01, 0x80, 0x80, 0xaa, 0x00, 0x00, 0xfc, 0xa2, 0xff,
    0x00, 0xfc, 0x8e, 0x00, 0x02, 0xf0, 0xfc, 0xfe, 0x9e, 0xff, 0x02, 0xfe, 0xfc, 0xf0, 0xa6, 0x00,
    0x8c, 0xff, 0x02, 0x1f, 0x0f, 0x07, 0x84, 0x03, 0x02, 0x07, 0x0f, 0x1f, 0x8c, 0xff, 0x8e, 0x00,
    0x8c, 0xff, 0x02, 0x7f, 0x3f, 0x1f, 0x84, 0x0f, 0x02, 0x1f, 0x3f, 0x7f, 0x8c, 0xff, 0xa6, 0x00,
    0x8c, 0xff, 0x02, 0xfc, 0xf8, 0xf0, 0x84, 0xe0, 0x02, 0xf0, 0xf8, 0xfc, 0x8c, 0xff, 0x8e, 0x00,
    0x8c, 0xff, 0x02, 0xf0, 0xe0, 0xc0, 0x84, 0x80, 0x02, 0xc0, 0xe0, 0xf0, 0x8c, 0xff, 0xa6, 0x00,
    0x01, 0x1f, 0x7f, 0xa0, 0xff, 0x01, 0x7f, 0x1f, 0x8e, 0x00, 0x00, 0x7f, 0xa2, 0xff, 0x00, 0x7f,
    0xa9, 0x00, 0x02, 0x01, 0x03, 0x03, 0x98, 0x07, 0x02, 0x03, 0x03, 0x01, 0x92, 0x00, 0x04, 0x01,
    0x03, 0x07, 0x0f, 0x0f, 0x98, 0x1f, 0x04, 0x0f, 0x0f, 0x07, 0x03, 0x01, 0xff, 0x00, 0x98, 0x00,
};

static const uint8_t s_anim_turn_right_f07[] = {
    0xff, 0x00, 0x8d, 0x00, 0x04, 0x80, 0xc0, 0xe0, 0xf0, 0xf0, 0x98, 0xf8, 0x04, 0xf0, 0xf0, 0xe0,
    0xc0, 0x80, 0x95, 0x00, 0x98, 0x80, 0xac, 0x00, 0x00, 0xfe, 0xa2, 0xff, 0x00, 0xfe, 0x8e, 0x00,
    0x03, 0xe0, 0xf8, 0xfc, 0xfe, 0x9c, 0xff, 0x03, 0xfe, 0xfc, 0xf8, 0xe0, 0xa6, 0x00, 0x8c, 0xff,
    0x02, 0x0f, 0x07, 0x03, 0x84, 0x01, 0x02, 0x03, 0x07, 0x0f, 0x8c, 0xff, 0x8e, 0x00, 0x8d, 0xff,
    0x01, 0x7f, 0x3f, 0x84, 0x1f, 0x01, 0x3f, 0x7f, 0x8d, 0xff, 0xa6, 0x00, 0x8c, 0xff, 0x02, 0xfe,
    0xfc, 0xf8, 0x84, 0xf0, 0x02, 0xf8, 0xfc, 0xfe, 0x8c, 0xff, 0x8e, 0x00, 0x8c, 0xff, 0x02, 0xe0,
    0xc0, 0x80, 0x84, 0x00, 0x02, 0x80, 0xc0, 0xe0, 0x8c, 0xff, 0xa6, 0x00, 0x02, 0x0f, 0x3f, 0x7f,
    0x9e, 0xff, 0x02, 0x7f, 0x3f, 0x0f, 0x8e, 0x00, 0xa4, 0xff, 0xaa, 0x00, 0x01, 0x01, 0x01, 0x98,
    0x03, 0x01, 0x01, 0x01, 0x93, 0x00, 0x04, 0x03, 0x07, 0x0f, 0x1f, 0x1f, 0x98, 0x3f, 0x04, 0x1f,
    0x1f, 0x0f, 0x07, 0x03, 0xff, 0x00, 0x9a, 0x00,
};

static const uint8_t s_anim_turn_right_f08[] = {
    0xff, 0x00, 0x8b, 0x00, 0x04, 0x80, 0xc0, 0xe0, 0xf0, 0xf0, 0x98, 0xf8, 0x04, 0xf0, 0xf0, 0xe0,
    0xc0, 0x80, 0x95, 0x00, 0x98, 0x80, 0xac, 0x00, 0x00, 0xfe, 0xa2, 0xff, 0x00, 0xfe, 0x8e, 0x00,
    0x03, 0xe0, 0xf8, 0xfc, 0xfe, 0x9c, 0xff, 0x03, 0xfe, 0xfc, 0xf8, 0xe0, 0xa6, 0x00, 0x8c, 0xff,
    0x02, 0x0f, 0x07, 0x03, 0x84, 0x01, 0x02, 0x03, 0x07, 0x0f, 0x8c, 0xff, 0x8e, 0x00, 0x8d, 0xff,
    0x01, 0x7f, 0x3f, 0x84, 0x1f, 0x01, 0x3f, 0x7f, 0x8d, 0xff, 0xa6, 0x00, 0x8c, 0xff, 0x02, 0xfe,
    0xfc, 0xf8, 0x84, 0xf0, 0x02, 0xf8, 0xfc, 0xfe, 0x8c, 0xff, 0x8e, 0x00, 0x8c, 0xff, 0x02, 0xe0,
    0xc0, 0x80, 0x84, 0x00, 0x02, 0x80, 0xc0, 0xe0, 0x8c, 0xff, 0xa6, 0x00, 0x02, 0x0f, 0x3f, 0x7f,
    0x9e, 0xff, 0x02, 0x7f, 0x3f, 0x0f, 0x8e, 0x00, 0xa4, 0xff, 0xaa, 0x00, 0x01, 0x01, 0x01, 0x98,
    0x03, 0x01, 0x01, 0x01, 0x93, 0x00, 0x04, 0x03, 0x07, 0x0f, 0x1f, 0x1f, 0x98, 0x3f, 0x04, 0x1f,
    0x1f, 0x0f, 0x07, 0x03, 0xff, 0x00, 0x9c, 0x00,
};

static const uint8_t s_anim_turn_right_f09[] = {
    0xff, 0x00, 0x89, 0x00, 0x04, 0x80, 0xc0, 0xe0, 0xf0, 0xf0, 0x98, 0xf8, 0x04, 0xf0, 0xf0, 0xe0,
    0xc0, 0x80, 0xdb, 0x00, 0x00, 0xfe, 0xa2, 0xff, 0x00, 0xfe, 0x8e, 0x00, 0x05, 0x80, 0xe0, 0xf0,
    0xf8, 0xfc, 0xfc, 0x98, 0xfe, 0x05, 0xfc, 0xfc, 0xf8, 0xf0, 0xe0, 0x80, 0xa6, 0x00, 0x8c, 0xff,
    0x02, 0x07, 0x03, 0x01, 0x84, 0x00, 0x02, 0x01, 0x03, 0x07, 0x8c, 0xff, 0x8e, 0x00, 0x8e, 0xff,
    0x00, 0x7f, 0x84, 0x3f, 0x00, 0x7f, 0x8e, 0xff, 0xa6, 0x00, 0x8d, 0xff, 0x01, 0xfe, 0xfc, 0x84,
    0xf8, 0x01, 0xfc, 0xfe, 0x8d, 0xff, 0x8e, 0x00, 0x8c, 0xff, 0x01, 0xc1, 0x80, 0x86, 0x00, 0x01,
    0x80, 0xc1, 0x8c, 0xff, 0xa6, 0x00, 0x05, 0x03, 0x0f, 0x1f, 0x3f, 0x7f, 0x7f, 0x98, 0xff, 0x05,
    0x7f, 0x7f, 0x3f, 0x1f, 0x0f, 0x03, 0x8e, 0x00, 0x8f, 0xff, 0x84, 0xfe, 0x8f, 0xff, 0xdb, 0x00,
    0x04, 0x03, 0x07, 0x0f, 0x1f, 0x1f, 0x98, 0x3f, 0x04, 0x1f, 0x1f, 0x0f, 0x07, 0x03, 0xff, 0x00,
    0x9e, 0x00,
};

static const uint8_t s_anim_turn_right_f10[] = {
    0xff, 0x00, 0x87, 0x00, 0x04, 0xc0, 0xe0, 0xf0, 0xf8, 0xf8, 0x98, 0xfc, 0x04, 0xf8, 0xf8, 0xf0,
    0xe0, 0xc0, 0xdb, 0x00, 0x8f, 0xff, 0x84, 0x7f, 0x8f, 0xff, 0x8f, 0x00, 0x04, 0xc0, 0xe0, 0xf0,
    0xf8, 0xf8, 0x98, 0xfc, 0x04, 0xf8, 0xf8, 0xf0, 0xe0, 0xc0, 0xa7, 0x00, 0x8c, 0xff, 0x01, 0x83,
    0x01, 0x86, 0x00, 0x01, 0x01, 0x83, 0x8c, 0xff, 0x8e, 0x00, 0x8f, 0xff, 0x84, 0x7f, 0x8f, 0xff,
    0xa6, 0x00, 0x8e, 0xff, 0x00, 0xfe, 0x84, 0xfc, 0x00, 0xfe, 0x8e, 0xff, 0x8e, 0x00, 0x8c, 0xff,
    0x01, 0x83, 0x01, 0x86, 0x00, 0x01, 0x01, 0x83, 0x8c, 0xff, 0xa6, 0x00, 0x05, 0x01, 0x07, 0x0f,
    0x1f, 0x3f, 0x3f, 0x98, 0x7f, 0x05, 0x3f, 0x3f, 0x1f, 0x0f, 0x07, 0x01, 0x8e, 0x00, 0x8e, 0xff,
    0x00, 0xfe, 0x84, 0xfc, 0x00, 0xfe, 0x8e, 0xff, 0xda, 0x00, 0x05, 0x01, 0x07, 0x0f, 0x1f, 0x3f,
    0x3f, 0x98, 0x7f, 0x05, 0x3f, 0x3f, 0x1f, 0x0f, 0x07, 0x01, 0xff, 0x00, 0x9f, 0x00,
};

static const uint8_t s_anim_turn_right_f11[] = {
    0xff, 0x00, 0x85, 0x00, 0x04, 0xc0, 0xe0, 0xf0, 0xf8, 0xf8, 0x98, 0xfc, 0x04, 0xf8, 0xf8, 0xf0,
    0xe0, 0xc0, 0xdb, 0x00, 0x8f, 0xff, 0x84, 0x7f, 0x8f, 0xff, 0x8f, 0x00, 0x04, 0xc0, 0xe0, 0xf0,
    0xf8, 0xf8, 0x98, 0xfc, 0x04, 0xf8, 0xf8, 0xf0, 0xe0, 0xc0, 0xa7, 0x00, 0x8c, 0xff, 0x01, 0x83,
    0x01, 0x86, 0x00, 0x01, 0x01, 0x83, 0x8c, 0xff, 0x8e, 0x00, 0x8f, 0xff, 0x84, 0x7f, 0x8f, 0xff,
    0xa6, 0x00, 0x8e, 0xff, 0x00, 0xfe, 0x84, 0xfc, 0x00, 0xfe, 0x8e, 0xff, 0x8e, 0x00, 0x8c, 0xff,
    0x01, 0x83, 0x01, 0x86, 0x00, 0x01, 0x01, 0x83, 0x8c, 0xff, 0xa6, 0x00, 0x05, 0x01, 0x07, 0x0f,
    0x1f, 0x3f, 0x3f, 0x98, 0x7f, 0x05, 0x3f, 0x3f, 0x1f, 0x0f, 0x07, 0x01, 0x8e, 0x00, 0x8e, 0xff,
    0x00, 0xfe, 0x84, 0xfc, 0x00, 0xfe, 0x8e, 0xff, 0xda, 0x00, 0x05, 0x01, 0x07, 0x0f, 0x1f, 0x3f,
    0x3f, 0x98, 0x7f, 0x05, 0x3f, 0x3f, 0x1f, 0x0f, 0x07, 0x01, 0xff, 0x00, 0xa1, 0x00,
};

static const uint8_t s_anim_turn_right_f12[] = {
    0xff, 0x00, 0x84, 0x00, 0x04, 0xc0, 0xe0, 0xf0, 0xf8, 0xf8, 0x98, 0xfc, 0x04, 0xf8, 0xf8, 0xf0,
    0xe0, 0xc0, 0xdb, 0x00, 0x8f, 0xff, 0x84, 0x7f, 0x8f, 0xff, 0x8f, 0x00, 0x04, 0xc0, 0xe0, 0xf0,
    0xf8, 0xf8, 0x98, 0xfc, 0x04, 0xf8, 0xf8, 0xf0, 0xe0, 0xc0, 0xa7, 0x00, 0x8c, 0xff, 0x01, 0x83,
    0x01, 0x86, 0x00, 0x01, 0x01, 0x83, 0x8c, 0xff, 0x8e, 0x00, 0x8f, 0xff, 0x84, 0x7f, 0x8f, 0xff,
    0xa6, 0x00, 0x8e, 0xff, 0x00, 0xfe, 0x84, 0xfc, 0x00, 0xfe, 0x8e, 0xff, 0x8e, 0x00, 0x8c, 0xff,
    0x01, 0x83, 0x01, 0x86, 0x00, 0x01, 0x01, 0x83, 0x8c, 0xff, 0xa6, 0x00, 0x05, 0x01, 0x07, 0x0f,
    0x1f, 0x3f, 0x3f, 0x98, 0x7f, 0x05, 0x3f, 0x3f, 0x1f, 0x0f, 0x07, 0x01, 0x8e, 0x00, 0x8e, 0xff,
    0x00, 0xfe, 0x84, 0xfc, 0x00, 0xfe, 0x8e, 0xff, 0xda, 0x00, 0x05, 0x01, 0x07, 0x0f, 0x1f, 0x3f,
    0x3f, 0x98, 0x7f, 0x05, 0x3f, 0x3f, 0x1f, 0x0f, 0x07, 0x01, 0xff, 0x00, 0xa2, 0x00,
};

static const uint8_t s_anim_turn_right_f13[] = {
    0xff, 0x00, 0x07, 0x00, 0x00, 0x80, 0xe0, 0xf0, 0xf8, 0xfc, 0xfc, 0x98, 0xfe, 0x05, 0xfc, 0xfc,
    0xf8, 0xf0, 0xe0, 0x80, 0xda, 0x00, 0x8e, 0xff, 0x00, 0x7f, 0x84, 0x3f, 0x00, 0x7f, 0x8e, 0xff,
    0x8f, 0x00, 0x04, 0x80, 0xc0, 0xe0, 0xf0, 0xf0, 0x98, 0xf8, 0x04, 0xf0, 0xf0, 0xe0, 0xc0, 0x80,
    0xa7, 0x00, 0x8c, 0xff, 0x01, 0xc1, 0x80, 0x86, 0x00, 0x01, 0x80, 0xc1, 0x8c, 0xff, 0x8e, 0x00,
    0x00, 0xfe, 0xa2, 0xff, 0x00, 0xfe, 0xa6, 0x00, 0x8f, 0xff, 0x84, 0xfe, 0x8f, 0xff, 0x8e, 0x00,
    0x8c, 0xff, 0x02, 0x07, 0x03, 0x01, 0x84, 0x00, 0x02, 0x01, 0x03, 0x07, 0x8c, 0xff, 0xa7, 0x00,
    0x04, 0x03, 0x07, 0x0f, 0x1f, 0x1f, 0x98, 0x3f, 0x04, 0x1f, 0x1f, 0x0f, 0x07, 0x03, 0x8f, 0x00,
    0x8d, 0xff, 0x01, 0xfe, 0xfc, 0x84, 0xf8, 0x01, 0xfc, 0xfe, 0x8d, 0xff, 0xda, 0x00, 0x05, 0x03,
    0x0f, 0x1f, 0x3f, 0x7f, 0x7f, 0x98, 0xff, 0x05, 0x7f, 0x7f, 0x3f, 0x1f, 0x0f, 0x03, 0xff, 0x00,
    0xa4, 0x00,
};

static const uint8_t s_anim_turn_right_f14[] = {
    0xff, 0x00, 0x06, 0x00, 0x00, 0xc0, 0xe0, 0xf0, 0xf8, 0xf8, 0x98, 0xfc, 0x04, 0xf8, 0xf8, 0xf0,
    0xe0, 0xc0, 0xdb, 0x00, 0x8e, 0xff, 0x00, 0x7f, 0x84, 0x3f, 0x00, 0x7f, 0x8e, 0xff, 0x90, 0x00,
    0x03, 0x80, 0xc0, 0xe0, 0xe0, 0x98, 0xf0, 0x03, 0xe0, 0xe0, 0xc0, 0x80, 0xa8, 0x00, 0x8c, 0xff,
    0x01, 0xc1, 0x80, 0x86, 0x00, 0x01, 0x80, 0xc1, 0x8c, 0xff, 0x8e, 0x00, 0x00, 0xfc, 0xa2, 0xff,
    0x00, 0xfc, 0xa6, 0x00, 0x00, 0x7f, 0x8e, 0xff, 0x84, 0xfe, 0x8e, 0xff, 0x00, 0x7f, 0x8e, 0x00,
    0x8c, 0xff, 0x02, 0x07, 0x03, 0x01, 0x84, 0x00, 0x02, 0x01, 0x03, 0x07, 0x8c, 0xff, 0xa7, 0x00,
    0x04, 0x01, 0x03, 0x07, 0x0f, 0x0f, 0x98, 0x1f, 0x04, 0x0f, 0x0f, 0x07, 0x03, 0x01, 0x8f, 0x00,
    0x8d, 0xff, 0x01, 0xfe, 0xfc, 0x84, 0xf8, 0x01, 0xfc, 0xfe, 0x8d, 0xff, 0xda, 0x00, 0x05, 0x01,
    0x07, 0x0f, 0x1f, 0x3f, 0x3f, 0x98, 0x7f, 0x05, 0x3f, 0x3f, 0x1f, 0x0f, 0x07, 0x01, 0xff, 0x00,
    0xa5, 0x00,
};

static const uint8_t s_anim_turn_right_f15[] = {
    0xff, 0x00, 0x04, 0xe0, 0xf0, 0xf8, 0xfc, 0xfc, 0x98, 0xfe, 0x05, 0xfc, 0xfc, 0xf8, 0xf0, 0xe0,
    0x80, 0xdb, 0x00, 0x8c, 0xff, 0x01, 0x7f, 0x3f, 0x84, 0x1f, 0x01, 0x3f, 0x7f, 0x8d, 0xff, 0x91,
    0x00, 0x02, 0x80, 0xc0, 0xc0, 0x98, 0xe0, 0x02, 0xc0, 0xc0, 0x80, 0xaa, 0x00, 0x8b, 0xff, 0x02,
    0xe0, 0xc0, 0x80, 0x84, 0x00, 0x02, 0x80, 0xc0, 0xe0, 0x8c, 0xff, 0x8e, 0x00, 0x01, 0xf8, 0xfe,
    0xa0, 0xff, 0x01, 0xfe, 0xf8, 0xa7, 0x00, 0xa2, 0xff, 0x00, 0x3f, 0x8e, 0x00, 0x8c, 0xff, 0x02,
    0x0f, 0x07, 0x03, 0x84, 0x01, 0x02, 0x03, 0x07, 0x0f, 0x8c, 0xff, 0xa8, 0x00, 0x03, 0x01, 0x03,
    0x07, 0x07, 0x98, 0x0f, 0x03, 0x07, 0x07, 0x03, 0x01, 0x90, 0x00, 0x8c, 0xff, 0x02, 0xfe, 0xfc,
    0xf8, 0x84, 0xf0, 0x02, 0xf8, 0xfc, 0xfe, 0x8c, 0xff, 0xda, 0x00, 0x05, 0x03, 0x0f, 0x1f, 0x3f,
    0x7f, 0x7f, 0x98, 0xff, 0x05, 0x7f, 0x7f, 0x3f, 0x1f, 0x0f, 0x03, 0xff, 0x00, 0xa7, 0x00,
};

static const uint8_t s_anim_turn_right_f16[] = {
    0xff, 0x00, 0x04, 0xe0, 0xf0, 0xf8, 0xfc, 0xfc, 0x98, 0xfe, 0x05, 0xfc, 0xfc, 0xf8, 0xf0, 0xe0,
    0x80, 0xdb, 0x00, 0x8c, 0xff, 0x01, 0x7f, 0x3f, 0x84, 0x1f, 0x01, 0x3f, 0x7f, 0x8d, 0xff, 0x91,
    0x00, 0x02, 0x80, 0xc0, 0xc0, 0x98, 0xe0, 0x02, 0xc0, 0xc0, 0x80, 0xaa, 0x00, 0x8b, 0xff, 0x02,
    0xe0, 0xc0, 0x80, 0x84, 0x00, 0x02, 0x80, 0xc0, 0xe0, 0x8c, 0xff, 0x8e, 0x00, 0x01, 0xf8, 0xfe,
    0xa0, 0xff, 0x01, 0xfe, 0xf8, 0xa7, 0x00, 0xa2, 0xff, 0x00, 0x3f, 0x8e, 0x00, 0x8c, 0xff, 0x02,
    0x0f, 0x07, 0x03, 0x84, 0x01, 0x02, 0x03, 0x07, 0x0f, 0x8c, 0xff, 0xa8, 0x00, 0x03, 0x01, 0x03,
    0x07, 0x07, 0x98, 0x0f, 0x03, 0x07, 0x07, 0x03, 0x01, 0x90, 0x00, 0x8c, 0xff, 0x02, 0xfe, 0xfc,
    0xf8, 0x84, 0xf0, 0x02, 0xf8, 0xfc, 0xfe, 0x8c, 0xff, 0xda, 0x00, 0x05, 0x03, 0x0f, 0x1f, 0x3f,
    0x7f, 0x7f, 0x98, 0xff, 0x05, 0x7f, 0x7f, 0x3f, 0x1f, 0x0f, 0x03, 0xff, 0x00, 0xa7, 0x00,
};

static const uint8_t s_anim_turn_right_f17[] = {
    0xff, 0x00, 0x03, 0xf0, 0xf8, 0xfc, 0xfc, 0x98, 0xfe, 0x05, 0xfc, 0xfc, 0xf8, 0xf0, 0xe0, 0x80,
    0xdc, 0x00, 0x8b, 0xff, 0x01, 0x7f, 0x3f, 0x84, 0x1f, 0x01, 0x3f, 0x7f, 0x8d, 0xff, 0x91, 0x00,
    0x02, 0x80, 0xc0, 0xc0, 0x98, 0xe0, 0x02, 0xc0, 0xc0, 0x80, 0xab, 0x00, 0x8a, 0xff, 0x02, 0xe0,
    0xc0, 0x80, 0x84, 0x00, 0x02, 0x80, 0xc0, 0xe0, 0x8c, 0xff, 0x8e, 0x00, 0x01, 0xf8, 0xfe, 0xa0,
    0xff, 0x01, 0xfe, 0xf8, 0xa8, 0x00, 0xa1, 0xff, 0x00, 0x3f, 0x8e, 0x00, 0x8c, 0xff, 0x02, 0x0f,
    0x07, 0x03, 0x84, 0x01, 0x02, 0x03, 0x07, 0x0f, 0x8c, 0xff, 0xa8, 0x00, 0x03, 0x01, 0x03, 0x07,
    0x07, 0x98, 0x0f, 0x03, 0x07, 0x07, 0x03, 0x01, 0x90, 0x00, 0x8c, 0xff, 0x02, 0xfe, 0xfc, 0xf8,
    0x84, 0xf0, 0x02, 0xf8, 0xfc, 0xfe, 0x8c, 0xff, 0xda, 0x00, 0x05, 0x03, 0x0f, 0x1f, 0x3f, 0x7f,
    0x7f, 0x98, 0xff, 0x05, 0x7f, 0x7f, 0x3f, 0x1f, 0x0f, 0x03, 0xff, 0x00, 0xa8, 0x00,
};

static const uint8_t s_anim_turn_right_f18[] = {
    0xff, 0x00, 0x03, 0xf0, 0xf8, 0xfc, 0xfc, 0x98, 0xfe, 0x05, 0xfc, 0xfc, 0xf8, 0xf0, 0xe0, 0x80,
    0xdc, 0x00, 0x8b, 0xff, 0x01, 0x7f, 0x3f, 0x84, 0x1f, 0x01, 0x3f, 0x7f, 0x8d, 0xff, 0x91, 0x00,
    0x02, 0x80, 0xc0, 0xc0, 0x98, 0xe0, 0x02, 0xc0, 0xc0, 0x80, 0xab, 0x00, 0x8a, 0xff, 0x02, 0xe0,
    0xc0, 0x80, 0x84, 0x00, 0x02, 0x80, 0xc0, 0xe0, 0x8c, 0xff, 0x8e, 0x00, 0x01, 0xf8, 0xfe, 0xa0,
    0xff, 0x01, 0xfe, 0xf8, 0xa8, 0x00, 0xa1, 0xff, 0x00, 0x3f, 0x8e, 0x00, 0x8c, 0xff, 0x02, 0x0f,
    0x07, 0x03, 0x84, 0x01, 0x02, 0x03, 0x07, 0x0f, 0x8c, 0xff, 0xa8, 0x00, 0x03, 0x01, 0x03, 0x07,
    0x07, 0x98, 0x0f, 0x03, 0x07, 0x07, 0x03, 0x01, 0x90, 0x00, 0x8c, 0xff, 0x02, 0xfe, 0xfc, 0xf8,
    0x84, 0xf0, 0x02, 0xf8, 0xfc, 0xfe, 0x8c, 0xff, 0xda, 0x00, 0x05, 0x03, 0x0f, 0x1f, 0x3f, 0x7f,
    0x7f, 0x98, 0xff, 0x05, 0x7f, 0x7f, 0x3f, 0x1f, 0x0f, 0x03, 0xff, 0x00, 0xa8, 0x00,
};

static const uint8_t s_anim_turn_right_f19[] = {
    0xff, 0x00, 0x03, 0xf0, 0xf8, 0xfc, 0xfc, 0x98, 0xfe, 0x05, 0xfc, 0xfc, 0xf8, 0xf0, 0xe0, 0x80,
    0xdc, 0x00, 0x8b, 0xff, 0x01, 0x7f, 0x3f, 0x84, 0x1f, 0x01, 0x3f, 0x7f, 0x8d, 0xff, 0x91, 0x00,
    0x02, 0x80, 0xc0, 0xc0, 0x98, 0xe0, 0x02, 0xc0, 0xc0, 0x80, 0xab, 0x00, 0x8a, 0xff, 0x02, 0xe0,
    0xc0, 0x80, 0x84, 0x00, 0x02, 0x80, 0xc0, 0xe0, 0x8c, 0xff, 0x8e, 0x00, 0x01, 0xf8, 0xfe, 0xa0,
    0xff, 0x01, 0xfe, 0xf8, 0xa8, 0x00, 0xa1, 0xff, 0x00, 0x3f, 0x8e, 0x00, 0x8c, 0xff, 0x02, 0x0f,
    0x07, 0x03, 0x84, 0x01, 0x02, 0x03, 0x07, 0x0f, 0x8c, 0xff, 0xa8, 0x00, 0x03, 0x01, 0x03, 0x07,
    0x07, 0x98, 0x0f, 0x03, 0x07, 0x07, 0x03, 0x01, 0x90, 0x00, 0x8c, 0xff, 0x02, 0xfe, 0xfc, 0xf8,
    0x84, 0xf0, 0x02, 0xf8, 0xfc, 0xfe, 0x8c, 0xff, 0xda, 0x00, 0x05, 0x03, 0x0f, 0x1f, 0x3f, 0x7f,
    0x7f, 0x98, 0xff, 0x05, 0x7f, 0x7f, 0x3f, 0x1f, 0x0f, 0x03, 0xff, 0x00, 0xa8, 0x00,
};

static const uint8_t s_anim_turn_right_f20[] = {
    0xff, 0x00, 0x04, 0xe0, 0xf0, 0xf8, 0xfc, 0xfc, 0x98, 0xfe, 0x05, 0xfc, 0xfc, 0xf8, 0xf0, 0xe0,
    0x80, 0xdb, 0x00, 0x8c, 0xff, 0x01, 0x7f, 0x3f, 0x84, 0x1f, 0x01, 0x3f, 0x7f, 0x8d, 0xff, 0x91,
    0x00, 0x02, 0x80, 0xc0, 0xc0, 0x98, 0xe0, 0x02, 0xc0, 0xc0, 0x80, 0xaa, 0x00, 0x8b, 0xff, 0x02,
    0xe0, 0xc0, 0x80, 0x84, 0x00, 0x02, 0x80, 0xc0, 0xe0, 0x8c, 0xff, 0x8e, 0x00, 0x01, 0xf8, 0xfe,
    0xa0, 0xff, 0x01, 0xfe, 0xf8, 0xa7, 0x00, 0xa2, 0xff, 0x00, 0x3f, 0x8e, 0x00, 0x8c, 0xff, 0x02,
    0x0f, 0x07, 0x03, 0x84, 0x01, 0x02, 0x03, 0x07, 0x0f, 0x8c, 0xff, 0xa8, 0x00, 0x03, 0x01, 0x03,
    0x07, 0x07, 0x98, 0x0f, 0x03, 0x07, 0x07, 0x03, 0x01, 0x90, 0x00, 0x8c, 0xff, 0x02, 0xfe, 0xfc,
    0xf8, 0x84, 0xf0, 0x02, 0xf8, 0xfc, 0xfe, 0x8c, 0xff, 0xda, 0x00, 0x05, 0x03, 0x0f, 0x1f, 0x3f,
    0x7f, 0x7f, 0x98, 0xff, 0x05, 0x7f, 0x7f, 0x3f, 0x1f, 0x0f, 0x03, 0xff, 0x00, 0xa7, 0x00,
};

static const uint8_t s_anim_turn_right_f21[] = {
    0xff, 0x00, 0x04, 0xe0, 0xf0, 0xf8, 0xfc, 0xfc, 0x98, 0xfe, 0x05, 0xfc, 0xfc, 0xf8, 0xf0, 0xe0,
    0x80, 0xdb, 0x00, 0x8c, 0xff, 0x01, 0x7f, 0x3f, 0x84, 0x1f, 0x01, 0x3f, 0x7f, 0x8d, 0xff, 0x91,
    0x00, 0x02, 0x80, 0xc0, 0xc0, 0x98, 0xe0, 0x02, 0xc0, 0xc0, 0x80, 0xaa, 0x00, 0x8b, 0xff, 0x02,
    0xe0, 0xc0, 0x80, 0x84, 0x00, 0x02, 0x80, 0xc0, 0xe0, 0x8c, 0xff, 0x8e, 0x00, 0x01, 0xf8, 0xfe,
    0xa0, 0xff, 0x01, 0xfe, 0xf8, 0xa7, 0x00, 0xa2, 0xff, 0x00, 0x3f, 0x8e, 0x00, 0x8c, 0xff, 0x02,
    0x0f, 0x07, 0x03, 0x84, 0x01, 0x02, 0x03, 0x07, 0x0f, 0x8c, 0xff, 0xa8, 0x00, 0x03, 0x01, 0x03,
    0x07, 0x07, 0x98, 0x0f, 0x03, 0x07, 0x07, 0x03, 0x01, 0x90, 0x00, 0x8c, 0xff, 0x02, 0xfe, 0xfc,
    0xf8, 0x84, 0xf0, 0x02, 0xf8, 0xfc, 0xfe, 0x8c, 0xff, 0xda, 0x00, 0x05, 0x03, 0x0f, 0x1f, 0x3f,
    0x7f, 0x7f, 0x98, 0xff, 0x05, 0x7f, 0x7f, 0x3f, 0x1f, 0x0f, 0x03, 0xff, 0x00, 0xa7, 0x00,
};

static const uint8_t s_anim_turn_right_f22[] = {
    0xff, 0x00, 0x06, 0x00, 0x00, 0xc0, 0xe0, 0xf0, 0xf8, 0xf8, 0x98, 0xfc, 0x04, 0xf8, 0xf8, 0xf0,
    0xe0, 0xc0, 0xdb, 0x00, 0x8e, 0xff, 0x00, 0x7f, 0x84, 0x3f, 0x00, 0x7f, 0x8e, 0xff, 0x90, 0x00,
    0x03, 0x80, 0xc0, 0xe0, 0xe0, 0x98, 0xf0, 0x03, 0xe0, 0xe0, 0xc0, 0x80, 0xa8, 0x00, 0x8c, 0xff,
    0x01, 0xc1, 0x80, 0x86, 0x00, 0x01, 0x80, 0xc1, 0x8c, 0xff, 0x8e, 0x00, 0x00, 0xfc, 0xa2, 0xff,
    0x00, 0xfc, 0xa6, 0x00, 0x00, 0x7f, 0x8e, 0xff, 0x84, 0xfe, 0x8e, 0xff, 0x00, 0x7f, 0x8e, 0x00,
    0x8c, 0xff, 0x02, 0x07, 0x03, 0x01, 0x84, 0x00, 0x02, 0x01, 0x03, 0x07, 0x8c, 0xff, 0xa7, 0x00,
    0x04, 0x01, 0x03, 0x07, 0x0f, 0x0f, 0x98, 0x1f, 0x04, 0x0f, 0x0f, 0x07, 0x03, 0x01, 0x8f, 0x00,
    0x8d, 0xff, 0x01, 0xfe, 0xfc, 0x84, 0xf8, 0x01, 0xfc, 0xfe, 0x8d, 0xff, 0xda, 0x00, 0x05, 0x01,
    0x07, 0x0f, 0x1f, 0x3f, 0x3f, 0x98, 0x7f, 0x05, 0x3f, 0x3f, 0x1f, 0x0f, 0x07, 0x01, 0xff, 0x00,
    0xa5, 0x00,
};

static const uint8_t s_anim_turn_right_f23[] = {
    0xff, 0x00, 0x07, 0x00, 0x00, 0x80, 0xe0, 0xf0, 0xf8, 0xfc, 0xfc, 0x98, 0xfe, 0x05, 0xfc, 0xfc,
    0xf8, 0xf0, 0xe0, 0x80, 0xda, 0x00, 0x8e, 0xff, 0x00, 0x7f, 0x84, 0x3f, 0x00, 0x7f, 0x8e, 0xff,
    0x8f, 0x00, 0x04, 0x80, 0xc0, 0xe0, 0xf0, 0xf0, 0x98, 0xf8, 0x04, 0xf0, 0xf0, 0xe0, 0xc0, 0x80,
    0xa7, 0x00, 0x8c, 0xff, 0x01, 0xc1, 0x80, 0x86, 0x00, 0x01, 0x80, 0xc1, 0x8c, 0xff, 0x8e, 0x00,
    0x00, 0xfe, 0xa2, 0xff, 0x00, 0xfe, 0xa6, 0x00, 0x8f, 0xff, 0x84, 0xfe, 0x8f, 0xff, 0x8e, 0x00,
    0x8c, 0xff, 0x02, 0x07, 0x03, 0x01, 0x84, 0x00, 0x02, 0x01, 0x03, 0x07, 0x8c, 0xff, 0xa7, 0x00,
    0x04, 0x03, 0x07, 0x0f, 0x1f, 0x1f, 0x98, 0x3f, 0x04, 0x1f, 0x1f, 0x0f, 0x07, 0x03, 0x8f, 0x00,
    0x8d, 0xff, 0x01, 0xfe, 0xfc, 0x84, 0xf8, 0x01, 0xfc, 0xfe, 0x8d, 0xff, 0xda, 0x00, 0x05, 0x03,
    0x0f, 0x1f, 0x3f, 0x7f, 0x7f, 0x98, 0xff, 0x05, 0x7f, 0x7f, 0x3f, 0x1f, 0x0f, 0x03, 0xff, 0x00,
    0xa4, 0x00,
};

static const uint8_t s_anim_turn_right_f24[] = {
    0xff, 0x00, 0x82, 0x00, 0x05, 0x80, 0xe0, 0xf0, 0xf8, 0xfc, 0xfc, 0x98, 0xfe, 0x05, 0xfc, 0xfc,
    0xf8, 0xf0, 0xe0, 0x80, 0xda, 0x00, 0x8e, 0xff, 0x00, 0x7f, 0x84, 0x3f, 0x00, 0x7f, 0x8e, 0xff,
    0x8f, 0x00, 0x04, 0x80, 0xc0, 0xe0, 0xf0, 0xf0, 0x98, 0xf8, 0x04, 0xf0, 0xf0, 0xe0, 0xc0, 0x80,
    0xa7, 0x00, 0x8c, 0xff, 0x01, 0xc1, 0x80, 0x86, 0x00, 0x01, 0x80, 0xc1, 0x8c, 0xff, 0x8e, 0x00,
    0x00, 0xfe, 0xa2, 0xff, 0x00, 0xfe, 0xa6, 0x00, 0x8f, 0xff, 0x84, 0xfe, 0x8f, 0xff, 0x8e, 0x00,
    0x8c, 0xff, 0x02, 0x07, 0x03, 0x01, 0x84, 0x00, 0x02, 0x01, 0x03, 0x07, 0x8c, 0xff, 0xa7, 0x00,
    0x04, 0x03, 0x07, 0x0f, 0x1f, 0x1f, 0x98, 0x3f, 0x04, 0x1f, 0x1f, 0x0f, 0x07, 0x03, 0x8f, 0x00,
    0x8d, 0xff, 0x01, 0xfe, 0xfc, 0x84, 0xf8, 0x01, 0xfc, 0xfe, 0x8d, 0xff, 0xda, 0x00, 0x05, 0x03,
    0x0f, 0x1f, 0x3f, 0x7f, 0x7f, 0x98, 0xff, 0x05, 0x7f, 0x7f, 0x3f, 0x1f, 0x0f, 0x03, 0xff, 0x00,
    0xa3, 0x00,
};

static const uint8_t s_anim_turn_right_f25[] = {
    0xff, 0x00, 0x85, 0x00, 0x04, 0xc0, 0xe0, 0xf0, 0xf8, 0xf8, 0x98, 0xfc, 0x04, 0xf8, 0xf8, 0xf0,
    0xe0, 0xc0, 0xdb, 0x00, 0x8f, 0xff, 0x84, 0x7f, 0x8f, 0xff, 0x8f, 0x00, 0x04, 0xc0, 0xe0, 0xf0,
    0xf8, 0xf8, 0x98, 0xfc, 0x04, 0xf8, 0xf8, 0xf0, 0xe0, 0xc0, 0xa7, 0x00, 0x8c, 0xff, 0x01, 0x83,
    0x01, 0x86, 0x00, 0x01, 0x01, 0x83, 0x8c, 0xff, 0x8e, 0x00, 0x8f, 0xff, 0x84, 0x7f, 0x8f, 0xff,
    0xa6, 0x00, 0x8e, 0xff, 0x00, 0xfe, 0x84, 0xfc, 0x00, 0xfe, 0x8e, 0xff, 0x8e, 0x00, 0x8c, 0xff,
    0x01, 0x83, 0x01, 0x86, 0x00, 0x01, 0x01, 0x83, 0x8c, 0xff, 0xa6, 0x00, 0x05, 0x01, 0x07, 0x0f,
    0x1f, 0x3f, 0x3f, 0x98, 0x7f, 0x05, 0x3f, 0x3f, 0x1f, 0x0f, 0x07, 0x01, 0x8e, 0x00, 0x8e, 0xff,
    0x00, 0xfe, 0x84, 0xfc, 0x00, 0xfe, 0x8e, 0xff, 0xda, 0x00, 0x05, 0x01, 0x07, 0x0f, 0x1f, 0x3f,
    0x3f, 0x98, 0x7f, 0x05, 0x3f, 0x3f, 0x1f, 0x0f, 0x07, 0x01, 0xff, 0x00, 0xa1, 0x00,
};

static const uint8_t s_anim_turn_right_f26[] = {
    0xff, 0x00, 0x87, 0x00, 0x04, 0xc0, 0xe0, 0xf0, 0xf8, 0xf8, 0x98, 0xfc, 0x04, 0xf8, 0xf8, 0xf0,
    0xe0, 0xc0, 0xdb, 0x00, 0x8f, 0xff, 0x84, 0x7f, 0x8f, 0xff, 0x8f, 0x00, 0x04, 0xc0, 0xe0, 0xf0,
    0xf8, 0xf8, 0x98, 0xfc, 0x04, 0xf8, 0xf8, 0xf0, 0xe0, 0xc0, 0xa7, 0x00, 0x8c, 0xff, 0x01, 0x83,
    0x01, 0x86, 0x00, 0x01, 0x01, 0x83, 0x8c, 0xff, 0x8e, 0x00, 0x8f, 0xff, 0x84, 0x7f, 0x8f, 0xff,
    0xa6, 0x00, 0x8e, 0xff, 0x00, 0xfe, 0x84, 0xfc, 0x00, 0xfe, 0x8e, 0xff, 0x8e, 0x00, 0x8c, 0xff,
    0x01, 0x83, 0x01, 0x86, 0x00, 0x01, 0x01, 0x83, 0x8c, 0xff, 0xa6, 0x00, 0x05, 0x01, 0x07, 0x0f,
    0x1f, 0x3f, 0x3f, 0x98, 0x7f, 0x05, 0x3f, 0x3f, 0x1f, 0x0f, 0x07, 0x01, 0x8e, 0x00, 0x8e, 0xff,
    0x00, 0xfe, 0x84, 0xfc, 0x00, 0xfe, 0x8e, 0xff, 0xda, 0x00, 0x05, 0x01, 0x07, 0x0f, 0x1f, 0x3f,
    0x3f, 0x98, 0x7f, 0x05, 0x3f, 0x3f, 0x1f, 0x0f, 0x07, 0x01, 0xff, 0x00, 0x9f, 0x00,
};

static const uint8_t s_anim_turn_right_f27[] = {
    0xff, 0x00, 0x89, 0x00, 0x04, 0x80, 0xc0, 0xe0, 0xf0, 0xf0, 0x98, 0xf8, 0x04, 0xf0, 0xf0, 0xe0,
    0xc0, 0x80, 0xdb, 0x00, 0x00, 0xfe, 0xa2, 0xff, 0x00, 0xfe, 0x8e, 0x00, 0x05, 0x80, 0xe0, 0xf0,
    0xf8, 0xfc, 0xfc, 0x98, 0xfe, 0x05, 0xfc, 0xfc, 0xf8, 0xf0, 0xe0, 0x80, 0xa6, 0x00, 0x8c, 0xff,
    0x02, 0x07, 0x03, 0x01, 0x84, 0x00, 0x02, 0x01, 0x03, 0x07, 0x8c, 0xff, 0x8e, 0x00, 0x8e, 0xff,
    0x00, 0x7f, 0x84, 0x3f, 0x00, 0x7f, 0x8e, 0xff, 0xa6, 0x00, 0x8d, 0xff, 0x01, 0xfe, 0xfc, 0x84,
    0xf8, 0x01, 0xfc, 0xfe, 0x8d, 0xff, 0x8e, 0x00, 0x8c, 0xff, 0x01, 0xc1, 0x80, 0x86, 0x00, 0x01,
    0x80, 0xc1, 0x8c, 0xff, 0xa6, 0x00, 0x05, 0x03, 0x0f, 0x1f, 0x3f, 0x7f, 0x7f, 0x98, 0xff, 0x05,
    0x7f, 0x7f, 0x3f, 0x1f, 0x0f, 0x03, 0x8e, 0x00, 0x8f, 0xff, 0x84, 0xfe, 0x8f, 0xff, 0xdb, 0x00,
    0x04, 0x03, 0x07, 0x0f, 0x1f, 0x1f, 0x98, 0x3f, 0x04, 0x1f, 0x1f, 0x0f, 0x07, 0x03, 0xff, 0x00,
    0x9e, 0x00,
};

static const uint8_t s_anim_turn_right_f28[] = {
    0xff, 0x00, 0x8b, 0x00, 0x04, 0x80, 0xc0, 0xe0, 0xf0, 0xf0, 0x98, 0xf8, 0x04, 0xf0, 0xf0, 0xe0,
    0xc0, 0x80, 0x95, 0x00, 0x98, 0x80, 0xac, 0x00, 0x00, 0xfe, 0xa2, 0xff, 0x00, 0xfe, 0x8e, 0x00,
    0x03, 0xe0, 0xf8, 0xfc, 0xfe, 0x9c, 0xff, 0x03, 0xfe, 0xfc, 0xf8, 0xe0, 0xa6, 0x00, 0x8c, 0xff,
    0x02, 0x0f, 0x07, 0x03, 0x84, 0x01, 0x02, 0x03, 0x07, 0x0f, 0x8c, 0xff, 0x8e, 0x00, 0x8d, 0xff,
    0x01, 0x7f, 0x3f, 0x84, 0x1f, 0x01, 0x3f, 0x7f, 0x8d, 0xff, 0xa6, 0x00, 0x8c, 0xff, 0x02, 0xfe,
    0xfc, 0xf8, 0x84, 0xf0, 0x02, 0xf8, 0xfc, 0xfe, 0x8c, 0xff, 0x8e, 0x00, 0x8c, 0xff, 0x02, 0xe0,
    0xc0, 0x80, 0x84, 0x00, 0x02, 0x80, 0xc0, 0xe0, 0x8c, 0xff, 0xa6, 0x00, 0x02, 0x0f, 0x3f, 0x7f,
    0x9e, 0xff, 0x02, 0x7f, 0x3f, 0x0f, 0x8e, 0x00, 0xa4, 0xff, 0xaa, 0x00, 0x01, 0x01, 0x01, 0x98,
    0x03, 0x01, 0x01, 0x01, 0x93, 0x00, 0x04, 0x03, 0x07, 0x0f, 0x1f, 0x1f, 0x98, 0x3f, 0x04, 0x1f,
    0x1f, 0x0f, 0x07, 0x03, 0xff, 0x00, 0x9c, 0x00,
};

static const uint8_t s_anim_turn_right_f29[] = {
    0xff, 0x00, 0x8d, 0x00, 0x04, 0x80, 0xc0, 0xe0, 0xf0, 0xf0, 0x98, 0xf8, 0x04, 0xf0, 0xf0, 0xe0,
    0xc0, 0x80, 0x95, 0x00, 0x98, 0x80, 0xac, 0x00, 0x00, 0xfe, 0xa2, 0xff, 0x00, 0xfe, 0x8e, 0x00,
    0x03, 0xe0, 0xf8, 0xfc, 0xfe, 0x9c, 0xff, 0x03, 0xfe, 0xfc, 0xf8, 0xe0, 0xa6, 0x00, 0x8c, 0xff,
    0x02, 0x0f, 0x07, 0x03, 0x84, 0x01, 0x02, 0x03, 0x07, 0x0f, 0x8c, 0xff, 0x8e, 0x00, 0x8d, 0xff,
    0x01, 0x7f, 0x3f, 0x84, 0x1f, 0x01, 0x3f, 0x7f, 0x8d, 0xff, 0xa6, 0x00, 0x8c, 0xff, 0x02, 0xfe,
    0xfc, 0xf8, 0x84, 0xf0, 0x02, 0xf8, 0xfc, 0xfe, 0x8c, 0xff, 0x8e, 0x00, 0x8c, 0xff, 0x02, 0xe0,
    0xc0, 0x80, 0x84, 0x00, 0x02, 0x80, 0xc0, 0xe0, 0x8c, 0xff, 0xa6, 0x00, 0x02, 0x0f, 0x3f, 0x7f,
    0x9e, 0xff, 0x02, 0x7f, 0x3f, 0x0f, 0x8e, 0x00, 0xa4, 0xff, 0xaa, 0x00, 0x01, 0x01, 0x01, 0x98,
    0x03, 0x01, 0x01, 0x01, 0x93, 0x00, 0x04, 0x03, 0x07, 0x0f, 0x1f, 0x1f, 0x98, 0x3f, 0x04, 0x1f,
    0x1f, 0x0f, 0x07, 0x03, 0xff, 0x00, 0x9a, 0x00,
};

static const uint8_t s_anim_turn_right_f30[] = {
    0xff, 0x00, 0x90, 0x00, 0x03, 0x80, 0xc0, 0xe0, 0xe0, 0x98, 0xf0, 0x03, 0xe0, 0xe0, 0xc0, 0x80,
    0x94, 0x00, 0x01, 0x80, 0x80, 0x98, 0xc0, 0x01, 0x80, 0x80, 0xaa, 0x00, 0x00, 0xfc, 0xa2, 0xff,
    0x00, 0xfc, 0x8e, 0x00, 0x02, 0xf0, 0xfc, 0xfe, 0x9e, 0xff, 0x02, 0xfe, 0xfc, 0xf0, 0xa6, 0x00,
    0x8c, 0xff, 0x02, 0x1f, 0x0f, 0x07, 0x84, 0x03, 0x02, 0x07, 0x0f, 0x1f, 0x8c, 0xff, 0x8e, 0x00,
    0x8c, 0xff, 0x02, 0x7f, 0x3f, 0x1f, 0x84, 0x0f, 0x02, 0x1f, 0x3f, 0x7f, 0x8c, 0xff, 0xa6, 0x00,
    0x8c, 0xff, 0x02, 0xfc, 0xf8, 0xf0, 0x84, 0xe0, 0x02, 0xf0, 0xf8, 0xfc, 0x8c, 0xff, 0x8e, 0x00,
    0x8c, 0xff, 0x02, 0xf0, 0xe0, 0xc0, 0x84, 0x80, 0x02, 0xc0, 0xe0, 0xf0, 0x8c, 0xff, 0xa6, 0x00,
    0x01, 0x1f, 0x7f, 0xa0, 0xff, 0x01, 0x7f, 0x1f, 0x8e, 0x00, 0x00, 0x7f, 0xa2, 0xff, 0x00, 0x7f,
    0xa9, 0x00, 0x02, 0x01, 0x03, 0x03, 0x98, 0x07, 0x02, 0x03, 0x03, 0x01, 0x92, 0x00, 0x04, 0x01,
    0x03, 0x07, 0x0f, 0x0f, 0x98, 0x1f, 0x04, 0x0f, 0x0f, 0x07, 0x03, 0x01, 0xff, 0x00, 0x98, 0x00,
};

static const uint8_t s_anim_turn_right_f31[] = {
    0xff, 0x00, 0x91, 0x00, 0x03, 0x80, 0xc0, 0xe0, 0xe0, 0x98, 0xf0, 0x03, 0xe0, 0xe0, 0xc0, 0x80,
    0x94, 0x00, 0x01, 0x80, 0x80, 0x98, 0xc0, 0x01, 0x80, 0x80, 0xaa, 0x00, 0x00, 0xfc, 0xa2, 0xff,
    0x00, 0xfc, 0x8e, 0x00, 0x02, 0xf0, 0xfc, 0xfe, 0x9e, 0xff, 0x02, 0xfe, 0xfc, 0xf0, 0xa6, 0x00,
    0x8c, 0xff, 0x02, 0x1f, 0x0f, 0x07, 0x84, 0x03, 0x02, 0x07, 0x0f, 0x1f, 0x8c, 0xff, 0x8e, 0x00,
    0x8c, 0xff, 0x02, 0x7f, 0x3f, 0x1f, 0x84, 0x0f, 0x02, 0x1f, 0x3f, 0x7f, 0x8c, 0xff, 0xa6, 0x00,
    0x8c, 0xff, 0x02, 0xfc, 0xf8, 0xf0, 0x84, 0xe0, 0x02, 0xf0, 0xf8, 0xfc, 0x8c, 0xff, 0x8e, 0x00,
    0x8c, 0xff, 0x02, 0xf0, 0xe0, 0xc0, 0x84, 0x80, 0x02, 0xc0, 0xe0, 0xf0, 0x8c, 0xff, 0xa6, 0x00,
    0x01, 0x1f, 0x7f, 0xa0, 0xff, 0x01, 0x7f, 0x1f, 0x8e, 0x00, 0x00, 0x7f, 0xa2, 0xff, 0x00, 0x7f,
    0xa9, 0x00, 0x02, 0x01, 0x03, 0x03, 0x98, 0x07, 0x02, 0x03, 0x03, 0x01, 0x92, 0x00, 0x04, 0x01,
    0x03, 0x07, 0x0f, 0x0f, 0x98, 0x1f, 0x04, 0x0f, 0x0f, 0x07, 0x03, 0x01, 0xff, 0x00, 0x97, 0x00,
};

static const uint8_t s_anim_turn_right_f32[] = {
    0xff, 0x00, 0x91, 0x00, 0x04, 0x80, 0xc0, 0xe0, 0xf0, 0xf0, 0x98, 0xf8, 0x04, 0xf0, 0xf0, 0xe0,
    0xc0, 0x80, 0x92, 0x00, 0x02, 0x80, 0xc0, 0xc0, 0x98, 0xe0, 0x02, 0xc0, 0xc0, 0x80, 0xa9, 0x00,
    0x00, 0xfe, 0xa2, 0xff, 0x00, 0xfe, 0x8e, 0x00, 0x01, 0xf8, 0xfe, 0xa0, 0xff, 0x01, 0xfe, 0xf8,
    0xa6, 0x00, 0x8c, 0xff, 0x02, 0x1f, 0x0f, 0x07, 0x84, 0x03, 0x02, 0x07, 0x0f, 0x1f, 0x8c, 0xff,
    0x8e, 0x00, 0x8c, 0xff, 0x02, 0x7f, 0x3f, 0x1f, 0x84, 0x0f, 0x02, 0x1f, 0x3f, 0x7f, 0x8c, 0xff,
    0xa6, 0x00, 0x8c, 0xff, 0x02, 0xfc, 0xf8, 0xf0, 0x84, 0xe0, 0x02, 0xf0, 0xf8, 0xfc, 0x8c, 0xff,
    0x8e, 0x00, 0x8c, 0xff, 0x02, 0xf0, 0xe0, 0xc0, 0x84, 0x80, 0x02, 0xc0, 0xe0, 0xf0, 0x8c, 0xff,
    0xa6, 0x00, 0x00, 0x3f, 0xa2, 0xff, 0x00, 0x3f, 0x8e, 0x00, 0xa4, 0xff, 0xa8, 0x00, 0x03, 0x01,
    0x03, 0x07, 0x07, 0x98, 0x0f, 0x03, 0x07, 0x07, 0x03, 0x01, 0x91, 0x00, 0x04, 0x03, 0x07, 0x0f,
    0x1f, 0x1f, 0x98, 0x3f, 0x04, 0x1f, 0x1f, 0x0f, 0x07, 0x03, 0xff, 0x00, 0x96, 0x00,
};

static const uint8_t s_anim_turn_right_f33[] = {
    0xff, 0x00, 0x94, 0x00, 0x03, 0x80, 0xc0, 0xe0, 0xe0, 0x98, 0xf0, 0x03, 0xe0, 0xe0, 0xc0, 0x80,
    0x92, 0x00, 0x03, 0x80, 0xc0, 0xe0, 0xe0, 0x98, 0xf0, 0x03, 0xe0, 0xe0, 0xc0, 0x80, 0xa8, 0x00,
    0x00, 0xfc, 0xa2, 0xff, 0x00, 0xfc, 0x8e, 0x00, 0x00, 0xfc, 0xa2, 0xff, 0x00, 0xfc, 0xa6, 0x00,
    0x8c, 0xff, 0x02, 0x3f, 0x1f, 0x0f, 0x84, 0x07, 0x02, 0x0f, 0x1f, 0x3f, 0x8c, 0xff, 0x8e, 0x00,
    0x8c, 0xff, 0x02, 0x3f, 0x1f, 0x0f, 0x84, 0x07, 0x02, 0x0f, 0x1f, 0x3f, 0x8c, 0xff, 0xa6, 0x00,
    0x8c, 0xff, 0x02, 0xf8, 0xf0, 0xe0, 0x84, 0xc0, 0x02, 0xe0, 0xf0, 0xf8, 0x8c, 0xff, 0x8e, 0x00,
    0x8c, 0xff, 0x02, 0xf8, 0xf0, 0xe0, 0x84, 0xc0, 0x02, 0xe0, 0xf0, 0xf8, 0x8c, 0xff, 0xa6, 0x00,
    0x00, 0x7f, 0xa2, 0xff, 0x00, 0x7f, 0x8e, 0x00, 0x00, 0x7f, 0xa2, 0xff, 0x00, 0x7f, 0xa7, 0x00,
    0x04, 0x01, 0x03, 0x07, 0x0f, 0x0f, 0x98, 0x1f, 0x04, 0x0f, 0x0f, 0x07, 0x03, 0x01, 0x90, 0x00,
    0x04, 0x01, 0x03, 0x07, 0x0f, 0x0f, 0x98, 0x1f, 0x04, 0x0f, 0x0f, 0x07, 0x03, 0x01, 0xff, 0x00,
    0x94, 0x00,
};

static const uint8_t s_anim_turn_right_f34[] = {
    0xff, 0x00, 0x94, 0x00, 0x03, 0x80, 0xc0, 0xe0, 0xe0, 0x98, 0xf0, 0x03, 0xe0, 0xe0, 0xc0, 0x80,
    0x92, 0x00, 0x03, 0x80, 0xc0, 0xe0, 0xe0, 0x98, 0xf0, 0x03, 0xe0, 0xe0, 0xc0, 0x80, 0xa8, 0x00,
    0x00, 0xfc, 0xa2, 0xff, 0x00, 0xfc, 0x8e, 0x00, 0x00, 0xfc, 0xa2, 0xff, 0x00, 0xfc, 0xa6, 0x00,
    0x8c, 0xff, 0x02, 0x3f, 0x1f, 0x0f, 0x84, 0x07, 0x02, 0x0f, 0x1f, 0x3f, 0x8c, 0xff, 0x8e, 0x00,
    0x8c, 0xff, 0x02, 0x3f, 0x1f, 0x0f, 0x84, 0x07, 0x02, 0x0f, 0x1f, 0x3f, 0x8c, 0xff, 0xa6, 0x00,
    0x8c, 0xff, 0x02, 0xf8, 0xf0, 0xe0, 0x84, 0xc0, 0x02, 0xe0, 0xf0, 0xf8, 0x8c, 0xff, 0x8e, 0x00,
    0x8c, 0xff, 0x02, 0xf8, 0xf0, 0xe0, 0x84, 0xc0, 0x02, 0xe0, 0xf0, 0xf8, 0x8c, 0xff, 0xa6, 0x00,
    0x00, 0x7f, 0xa2, 0xff, 0x00, 0x7f, 0x8e, 0x00, 0x00, 0x7f, 0xa2, 0xff, 0x00, 0x7f, 0xa7, 0x00,
    0x04, 0x01, 0x03, 0x07, 0x0f, 0x0f, 0x98, 0x1f, 0x04, 0x0f, 0x0f, 0x07, 0x03, 0x01, 0x90, 0x00,
    0x04, 0x01, 0x03, 0x07, 0x0f, 0x0f, 0x98, 0x1f, 0x04, 0x0f, 0x0f, 0x07, 0x03, 0x01, 0xff, 0x00,
    0x94, 0x00,
};

static const uint8_t s_anim_turn_right_f35[] = {
    0xff, 0x00, 0x95, 0x00, 0x03, 0x80, 0xc0, 0xe0, 0xe0, 0x98, 0xf0, 0x03, 0xe0, 0xe0, 0xc0, 0x80,
    0x92, 0x00, 0x03, 0x80, 0xc0, 0xe0, 0xe0, 0x98, 0xf0, 0x03, 0xe0, 0xe0, 0xc0, 0x80, 0xa8, 0x00,
    0x00, 0xfc, 0xa2, 0xff, 0x00, 0xfc, 0x8e, 0x00, 0x00, 0xfc, 0xa2, 0xff, 0x00, 0xfc, 0xa6, 0x00,
    0x8c, 0xff, 0x02, 0x3f, 0x1f, 0x0f, 0x84, 0x07, 0x02, 0x0f, 0x1f, 0x3f, 0x8c, 0xff, 0x8e, 0x00,
    0x8c, 0xff, 0x02, 0x3f, 0x1f, 0x0f, 0x84, 0x07, 0x02, 0x0f, 0x1f, 0x3f, 0x8c, 0xff, 0xa6, 0x00,
    0x8c, 0xff, 0x02, 0xf8, 0xf0, 0xe0, 0x84, 0xc0, 0x02, 0xe0, 0xf0, 0xf8, 0x8c, 0xff, 0x8e, 0x00,
    0x8c, 0xff, 0x02, 0xf8, 0xf0, 0xe0, 0x84, 0xc0, 0x02, 0xe0, 0xf0, 0xf8, 0x8c, 0xff, 0xa6, 0x00,
    0x00, 0x7f, 0xa2, 0xff, 0x00, 0x7f, 0x8e, 0x00, 0x00, 0x7f, 0xa2, 0xff, 0x00, 0x7f, 0xa7, 0x00,
    0x04, 0x01, 0x03, 0x07, 0x0f, 0x0f, 0x98, 0x1f, 0x04, 0x0f, 0x0f, 0x07, 0x03, 0x01, 0x90, 0x00,
    0x04, 0x01, 0x03, 0x07, 0x0f, 0x0f, 0x98, 0x1f, 0x04, 0x0f, 0x0f, 0x07, 0x03, 0x01, 0xff, 0x00,
    0x93, 0x00,
};

static const uint8_t *const s_anim_turn_right_frames[36] = {
    s_anim_turn_right_f00,
    s_anim_turn_right_f01,
    s_anim_turn_right_f02,
    s_anim_turn_right_f03,
    s_anim_turn_right_f04,
    s_anim_turn_right_f05,
    s_anim_turn_right_f06,
    s_anim_turn_right_f07,
    s_anim_turn_right_f08,
    s_anim_turn_right_f09,
    s_anim_turn_right_f10,
    s_anim_turn_right_f11,
    s_anim_turn_right_f12,
    s_anim_turn_right_f13,
    s_anim_turn_right_f14,
    s_anim_turn_right_f15,
    s_anim_turn_right_f16,
    s_anim_turn_right_f17,
    s_anim_turn_right_f18,
    s_anim_turn_right_f19,
    s_anim_turn_right_f20,
    s_anim_turn_right_f21,
    s_anim_turn_right_f22,
    s_anim_turn_right_f23,
    s_anim_turn_right_f24,
    s_anim_turn_right_f25,
    s_anim_turn_right_f26,
    s_anim_turn_right_f27,
    s_anim_turn_right_f28,
    s_anim_turn_right_f29,
    s_anim_turn_right_f30,
    s_anim_turn_right_f31,
    s_anim_turn_right_f32,
    s_anim_turn_right_f33,
    s_anim_turn_right_f34,
    s_anim_turn_right_f35,
};

static const uint16_t s_anim_turn_right_sizes[36] = {
    162, 162, 162, 162, 158, 160, 160, 152,
    152, 146, 142, 142, 142, 146, 146, 143,
    143, 142, 142, 142, 143, 143, 146, 146,
    146, 142, 142, 146, 152, 152, 160, 160,
    158, 162, 162, 162,
};

static const uint8_t s_anim_surprised_f00[] = {
    0x95, 0x00, 0x00, 0xc0, 0x8e, 0x40, 0x00, 0x60, 0x8e, 0x20, 0x00, 0x30, 0x92, 0x00, 0x00, 0x30,
    0x8e, 0x20, 0x00, 0x60, 0x8e, 0x40, 0x00, 0xc0, 0xa8, 0x00, 0x05, 0xc0, 0xf0, 0xf8, 0xfc, 0xfe,
    0xfe, 0x98, 0xff, 0x05, 0xfe, 0xfe, 0xfc, 0xf8, 0xf0, 0xc0, 0x8e, 0x00, 0x05, 0xc0, 0xf0, 0xf8,
    0xfc, 0xfe, 0xfe, 0x98, 0xff, 0x05, 0xfe, 0xfe, 0xfc, 0xf8, 0xf0, 0xc0, 0xa6, 0x00, 0xa4, 0xff,
    0x8e, 0x00, 0xa4, 0xff, 0xa6, 0x00, 0x8c, 0xff, 0x02, 0x3f, 0x1f, 0x0f, 0x84, 0x07, 0x02, 0x0f,
    0x1f, 0x3f, 0x8c, 0xff, 0x8e, 0x00, 0x8c, 0xff, 0x02, 0x3f, 0x1f, 0x0f, 0x84, 0x07, 0x02, 0x0f,
    0x1f, 0x3f, 0x8c, 0xff, 0xa6, 0x00, 0x8c, 0xff, 0x02, 0xf8, 0xf0, 0xe0, 0x84, 0xc0, 0x02, 0xe0,
    0xf0, 0xf8, 0x8c, 0xff, 0x8e, 0x00, 0x8c, 0xff, 0x02, 0xf8, 0xf0, 0xe0, 0x84, 0xc0, 0x02, 0xe0,
    0xf0, 0xf8, 0x8c, 0xff, 0xa6, 0x00, 0xa4, 0xff, 0x8e, 0x00, 0xa4, 0xff, 0xa6, 0x00, 0x03, 0x07,
    0x1f, 0x3f, 0x7f, 0x9c, 0xff, 0x03, 0x7f, 0x3f, 0x1f, 0x07, 0x82, 0x00, 0x01, 0x40, 0xe0, 0x84,
    0xf0, 0x01, 0xe0, 0x40, 0x82, 0x00, 0x03, 0x07, 0x1f, 0x3f, 0x7f, 0x9c, 0xff, 0x03, 0x7f, 0x3f,
    0x1f, 0x07, 0xac, 0x00, 0x98, 0x01, 0x8a, 0x00, 0x84, 0x01, 0x8a, 0x00, 0x98, 0x01, 0x98, 0x00,
};

static const uint8_t s_anim_surprised_f01[] = {
    0x95, 0x00, 0x00, 0xc0, 0x8e, 0x40, 0x00, 0x60, 0x8e, 0x20, 0x00, 0x30, 0x92, 0x00, 0x00, 0x30,
    0x8e, 0x20, 0x00, 0x60, 0x8e, 0x40, 0x00, 0xc0, 0xa8, 0x00, 0x05, 0xc0, 0xf0, 0xf8, 0xfc, 0xfe,
    0xfe, 0x98, 0xff, 0x05, 0xfe, 0xfe, 0xfc, 0xf8, 0xf0, 0xc0, 0x8e, 0x00, 0x05, 0xc0, 0xf0, 0xf8,
    0xfc, 0xfe, 0xfe, 0x98, 0xff, 0x05, 0xfe, 0xfe, 0xfc, 0xf8, 0xf0, 0xc0, 0xa6, 0x00, 0xa4, 0xff,
    0x8e, 0x00, 0xa4, 0xff, 0xa6, 0x00, 0x8c, 0xff, 0x02, 0x3f, 0x1f, 0x0f, 0x84, 0x07, 0x02, 0x0f,
    0x1f, 0x3f, 0x8c, 0xff, 0x8e, 0x00, 0x8c, 0xff, 0x02, 0x3f, 0x1f, 0x0f, 0x84, 0x07, 0x02, 0x0f,
    0x1f, 0x3f, 0x8c, 0xff, 0xa6, 0x00, 0x8c, 0xff, 0x02, 0xf8, 0xf0, 0xe0, 0x84, 0xc0, 0x02, 0xe0,
    0xf0, 0xf8, 0x8c, 0xff, 0x8e, 0x00, 0x8c, 0xff, 0x02, 0xf8, 0xf0, 0xe0, 0x84, 0xc0, 0x02, 0xe0,
    0xf0, 0xf8, 0x8c, 0xff, 0xa6, 0x00, 0xa4, 0xff, 0x8e, 0x00, 0xa4, 0xff, 0xa6, 0x00, 0x03, 0x07,
    0x1f, 0x3f, 0x7f, 0x9c, 0xff, 0x03, 0x7f, 0x3f, 0x1f, 0x07, 0x82, 0x00, 0x01, 0x40, 0xe0, 0x84,
    0xf0, 0x01, 0xe0, 0x40, 0x82, 0x00, 0x03, 0x07, 0x1f, 0x3f, 0x7f, 0x9c, 0xff, 0x03, 0x7f, 0x3f,
    0x1f, 0x07, 0xac, 0x00, 0x98, 0x01, 0x8a, 0x00, 0x84, 0x01, 0x8a, 0x00, 0x98, 0x01, 0x98, 0x00,
};

static const uint8_t s_anim_surprised_f02[] = {
    0x95, 0x00, 0x00, 0xc0, 0x8e, 0x40, 0x00, 0x60, 0x8e, 0x20, 0x00, 0x30, 0x92, 0x00, 0x00, 0x30,
    0x8e, 0x20, 0x00, 0x60, 0x8e, 0x40, 0x00, 0xc0, 0xa8, 0x00, 0x05, 0xc0, 0xf0, 0xf8, 0xfc, 0xfe,
    0xfe, 0x98, 0xff, 0x05, 0xfe, 0xfe, 0xfc, 0xf8, 0xf0, 0xc0, 0x8e, 0x00, 0x05, 0xc0, 0xf0, 0xf8,
    0xfc, 0xfe, 0xfe, 0x98, 0xff, 0x05, 0xfe, 0xfe, 0xfc, 0xf8, 0xf0, 0xc0, 0xa6, 0x00, 0xa4, 0xff,
    0x8e, 0x00, 0xa4, 0xff, 0xa6, 0x00, 0x8c, 0xff, 0x02, 0x3f, 0x1f, 0x0f, 0x84, 0x07, 0x02, 0x0f,
    0x1f, 0x3f, 0x8c, 0xff, 0x8e, 0x00, 0x8c, 0xff, 0x02, 0x3f, 0x1f, 0x0f, 0x84, 0x07, 0x02, 0x0f,
    0x1f, 0x3f, 0x8c, 0xff, 0xa6, 0x00, 0x8c, 0xff, 0x02, 0xf8, 0xf0, 0xe0, 0x84, 0xc0, 0x02, 0xe0,
    0xf0, 0xf8, 0x8c, 0xff, 0x8e, 0x00, 0x8c, 0xff, 0x02, 0xf8, 0xf0, 0xe0, 0x84, 0xc0, 0x02, 0xe0,
    0xf0, 0xf8, 0x8c, 0xff, 0xa6, 0x00, 0xa4, 0xff, 0x8e, 0x00, 0xa4, 0xff, 0xa6, 0x00, 0x03, 0x07,
    0x1f, 0x3f, 0x7f, 0x9c, 0xff, 0x03, 0x7f, 0x3f, 0x1f, 0x07, 0x82, 0x00, 0x01, 0x40, 0xe0, 0x84,
    0xf0, 0x01, 0xe0, 0x40, 0x82, 0x00, 0x03, 0x07, 0x1f, 0x3f, 0x7f, 0x9c, 0xff, 0x03, 0x7f, 0x3f,
    0x1f, 0x07, 0xac, 0x00, 0x98, 0x01, 0x8a, 0x00, 0x84, 0x01, 0x8a, 0x00, 0x98, 0x01, 0x98, 0x00,
};

static const uint8_t s_anim_surprised_f03[] = {
    0x95, 0x00, 0x00, 0xc0, 0x8e, 0x40, 0x00, 0x60, 0x8e, 0x20, 0x00, 0x30, 0x92, 0x00, 0x00, 0x30,
    0x8e, 0x20, 0x00, 0x60, 0x8e, 0x40, 0x00, 0xc0, 0xa8, 0x00, 0x05, 0xc0, 0xf0, 0xf8, 0xfc, 0xfe,
    0xfe, 0x98, 0xff, 0x05, 0xfe, 0xfe, 0xfc, 0xf8, 0xf0, 0xc0, 0x8e, 0x00, 0x05, 0xc0, 0xf0, 0xf8,
    0xfc, 0xfe, 0xfe, 0x98, 0xff, 0x05, 0xfe, 0xfe, 0xfc, 0xf8, 0xf0, 0xc0, 0xa6, 0x00, 0xa4, 0xff,
    0x8e, 0x00, 0xa4, 0xff, 0xa6, 0x00, 0x8c, 0xff, 0x02, 0x3f, 0x1f, 0x0f, 0x84, 0x07, 0x02, 0x0f,
    0x1f, 0x3f, 0x8c, 0xff, 0x8e, 0x00, 0x8c, 0xff, 0x02, 0x3f, 0x1f, 0x0f, 0x84, 0x07, 0x02, 0x0f,
    0x1f, 0x3f, 0x8c, 0xff, 0xa6, 0x00, 0x8c, 0xff, 0x02, 0xf8, 0xf0, 0xe0, 0x84, 0xc0, 0x02, 0xe0,
    0xf0, 0xf8, 0x8c, 0xff, 0x8e, 0x00, 0x8c, 0xff, 0x02, 0xf8, 0xf0, 0xe0, 0x84, 0xc0, 0x02, 0xe0,
    0xf0, 0xf8, 0x8c, 0xff, 0xa6, 0x00, 0xa4, 0xff, 0x8e, 0x00, 0xa4, 0xff, 0xa6, 0x00, 0x03, 0x07,
    0x1f, 0x3f, 0x7f, 0x9c, 0xff, 0x03, 0x7f, 0x3f, 0x1f, 0x07, 0x82, 0x00, 0x01, 0x40, 0xe0, 0x84,
    0xf0, 0x01, 0xe0, 0x40, 0x82, 0x00, 0x03, 0x07, 0x1f, 0x3f, 0x7f, 0x9c, 0xff, 0x03, 0x7f, 0x3f,
    0x1f, 0x07, 0xac, 0x00, 0x98, 0x01, 0x8a, 0x00, 0x84, 0x01, 0x8a, 0x00, 0x98, 0x01, 0x98, 0x00,
};

static const uint8_t s_anim_surprised_f04[] = {
    0x95, 0x00, 0x00, 0xc0, 0x8e, 0x40, 0x00, 0x60, 0x8e, 0x20, 0x00, 0x30, 0x92, 0x00, 0x00, 0x30,
    0x8e, 0x20, 0x00, 0x60, 0x8e, 0x40, 0x00, 0xc0, 0xa8, 0x00, 0x05, 0xc0, 0xf0, 0xf8, 0xfc, 0xfe,
    0xfe, 0x98, 0xff, 0x05, 0xfe, 0xfe, 0xfc, 0xf8, 0xf0, 0xc0, 0x8e, 0x00, 0x05, 0xc0, 0xf0, 0xf8,
    0xfc, 0xfe, 0xfe, 0x98, 0xff, 0x05, 0xfe, 0xfe, 0xfc, 0xf8, 0xf0, 0xc0, 0xa6, 0x00, 0xa4, 0xff,
    0x8e, 0x00, 0xa4, 0xff, 0xa6, 0x00, 0x8c, 0xff, 0x02, 0x3f, 0x1f, 0x0f, 0x84, 0x07, 0x02, 0x0f,
    0x1f, 0x3f, 0x8c, 0xff, 0x8e, 0x00, 0x8c, 0xff, 0x02, 0x3f, 0x1f, 0x0f, 0x84, 0x07, 0x02, 0x0f,
    0x1f, 0x3f, 0x8c, 0xff, 0xa6, 0x00, 0x8c, 0xff, 0x02, 0xf8, 0xf0, 0xe0, 0x84, 0xc0, 0x02, 0xe0,
    0xf0, 0xf8, 0x8c, 0xff, 0x8e, 0x00, 0x8c, 0xff, 0x02, 0xf8, 0xf0, 0xe0, 0x84, 0xc0, 0x02, 0xe0,
    0xf0, 0xf8, 0x8c, 0xff, 0xa6, 0x00, 0xa4, 0xff, 0x8e, 0x00, 0xa4, 0xff, 0xa6, 0x00, 0x03, 0x07,
    0x1f, 0x3f, 0x7f, 0x9c, 0xff, 0x03, 0x7f, 0x3f, 0x1f, 0x07, 0x82, 0x00, 0x01, 0x40, 0xe0, 0x84,
    0xf0, 0x01, 0xe0, 0x40, 0x82, 0x00, 0x03, 0x07, 0x1f, 0x3f, 0x7f, 0x9c, 0xff, 0x03, 0x7f, 0x3f,
    0x1f, 0x07, 0xac, 0x00, 0x98, 0x01, 0x8a, 0x00, 0x84, 0x01, 0x8a, 0x00, 0x98, 0x01, 0x98, 0x00,
};

static const uint8_t s_anim_surprised_f05[] = {
    0x95, 0x00, 0x00, 0x60, 0x82, 0x20, 0x8b, 0xa0, 0x00, 0xb0, 0x8b, 0x90, 0x82, 0x10, 0x00, 0x18,
    0x92, 0x00, 0x00, 0x18, 0x82, 0x10, 0x8b, 0x90, 0x00, 0xb0, 0x8b, 0xa0, 0x82, 0x20, 0x00, 0x60,
    0xa8, 0x00, 0x03, 0xe0, 0xf8, 0xfc, 0xfe, 0x9c, 0xff, 0x03, 0xfe, 0xfc, 0xf8, 0xe0, 0x8e, 0x00,
    0x03, 0xe0, 0xf8, 0xfc, 0xfe, 0x9c, 0xff, 0x03, 0xfe, 0xfc, 0xf8, 0xe0, 0xa6, 0x00, 0xa4, 0xff,
    0x8e, 0x00, 0xa4, 0xff, 0xa6, 0x00, 0x8c, 0xff, 0x02, 0x3f, 0x1f, 0x0f, 0x84, 0x07, 0x02, 0x0f,
    0x1f, 0x3f, 0x8c, 0xff, 0x8e, 0x00, 0x8c, 0xff, 0x02, 0x3f, 0x1f, 0x0f, 0x84, 0x07, 0x02, 0x0f,
    0x1f, 0x3f, 0x8c, 0xff, 0xa6, 0x00, 0x8c, 0xff, 0x02, 0xf8, 0xf0, 0xe0, 0x84, 0xc0, 0x02, 0xe0,
    0xf0, 0xf8, 0x8c, 0xff, 0x8e, 0x00, 0x8c, 0xff, 0x02, 0xf8, 0xf0, 0xe0, 0x84, 0xc0, 0x02, 0xe0,
    0xf0, 0xf8, 0x8c, 0xff, 0xa6, 0x00, 0xa4, 0xff, 0x8e, 0x00, 0xa4, 0xff, 0xa6, 0x00, 0x02, 0x0f,
    0x3f, 0x7f, 0x9e, 0xff, 0x06, 0x7f, 0x3f, 0x0f, 0x00, 0x00, 0x40, 0xe0, 0x86, 0xf0, 0x06, 0xe0,
    0x40, 0x00, 0x00, 0x0f, 0x3f, 0x7f, 0x9e, 0xff, 0x02, 0x7f, 0x3f, 0x0f, 0xaa, 0x00, 0x01, 0x01,
    0x01, 0x98, 0x03, 0x01, 0x01, 0x01, 0x87, 0x00, 0x86, 0x01, 0x87, 0x00, 0x01, 0x01, 0x01, 0x98,
    0x03, 0x01, 0x01, 0x01, 0x96, 0x00,
};

static const uint8_t s_anim_surprised_f06[] = {
    0x95, 0x00, 0x00, 0x60, 0x82, 0x20, 0x8b, 0xa0, 0x00, 0xb0, 0x8b, 0x90, 0x82, 0x10, 0x00, 0x18,
    0x92, 0x00, 0x00, 0x18, 0x82, 0x10, 0x8b, 0x90, 0x00, 0xb0, 0x8b, 0xa0, 0x82, 0x20, 0x00, 0x60,
    0xa8, 0x00, 0x03, 0xe0, 0xf8, 0xfc, 0xfe, 0x9c, 0xff, 0x03, 0xfe, 0xfc, 0xf8, 0xe0, 0x8e, 0x00,
    0x03, 0xe0, 0xf8, 0xfc, 0xfe, 0x9c, 0xff, 0x03, 0xfe, 0xfc, 0xf8, 0xe0, 0xa6, 0x00, 0xa4, 0xff,
    0x8e, 0x00, 0xa4, 0xff, 0xa6, 0x00, 0x8c, 0xff, 0x02, 0x3f, 0x1f, 0x0f, 0x84, 0x07, 0x02, 0x0f,
    0x1f, 0x3f, 0x8c, 0xff, 0x8e, 0x00, 0x8c, 0xff, 0x02, 0x3f, 0x1f, 0x0f, 0x84, 0x07, 0x02, 0x0f,
    0x1f, 0x3f, 0x8c, 0xff, 0xa6, 0x00, 0x8c, 0xff, 0x02, 0xf8, 0xf0, 0xe0, 0x84, 0xc0, 0x02, 0xe0,
    0xf0, 0xf8, 0x8c, 0xff, 0x8e, 0x00, 0x8c, 0xff, 0x02, 0xf8, 0xf0, 0xe0, 0x84, 0xc0, 0x02, 0xe0,
    0xf0, 0xf8, 0x8c, 0xff, 0xa6, 0x00, 0xa4, 0xff, 0x8e, 0x00, 0xa4, 0xff, 0xa6, 0x00, 0x02, 0x0f,
    0x3f, 0x7f, 0x9e, 0xff, 0x06, 0x7f, 0x3f, 0x0f, 0x00, 0x00, 0x40, 0xe0, 0x86, 0xf0, 0x06, 0xe0,
    0x40, 0x00, 0x00, 0x0f, 0x3f, 0x7f, 0x9e, 0xff, 0x02, 0x7f, 0x3f, 0x0f, 0xaa, 0x00, 0x01, 0x01,
    0x01, 0x98, 0x03, 0x01, 0x01, 0x01, 0x87, 0x00, 0x86, 0x01, 0x87, 0x00, 0x01, 0x01, 0x01, 0x98,
    0x03, 0x01, 0x01, 0x01, 0x96, 0x00,
};

static const uint8_t s_anim_surprised_f07[] = {
    0x95, 0x00, 0x00, 0x60, 0x82, 0x20, 0x8b, 0xa0, 0x00, 0xb0, 0x8b, 0x90, 0x82, 0x10, 0x00, 0x18,
    0x92, 0x00, 0x00, 0x18, 0x82, 0x10, 0x8b, 0x90, 0x00, 0xb0, 0x8b, 0xa0, 0x82, 0x20, 0x00, 0x60,
    0xa8, 0x00, 0x03, 0xe0, 0xf8, 0xfc, 0xfe, 0x9c, 0xff, 0x03, 0xfe, 0xfc, 0xf8, 0xe0, 0x8e, 0x00,
    0x03, 0xe0, 0xf8, 0xfc, 0xfe, 0x9c, 0xff, 0x03, 0xfe, 0xfc, 0xf8, 0xe0, 0xa6, 0x00, 0xa4, 0xff,
    0x8e, 0x00, 0xa4, 0xff, 0xa6, 0x00, 0x8d, 0xff, 0x02, 0x7f, 0x1f, 0x1f, 0x82, 0x0f, 0x02, 0x1f,
    0x1f, 0x7f, 0x8d, 0xff, 0x8e, 0x00, 0x8d, 0xff, 0x02, 0x7f, 0x1f, 0x1f, 0x82, 0x0f, 0x02, 0x1f,
    0x1f, 0x7f, 0x8d, 0xff, 0xa6, 0x00, 0x8d, 0xff, 0x02, 0xfc, 0xf0, 0xf0, 0x82, 0xe0, 0x02, 0xf0,
    0xf0, 0xfc, 0x8d, 0xff, 0x8e, 0x00, 0x8d, 0xff, 0x02, 0xfc, 0xf0, 0xf0, 0x82, 0xe0, 0x02, 0xf0,
    0xf0, 0xfc, 0x8d, 0xff, 0xa6, 0x00, 0xa4, 0xff, 0x8e, 0x00, 0xa4, 0xff, 0xa6, 0x00, 0x02, 0x0f,
    0x3f, 0x7f, 0x9e, 0xff, 0x06, 0x7f, 0x3f, 0x0f, 0x00, 0x00, 0x40, 0xe0, 0x86, 0xf0, 0x06, 0xe0,
    0x40, 0x00, 0x00, 0x0f, 0x3f, 0x7f, 0x9e, 0xff, 0x02, 0x7f, 0x3f, 0x0f, 0xaa, 0x00, 0x01, 0x01,
    0x01, 0x98, 0x03, 0x01, 0x01, 0x01, 0x87, 0x00, 0x86, 0x01, 0x87, 0x00, 0x01, 0x01, 0x01, 0x98,
    0x03, 0x01, 0x01, 0x01, 0x96, 0x00,
};

static const uint8_t s_anim_surprised_f08[] = {
    0x95, 0x00, 0x00, 0x30, 0x82, 0x10, 0x8b, 0x90, 0x00, 0x98, 0x8b, 0x88, 0x82, 0x08, 0x00, 0x0c,
    0x92, 0x00, 0x00, 0x0c, 0x82, 0x08, 0x8b, 0x88, 0x00, 0x98, 0x8b, 0x90, 0x82, 0x10, 0x00, 0x30,
    0xa8, 0x00, 0x03, 0xe0, 0xf8, 0xfc, 0xfe, 0x9c, 0xff, 0x03, 0xfe, 0xfc, 0xf8, 0xe0, 0x8e, 0x00,
    0x03, 0xe0, 0xf8, 0xfc, 0xfe, 0x9c, 0xff, 0x03, 0xfe, 0xfc, 0xf8, 0xe0, 0xa6, 0x00, 0xa4, 0xff,
    0x8e, 0x00, 0xa4, 0xff, 0xa6, 0x00, 0x8d, 0xff, 0x02, 0x7f, 0x1f, 0x1f, 0x82, 0x0f, 0x02, 0x1f,
    0x1f, 0x7f, 0x8d, 0xff, 0x8e, 0x00, 0x8d, 0xff, 0x02, 0x7f, 0x1f, 0x1f, 0x82, 0x0f, 0x02, 0x1f,
    0x1f, 0x7f, 0x8d, 0xff, 0xa6, 0x00, 0x8d, 0xff, 0x02, 0xfc, 0xf0, 0xf0, 0x82, 0xe0, 0x02, 0xf0,
    0xf0, 0xfc, 0x8d, 0xff, 0x8e, 0x00, 0x8d, 0xff, 0x02, 0xfc, 0xf0, 0xf0, 0x82, 0xe0, 0x02, 0xf0,
    0xf0, 0xfc, 0x8d, 0xff, 0xa6, 0x00, 0xa4, 0xff, 0x8e, 0x00, 0xa4, 0xff, 0xa6, 0x00, 0x02, 0x0f,
    0x3f, 0x7f, 0x9e, 0xff, 0x06, 0x7f, 0x3f, 0x0f, 0x00, 0x00, 0x40, 0xe0, 0x86, 0xf0, 0x06, 0xe0,
    0x40, 0x00, 0x00, 0x0f, 0x3f, 0x7f, 0x9e, 0xff, 0x02, 0x7f, 0x3f, 0x0f, 0xaa, 0x00, 0x01, 0x01,
    0x01, 0x98, 0x03, 0x01, 0x01, 0x01, 0x87, 0x00, 0x86, 0x01, 0x87, 0x00, 0x01, 0x01, 0x01, 0x98,
    0x03, 0x01, 0x01, 0x01, 0x96, 0x00,
};

static const uint8_t s_anim_surprised_f09[] = {
    0x95, 0x00, 0x03, 0x30, 0x10, 0x90, 0x90, 0x8b, 0xd0, 0x00, 0xd8, 0x8b, 0xc8, 0x03, 0x88, 0x88,
    0x08, 0x0c, 0x92, 0x00, 0x03, 0x0c, 0x08, 0x88, 0x88, 0x8b, 0xc8, 0x00, 0xd8, 0x8b, 0xd0, 0x03,
    0x90, 0x90, 0x10, 0x30, 0xa8, 0x00, 0x02, 0xf0, 0xfc, 0xfe, 0x9e, 0xff, 0x02, 0xfe, 0xfc, 0xf0,
    0x8e, 0x00, 0x02, 0xf0, 0xfc, 0xfe, 0x9e, 0xff, 0x02, 0xfe, 0xfc, 0xf0, 0xa6, 0x00, 0xa4, 0xff,
    0x8e, 0x00, 0xa4, 0xff, 0xa6, 0x00, 0x8d, 0xff, 0x02, 0x7f, 0x1f, 0x1f, 0x82, 0x0f, 0x02, 0x1f,
    0x1f, 0x7f, 0x8d, 0xff, 0x8e, 0x00, 0x8d, 0xff, 0x02, 0x7f, 0x1f, 0x1f, 0x82, 0x0f, 0x02, 0x1f,
    0x1f, 0x7f, 0x8d, 0xff, 0xa6, 0x00, 0x8d, 0xff, 0x02, 0xfc, 0xf0, 0xf0, 0x82, 0xe0, 0x02, 0xf0,
    0xf0, 0xfc, 0x8d, 0xff, 0x8e, 0x00, 0x8d, 0xff, 0x02, 0xfc, 0xf0, 0xf0, 0x82, 0xe0, 0x02, 0xf0,
    0xf0, 0xfc, 0x8d, 0xff, 0xa6, 0x00, 0xa4, 0xff, 0x8e, 0x00, 0xa4, 0xff, 0xa6, 0x00, 0x01, 0x1f,
    0x7f, 0xa0, 0xff, 0x05, 0x7f, 0x1f, 0x00, 0x00, 0x40, 0xe0, 0x86, 0xf0, 0x05, 0xe0, 0x40, 0x00,
    0x00, 0x1f, 0x7f, 0xa0, 0xff, 0x01, 0x7f, 0x1f, 0xa9, 0x00, 0x02, 0x01, 0x03, 0x03, 0x98, 0x07,
    0x02, 0x03, 0x03, 0x01, 0x86, 0x00, 0x86, 0x01, 0x86, 0x00, 0x02, 0x01, 0x03, 0x03, 0x98, 0x07,
    0x02, 0x03, 0x03, 0x01, 0x95, 0x00,
};

static const uint8_t s_anim_surprised_f10[] = {
    0x95, 0x00, 0x03, 0x30, 0x10, 0x90, 0x90, 0x8b, 0xd0, 0x00, 0xd8, 0x8b, 0xc8, 0x03, 0x88, 0x88,
    0x08, 0x0c, 0x92, 0x00, 0x03, 0x0c, 0x08, 0x88, 0x88, 0x8b, 0xc8, 0x00, 0xd8, 0x8b, 0xd0, 0x03,
    0x90, 0x90, 0x10, 0x30, 0xa8, 0x00, 0x02, 0xf0, 0xfc, 0xfe, 0x9e, 0xff, 0x02, 0xfe, 0xfc, 0xf0,
    0x8e, 0x00, 0x02, 0xf0, 0xfc, 0xfe, 0x9e, 0xff, 0x02, 0xfe, 0xfc, 0xf0, 0xa6, 0x00, 0xa4, 0xff,
    0x8e, 0x00, 0xa4, 0xff, 0xa6, 0x00, 0x8d, 0xff, 0x02, 0x7f, 0x1f, 0x1f, 0x82, 0x0f, 0x02, 0x1f,
    0x1f, 0x7f, 0x8d, 0xff, 0x8e, 0x00, 0x8d, 0xff, 0x02, 0x7f, 0x1f, 0x1f, 0x82, 0x0f, 0x02, 0x1f,
    0x1f, 0x7f, 0x8d, 0xff, 0xa6, 0x00, 0x8d, 0xff, 0x02, 0xfc, 0xf0, 0xf0, 0x82, 0xe0, 0x02, 0xf0,
    0xf0, 0xfc, 0x8d, 0xff, 0x8e, 0x00, 0x8d, 0xff, 0x02, 0xfc, 0xf0, 0xf0, 0x82, 0xe0, 0x02, 0xf0,
    0xf0, 0xfc, 0x8d, 0xff, 0xa6, 0x00, 0xa4, 0xff, 0x8e, 0x00, 0xa4, 0xff, 0xa6, 0x00, 0x01, 0x1f,
    0x7f, 0xa0, 0xff, 0x05, 0x7f, 0x1f, 0x00, 0xe0, 0xf0, 0xf0, 0x86, 0xf8, 0x05, 0xf0, 0xf0, 0xe0,
    0x00, 0x1f, 0x7f, 0xa0, 0xff, 0x01, 0x7f, 0x1f, 0xa9, 0x00, 0x02, 0x01, 0x03, 0x03, 0x98, 0x07,
    0x02, 0x03, 0x03, 0x01, 0x84, 0x00, 0x01, 0x01, 0x01, 0x86, 0x03, 0x01, 0x01, 0x01, 0x84, 0x00,
    0x02, 0x01, 0x03, 0x03, 0x98, 0x07, 0x02, 0x03, 0x03, 0x01, 0x95, 0x00,
};

static const uint8_t s_anim_surprised_f11[] = {
    0x95, 0x00, 0x03, 0x18, 0x08, 0x88, 0x88, 0x8b, 0xc8, 0x00, 0xcc, 0x8b, 0xc4, 0x03, 0x84, 0x84,
    0x04, 0x06, 0x92, 0x00, 0x03, 0x06, 0x04, 0x84, 0x84, 0x8b, 0xc4, 0x00, 0xcc, 0x8b, 0xc8, 0x03,
    0x88, 0x88, 0x08, 0x18, 0xa8, 0x00, 0x02, 0xf0, 0xfc, 0xfe, 0x9e, 0xff, 0x02, 0xfe, 0xfc, 0xf0,
    0x8e, 0x00, 0x02, 0xf0, 0xfc, 0xfe, 0x9e, 0xff, 0x02, 0xfe, 0xfc, 0xf0, 0xa6, 0x00, 0xa4, 0xff,
    0x8e, 0x00, 0xa4, 0xff, 0xa6, 0x00, 0x8d, 0xff, 0x02, 0x7f, 0x1f, 0x1f, 0x82, 0x0f, 0x02, 0x1f,
    0x1f, 0x7f, 0x8d, 0xff, 0x8e, 0x00, 0x8d, 0xff, 0x02, 0x7f, 0x1f, 0x1f, 0x82, 0x0f, 0x02, 0x1f,
    0x1f, 0x7f, 0x8d, 0xff, 0xa6, 0x00, 0x8d, 0xff, 0x02, 0xfc, 0xf0, 0xf0, 0x82, 0xe0, 0x02, 0xf0,
    0xf0, 0xfc, 0x8d, 0xff, 0x8e, 0x00, 0x8d, 0xff, 0x02, 0xfc, 0xf0, 0xf0, 0x82, 0xe0, 0x02, 0xf0,
    0xf0, 0xfc, 0x8d, 0xff, 0xa6, 0x00, 0xa4, 0xff, 0x8e, 0x00, 0xa4, 0xff, 0xa6, 0x00, 0x01, 0x1f,
    0x7f, 0xa0, 0xff, 0x05, 0x7f, 0x1f, 0x00, 0xe0, 0xf0, 0xf0, 0x86, 0xf8, 0x05, 0xf0, 0xf0, 0xe0,
    0x00, 0x1f, 0x7f, 0xa0, 0xff, 0x01, 0x7f, 0x1f, 0xa9, 0x00, 0x02, 0x01, 0x03, 0x03, 0x98, 0x07,
    0x02, 0x03, 0x03, 0x01, 0x84, 0x00, 0x01, 0x01, 0x01, 0x86, 0x03, 0x01, 0x01, 0x01, 0x84, 0x00,
    0x02, 0x01, 0x03, 0x03, 0x98, 0x07, 0x02, 0x03, 0x03, 0x01, 0x95, 0x00,
};

static const uint8_t s_anim_surprised_f12[] = {
    0x95, 0x00, 0x03, 0x18, 0x08, 0x88, 0x88, 0x8b, 0xc8, 0x00, 0xcc, 0x8b, 0xc4, 0x03, 0x84, 0x84,
    0x04, 0x06, 0x92, 0x00, 0x03, 0x06, 0x04, 0x84, 0x84, 0x8b, 0xc4, 0x00, 0xcc, 0x8b, 0xc8, 0x03,
    0x88, 0x88, 0x08, 0x18, 0xa8, 0x00, 0x02, 0xf0, 0xfc, 0xfe, 0x9e, 0xff, 0x02, 0xfe, 0xfc, 0xf0,
    0x8e, 0x00, 0x02, 0xf0, 0xfc, 0xfe, 0x9e, 0xff, 0x02, 0xfe, 0xfc, 0xf0, 0xa6, 0x00, 0xa4, 0xff,
    0x8e, 0x00, 0xa4, 0xff, 0xa6, 0x00, 0x8d, 0xff, 0x02, 0x7f, 0x1f, 0x1f, 0x82, 0x0f, 0x02, 0x1f,
    0x1f, 0x7f, 0x8d, 0xff, 0x8e, 0x00, 0x8d, 0xff, 0x02, 0x7f, 0x1f, 0x1f, 0x82, 0x0f, 0x02, 0x1f,
    0x1f, 0x7f, 0x8d, 0xff, 0xa6, 0x00, 0x8d, 0xff, 0x02, 0xfc, 0xf0, 0xf0, 0x82, 0xe0, 0x02, 0xf0,
    0xf0, 0xfc, 0x8d, 0xff, 0x8e, 0x00, 0x8d, 0xff, 0x02, 0xfc, 0xf0, 0xf0, 0x82, 0xe0, 0x02, 0xf0,
    0xf0, 0xfc, 0x8d, 0xff, 0xa6, 0x00, 0xa4, 0xff, 0x8e, 0x00, 0xa4, 0xff, 0xa6, 0x00, 0x01, 0x1f,
    0x7f, 0xa0, 0xff, 0x05, 0x7f, 0x1f, 0x00, 0xe0, 0xf0, 0xf0, 0x86, 0xf8, 0x05, 0xf0, 0xf0, 0xe0,
    0x00, 0x1f, 0x7f, 0xa0, 0xff, 0x01, 0x7f, 0x1f, 0xa9, 0x00, 0x02, 0x01, 0x03, 0x03, 0x98, 0x07,
    0x02, 0x03, 0x03, 0x01, 0x84, 0x00, 0x01, 0x01, 0x01, 0x86, 0x03, 0x01, 0x01, 0x01, 0x84, 0x00,
    0x02, 0x01, 0x03, 0x03, 0x98, 0x07, 0x02, 0x03, 0x03, 0x01, 0x95, 0x00,
};

static const uint8_t s_anim_surprised_f13[] = {
    0x95, 0x00, 0x03, 0x18, 0x08, 0x88, 0x88, 0x8b, 0xc8, 0x00, 0xcc, 0x8b, 0xc4, 0x03, 0x84, 0x84,
    0x04, 0x06, 0x92, 0x00, 0x03, 0x06, 0x04, 0x84, 0x84, 0x8b, 0xc4, 0x00, 0xcc, 0x8b, 0xc8, 0x03,
    0x88, 0x88, 0x08, 0x18, 0xa8, 0x00, 0x02, 0xf0, 0xfc, 0xfe, 0x9e, 0xff, 0x02, 0xfe, 0xfc, 0xf0,
    0x8e, 0x00, 0x02, 0xf0, 0xfc, 0xfe, 0x9e, 0xff, 0x02, 0xfe, 0xfc, 0xf0, 0xa6, 0x00, 0xa4, 0xff,
    0x8e, 0x00, 0xa4, 0xff, 0xa6, 0x00, 0x8e, 0xff, 0x01, 0x7f, 0x3f, 0x82, 0x1f, 0x01, 0x3f, 0x7f,
    0x8e, 0xff, 0x8e, 0x00, 0x8e, 0xff, 0x01, 0x7f, 0x3f, 0x82, 0x1f, 0x01, 0x3f, 0x7f, 0x8e, 0xff,
    0xa6, 0x00, 0x8e, 0xff, 0x01, 0xfc, 0xf8, 0x82, 0xf0, 0x01, 0xf8, 0xfc, 0x8e, 0xff, 0x8e, 0x00,
    0x8e, 0xff, 0x01, 0xfc, 0xf8, 0x82, 0xf0, 0x01, 0xf8, 0xfc, 0x8e, 0xff, 0xa6, 0x00, 0xa4, 0xff,
    0x8e, 0x00, 0xa4, 0xff, 0xa6, 0x00, 0x01, 0x1f, 0x7f, 0xa0, 0xff, 0x05, 0x7f, 0x1f, 0x00, 0xe0,
    0xf0, 0xf0, 0x86, 0xf8, 0x05, 0xf0, 0xf0, 0xe0, 0x00, 0x1f, 0x7f, 0xa0, 0xff, 0x01, 0x7f, 0x1f,
    0xa9, 0x00, 0x02, 0x01, 0x03, 0x03, 0x98, 0x07, 0x02, 0x03, 0x03, 0x01, 0x84, 0x00, 0x01, 0x01,
    0x01, 0x86, 0x03, 0x01, 0x01, 0x01, 0x84, 0x00, 0x02, 0x01, 0x03, 0x03, 0x98, 0x07, 0x02, 0x03,
    0x03, 0x01, 0x95, 0x00,
};

static const uint8_t s_anim_surprised_f14[] = {
    0x95, 0x00, 0x03, 0x0c, 0x84, 0xc4, 0xc4, 0x8b, 0xe4, 0x00, 0xe6, 0x8b, 0xe2, 0x03, 0xc2, 0xc2,
    0x82, 0x03, 0x92, 0x00, 0x03, 0x03, 0x82, 0xc2, 0xc2, 0x8b, 0xe2, 0x00, 0xe6, 0x8b, 0xe4, 0x03,
    0xc4, 0xc4, 0x84, 0x0c, 0xa8, 0x00, 0x01, 0xf8, 0xfe, 0xa0, 0xff, 0x01, 0xfe, 0xf8, 0x8e, 0x00,
    0x01, 0xf8, 0xfe, 0xa0, 0xff, 0x01, 0xfe, 0xf8, 0xa6, 0x00, 0xa4, 0xff, 0x8e, 0x00, 0xa4, 0xff,
    0xa6, 0x00, 0x8e, 0xff, 0x01, 0x7f, 0x3f, 0x82, 0x1f, 0x01, 0x3f, 0x7f, 0x8e, 0xff, 0x8e, 0x00,
    0x8e, 0xff, 0x01, 0x7f, 0x3f, 0x82, 0x1f, 0x01, 0x3f, 0x7f, 0x8e, 0xff, 0xa6, 0x00, 0x8e, 0xff,
    0x01, 0xfc, 0xf8, 0x82, 0xf0, 0x01, 0xf8, 0xfc, 0x8e, 0xff, 0x8e, 0x00, 0x8e, 0xff, 0x01, 0xfc,
    0xf8, 0x82, 0xf0, 0x01, 0xf8, 0xfc, 0x8e, 0xff, 0xa6, 0x00, 0xa4, 0xff, 0x8e, 0x00, 0xa4, 0xff,
    0xa6, 0x00, 0x00, 0x3f, 0xa2, 0xff, 0x04, 0x3f, 0xe0, 0xe0, 0xf0, 0xf0, 0x86, 0xf8, 0x04, 0xf0,
    0xf0, 0xe0, 0xe0, 0x3f, 0xa2, 0xff, 0x00, 0x3f, 0xa8, 0x00, 0x03, 0x01, 0x03, 0x07, 0x07, 0x98,
    0x0f, 0x03, 0x07, 0x07, 0x03, 0x01, 0x83, 0x00, 0x01, 0x01, 0x01, 0x86, 0x03, 0x01, 0x01, 0x01,
    0x83, 0x00, 0x03, 0x01, 0x03, 0x07, 0x07, 0x98, 0x0f, 0x03, 0x07, 0x07, 0x03, 0x01, 0x94, 0x00,
};

static const uint8_t s_anim_surprised_f15[] = {
    0x95, 0x00, 0x03, 0x0c, 0x84, 0xc4, 0xc4, 0x8b, 0xe4, 0x00, 0xe6, 0x8b, 0xe2, 0x03, 0xc2, 0xc2,
    0x82, 0x03, 0x92, 0x00, 0x03, 0x03, 0x82, 0xc2, 0xc2, 0x8b, 0xe2, 0x00, 0xe6, 0x8b, 0xe4, 0x03,
    0xc4, 0xc4, 0x84, 0x0c, 0xa8, 0x00, 0x01, 0xf8, 0xfe, 0xa0, 0xff, 0x01, 0xfe, 0xf8, 0x8e, 0x00,
    0x01, 0xf8, 0xfe, 0xa0, 0xff, 0x01, 0xfe, 0xf8, 0xa6, 0x00, 0xa4, 0xff, 0x8e, 0x00, 0xa4, 0xff,
    0xa6, 0x00, 0x8e, 0xff, 0x01, 0x7f, 0x3f, 0x82, 0x1f, 0x01, 0x3f, 0x7f, 0x8e, 0xff, 0x8e, 0x00,
    0x8e, 0xff, 0x01, 0x7f, 0x3f, 0x82, 0x1f, 0x01, 0x3f, 0x7f, 0x8e, 0xff, 0xa6, 0x00, 0x8e, 0xff,
    0x01, 0xfc, 0xf8, 0x82, 0xf0, 0x01, 0xf8, 0xfc, 0x8e, 0xff, 0x8e, 0x00, 0x8e, 0xff, 0x01, 0xfc,
    0xf8, 0x82, 0xf0, 0x01, 0xf8, 0xfc, 0x8e, 0xff, 0xa6, 0x00, 0xa4, 0xff, 0x8e, 0x00, 0xa4, 0xff,
    0xa6, 0x00, 0x00, 0x3f, 0xa2, 0xff, 0x04, 0x3f, 0xe0, 0xe0, 0xf0, 0xf0, 0x86, 0xf8, 0x04, 0xf0,
    0xf0, 0xe0, 0xe0, 0x3f, 0xa2, 0xff, 0x00, 0x3f, 0xa8, 0x00, 0x03, 0x01, 0x03, 0x07, 0x07, 0x98,
    0x0f, 0x03, 0x07, 0x07, 0x03, 0x01, 0x83, 0x00, 0x01, 0x01, 0x01, 0x86, 0x03, 0x01, 0x01, 0x01,
    0x83, 0x00, 0x03, 0x01, 0x03, 0x07, 0x07, 0x98, 0x0f, 0x03, 0x07, 0x07, 0x03, 0x01, 0x94, 0x00,
};

static const uint8_t s_anim_surprised_f16[] = {
    0x95, 0x00, 0x03, 0x0c, 0x84, 0xc4, 0xc4, 0x8b, 0xe4, 0x00, 0xe6, 0x8b, 0xe2, 0x03, 0xc2, 0xc2,
    0x82, 0x03, 0x92, 0x00, 0x03, 0x03, 0x82, 0xc2, 0xc2, 0x8b, 0xe2, 0x00, 0xe6, 0x8b, 0xe4, 0x03,
    0xc4, 0xc4, 0x84, 0x0c, 0xa8, 0x00, 0x01, 0xf8, 0xfe, 0xa0, 0xff, 0x01, 0xfe, 0xf8, 0x8e, 0x00,
    0x01, 0xf8, 0xfe, 0xa0, 0xff, 0x01, 0xfe, 0xf8, 0xa6, 0x00, 0xa4, 0xff, 0x8e, 0x00, 0xa4, 0xff,
    0xa6, 0x00, 0x8e, 0xff, 0x01, 0x7f, 0x3f, 0x82, 0x1f, 0x01, 0x3f, 0x7f, 0x8e, 0xff, 0x8e, 0x00,
    0x8e, 0xff, 0x01, 0x7f, 0x3f, 0x82, 0x1f, 0x01, 0x3f, 0x7f, 0x8e, 0xff, 0xa6, 0x00, 0x8e, 0xff,
    0x01, 0xfc, 0xf8, 0x82, 0xf0, 0x01, 0xf8, 0xfc, 0x8e, 0xff, 0x8e, 0x00, 0x8e, 0xff, 0x01, 0xfc,
    0xf8, 0x82, 0xf0, 0x01, 0xf8, 0xfc, 0x8e, 0xff, 0xa6, 0x00, 0xa4, 0xff, 0x8e, 0x00, 0xa4, 0xff,
    0xa6, 0x00, 0x00, 0x3f, 0xa2, 0xff, 0x04, 0x3f, 0xe0, 0xe0, 0xf0, 0xf0, 0x86, 0xf8, 0x04, 0xf0,
    0xf0, 0xe0, 0xe0, 0x3f, 0xa2, 0xff, 0x00, 0x3f, 0xa8, 0x00, 0x03, 0x01, 0x03, 0x07, 0x07, 0x98,
    0x0f, 0x03, 0x07, 0x07, 0x03, 0x01, 0x83, 0x00, 0x01, 0x01, 0x01, 0x86, 0x03, 0x01, 0x01, 0x01,
    0x83, 0x00, 0x03, 0x01, 0x03, 0x07, 0x07, 0x98, 0x0f, 0x03, 0x07, 0x07, 0x03, 0x01, 0x94, 0x00,
};

static const uint8_t s_anim_surprised_f17[] = {
    0x95, 0x00, 0x03, 0x0c, 0x84, 0xc4, 0xc4, 0x8b, 0xe4, 0x00, 0xe6, 0x8b, 0xe2, 0x03, 0xc2, 0xc2,
    0x82, 0x03, 0x92, 0x00, 0x03, 0x03, 0x82, 0xc2, 0xc2, 0x8b, 0xe2, 0x00, 0xe6, 0x8b, 0xe4, 0x03,
    0xc4, 0xc4, 0x84, 0x0c, 0xa8, 0x00, 0x01, 0xf8, 0xfe, 0xa0, 0xff, 0x01, 0xfe, 0xf8, 0x8e, 0x00,
    0x01, 0xf8, 0xfe, 0xa0, 0xff, 0x01, 0xfe, 0xf8, 0xa6, 0x00, 0xa4, 0xff, 0x8e, 0x00, 0xa4, 0xff,
    0xa6, 0x00, 0x8e, 0xff, 0x01, 0x7f, 0x3f, 0x82, 0x1f, 0x01, 0x3f, 0x7f, 0x8e, 0xff, 0x8e, 0x00,
    0x8e, 0xff, 0x01, 0x7f, 0x3f, 0x82, 0x1f, 0x01, 0x3f, 0x7f, 0x8e, 0xff, 0xa6, 0x00, 0x8e, 0xff,
    0x01, 0xfc, 0xf8, 0x82, 0xf0, 0x01, 0xf8, 0xfc, 0x8e, 0xff, 0x8e, 0x00, 0x8e, 0xff, 0x01, 0xfc,
    0xf8, 0x82, 0xf0, 0x01, 0xf8, 0xfc, 0x8e, 0xff, 0xa6, 0x00, 0xa4, 0xff, 0x8e, 0x00, 0xa4, 0xff,
    0xa6, 0x00, 0x00, 0x3f, 0xa2, 0xff, 0x04, 0x3f, 0xe0, 0xe0, 0xf0, 0xf0, 0x86, 0xf8, 0x04, 0xf0,
    0xf0, 0xe0, 0xe0, 0x3f, 0xa2, 0xff, 0x00, 0x3f, 0xa8, 0x00, 0x03, 0x01, 0x03, 0x07, 0x07, 0x98,
    0x0f, 0x03, 0x07, 0x07, 0x03, 0x01, 0x83, 0x00, 0x01, 0x01, 0x01, 0x86, 0x03, 0x01, 0x01, 0x01,
    0x83, 0x00, 0x03, 0x01, 0x03, 0x07, 0x07, 0x98, 0x0f, 0x03, 0x07, 0x07, 0x03, 0x01, 0x94, 0x00,
};

static const uint8_t s_anim_surprised_f18[] = {
    0x95, 0x00, 0x03, 0x0c, 0x84, 0xc4, 0xc4, 0x8b, 0xe4, 0x00, 0xe6, 0x8b, 0xe2, 0x03, 0xc2, 0xc2,
    0x82, 0x03, 0x92, 0x00, 0x03, 0x03, 0x82, 0xc2, 0xc2, 0x8b, 0xe2, 0x00, 0xe6, 0x8b, 0xe4, 0x03,
    0xc4, 0xc4, 0x84, 0x0c, 0xa8, 0x00, 0x01, 0xf8, 0xfe, 0xa0, 0xff, 0x01, 0xfe, 0xf8, 0x8e, 0x00,
    0x01, 0xf8, 0xfe, 0xa0, 0xff, 0x01, 0xfe, 0xf8, 0xa6, 0x00, 0xa4, 0xff, 0x8e, 0x00, 0xa4, 0xff,
    0xa6, 0x00, 0x8e, 0xff, 0x01, 0x7f, 0x3f, 0x82, 0x1f, 0x01, 0x3f, 0x7f, 0x8e, 0xff, 0x8e, 0x00,
    0x8e, 0xff, 0x01, 0x7f, 0x3f, 0x82, 0x1f, 0x01, 0x3f, 0x7f, 0x8e, 0xff, 0xa6, 0x00, 0x8e, 0xff,
    0x01, 0xfc, 0xf8, 0x82, 0xf0, 0x01, 0xf8, 0xfc, 0x8e, 0xff, 0x8e, 0x00, 0x8e, 0xff, 0x01, 0xfc,
    0xf8, 0x82, 0xf0, 0x01, 0xf8, 0xfc, 0x8e, 0xff, 0xa6, 0x00, 0xa4, 0xff, 0x8e, 0x00, 0xa4, 0xff,
    0xa6, 0x00, 0x00, 0x3f, 0xa2, 0xff, 0x04, 0x3f, 0xe0, 0xe0, 0xf0, 0xf0, 0x86, 0xf8, 0x04, 0xf0,
    0xf0, 0xe0, 0xe0, 0x3f, 0xa2, 0xff, 0x00, 0x3f, 0xa8, 0x00, 0x03, 0x01, 0x03, 0x07, 0x07, 0x98,
    0x0f, 0x03, 0x07, 0x07, 0x03, 0x01, 0x83, 0x00, 0x01, 0x01, 0x01, 0x86, 0x03, 0x01, 0x01, 0x01,
    0x83, 0x00, 0x03, 0x01, 0x03, 0x07, 0x07, 0x98, 0x0f, 0x03, 0x07, 0x07, 0x03, 0x01, 0x94, 0x00,
};

static const uint8_t s_anim_surprised_f19[] = {
    0x95, 0x00, 0x03, 0x0c, 0x84, 0xc4, 0xc4, 0x8b, 0xe4, 0x00, 0xe6, 0x8b, 0xe2, 0x03, 0xc2, 0xc2,
    0x82, 0x03, 0x92, 0x00, 0x03, 0x03, 0x82, 0xc2, 0xc2, 0x8b, 0xe2, 0x00, 0xe6, 0x8b, 0xe4, 0x03,
    0xc4, 0xc4, 0x84, 0x0c, 0xa8, 0x00, 0x01, 0xf8, 0xfe, 0xa0, 0xff, 0x01, 0xfe, 0xf8, 0x8e, 0x00,
    0x01, 0xf8, 0xfe, 0xa0, 0xff, 0x01, 0xfe, 0xf8, 0xa6, 0x00, 0xa4, 0xff, 0x8e, 0x00, 0xa4, 0xff,
    0xa6, 0x00, 0x8e, 0xff, 0x01, 0x7f, 0x3f, 0x82, 0x1f, 0x01, 0x3f, 0x7f, 0x8e, 0xff, 0x8e, 0x00,
    0x8e, 0xff, 0x01, 0x7f, 0x3f, 0x82, 0x1f, 0x01, 0x3f, 0x7f, 0x8e, 0xff, 0xa6, 0x00, 0x8e, 0xff,
    0x01, 0xfc, 0xf8, 0x82, 0xf0, 0x01, 0xf8, 0xfc, 0x8e, 0xff, 0x8e, 0x00, 0x8e, 0xff, 0x01, 0xfc,
    0xf8, 0x82, 0xf0, 0x01, 0xf8, 0xfc, 0x8e, 0xff, 0xa6, 0x00, 0xa4, 0xff, 0x8e, 0x00, 0xa4, 0xff,
    0xa6, 0x00, 0x00, 0x3f, 0xa2, 0xff, 0x04, 0x3f, 0xe0, 0xe0, 0xf0, 0xf0, 0x86, 0xf8, 0x04, 0xf0,
    0xf0, 0xe0, 0xe0, 0x3f, 0xa2, 0xff, 0x00, 0x3f, 0xa8, 0x00, 0x03, 0x01, 0x03, 0x07, 0x07, 0x98,
    0x0f, 0x03, 0x07, 0x07, 0x03, 0x01, 0x83, 0x00, 0x01, 0x01, 0x01, 0x86, 0x03, 0x01, 0x01, 0x01,
    0x83, 0x00, 0x03, 0x01, 0x03, 0x07, 0x07, 0x98, 0x0f, 0x03, 0x07, 0x07, 0x03, 0x01, 0x94, 0x00,
};

static const uint8_t s_anim_surprised_f20[] = {
    0x95, 0x00, 0x03, 0x0c, 0x84, 0xc4, 0xc4, 0x8b, 0xe4, 0x00, 0xe6, 0x8b, 0xe2, 0x03, 0xc2, 0xc2,
    0x82, 0x03, 0x92, 0x00, 0x03, 0x03, 0x82, 0xc2, 0xc2, 0x8b, 0xe2, 0x00, 0xe6, 0x8b, 0xe4, 0x03,
    0xc4, 0xc4, 0x84, 0x0c, 0xa8, 0x00, 0x01, 0xf8, 0xfe, 0xa0, 0xff, 0x01, 0xfe, 0xf8, 0x8e, 0x00,
    0x01, 0xf8, 0xfe, 0xa0, 0xff, 0x01, 0xfe, 0xf8, 0xa6, 0x00, 0xa4, 0xff, 0x8e, 0x00, 0xa4, 0xff,
    0xa6, 0x00, 0x8e, 0xff, 0x01, 0x7f, 0x3f, 0x82, 0x1f, 0x01, 0x3f, 0x7f, 0x8e, 0xff, 0x8e, 0x00,
    0x8e, 0xff, 0x01, 0x7f, 0x3f, 0x82, 0x1f, 0x01, 0x3f, 0x7f, 0x8e, 0xff, 0xa6, 0x00, 0x8e, 0xff,
    0x01, 0xfc, 0xf8, 0x82, 0xf0, 0x01, 0xf8, 0xfc, 0x8e, 0xff, 0x8e, 0x00, 0x8e, 0xff, 0x01, 0xfc,
    0xf8, 0x82, 0xf0, 0x01, 0xf8, 0xfc, 0x8e, 0xff, 0xa6, 0x00, 0xa4, 0xff, 0x8e, 0x00, 0xa4, 0xff,
    0xa6, 0x00, 0x00, 0x3f, 0xa2, 0xff, 0x04, 0x3f, 0xe0, 0xe0, 0xf0, 0xf0, 0x86, 0xf8, 0x04, 0xf0,
    0xf0, 0xe0, 0xe0, 0x3f, 0xa2, 0xff, 0x00, 0x3f, 0xa8, 0x00, 0x03, 0x01, 0x03, 0x07, 0x07, 0x98,
    0x0f, 0x03, 0x07, 0x07, 0x03, 0x01, 0x83, 0x00, 0x01, 0x01, 0x01, 0x86, 0x03, 0x01, 0x01, 0x01,
    0x83, 0x00, 0x03, 0x01, 0x03, 0x07, 0x07, 0x98, 0x0f, 0x03, 0x07, 0x07, 0x03, 0x01, 0x94, 0x00,
};

static const uint8_t s_anim_surprised_f21[] = {
    0x95, 0x00, 0x03, 0x0c, 0x84, 0xc4, 0xc4, 0x8b, 0xe4, 0x00, 0xe6, 0x8b, 0xe2, 0x03, 0xc2, 0xc2,
    0x82, 0x03, 0x92, 0x00, 0x03, 0x03, 0x82, 0xc2, 0xc2, 0x8b, 0xe2, 0x00, 0xe6, 0x8b, 0xe4, 0x03,
    0xc4, 0xc4, 0x84, 0x0c, 0xa8, 0x00, 0x01, 0xf8, 0xfe, 0xa0, 0xff, 0x01, 0xfe, 0xf8, 0x8e, 0x00,
    0x01, 0xf8, 0xfe, 0xa0, 0xff, 0x01, 0xfe, 0xf8, 0xa6, 0x00, 0xa4, 0xff, 0x8e, 0x00, 0xa4, 0xff,
    0xa6, 0x00, 0x8e, 0xff, 0x01, 0x7f, 0x3f, 0x82, 0x1f, 0x01, 0x3f, 0x7f, 0x8e, 0xff, 0x8e, 0x00,
    0x8e, 0xff, 0x01, 0x7f, 0x3f, 0x82, 0x1f, 0x01, 0x3f, 0x7f, 0x8e, 0xff, 0xa6, 0x00, 0x8e, 0xff,
    0x01, 0xfc, 0xf8, 0x82, 0xf0, 0x01, 0xf8, 0xfc, 0x8e, 0xff, 0x8e, 0x00, 0x8e, 0xff, 0x01, 0xfc,
    0xf8, 0x82, 0xf0, 0x01, 0xf8, 0xfc, 0x8e, 0xff, 0xa6, 0x00, 0xa4, 0xff, 0x8e, 0x00, 0xa4, 0xff,
    0xa6, 0x00, 0x00, 0x3f, 0xa2, 0xff, 0x04, 0x3f, 0xe0, 0xe0, 0xf0, 0xf0, 0x86, 0xf8, 0x04, 0xf0,
    0xf0, 0xe0, 0xe0, 0x3f, 0xa2, 0xff, 0x00, 0x3f, 0xa8, 0x00, 0x03, 0x01, 0x03, 0x07, 0x07, 0x98,
    0x0f, 0x03, 0x07, 0x07, 0x03, 0x01, 0x83, 0x00, 0x01, 0x01, 0x01, 0x86, 0x03, 0x01, 0x01, 0x01,
    0x83, 0x00, 0x03, 0x01, 0x03, 0x07, 0x07, 0x98, 0x0f, 0x03, 0x07, 0x07, 0x03, 0x01, 0x94, 0x00,
};

static const uint8_t s_anim_surprised_f22[] = {
    0x95, 0x00, 0x03, 0x0c, 0x84, 0xc4, 0xc4, 0x8b, 0xe4, 0x00, 0xe6, 0x8b, 0xe2, 0x03, 0xc2, 0xc2,
    0x82, 0x03, 0x92, 0x00, 0x03, 0x03, 0x82, 0xc2, 0xc2, 0x8b, 0xe2, 0x00, 0xe6, 0x8b, 0xe4, 0x03,
    0xc4, 0xc4, 0x84, 0x0c, 0xa8, 0x00, 0x01, 0xf8, 0xfe, 0xa0, 0xff, 0x01, 0xfe, 0xf8, 0x8e, 0x00,
    0x01, 0xf8, 0xfe, 0xa0, 0xff, 0x01, 0xfe, 0xf8, 0xa6, 0x00, 0xa4, 0xff, 0x8e, 0x00, 0xa4, 0xff,
    0xa6, 0x00, 0x8e, 0xff, 0x01, 0x7f, 0x3f, 0x82, 0x1f, 0x01, 0x3f, 0x7f, 0x8e, 0xff, 0x8e, 0x00,
    0x8e, 0xff, 0x01, 0x7f, 0x3f, 0x82, 0x1f, 0x01, 0x3f, 0x7f, 0x8e, 0xff, 0xa6, 0x00, 0x8e, 0xff,
    0x01, 0xfc, 0xf8, 0x82, 0xf0, 0x01, 0xf8, 0xfc, 0x8e, 0xff, 0x8e, 0x00, 0x8e, 0xff, 0x01, 0xfc,
    0xf8, 0x82, 0xf0, 0x01, 0xf8, 0xfc, 0x8e, 0xff, 0xa6, 0x00, 0xa4, 0xff, 0x8e, 0x00, 0xa4, 0xff,
    0xa6, 0x00, 0x00, 0x3f, 0xa2, 0xff, 0x04, 0x3f, 0xe0, 0xe0, 0xf0, 0xf0, 0x86, 0xf8, 0x04, 0xf0,
    0xf0, 0xe0, 0xe0, 0x3f, 0xa2, 0xff, 0x00, 0x3f, 0xa8, 0x00, 0x03, 0x01, 0x03, 0x07, 0x07, 0x98,
    0x0f, 0x03, 0x07, 0x07, 0x03, 0x01, 0x83, 0x00, 0x01, 0x01, 0x01, 0x86, 0x03, 0x01, 0x01, 0x01,
    0x83, 0x00, 0x03, 0x01, 0x03, 0x07, 0x07, 0x98, 0x0f, 0x03, 0x07, 0x07, 0x03, 0x01, 0x94, 0x00,
};

static const uint8_t s_anim_surprised_f23[] = {
    0x95, 0x00, 0x03, 0x18, 0x08, 0x88, 0x88, 0x8b, 0xc8, 0x00, 0xcc, 0x8b, 0xc4, 0x03, 0x84, 0x84,
    0x04, 0x06, 0x92, 0x00, 0x03, 0x06, 0x04, 0x84, 0x84, 0x8b, 0xc4, 0x00, 0xcc, 0x8b, 0xc8, 0x03,
    0x88, 0x88, 0x08, 0x18, 0xa8, 0x00, 0x02, 0xf0, 0xfc, 0xfe, 0x9e, 0xff, 0x02, 0xfe, 0xfc, 0xf0,
    0x8e, 0x00, 0x02, 0xf0, 0xfc, 0xfe, 0x9e, 0xff, 0x02, 0xfe, 0xfc, 0xf0, 0xa6, 0x00, 0xa4, 0xff,
    0x8e, 0x00, 0xa4, 0xff, 0xa6, 0x00, 0x8e, 0xff, 0x01, 0x7f, 0x3f, 0x82, 0x1f, 0x01, 0x3f, 0x7f,
    0x8e, 0xff, 0x8e, 0x00, 0x8e, 0xff, 0x01, 0x7f, 0x3f, 0x82, 0x1f, 0x01, 0x3f, 0x7f, 0x8e, 0xff,
    0xa6, 0x00, 0x8e, 0xff, 0x01, 0xfc, 0xf8, 0x82, 0xf0, 0x01, 0xf8, 0xfc, 0x8e, 0xff, 0x8e, 0x00,
    0x8e, 0xff, 0x01, 0xfc, 0xf8, 0x82, 0xf0, 0x01, 0xf8, 0xfc, 0x8e, 0xff, 0xa6, 0x00, 0xa4, 0xff,
    0x8e, 0x00, 0xa4, 0xff, 0xa6, 0x00, 0x01, 0x1f, 0x7f, 0xa0, 0xff, 0x05, 0x7f, 0x1f, 0x00, 0xe0,
    0xf0, 0xf0, 0x86, 0xf8, 0x05, 0xf0, 0xf0, 0xe0, 0x00, 0x1f, 0x7f, 0xa0, 0xff, 0x01, 0x7f, 0x1f,
    0xa9, 0x00, 0x02, 0x01, 0x03, 0x03, 0x98, 0x07, 0x02, 0x03, 0x03, 0x01, 0x84, 0x00, 0x01, 0x01,
    0x01, 0x86, 0x03, 0x01, 0x01, 0x01, 0x84, 0x00, 0x02, 0x01, 0x03, 0x03, 0x98, 0x07, 0x02, 0x03,
    0x03, 0x01, 0x95, 0x00,
};

static const uint8_t s_anim_surprised_f24[] = {
    0x95, 0x00, 0x03, 0x18, 0x08, 0x88, 0x88, 0x8b, 0xc8, 0x00, 0xcc, 0x8b, 0xc4, 0x03, 0x84, 0x84,
    0x04, 0x06, 0x92, 0x00, 0x03, 0x06, 0x04, 0x84, 0x84, 0x8b, 0xc4, 0x00, 0xcc, 0x8b, 0xc8, 0x03,
    0x88, 0x88, 0x08, 0x18, 0xa8, 0x00, 0x02, 0xf0, 0xfc, 0xfe, 0x9e, 0xff, 0x02, 0xfe, 0xfc, 0xf0,
    0x8e, 0x00, 0x02, 0xf0, 0xfc, 0xfe, 0x9e, 0xff, 0x02, 0xfe, 0xfc, 0xf0, 0xa6, 0x00, 0xa4, 0xff,
    0x8e, 0x00, 0xa4, 0xff, 0xa6, 0x00, 0x8e, 0xff, 0x01, 0x7f, 0x3f, 0x82, 0x1f, 0x01, 0x3f, 0x7f,
    0x8e, 0xff, 0x8e, 0x00, 0x8e, 0xff, 0x01, 0x7f, 0x3f, 0x82, 0x1f, 0x01, 0x3f, 0x7f, 0x8e, 0xff,
    0xa6, 0x00, 0x8e, 0xff, 0x01, 0xfc, 0xf8, 0x82, 0xf0, 0x01, 0xf8, 0xfc, 0x8e, 0xff, 0x8e, 0x00,
    0x8e, 0xff, 0x01, 0xfc, 0xf8, 0x82, 0xf0, 0x01, 0xf8, 0xfc, 0x8e, 0xff, 0xa6, 0x00, 0xa4, 0xff,
    0x8e, 0x00, 0xa4, 0xff, 0xa6, 0x00, 0x01, 0x1f, 0x7f, 0xa0, 0xff, 0x05, 0x7f, 0x1f, 0x00, 0xe0,
    0xf0, 0xf0, 0x86, 0xf8, 0x05, 0xf0, 0xf0, 0xe0, 0x00, 0x1f, 0x7f, 0xa0, 0xff, 0x01, 0x7f, 0x1f,
    0xa9, 0x00, 0x02, 0x01, 0x03, 0x03, 0x98, 0x07, 0x02, 0x03, 0x03, 0x01, 0x84, 0x00, 0x01, 0x01,
    0x01, 0x86, 0x03, 0x01, 0x01, 0x01, 0x84, 0x00, 0x02, 0x01, 0x03, 0x03, 0x98, 0x07, 0x02, 0x03,
    0x03, 0x01, 0x95, 0x00,
};

static const uint8_t s_anim_surprised_f25[] = {
    0x95, 0x00, 0x03, 0x18, 0x08, 0x88, 0x88, 0x8b, 0xc8, 0x00, 0xcc, 0x8b, 0xc4, 0x03, 0x84, 0x84,
    0x04, 0x06, 0x92, 0x00, 0x03, 0x06, 0x04, 0x84, 0x84, 0x8b, 0xc4, 0x00, 0xcc, 0x8b, 0xc8, 0x03,
    0x88, 0x88, 0x08, 0x18, 0xa8, 0x00, 0x02, 0xf0, 0xfc, 0xfe, 0x9e, 0xff, 0x02, 0xfe, 0xfc, 0xf0,
    0x8e, 0x00, 0x02, 0xf0, 0xfc, 0xfe, 0x9e, 0xff, 0x02, 0xfe, 0xfc, 0xf0, 0xa6, 0x00, 0xa4, 0xff,
    0x8e, 0x00, 0xa4, 0xff, 0xa6, 0x00, 0x8d, 0xff, 0x02, 0x7f, 0x1f, 0x1f, 0x82, 0x0f, 0x02, 0x1f,
    0x1f, 0x7f, 0x8d, 0xff, 0x8e, 0x00, 0x8d, 0xff, 0x02, 0x7f, 0x1f, 0x1f, 0x82, 0x0f, 0x02, 0x1f,
    0x1f, 0x7f, 0x8d, 0xff, 0xa6, 0x00, 0x8d, 0xff, 0x02, 0xfc, 0xf0, 0xf0, 0x82, 0xe0, 0x02, 0xf0,
    0xf0, 0xfc, 0x8d, 0xff, 0x8e, 0x00, 0x8d, 0xff, 0x02, 0xfc, 0xf0, 0xf0, 0x82, 0xe0, 0x02, 0xf0,
    0xf0, 0xfc, 0x8d, 0xff, 0xa6, 0x00, 0xa4, 0xff, 0x8e, 0x00, 0xa4, 0xff, 0xa6, 0x00, 0x01, 0x1f,
    0x7f, 0xa0, 0xff, 0x05, 0x7f, 0x1f, 0x00, 0xe0, 0xf0, 0xf0, 0x86, 0xf8, 0x05, 0xf0, 0xf0, 0xe0,
    0x00, 0x1f, 0x7f, 0xa0, 0xff, 0x01, 0x7f, 0x1f, 0xa9, 0x00, 0x02, 0x01, 0x03, 0x03, 0x98, 0x07,
    0x02, 0x03, 0x03, 0x01, 0x84, 0x00, 0x01, 0x01, 0x01, 0x86, 0x03, 0x01, 0x01, 0x01, 0x84, 0x00,
    0x02, 0x01, 0x03, 0x03, 0x98, 0x07, 0x02, 0x03, 0x03, 0x01, 0x95, 0x00,
};

static const uint8_t s_anim_surprised_f26[] = {
    0x95, 0x00, 0x03, 0x30, 0x10, 0x90, 0x90, 0x8b, 0xd0, 0x00, 0xd8, 0x8b, 0xc8, 0x03, 0x88, 0x88,
    0x08, 0x0c, 0x92, 0x00, 0x03, 0x0c, 0x08, 0x88, 0x88, 0x8b, 0xc8, 0x00, 0xd8, 0x8b, 0xd0, 0x03,
    0x90, 0x90, 0x10, 0x30, 0xa8, 0x00, 0x02, 0xf0, 0xfc, 0xfe, 0x9e, 0xff, 0x02, 0xfe, 0xfc, 0xf0,
    0x8e, 0x00, 0x02, 0xf0, 0xfc, 0xfe, 0x9e, 0xff, 0x02, 0xfe, 0xfc, 0xf0, 0xa6, 0x00, 0xa4, 0xff,
    0x8e, 0x00, 0xa4, 0xff, 0xa6, 0x00, 0x8d, 0xff, 0x02, 0x7f, 0x1f, 0x1f, 0x82, 0x0f, 0x02, 0x1f,
    0x1f, 0x7f, 0x8d, 0xff, 0x8e, 0x00, 0x8d, 0xff, 0x02, 0x7f, 0x1f, 0x1f, 0x82, 0x0f, 0x02, 0x1f,
    0x1f, 0x7f, 0x8d, 0xff, 0xa6, 0x00, 0x8d, 0xff, 0x02, 0xfc, 0xf0, 0xf0, 0x82, 0xe0, 0x02, 0xf0,
    0xf0, 0xfc, 0x8d, 0xff, 0x8e, 0x00, 0x8d, 0xff, 0x02, 0xfc, 0xf0, 0xf0, 0x82, 0xe0, 0x02, 0xf0,
    0xf0, 0xfc, 0x8d, 0xff, 0xa6, 0x00, 0xa4, 0xff, 0x8e, 0x00, 0xa4, 0xff, 0xa6, 0x00, 0x01, 0x1f,
    0x7f, 0xa0, 0xff, 0x05, 0x7f, 0x1f, 0x00, 0xe0, 0xf0, 0xf0, 0x86, 0xf8, 0x05, 0xf0, 0xf0, 0xe0,
    0x00, 0x1f, 0x7f, 0xa0, 0xff, 0x01, 0x7f, 0x1f, 0xa9, 0x00, 0x02, 0x01, 0x03, 0x03, 0x98, 0x07,
    0x02, 0x03, 0x03, 0x01, 0x84, 0x00, 0x01, 0x01, 0x01, 0x86, 0x03, 0x01, 0x01, 0x01, 0x84, 0x00,
    0x02, 0x01, 0x03, 0x03, 0x98, 0x07, 0x02, 0x03, 0x03, 0x01, 0x95, 0x00,
};

static const uint8_t s_anim_surprised_f27[] = {
    0x95, 0x00, 0x03, 0x30, 0x10, 0x90, 0x90, 0x8b, 0xd0, 0x00, 0xd8, 0x8b, 0xc8, 0x03, 0x88, 0x88,
    0x08, 0x0c, 0x92, 0x00, 0x03, 0x0c, 0x08, 0x88, 0x88, 0x8b, 0xc8, 0x00, 0xd8, 0x8b, 0xd0, 0x03,
    0x90, 0x90, 0x10, 0x30, 0xa8, 0x00, 0x02, 0xf0, 0xfc, 0xfe, 0x9e, 0xff, 0x02, 0xfe, 0xfc, 0xf0,
    0x8e, 0x00, 0x02, 0xf0, 0xfc, 0xfe, 0x9e, 0xff, 0x02, 0xfe, 0xfc, 0xf0, 0xa6, 0x00, 0xa4, 0xff,
    0x8e, 0x00, 0xa4, 0xff, 0xa6, 0x00, 0x8d, 0xff, 0x02, 0x7f, 0x1f, 0x1f, 0x82, 0x0f, 0x02, 0x1f,
    0x1f, 0x7f, 0x8d, 0xff, 0x8e, 0x00, 0x8d, 0xff, 0x02, 0x7f, 0x1f, 0x1f, 0x82, 0x0f, 0x02, 0x1f,
    0x1f, 0x7f, 0x8d, 0xff, 0xa6, 0x00, 0x8d, 0xff, 0x02, 0xfc, 0xf0, 0xf0, 0x82, 0xe0, 0x02, 0xf0,
    0xf0, 0xfc, 0x8d, 0xff, 0x8e, 0x00, 0x8d, 0xff, 0x02, 0xfc, 0xf0, 0xf0, 0x82, 0xe0, 0x02, 0xf0,
    0xf0, 0xfc, 0x8d, 0xff, 0xa6, 0x00, 0xa4, 0xff, 0x8e, 0x00, 0xa4, 0xff, 0xa6, 0x00, 0x01, 0x1f,
    0x7f, 0xa0, 0xff, 0x05, 0x7f, 0x1f, 0x00, 0x00, 0x40, 0xe0, 0x86, 0xf0, 0x05, 0xe0, 0x40, 0x00,
    0x00, 0x1f, 0x7f, 0xa0, 0xff, 0x01, 0x7f, 0x1f, 0xa9, 0x00, 0x02, 0x01, 0x03, 0x03, 0x98, 0x07,
    0x02, 0x03, 0x03, 0x01, 0x86, 0x00, 0x86, 0x01, 0x86, 0x00, 0x02, 0x01, 0x03, 0x03, 0x98, 0x07,
    0x02, 0x03, 0x03, 0x01, 0x95, 0x00,
};

static const uint8_t s_anim_surprised_f28[] = {
    0x95, 0x00, 0x00, 0x30, 0x82, 0x10, 0x8b, 0x90, 0x00, 0x98, 0x8b, 0x88, 0x82, 0x08, 0x00, 0x0c,
    0x92, 0x00, 0x00, 0x0c, 0x82, 0x08, 0x8b, 0x88, 0x00, 0x98, 0x8b, 0x90, 0x82, 0x10, 0x00, 0x30,
    0xa8, 0x00, 0x03, 0xe0, 0xf8, 0xfc, 0xfe, 0x9c, 0xff, 0x03, 0xfe, 0xfc, 0xf8, 0xe0, 0x8e, 0x00,
    0x03, 0xe0, 0xf8, 0xfc, 0xfe, 0x9c, 0xff, 0x03, 0xfe, 0xfc, 0xf8, 0xe0, 0xa6, 0x00, 0xa4, 0xff,
    0x8e, 0x00, 0xa4, 0xff, 0xa6, 0x00, 0x8d, 0xff, 0x02, 0x7f, 0x1f, 0x1f, 0x82, 0x0f, 0x02, 0x1f,
    0x1f, 0x7f, 0x8d, 0xff, 0x8e, 0x00, 0x8d, 0xff, 0x02, 0x7f, 0x1f, 0x1f, 0x82, 0x0f, 0x02, 0x1f,
    0x1f, 0x7f, 0x8d, 0xff, 0xa6, 0x00, 0x8d, 0xff, 0x02, 0xfc, 0xf0, 0xf0, 0x82, 0xe0, 0x02, 0xf0,
    0xf0, 0xfc, 0x8d, 0xff, 0x8e, 0x00, 0x8d, 0xff, 0x02, 0xfc, 0xf0, 0xf0, 0x82, 0xe0, 0x02, 0xf0,
    0xf0, 0xfc, 0x8d, 0xff, 0xa6, 0x00, 0xa4, 0xff, 0x8e, 0x00, 0xa4, 0xff, 0xa6, 0x00, 0x02, 0x0f,
    0x3f, 0x7f, 0x9e, 0xff, 0x06, 0x7f, 0x3f, 0x0f, 0x00, 0x00, 0x40, 0xe0, 0x86, 0xf0, 0x06, 0xe0,
    0x40, 0x00, 0x00, 0x0f, 0x3f, 0x7f, 0x9e, 0xff, 0x02, 0x7f, 0x3f, 0x0f, 0xaa, 0x00, 0x01, 0x01,
    0x01, 0x98, 0x03, 0x01, 0x01, 0x01, 0x87, 0x00, 0x86, 0x01, 0x87, 0x00, 0x01, 0x01, 0x01, 0x98,
    0x03, 0x01, 0x01, 0x01, 0x96, 0x00,
};

static const uint8_t s_anim_surprised_f29[] = {
    0x95, 0x00, 0x00, 0x60, 0x82, 0x20, 0x8b, 0xa0, 0x00, 0xb0, 0x8b, 0x90, 0x82, 0x10, 0x00, 0x18,
    0x92, 0x00, 0x00, 0x18, 0x82, 0x10, 0x8b, 0x90, 0x00, 0xb0, 0x8b, 0xa0, 0x82, 0x20, 0x00, 0x60,
    0xa8, 0x00, 0x03, 0xe0, 0xf8, 0xfc, 0xfe, 0x9c, 0xff, 0x03, 0xfe, 0xfc, 0xf8, 0xe0, 0x8e, 0x00,
    0x03, 0xe0, 0xf8, 0xfc, 0xfe, 0x9c, 0xff, 0x03, 0xfe, 0xfc, 0xf8, 0xe0, 0xa6, 0x00, 0xa4, 0xff,
    0x8e, 0x00, 0xa4, 0xff, 0xa6, 0x00, 0x8d, 0xff, 0x02, 0x7f, 0x1f, 0x1f, 0x82, 0x0f, 0x02, 0x1f,
    0x1f, 0x7f, 0x8d, 0xff, 0x8e, 0x00, 0x8d, 0xff, 0x02, 0x7f, 0x1f, 0x1f, 0x82, 0x0f, 0x02, 0x1f,
    0x1f, 0x7f, 0x8d, 0xff, 0xa6, 0x00, 0x8d, 0xff, 0x02, 0xfc, 0xf0, 0xf0, 0x82, 0xe0, 0x02, 0xf0,
    0xf0, 0xfc, 0x8d, 0xff, 0x8e, 0x00, 0x8d, 0xff, 0x02, 0xfc, 0xf0, 0xf0, 0x82, 0xe0, 0x02, 0xf0,
    0xf0, 0xfc, 0x8d, 0xff, 0xa6, 0x00, 0xa4, 0xff, 0x8e, 0x00, 0xa4, 0xff, 0xa6, 0x00, 0x02, 0x0f,
    0x3f, 0x7f, 0x9e, 0xff, 0x06, 0x7f, 0x3f, 0x0f, 0x00, 0x00, 0x40, 0xe0, 0x86, 0xf0, 0x06, 0xe0,
    0x40, 0x00, 0x00, 0x0f, 0x3f, 0x7f, 0x9e, 0xff, 0x02, 0x7f, 0x3f, 0x0f, 0xaa, 0x00, 0x01, 0x01,
    0x01, 0x98, 0x03, 0x01, 0x01, 0x01, 0x87, 0x00, 0x86, 0x01, 0x87, 0x00, 0x01, 0x01, 0x01, 0x98,
    0x03, 0x01, 0x01, 0x01, 0x96, 0x00,
};

static const uint8_t s_anim_surprised_f30[] = {
    0x95, 0x00, 0x00, 0x60, 0x82, 0x20, 0x8b, 0xa0, 0x00, 0xb0, 0x8b, 0x90, 0x82, 0x10, 0x00, 0x18,
    0x92, 0x00, 0x00, 0x18, 0x82, 0x10, 0x8b, 0x90, 0x00, 0xb0, 0x8b, 0xa0, 0x82, 0x20, 0x00, 0x60,
    0xa8, 0x00, 0x03, 0xe0, 0xf8, 0xfc, 0xfe, 0x9c, 0xff, 0x03, 0xfe, 0xfc, 0xf8, 0xe0, 0x8e, 0x00,
    0x03, 0xe0, 0xf8, 0xfc, 0xfe, 0x9c, 0xff, 0x03, 0xfe, 0xfc, 0xf8, 0xe0, 0xa6, 0x00, 0xa4, 0xff,
    0x8e, 0x00, 0xa4, 0xff, 0xa6, 0x00, 0x8c, 0xff, 0x02, 0x3f, 0x1f, 0x0f, 0x84, 0x07, 0x02, 0x0f,
    0x1f, 0x3f, 0x8c, 0xff, 0x8e, 0x00, 0x8c, 0xff, 0x02, 0x3f, 0x1f, 0x0f, 0x84, 0x07, 0x02, 0x0f,
    0x1f, 0x3f, 0x8c, 0xff, 0xa6, 0x00, 0x8c, 0xff, 0x02, 0xf8, 0xf0, 0xe0, 0x84, 0xc0, 0x02, 0xe0,
    0xf0, 0xf8, 0x8c, 0xff, 0x8e, 0x00, 0x8c, 0xff, 0x02, 0xf8, 0xf0, 0xe0, 0x84, 0xc0, 0x02, 0xe0,
    0xf0, 0xf8, 0x8c, 0xff, 0xa6, 0x00, 0xa4, 0xff, 0x8e, 0x00, 0xa4, 0xff, 0xa6, 0x00, 0x02, 0x0f,
    0x3f, 0x7f, 0x9e, 0xff, 0x06, 0x7f, 0x3f, 0x0f, 0x00, 0x00, 0x40, 0xe0, 0x86, 0xf0, 0x06, 0xe0,
    0x40, 0x00, 0x00, 0x0f, 0x3f, 0x7f, 0x9e, 0xff, 0x02, 0x7f, 0x3f, 0x0f, 0xaa, 0x00, 0x01, 0x01,
    0x01, 0x98, 0x03, 0x01, 0x01, 0x01, 0x87, 0x00, 0x86, 0x01, 0x87, 0x00, 0x01, 0x01, 0x01, 0x98,
    0x03, 0x01, 0x01, 0x01, 0x96, 0x00,
};

static const uint8_t s_anim_surprised_f31[] = {
    0x95, 0x00, 0x00, 0x60, 0x82, 0x20, 0x8b, 0xa0, 0x00, 0xb0, 0x8b, 0x90, 0x82, 0x10, 0x00, 0x18,
    0x92, 0x00, 0x00, 0x18, 0x82, 0x10, 0x8b, 0x90, 0x00, 0xb0, 0x8b, 0xa0, 0x82, 0x20, 0x00, 0x60,
    0xa8, 0x00, 0x03, 0xe0, 0xf8, 0xfc, 0xfe, 0x9c, 0xff, 0x03, 0xfe, 0xfc, 0xf8, 0xe0, 0x8e, 0x00,
    0x03, 0xe0, 0xf8, 0xfc, 0xfe, 0x9c, 0xff, 0x03, 0xfe, 0xfc, 0xf8, 0xe0, 0xa6, 0x00, 0xa4, 0xff,
    0x8e, 0x00, 0xa4, 0xff, 0xa6, 0x00, 0x8c, 0xff, 0x02, 0x3f, 0x1f, 0x0f, 0x84, 0x07, 0x02, 0x0f,
    0x1f, 0x3f, 0x8c, 0xff, 0x8e, 0x00, 0x8c, 0xff, 0x02, 0x3f, 0x1f, 0x0f, 0x84, 0x07, 0x02, 0x0f,
    0x1f, 0x3f, 0x8c, 0xff, 0xa6, 0x00, 0x8c, 0xff, 0x02, 0xf8, 0xf0, 0xe0, 0x84, 0xc0, 0x02, 0xe0,
    0xf0, 0xf8, 0x8c, 0xff, 0x8e, 0x00, 0x8c, 0xff, 0x02, 0xf8, 0xf0, 0xe0, 0x84, 0xc0, 0x02, 0xe0,
    0xf0, 0xf8, 0x8c, 0xff, 0xa6, 0x00, 0xa4, 0xff, 0x8e, 0x00, 0xa4, 0xff, 0xa6, 0x00, 0x02, 0x0f,
    0x3f, 0x7f, 0x9e, 0xff, 0x06, 0x7f, 0x3f, 0x0f, 0x00, 0x00, 0x40, 0xe0, 0x86, 0xf0, 0x06, 0xe0,
    0x40, 0x00, 0x00, 0x0f, 0x3f, 0x7f, 0x9e, 0xff, 0x02, 0x7f, 0x3f, 0x0f, 0xaa, 0x00, 0x01, 0x01,
    0x01, 0x98, 0x03, 0x01, 0x01, 0x01, 0x87, 0x00, 0x86, 0x01, 0x87, 0x00, 0x01, 0x01, 0x01, 0x98,
    0x03, 0x01, 0x01, 0x01, 0x96, 0x00,
};

static const uint8_t s_anim_surprised_f32[] = {
    0x95, 0x00, 0x00, 0xc0, 0x8e, 0x40, 0x00, 0x60, 0x8e, 0x20, 0x00, 0x30, 0x92, 0x00, 0x00, 0x30,
    0x8e, 0x20, 0x00, 0x60, 0x8e, 0x40, 0x00, 0xc0, 0xa8, 0x00, 0x05, 0xc0, 0xf0, 0xf8, 0xfc, 0xfe,
    0xfe, 0x98, 0xff, 0x05, 0xfe, 0xfe, 0xfc, 0xf8, 0xf0, 0xc0, 0x8e, 0x00, 0x05, 0xc0, 0xf0, 0xf8,
    0xfc, 0xfe, 0xfe, 0x98, 0xff, 0x05, 0xfe, 0xfe, 0xfc, 0xf8, 0xf0, 0xc0, 0xa6, 0x00, 0xa4, 0xff,
    0x8e, 0x00, 0xa4, 0xff, 0xa6, 0x00, 0x8c, 0xff, 0x02, 0x3f, 0x1f, 0x0f, 0x84, 0x07, 0x02, 0x0f,
    0x1f, 0x3f, 0x8c, 0xff, 0x8e, 0x00, 0x8c, 0xff, 0x02, 0x3f, 0x1f, 0x0f, 0x84, 0x07, 0x02, 0x0f,
    0x1f, 0x3f, 0x8c, 0xff, 0xa6, 0x00, 0x8c, 0xff, 0x02, 0xf8, 0xf0, 0xe0, 0x84, 0xc0, 0x02, 0xe0,
    0xf0, 0xf8, 0x8c, 0xff, 0x8e, 0x00, 0x8c, 0xff, 0x02, 0xf8, 0xf0, 0xe0, 0x84, 0xc0, 0x02, 0xe0,
    0xf0, 0xf8, 0x8c, 0xff, 0xa6, 0x00, 0xa4, 0xff, 0x8e, 0x00, 0xa4, 0xff, 0xa6, 0x00, 0x03, 0x07,
    0x1f, 0x3f, 0x7f, 0x9c, 0xff, 0x03, 0x7f, 0x3f, 0x1f, 0x07, 0x82, 0x00, 0x01, 0x40, 0xe0, 0x84,
    0xf0, 0x01, 0xe0, 0x40, 0x82, 0x00, 0x03, 0x07, 0x1f, 0x3f, 0x7f, 0x9c, 0xff, 0x03, 0x7f, 0x3f,
    0x1f, 0x07, 0xac, 0x00, 0x98, 0x01, 0x8a, 0x00, 0x84, 0x01, 0x8a, 0x00, 0x98, 0x01, 0x98, 0x00,
};

static const uint8_t s_anim_surprised_f33[] = {
    0x95, 0x00, 0x00, 0xc0, 0x8e, 0x40, 0x00, 0x60, 0x8e, 0x20, 0x00, 0x30, 0x92, 0x00, 0x00, 0x30,
    0x8e, 0x20, 0x00, 0x60, 0x8e, 0x40, 0x00, 0xc0, 0xa8, 0x00, 0x05, 0xc0, 0xf0, 0xf8, 0xfc, 0xfe,
    0xfe, 0x98, 0xff, 0x05, 0xfe, 0xfe, 0xfc, 0xf8, 0xf0, 0xc0, 0x8e, 0x00, 0x05, 0xc0, 0xf0, 0xf8,
    0xfc, 0xfe, 0xfe, 0x98, 0xff, 0x05, 0xfe, 0xfe, 0xfc, 0xf8, 0xf0, 0xc0, 0xa6, 0x00, 0xa4, 0xff,
    0x8e, 0x00, 0xa4, 0xff, 0xa6, 0x00, 0x8c, 0xff, 0x02, 0x3f, 0x1f, 0x0f, 0x84, 0x07, 0x02, 0x0f,
    0x1f, 0x3f, 0x8c, 0xff, 0x8e, 0x00, 0x8c, 0xff, 0x02, 0x3f, 0x1f, 0x0f, 0x84, 0x07, 0x02, 0x0f,
    0x1f, 0x3f, 0x8c, 0xff, 0xa6, 0x00, 0x8c, 0xff, 0x02, 0xf8, 0xf0, 0xe0, 0x84, 0xc0, 0x02, 0xe0,
    0xf0, 0xf8, 0x8c, 0xff, 0x8e, 0x00, 0x8c, 0xff, 0x02, 0xf8, 0xf0, 0xe0, 0x84, 0xc0, 0x02, 0xe0,
    0xf0, 0xf8, 0x8c, 0xff, 0xa6, 0x00, 0xa4, 0xff, 0x8e, 0x00, 0xa4, 0xff, 0xa6, 0x00, 0x03, 0x07,
    0x1f, 0x3f, 0x7f, 0x9c, 0xff, 0x03, 0x7f, 0x3f, 0x1f, 0x07, 0x82, 0x00, 0x01, 0x40, 0xe0, 0x84,
    0xf0, 0x01, 0xe0, 0x40, 0x82, 0x00, 0x03, 0x07, 0x1f, 0x3f, 0x7f, 0x9c, 0xff, 0x03, 0x7f, 0x3f,
    0x1f, 0x07, 0xac, 0x00, 0x98, 0x01, 0x8a, 0x00, 0x84, 0x01, 0x8a, 0x00, 0x98, 0x01, 0x98, 0x00,
};

static const uint8_t s_anim_surprised_f34[] = {
    0x95, 0x00, 0x00, 0xc0, 0x8e, 0x40, 0x00, 0x60, 0x8e, 0x20, 0x00, 0x30, 0x92, 0x00, 0x00, 0x30,
    0x8e, 0x20, 0x00, 0x60, 0x8e, 0x40, 0x00, 0xc0, 0xa8, 0x00, 0x05, 0xc0, 0xf0, 0xf8, 0xfc, 0xfe,
    0xfe, 0x98, 0xff, 0x05, 0xfe, 0xfe, 0xfc, 0xf8, 0xf0, 0xc0, 0x8e, 0x00, 0x05, 0xc0, 0xf0, 0xf8,
    0xfc, 0xfe, 0xfe, 0x98, 0xff, 0x05, 0xfe, 0xfe, 0xfc, 0xf8, 0xf0, 0xc0, 0xa6, 0x00, 0xa4, 0xff,
    0x8e, 0x00, 0xa4, 0xff, 0xa6, 0x00, 0x8c, 0xff, 0x02, 0x3f, 0x1f, 0x0f, 0x84, 0x07, 0x02, 0x0f,
    0x1f, 0x3f, 0x8c, 0xff, 0x8e, 0x00, 0x8c, 0xff, 0x02, 0x3f, 0x1f, 0x0f, 0x84, 0x07, 0x02, 0x0f,
    0x1f, 0x3f, 0x8c, 0xff, 0xa6, 0x00, 0x8c, 0xff, 0x02, 0xf8, 0xf0, 0xe0, 0x84, 0xc0, 0x02, 0xe0,
    0xf0, 0xf8, 0x8c, 0xff, 0x8e, 0x00, 0x8c, 0xff, 0x02, 0xf8, 0xf0, 0xe0, 0x84, 0xc0, 0x02, 0xe0,
    0xf0, 0xf8, 0x8c, 0xff, 0xa6, 0x00, 0xa4, 0xff, 0x8e, 0x00, 0xa4, 0xff, 0xa6, 0x00, 0x03, 0x07,
    0x1f, 0x3f, 0x7f, 0x9c, 0xff, 0x03, 0x7f, 0x3f, 0x1f, 0x07, 0x82, 0x00, 0x01, 0x40, 0xe0, 0x84,
    0xf0, 0x01, 0xe0, 0x40, 0x82, 0x00, 0x03, 0x07, 0x1f, 0x3f, 0x7f, 0x9c, 0xff, 0x03, 0x7f, 0x3f,
    0x1f, 0x07, 0xac, 0x00, 0x98, 0x01, 0x8a, 0x00, 0x84, 0x01, 0x8a, 0x00, 0x98, 0x01, 0x98, 0x00,
};

static const uint8_t s_anim_surprised_f35[] = {
    0x95, 0x00, 0x00, 0xc0, 0x8e, 0x40, 0x00, 0x60, 0x8e, 0x20, 0x00, 0x30, 0x92, 0x00, 0x00, 0x30,
    0x8e, 0x20, 0x00, 0x60, 0x8e, 0x40, 0x00, 0xc0, 0xa8, 0x00, 0x05, 0xc0, 0xf0, 0xf8, 0xfc, 0xfe,
    0xfe, 0x98, 0xff, 0x05, 0xfe, 0xfe, 0xfc, 0xf8, 0xf0, 0xc0, 0x8e, 0x00, 0x05, 0xc0, 0xf0, 0xf8,
    0xfc, 0xfe, 0xfe, 0x98, 0xff, 0x05, 0xfe, 0xfe, 0xfc, 0xf8, 0xf0, 0xc0, 0xa6, 0x00, 0xa4, 0xff,
    0x8e, 0x00, 0xa4, 0xff, 0xa6, 0x00, 0x8c, 0xff, 0x02, 0x3f, 0x1f, 0x0f, 0x84, 0x07, 0x02, 0x0f,
    0x1f, 0x3f, 0x8c, 0xff, 0x8e, 0x00, 0x8c, 0xff, 0x02, 0x3f, 0x1f, 0x0f, 0x84, 0x07, 0x02, 0x0f,
    0x1f, 0x3f, 0x8c, 0xff, 0xa6, 0x00, 0x8c, 0xff, 0x02, 0xf8, 0xf0, 0xe0, 0x84, 0xc0, 0x02, 0xe0,
    0xf0, 0xf8, 0x8c, 0xff, 0x8e, 0x00, 0x8c, 0xff, 0x02, 0xf8, 0xf0, 0xe0, 0x84, 0xc0, 0x02, 0xe0,
    0xf0, 0xf8, 0x8c, 0xff, 0xa6, 0x00, 0xa4, 0xff, 0x8e, 0x00, 0xa4, 0xff, 0xa6, 0x00, 0x03, 0x07,
    0x1f, 0x3f, 0x7f, 0x9c, 0xff, 0x03, 0x7f, 0x3f, 0x1f, 0x07, 0x82, 0x00, 0x01, 0x40, 0xe0, 0x84,
    0xf0, 0x01, 0xe0, 0x40, 0x82, 0x00, 0x03, 0x07, 0x1f, 0x3f, 0x7f, 0x9c, 0xff, 0x03, 0x7f, 0x3f,
    0x1f, 0x07, 0xac, 0x00, 0x98, 0x01, 0x8a, 0x00, 0x84, 0x01, 0x8a, 0x00, 0x98, 0x01, 0x98, 0x00,
};

static const uint8_t *const s_anim_surprised_frames[36] = {
    s_anim_surprised_f00,
    s_anim_surprised_f01,
    s_anim_surprised_f02,
    s_anim_surprised_f03,
    s_anim_surprised_f04,
    s_anim_surprised_f05,
    s_anim_surprised_f06,
    s_anim_surprised_f07,
    s_anim_surprised_f08,
    s_anim_surprised_f09,
    s_anim_surprised_f10,
    s_anim_surprised_f11,
    s_anim_surprised_f12,
    s_anim_surprised_f13,
    s_anim_surprised_f14,
    s_anim_surprised_f15,
    s_anim_surprised_f16,
    s_anim_surprised_f17,
    s_anim_surprised_f18,
    s_anim_surprised_f19,
    s_anim_surprised_f20,
    s_anim_surprised_f21,
    s_anim_surprised_f22,
    s_anim_surprised_f23,
    s_anim_surprised_f24,
    s_anim_surprised_f25,
    s_anim_surprised_f26,
    s_anim_surprised_f27,
    s_anim_surprised_f28,
    s_anim_surprised_f29,
    s_anim_surprised_f30,
    s_anim_surprised_f31,
    s_anim_surprised_f32,
    s_anim_surprised_f33,
    s_anim_surprised_f34,
    s_anim_surprised_f35,
};

static const uint16_t s_anim_surprised_sizes[36] = {
    192, 192, 192, 192, 192, 198, 198, 198,
    198, 198, 204, 204, 204, 196, 192, 192,
    192, 192, 192, 192, 192, 192, 192, 196,
    196, 204, 204, 198, 198, 198, 198, 198,
    192, 192, 192, 192,
};

static const uint8_t s_anim_angry_f00[] = {
    0x93, 0x00, 0x00, 0xc0, 0x88, 0x80, 0xc4, 0x00, 0x88, 0x80, 0x00, 0xc0, 0xaf, 0x00, 0x88, 0x01,
    0x00, 0x03, 0x87, 0x02, 0x00, 0x06, 0x87, 0x04, 0x00, 0x0c, 0x8e, 0x00, 0x00, 0x0c, 0x87, 0x04,
    0x00, 0x06, 0x87, 0x02, 0x00, 0x03, 0x88, 0x01, 0xaf, 0x00, 0x05, 0xc0, 0xf0, 0xf8, 0xfc, 0xfe,
    0xfe, 0x98, 0xff, 0x05, 0xfe, 0xfe, 0xfc, 0xf8, 0xf0, 0xc0, 0x8e, 0x00, 0x05, 0xc0, 0xf0, 0xf8,
    0xfc, 0xfe, 0xfe, 0x98, 0xff, 0x05, 0xfe, 0xfe, 0xfc, 0xf8, 0xf0, 0xc0, 0xa6, 0x00, 0x8c, 0xff,
    0x02, 0x3f, 0x1f, 0x0f, 0x84, 0x07, 0x02, 0x0f, 0x1f, 0x3f, 0x8c, 0xff, 0x8e, 0x00, 0x8c, 0xff,
    0x02, 0x3f, 0x1f, 0x0f, 0x84, 0x07, 0x02, 0x0f, 0x1f, 0x3f, 0x8c, 0xff, 0xa6, 0x00, 0x8c, 0xff,
    0x02, 0xf8, 0xf0, 0xe0, 0x84, 0xc0, 0x02, 0xe0, 0xf0, 0xf8, 0x8c, 0xff, 0x8e, 0x00, 0x8c, 0xff,
    0x02, 0xf8, 0xf0, 0xe0, 0x84, 0xc0, 0x02, 0xe0, 0xf0, 0xf8, 0x8c, 0xff, 0xa6, 0x00, 0x03, 0x07,
    0x1f, 0x3f, 0x7f, 0x9c, 0xff, 0x03, 0x7f, 0x3f, 0x1f, 0x07, 0x8e, 0x00, 0x03, 0x07, 0x1f, 0x3f,
    0x7f, 0x9c, 0xff, 0x03, 0x7f, 0x3f, 0x1f, 0x07, 0xac, 0x00, 0x98, 0x01, 0x83, 0x00, 0x82, 0x80,
    0x8c, 0xc0, 0x82, 0x80, 0x83, 0x00, 0x98, 0x01, 0xcc, 0x00, 0x00, 0x03, 0x82, 0x01, 0x90, 0x00,
    0x82, 0x01, 0x00, 0x03, 0xb2, 0x00,
};

static const uint8_t s_anim_angry_f01[] = {
    0x93, 0x00, 0x00, 0xc0, 0x88, 0x80, 0xc4, 0x00, 0x88, 0x80, 0x00, 0xc0, 0xaf, 0x00, 0x88, 0x01,
    0x00, 0x03, 0x87, 0x02, 0x00, 0x06, 0x87, 0x04, 0x00, 0x0c, 0x8e, 0x00, 0x00, 0x0c, 0x87, 0x04,
    0x00, 0x06, 0x87, 0x02, 0x00, 0x03, 0x88, 0x01, 0xaf, 0x00, 0x05, 0xc0, 0xf0, 0xf8, 0xfc, 0xfe,
    0xfe, 0x98, 0xff, 0x05, 0xfe, 0xfe, 0xfc, 0xf8, 0xf0, 0xc0, 0x8e, 0x00, 0x05, 0xc0, 0xf0, 0xf8,
    0xfc, 0xfe, 0xfe, 0x98, 0xff, 0x05, 0xfe, 0xfe, 0xfc, 0xf8, 0xf0, 0xc0, 0xa6, 0x00, 0x8c, 0xff,
    0x02, 0x3f, 0x1f, 0x0f, 0x84, 0x07, 0x02, 0x0f, 0x1f, 0x3f, 0x8c, 0xff, 0x8e, 0x00, 0x8c, 0xff,
    0x02, 0x3f, 0x1f, 0x0f, 0x84, 0x07, 0x02, 0x0f, 0x1f, 0x3f, 0x8c, 0xff, 0xa6, 0x00, 0x8c, 0xff,
    0x02, 0xf8, 0xf0, 0xe0, 0x84, 0xc0, 0x02, 0xe0, 0xf0, 0xf8, 0x8c, 0xff, 0x8e, 0x00, 0x8c, 0xff,
    0x02, 0xf8, 0xf0, 0xe0, 0x84, 0xc0, 0x02, 0xe0, 0xf0, 0xf8, 0x8c, 0xff, 0xa6, 0x00, 0x03, 0x07,
    0x1f, 0x3f, 0x7f, 0x9c, 0xff, 0x03, 0x7f, 0x3f, 0x1f, 0x07, 0x8e, 0x00, 0x03, 0x07, 0x1f, 0x3f,
    0x7f, 0x9c, 0xff, 0x03, 0x7f, 0x3f, 0x1f, 0x07, 0xac, 0x00, 0x98, 0x01, 0x83, 0x00, 0x82, 0x80,
    0x8c, 0xc0, 0x82, 0x80, 0x83, 0x00, 0x98, 0x01, 0xcc, 0x00, 0x00, 0x03, 0x82, 0x01, 0x90, 0x00,
    0x82, 0x01, 0x00, 0x03, 0xb2, 0x00,
};

static const uint8_t s_anim_angry_f02[] = {
    0x93, 0x00, 0x00, 0xc0, 0x88, 0x80, 0xc4, 0x00, 0x88, 0x80, 0x00, 0xc0, 0xaf, 0x00, 0x88, 0x01,
    0x00, 0x03, 0x87, 0x02, 0x00, 0x06, 0x87, 0x04, 0x00, 0x0c, 0x8e, 0x00, 0x00, 0x0c, 0x87, 0x04,
    0x00, 0x06, 0x87, 0x02, 0x00, 0x03, 0x88, 0x01, 0xaf, 0x00, 0x05, 0xc0, 0xf0, 0xf8, 0xfc, 0xfe,
    0xfe, 0x98, 0xff, 0x05, 0xfe, 0xfe, 0xfc, 0xf8, 0xf0, 0xc0, 0x8e, 0x00, 0x05, 0xc0, 0xf0, 0xf8,
    0xfc, 0xfe, 0xfe, 0x98, 0xff, 0x05, 0xfe, 0xfe, 0xfc, 0xf8, 0xf0, 0xc0, 0xa6, 0x00, 0x8c, 0xff,
    0x02, 0x3f, 0x1f, 0x0f, 0x84, 0x07, 0x02, 0x0f, 0x1f, 0x3f, 0x8c, 0xff, 0x8e, 0x00, 0x8c, 0xff,
    0x02, 0x3f, 0x1f, 0x0f, 0x84, 0x07, 0x02, 0x0f, 0x1f, 0x3f, 0x8c, 0xff, 0xa6, 0x00, 0x8c, 0xff,
    0x02, 0xf8, 0xf0, 0xe0, 0x84, 0xc0, 0x02, 0xe0, 0xf0, 0xf8, 0x8c, 0xff, 0x8e, 0x00, 0x8c, 0xff,
    0x02, 0xf8, 0xf0, 0xe0, 0x84, 0xc0, 0x02, 0xe0, 0xf0, 0xf8, 0x8c, 0xff, 0xa6, 0x00, 0x03, 0x07,
    0x1f, 0x3f, 0x7f, 0x9c, 0xff, 0x03, 0x7f, 0x3f, 0x1f, 0x07, 0x8e, 0x00, 0x03, 0x07, 0x1f, 0x3f,
    0x7f, 0x9c, 0xff, 0x03, 0x7f, 0x3f, 0x1f, 0x07, 0xac, 0x00, 0x98, 0x01, 0x83, 0x00, 0x82, 0x80,
    0x8c, 0xc0, 0x82, 0x80, 0x83, 0x00, 0x98, 0x01, 0xcc, 0x00, 0x00, 0x03, 0x82, 0x01, 0x90, 0x00,
    0x82, 0x01, 0x00, 0x03, 0xb2, 0x00,
};

static const uint8_t s_anim_angry_f03[] = {
    0x93, 0x00, 0x00, 0xc0, 0x88, 0x80, 0xc4, 0x00, 0x88, 0x80, 0x00, 0xc0, 0xaf, 0x00, 0x88, 0x01,
    0x00, 0x03, 0x87, 0x02, 0x00, 0x06, 0x87, 0x04, 0x00, 0x0c, 0x8e, 0x00, 0x00, 0x0c, 0x87, 0x04,
    0x00, 0x06, 0x87, 0x02, 0x00, 0x03, 0x88, 0x01, 0xaf, 0x00, 0x05, 0xc0, 0xf0, 0xf8, 0xfc, 0xfe,
    0xfe, 0x98, 0xff, 0x05, 0xfe, 0xfe, 0xfc, 0xf8, 0xf0, 0xc0, 0x8e, 0x00, 0x05, 0xc0, 0xf0, 0xf8,
    0xfc, 0xfe, 0xfe, 0x98, 0xff, 0x05, 0xfe, 0xfe, 0xfc, 0xf8, 0xf0, 0xc0, 0xa6, 0x00, 0x8c, 0xff,
    0x02, 0x3f, 0x1f, 0x0f, 0x84, 0x07, 0x02, 0x0f, 0x1f, 0x3f, 0x8c, 0xff, 0x8e, 0x00, 0x8c, 0xff,
    0x02, 0x3f, 0x1f, 0x0f, 0x84, 0x07, 0x02, 0x0f, 0x1f, 0x3f, 0x8c, 0xff, 0xa6, 0x00, 0x8c, 0xff,
    0x02, 0xf8, 0xf0, 0xe0, 0x84, 0xc0, 0x02, 0xe0, 0xf0, 0xf8, 0x8c, 0xff, 0x8e, 0x00, 0x8c, 0xff,
    0x02, 0xf8, 0xf0, 0xe0, 0x84, 0xc0, 0x02, 0xe0, 0xf0, 0xf8, 0x8c, 0xff, 0xa6, 0x00, 0x03, 0x07,
    0x1f, 0x3f, 0x7f, 0x9c, 0xff, 0x03, 0x7f, 0x3f, 0x1f, 0x07, 0x8e, 0x00, 0x03, 0x07, 0x1f, 0x3f,
    0x7f, 0x9c, 0xff, 0x03, 0x7f, 0x3f, 0x1f, 0x07, 0xac, 0x00, 0x98, 0x01, 0x83, 0x00, 0x82, 0x80,
    0x8c, 0xc0, 0x82, 0x80, 0x83, 0x00, 0x98, 0x01, 0xcc, 0x00, 0x00, 0x03, 0x82, 0x01, 0x90, 0x00,
    0x82, 0x01, 0x00, 0x03, 0xb2, 0x00,
};

static const uint8_t s_anim_angry_f04[] = {
    0x93, 0x00, 0x00, 0xc0, 0x88, 0x80, 0xc4, 0x00, 0x88, 0x80, 0x00, 0xc0, 0xaf, 0x00, 0x88, 0x01,
    0x00, 0x03, 0x87, 0x02, 0x00, 0x06, 0x87, 0x04, 0x00, 0x0c, 0x8e, 0x00, 0x00, 0x0c, 0x87, 0x04,
    0x00, 0x06, 0x87, 0x02, 0x00, 0x03, 0x88, 0x01, 0xaf, 0x00, 0x05, 0xc0, 0xf0, 0xf8, 0xfc, 0xfe,
    0xfe, 0x98, 0xff, 0x05, 0xfe, 0xfe, 0xfc, 0xf8, 0xf0, 0xc0, 0x8e, 0x00, 0x05, 0xc0, 0xf0, 0xf8,
    0xfc, 0xfe, 0xfe, 0x98, 0xff, 0x05, 0xfe, 0xfe, 0xfc, 0xf8, 0xf0, 0xc0, 0xa6, 0x00, 0x8c, 0xff,
    0x02, 0x3f, 0x1f, 0x0f, 0x84, 0x07, 0x02, 0x0f, 0x1f, 0x3f, 0x8c, 0xff, 0x8e, 0x00, 0x8c, 0xff,
    0x02, 0x3f, 0x1f, 0x0f, 0x84, 0x07, 0x02, 0x0f, 0x1f, 0x3f, 0x8c, 0xff, 0xa6, 0x00, 0x8c, 0xff,
    0x02, 0xf8, 0xf0, 0xe0, 0x84, 0xc0, 0x02, 0xe0, 0xf0, 0xf8, 0x8c, 0xff, 0x8e, 0x00, 0x8c, 0xff,
    0x02, 0xf8, 0xf0, 0xe0, 0x84, 0xc0, 0x02, 0xe0, 0xf0, 0xf8, 0x8c, 0xff, 0xa6, 0x00, 0x03, 0x07,
    0x1f, 0x3f, 0x7f, 0x9c, 0xff, 0x03, 0x7f, 0x3f, 0x1f, 0x07, 0x8e, 0x00, 0x03, 0x07, 0x1f, 0x3f,
    0x7f, 0x9c, 0xff, 0x03, 0x7f, 0x3f, 0x1f, 0x07, 0xac, 0x00, 0x98, 0x01, 0x83, 0x00, 0x82, 0x80,
    0x8c, 0xc0, 0x82, 0x80, 0x83, 0x00, 0x98, 0x01, 0xcc, 0x00, 0x00, 0x03, 0x82, 0x01, 0x90, 0x00,
    0x82, 0x01, 0x00, 0x03, 0xb2, 0x00,
};

static const uint8_t s_anim_angry_f05[] = {
    0x93, 0x00, 0x00, 0xc0, 0x88, 0x80, 0xc4, 0x00, 0x88, 0x80, 0x00, 0xc0, 0xaf, 0x00, 0x88, 0x01,
    0x00, 0x03, 0x87, 0x02, 0x00, 0x06, 0x87, 0x04, 0x00, 0x0c, 0x8e, 0x00, 0x00, 0x0c, 0x87, 0x04,
    0x00, 0x06, 0x87, 0x02, 0x00, 0x03, 0x88, 0x01, 0xaf, 0x00, 0x05, 0xc0, 0xf0, 0xf8, 0xfc, 0xfe,
    0xfe, 0x98, 0xff, 0x05, 0xfe, 0xfe, 0xfc, 0xf8, 0xf0, 0xc0, 0x8e, 0x00, 0x05, 0xc0, 0xf0, 0xf8,
    0xfc, 0xfe, 0xfe, 0x98, 0xff, 0x05, 0xfe, 0xfe, 0xfc, 0xf8, 0xf0, 0xc0, 0xa6, 0x00, 0x8c, 0xff,
    0x02, 0x7f, 0x3f, 0x1f, 0x84, 0x0f, 0x02, 0x1f, 0x3f, 0x7f, 0x8c, 0xff, 0x8e, 0x00, 0x8c, 0xff,
    0x02, 0x7f, 0x3f, 0x1f, 0x84, 0x0f, 0x02, 0x1f, 0x3f, 0x7f, 0x8c, 0xff, 0xa6, 0x00, 0x8c, 0xff,
    0x02, 0xf0, 0xe0, 0xc0, 0x84, 0x80, 0x02, 0xc0, 0xe0, 0xf0, 0x8c, 0xff, 0x8e, 0x00, 0x8c, 0xff,
    0x02, 0xf0, 0xe0, 0xc0, 0x84, 0x80, 0x02, 0xc0, 0xe0, 0xf0, 0x8c, 0xff, 0xa6, 0x00, 0x03, 0x07,
    0x1f, 0x3f, 0x7f, 0x9c, 0xff, 0x03, 0x7f, 0x3f, 0x1f, 0x07, 0x8e, 0x00, 0x03, 0x07, 0x1f, 0x3f,
    0x7f, 0x9c, 0xff, 0x03, 0x7f, 0x3f, 0x1f, 0x07, 0xac, 0x00, 0x98, 0x01, 0x83, 0x00, 0x82, 0x80,
    0x8c, 0xc0, 0x82, 0x80, 0x83, 0x00, 0x98, 0x01, 0xcc, 0x00, 0x00, 0x03, 0x82, 0x01, 0x90, 0x00,
    0x82, 0x01, 0x00, 0x03, 0xb2, 0x00,
};

static const uint8_t s_anim_angry_f06[] = {
    0x93, 0x00, 0x00, 0xc0, 0x88, 0x80, 0xc4, 0x00, 0x88, 0x80, 0x00, 0xc0, 0xaf, 0x00, 0x88, 0x01,
    0x00, 0x03, 0x87, 0x02, 0x00, 0x06, 0x87, 0x04, 0x00, 0x0c, 0x8e, 0x00, 0x00, 0x0c, 0x87, 0x04,
    0x00, 0x06, 0x87, 0x02, 0x00, 0x03, 0x88, 0x01, 0xaf, 0x00, 0x05, 0xc0, 0xf0, 0xf8, 0xfc, 0xfe,
    0xfe, 0x98, 0xff, 0x05, 0xfe, 0xfe, 0xfc, 0xf8, 0xf0, 0xc0, 0x8e, 0x00, 0x05, 0xc0, 0xf0, 0xf8,
    0xfc, 0xfe, 0xfe, 0x98, 0xff, 0x05, 0xfe, 0xfe, 0xfc, 0xf8, 0xf0, 0xc0, 0xa6, 0x00, 0x8c, 0xff,
    0x02, 0x7f, 0x3f, 0x1f, 0x84, 0x0f, 0x02, 0x1f, 0x3f, 0x7f, 0x8c, 0xff, 0x8e, 0x00, 0x8c, 0xff,
    0x02, 0x7f, 0x3f, 0x1f, 0x84, 0x0f, 0x02, 0x1f, 0x3f, 0x7f, 0x8c, 0xff, 0xa6, 0x00, 0x8c, 0xff,
    0x02, 0xf0, 0xe0, 0xc0, 0x84, 0x80, 0x02, 0xc0, 0xe0, 0xf0, 0x8c, 0xff, 0x8e, 0x00, 0x8c, 0xff,
    0x02, 0xf0, 0xe0, 0xc0, 0x84, 0x80, 0x02, 0xc0, 0xe0, 0xf0, 0x8c, 0xff, 0xa6, 0x00, 0x03, 0x07,
    0x1f, 0x3f, 0x7f, 0x9c, 0xff, 0x03, 0x7f, 0x3f, 0x1f, 0x07, 0x8e, 0x00, 0x03, 0x07, 0x1f, 0x3f,
    0x7f, 0x9c, 0xff, 0x03, 0x7f, 0x3f, 0x1f, 0x07, 0xac, 0x00, 0x98, 0x01, 0x83, 0x00, 0x82, 0x80,
    0x8c, 0xc0, 0x82, 0x80, 0x83, 0x00, 0x98, 0x01, 0xcc, 0x00, 0x00, 0x03, 0x82, 0x01, 0x90, 0x00,
    0x82, 0x01, 0x00, 0x03, 0xb2, 0x00,
};

static const uint8_t s_anim_angry_f07[] = {
    0x93, 0x00, 0x00, 0xc0, 0x88, 0x80, 0xc4, 0x00, 0x88, 0x80, 0x00, 0xc0, 0xaf, 0x00, 0x88, 0x01,
    0x00, 0x03, 0x87, 0x02, 0x00, 0x06, 0x87, 0x04, 0x00, 0x0c, 0x8e, 0x00, 0x00, 0x0c, 0x87, 0x04,
    0x00, 0x06, 0x87, 0x02, 0x00, 0x03, 0x88, 0x01, 0xaf, 0x00, 0x05, 0x80, 0xe0, 0xf0, 0xf8, 0xfc,
    0xfc, 0x98, 0xfe, 0x05, 0xfc, 0xfc, 0xf8, 0xf0, 0xe0, 0x80, 0x8e, 0x00, 0x05, 0x80, 0xe0, 0xf0,
    0xf8, 0xfc, 0xfc, 0x98, 0xfe, 0x05, 0xfc, 0xfc, 0xf8, 0xf0, 0xe0, 0x80, 0xa6, 0x00, 0x8c, 0xff,
    0x02, 0x7f, 0x3f, 0x1f, 0x84, 0x0f, 0x02, 0x1f, 0x3f, 0x7f, 0x8c, 0xff, 0x8e, 0x00, 0x8c, 0xff,
    0x02, 0x7f, 0x3f, 0x1f, 0x84, 0x0f, 0x02, 0x1f, 0x3f, 0x7f, 0x8c, 0xff, 0xa6, 0x00, 0x8c, 0xff,
    0x02, 0xf0, 0xe0, 0xc0, 0x84, 0x80, 0x02, 0xc0, 0xe0, 0xf0, 0x8c, 0xff, 0x8e, 0x00, 0x8c, 0xff,
    0x02, 0xf0, 0xe0, 0xc0, 0x84, 0x80, 0x02, 0xc0, 0xe0, 0xf0, 0x8c, 0xff, 0xa6, 0x00, 0x05, 0x03,
    0x0f, 0x1f, 0x3f, 0x7f, 0x7f, 0x98, 0xff, 0x05, 0x7f, 0x7f, 0x3f, 0x1f, 0x0f, 0x03, 0x8e, 0x00,
    0x05, 0x03, 0x0f, 0x1f, 0x3f, 0x7f, 0x7f, 0x98, 0xff, 0x05, 0x7f, 0x7f, 0x3f, 0x1f, 0x0f, 0x03,
    0xc9, 0x00, 0x82, 0x80, 0x8c, 0xc0, 0x82, 0x80, 0xe9, 0x00, 0x00, 0x03, 0x82, 0x01, 0x90, 0x00,
    0x82, 0x01, 0x00, 0x03, 0xb2, 0x00,
};

static const uint8_t s_anim_angry_f08[] = {
    0x93, 0x00, 0x00, 0xc0, 0x88, 0x80, 0xc4, 0x00, 0x88, 0x80, 0x00, 0xc0, 0xaf, 0x00, 0x88, 0x01,
    0x00, 0x03, 0x87, 0x02, 0x00, 0x06, 0x87, 0x04, 0x00, 0x0c, 0x8e, 0x00, 0x00, 0x0c, 0x87, 0x04,
    0x00, 0x06, 0x87, 0x02, 0x00, 0x03, 0x88, 0x01, 0xaf, 0x00, 0x05, 0x80, 0xe0, 0xf0, 0xf8, 0xfc,
    0xfc, 0x98, 0xfe, 0x05, 0xfc, 0xfc, 0xf8, 0xf0, 0xe0, 0x80, 0x8e, 0x00, 0x05, 0x80, 0xe0, 0xf0,
    0xf8, 0xfc, 0xfc, 0x98, 0xfe, 0x05, 0xfc, 0xfc, 0xf8, 0xf0, 0xe0, 0x80, 0xa6, 0x00, 0x8d, 0xff,
    0x01, 0x7f, 0x3f, 0x84, 0x1f, 0x01, 0x3f, 0x7f, 0x8d, 0xff, 0x8e, 0x00, 0x8d, 0xff, 0x01, 0x7f,
    0x3f, 0x84, 0x1f, 0x01, 0x3f, 0x7f, 0x8d, 0xff, 0xa6, 0x00, 0x8c, 0xff, 0x02, 0xe0, 0xc0, 0x80,
    0x84, 0x00, 0x02, 0x80, 0xc0, 0xe0, 0x8c, 0xff, 0x8e, 0x00, 0x8c, 0xff, 0x02, 0xe0, 0xc0, 0x80,
    0x84, 0x00, 0x02, 0x80, 0xc0, 0xe0, 0x8c, 0xff, 0xa6, 0x00, 0x05, 0x03, 0x0f, 0x1f, 0x3f, 0x7f,
    0x7f, 0x98, 0xff, 0x05, 0x7f, 0x7f, 0x3f, 0x1f, 0x0f, 0x03, 0x8e, 0x00, 0x05, 0x03, 0x0f, 0x1f,
    0x3f, 0x7f, 0x7f, 0x98, 0xff, 0x05, 0x7f, 0x7f, 0x3f, 0x1f, 0x0f, 0x03, 0xc9, 0x00, 0x82, 0x80,
    0x8c, 0xc0, 0x82, 0x80, 0xe9, 0x00, 0x00, 0x03, 0x82, 0x01, 0x90, 0x00, 0x82, 0x01, 0x00, 0x03,
    0xb2, 0x00,
};

static const uint8_t s_anim_angry_f09[] = {
    0x93, 0x00, 0x00, 0xc0, 0x88, 0x80, 0xc4, 0x00, 0x88, 0x80, 0x00, 0xc0, 0xaf, 0x00, 0x88, 0x01,
    0x00, 0x03, 0x87, 0x02, 0x00, 0x06, 0x87, 0x04, 0x00, 0x0c, 0x8e, 0x00, 0x00, 0x0c, 0x87, 0x04,
    0x00, 0x06, 0x87, 0x02, 0x00, 0x03, 0x88, 0x01, 0xaf, 0x00, 0x05, 0x80, 0xe0, 0xf0, 0xf8, 0xfc,
    0xfc, 0x98, 0xfe, 0x05, 0xfc, 0xfc, 0xf8, 0xf0, 0xe0, 0x80, 0x8e, 0x00, 0x05, 0x80, 0xe0, 0xf0,
    0xf8, 0xfc, 0xfc, 0x98, 0xfe, 0x05, 0xfc, 0xfc, 0xf8, 0xf0, 0xe0, 0x80, 0xa6, 0x00, 0x8d, 0xff,
    0x01, 0x7f, 0x3f, 0x84, 0x1f, 0x01, 0x3f, 0x7f, 0x8d, 0xff, 0x8e, 0x00, 0x8d, 0xff, 0x01, 0x7f,
    0x3f, 0x84, 0x1f, 0x01, 0x3f, 0x7f, 0x8d, 0xff, 0xa6, 0x00, 0x8c, 0xff, 0x02, 0xe0, 0xc0, 0x80,
    0x84, 0x00, 0x02, 0x80, 0xc0, 0xe0, 0x8c, 0xff, 0x8e, 0x00, 0x8c, 0xff, 0x02, 0xe0, 0xc0, 0x80,
    0x84, 0x00, 0x02, 0x80, 0xc0, 0xe0, 0x8c, 0xff, 0xa6, 0x00, 0x05, 0x03, 0x0f, 0x1f, 0x3f, 0x7f,
    0x7f, 0x98, 0xff, 0x05, 0x7f, 0x7f, 0x3f, 0x1f, 0x0f, 0x03, 0x8e, 0x00, 0x05, 0x03, 0x0f, 0x1f,
    0x3f, 0x7f, 0x7f, 0x98, 0xff, 0x05, 0x7f, 0x7f, 0x3f, 0x1f, 0x0f, 0x03, 0xc9, 0x00, 0x82, 0x80,
    0x8c, 0xc0, 0x82, 0x80, 0xe9, 0x00, 0x00, 0x03, 0x82, 0x01, 0x90, 0x00, 0x82, 0x01, 0x00, 0x03,
    0xb2, 0x00,
};

static const uint8_t s_anim_angry_f10[] = {
    0x93, 0x00, 0x00, 0xc0, 0x88, 0x80, 0xc4, 0x00, 0x88, 0x80, 0x00, 0xc0, 0xaf, 0x00, 0x88, 0x01,
    0x00, 0x03, 0x87, 0x02, 0x00, 0x06, 0x87, 0x04, 0x00, 0x0c, 0x8e, 0x00, 0x00, 0x0c, 0x87, 0x04,
    0x00, 0x06, 0x87, 0x02, 0x00, 0x03, 0x88, 0x01, 0xaf, 0x00, 0x05, 0x80, 0xe0, 0xf0, 0xf8, 0xfc,
    0xfc, 0x98, 0xfe, 0x05, 0xfc, 0xfc, 0xf8, 0xf0, 0xe0, 0x80, 0x8e, 0x00, 0x05, 0x80, 0xe0, 0xf0,
    0xf8, 0xfc, 0xfc, 0x98, 0xfe, 0x05, 0xfc, 0xfc, 0xf8, 0xf0, 0xe0, 0x80, 0xa6, 0x00, 0x8d, 0xff,
    0x01, 0x7f, 0x3f, 0x84, 0x1f, 0x01, 0x3f, 0x7f, 0x8d, 0xff, 0x8e, 0x00, 0x8d, 0xff, 0x01, 0x7f,
    0x3f, 0x84, 0x1f, 0x01, 0x3f, 0x7f, 0x8d, 0xff, 0xa6, 0x00, 0x8c, 0xff, 0x02, 0xe0, 0xc0, 0x80,
    0x84, 0x00, 0x02, 0x80, 0xc0, 0xe0, 0x8c, 0xff, 0x8e, 0x00, 0x8c, 0xff, 0x02, 0xe0, 0xc0, 0x80,
    0x84, 0x00, 0x02, 0x80, 0xc0, 0xe0, 0x8c, 0xff, 0xa6, 0x00, 0x05, 0x03, 0x0f, 0x1f, 0x3f, 0x7f,
    0x7f, 0x98, 0xff, 0x05, 0x7f, 0x7f, 0x3f, 0x1f, 0x0f, 0x03, 0x8e, 0x00, 0x05, 0x03, 0x0f, 0x1f,
    0x3f, 0x7f, 0x7f, 0x98, 0xff, 0x05, 0x7f, 0x7f, 0x3f, 0x1f, 0x0f, 0x03, 0xc9, 0x00, 0x82, 0x80,
    0x8c, 0xc0, 0x82, 0x80, 0xe9, 0x00, 0x00, 0x03, 0x82, 0x01, 0x90, 0x00, 0x82, 0x01, 0x00, 0x03,
    0xb2, 0x00,
};

static const uint8_t s_anim_angry_f11[] = {
    0x93, 0x00, 0x00, 0xc0, 0x88, 0x80, 0xc4, 0x00, 0x88, 0x80, 0x00, 0xc0, 0xaf, 0x00, 0x88, 0x01,
    0x00, 0x03, 0x87, 0x02, 0x00, 0x06, 0x87, 0x04, 0x00, 0x0c, 0x8e, 0x00, 0x00, 0x0c, 0x87, 0x04,
    0x00, 0x06, 0x87, 0x02, 0x00, 0x03, 0x88, 0x01, 0xaf, 0x00, 0x05, 0x80, 0xe0, 0xf0, 0xf8, 0xfc,
    0xfc, 0x98, 0xfe, 0x05, 0xfc, 0xfc, 0xf8, 0xf0, 0xe0, 0x80, 0x8e, 0x00, 0x05, 0x80, 0xe0, 0xf0,
    0xf8, 0xfc, 0xfc, 0x98, 0xfe, 0x05, 0xfc, 0xfc, 0xf8, 0xf0, 0xe0, 0x80, 0xa6, 0x00, 0x8e, 0xff,
    0x00, 0x7f, 0x84, 0x3f, 0x00, 0x7f, 0x8e, 0xff, 0x8e, 0x00, 0x8e, 0xff, 0x00, 0x7f, 0x84, 0x3f,
    0x00, 0x7f, 0x8e, 0xff, 0xa6, 0x00, 0x8c, 0xff, 0x01, 0xc1, 0x80, 0x86, 0x00, 0x01, 0x80, 0xc1,
    0x8c, 0xff, 0x8e, 0x00, 0x8c, 0xff, 0x01, 0xc1, 0x80, 0x86, 0x00, 0x01, 0x80, 0xc1, 0x8c, 0xff,
    0xa6, 0x00, 0x05, 0x03, 0x0f, 0x1f, 0x3f, 0x7f, 0x7f, 0x89, 0xff, 0x84, 0xfe, 0x89, 0xff, 0x05,
    0x7f, 0x7f, 0x3f, 0x1f, 0x0f, 0x03, 0x8e, 0x00, 0x05, 0x03, 0x0f, 0x1f, 0x3f, 0x7f, 0x7f, 0x89,
    0xff, 0x84, 0xfe, 0x89, 0xff, 0x05, 0x7f, 0x7f, 0x3f, 0x1f, 0x0f, 0x03, 0xc9, 0x00, 0x82, 0x80,
    0x8c, 0xc0, 0x82, 0x80, 0xe9, 0x00, 0x00, 0x03, 0x82, 0x01, 0x90, 0x00, 0x82, 0x01, 0x00, 0x03,
    0xb2, 0x00,
};

static const uint8_t s_anim_angry_f12[] = {
    0x93, 0x00, 0x00, 0xc0, 0x88, 0x80, 0xc4, 0x00, 0x88, 0x80, 0x00, 0xc0, 0xaf, 0x00, 0x88, 0x01,
    0x00, 0x03, 0x87, 0x02, 0x00, 0x06, 0x87, 0x04, 0x00, 0x0c, 0x8e, 0x00, 0x00, 0x0c, 0x87, 0x04,
    0x00, 0x06, 0x87, 0x02, 0x00, 0x03, 0x88, 0x01, 0xaf, 0x00, 0x05, 0x80, 0xe0, 0xf0, 0xf8, 0xfc,
    0xfc, 0x98, 0xfe, 0x05, 0xfc, 0xfc, 0xf8, 0xf0, 0xe0, 0x80, 0x8e, 0x00, 0x05, 0x80, 0xe0, 0xf0,
    0xf8, 0xfc, 0xfc, 0x98, 0xfe, 0x05, 0xfc, 0xfc, 0xf8, 0xf0, 0xe0, 0x80, 0xa6, 0x00, 0x8e, 0xff,
    0x00, 0x7f, 0x84, 0x3f, 0x00, 0x7f, 0x8e, 0xff, 0x8e, 0x00, 0x8e, 0xff, 0x00, 0x7f, 0x84, 0x3f,
    0x00, 0x7f, 0x8e, 0xff, 0xa6, 0x00, 0x8c, 0xff, 0x01, 0xc1, 0x80, 0x86, 0x00, 0x01, 0x80, 0xc1,
    0x8c, 0xff, 0x8e, 0x00, 0x8c, 0xff, 0x01, 0xc1, 0x80, 0x86, 0x00, 0x01, 0x80, 0xc1, 0x8c, 0xff,
    0xa6, 0x00, 0x05, 0x03, 0x0f, 0x1f, 0x3f, 0x7f, 0x7f, 0x89, 0xff, 0x84, 0xfe, 0x89, 0xff, 0x05,
    0x7f, 0x7f, 0x3f, 0x1f, 0x0f, 0x03, 0x8e, 0x00, 0x05, 0x03, 0x0f, 0x1f, 0x3f, 0x7f, 0x7f, 0x89,
    0xff, 0x84, 0xfe, 0x89, 0xff, 0x05, 0x7f, 0x7f, 0x3f, 0x1f, 0x0f, 0x03, 0xc9, 0x00, 0x82, 0x80,
    0x8c, 0xc0, 0x82, 0x80, 0xe9, 0x00, 0x00, 0x03, 0x82, 0x01, 0x90, 0x00, 0x82, 0x01, 0x00, 0x03,
    0xb2, 0x00,
};

static const uint8_t s_anim_angry_f13[] = {
    0x93, 0x00, 0x00, 0xc0, 0x88, 0x80, 0xc4, 0x00, 0x88, 0x80, 0x00, 0xc0, 0xaf, 0x00, 0x88, 0x01,
    0x00, 0x03, 0x87, 0x02, 0x00, 0x06, 0x87, 0x04, 0x00, 0x0c, 0x8e, 0x00, 0x00, 0x0c, 0x87, 0x04,
    0x00, 0x06, 0x87, 0x02, 0x00, 0x03, 0x88, 0x01, 0xb0, 0x00, 0x04, 0xc0, 0xe0, 0xf0, 0xf8, 0xf8,
    0x98, 0xfc, 0x04, 0xf8, 0xf8, 0xf0, 0xe0, 0xc0, 0x90, 0x00, 0x04, 0xc0, 0xe0, 0xf0, 0xf8, 0xf8,
    0x98, 0xfc, 0x04, 0xf8, 0xf8, 0xf0, 0xe0, 0xc0, 0xa7, 0x00, 0x8e, 0xff, 0x00, 0x7f, 0x84, 0x3f,
    0x00, 0x7f, 0x8e, 0xff, 0x8e, 0x00, 0x8e, 0xff, 0x00, 0x7f, 0x84, 0x3f, 0x00, 0x7f, 0x8e, 0xff,
    0xa6, 0x00, 0x8c, 0xff, 0x01, 0xc1, 0x80, 0x86, 0x00, 0x01, 0x80, 0xc1, 0x8c, 0xff, 0x8e, 0x00,
    0x8c, 0xff, 0x01, 0xc1, 0x80, 0x86, 0x00, 0x01, 0x80, 0xc1, 0x8c, 0xff, 0xa6, 0x00, 0x05, 0x01,
    0x07, 0x0f, 0x1f, 0x3f, 0x3f, 0x89, 0x7f, 0x84, 0x7e, 0x89, 0x7f, 0x05, 0x3f, 0x3f, 0x1f, 0x0f,
    0x07, 0x01, 0x8e, 0x00, 0x05, 0x01, 0x07, 0x0f, 0x1f, 0x3f, 0x3f, 0x89, 0x7f, 0x84, 0x7e, 0x89,
    0x7f, 0x05, 0x3f, 0x3f, 0x1f, 0x0f, 0x07, 0x01, 0xc9, 0x00, 0x82, 0x80, 0x8c, 0xc0, 0x82, 0x80,
    0xe9, 0x00, 0x00, 0x03, 0x82, 0x01, 0x90, 0x00, 0x82, 0x01, 0x00, 0x03, 0xb2, 0x00,
};

static const uint8_t s_anim_angry_f14[] = {
    0x93, 0x00, 0x00, 0xc0, 0x88, 0x80, 0xc4, 0x00, 0x88, 0x80, 0x00, 0xc0, 0xaf, 0x00, 0x88, 0x01,
    0x00, 0x03, 0x87, 0x02, 0x00, 0x06, 0x87, 0x04, 0x00, 0x0c, 0x8e, 0x00, 0x00, 0x0c, 0x87, 0x04,
    0x00, 0x06, 0x87, 0x02, 0x00, 0x03, 0x88, 0x01, 0xb0, 0x00, 0x04, 0xc0, 0xe0, 0xf0, 0xf8, 0xf8,
    0x98, 0xfc, 0x04, 0xf8, 0xf8, 0xf0, 0xe0, 0xc0, 0x90, 0x00, 0x04, 0xc0, 0xe0, 0xf0, 0xf8, 0xf8,
    0x98, 0xfc, 0x04, 0xf8, 0xf8, 0xf0, 0xe0, 0xc0, 0xa7, 0x00, 0x8f, 0xff, 0x84, 0x7f, 0x8f, 0xff,
    0x8e, 0x00, 0x8f, 0xff, 0x84, 0x7f, 0x8f, 0xff, 0xa6, 0x00, 0x8c, 0xff, 0x01, 0x83, 0x01, 0x86,
    0x00, 0x01, 0x01, 0x83, 0x8c, 0xff, 0x8e, 0x00, 0x8c, 0xff, 0x01, 0x83, 0x01, 0x86, 0x00, 0x01,
    0x01, 0x83, 0x8c, 0xff, 0xa6, 0x00, 0x05, 0x01, 0x07, 0x0f, 0x1f, 0x3f, 0x3f, 0x88, 0x7f, 0x00,
    0x7e, 0x84, 0x7c, 0x00, 0x7e, 0x88, 0x7f, 0x05, 0x3f, 0x3f, 0x1f, 0x0f, 0x07, 0x01, 0x8e, 0x00,
    0x05, 0x01, 0x07, 0x0f, 0x1f, 0x3f, 0x3f, 0x88, 0x7f, 0x00, 0x7e, 0x84, 0x7c, 0x00, 0x7e, 0x88,
    0x7f, 0x05, 0x3f, 0x3f, 0x1f, 0x0f, 0x07, 0x01, 0xc9, 0x00, 0x82, 0x80, 0x8c, 0xc0, 0x82, 0x80,
    0xe9, 0x00, 0x00, 0x03, 0x82, 0x01, 0x90, 0x00, 0x82, 0x01, 0x00, 0x03, 0xb2, 0x00,
};

static const uint8_t s_anim_angry_f15[] = {
    0x93, 0x00, 0x00, 0xc0, 0x88, 0x80, 0xc4, 0x00, 0x88, 0x80, 0x00, 0xc0, 0xaf, 0x00, 0x88, 0x01,
    0x00, 0x03, 0x87, 0x02, 0x00, 0x06, 0x87, 0x04, 0x00, 0x0c, 0x8e, 0x00, 0x00, 0x0c, 0x87, 0x04,
    0x00, 0x06, 0x87, 0x02, 0x00, 0x03, 0x88, 0x01, 0xb0, 0x00, 0x04, 0xc0, 0xe0, 0xf0, 0xf8, 0xf8,
    0x98, 0xfc, 0x04, 0xf8, 0xf8, 0xf0, 0xe0, 0xc0, 0x90, 0x00, 0x04, 0xc0, 0xe0, 0xf0, 0xf8, 0xf8,
    0x98, 0xfc, 0x04, 0xf8, 0xf8, 0xf0, 0xe0, 0xc0, 0xa7, 0x00, 0x8f, 0xff, 0x84, 0x7f, 0x8f, 0xff,
    0x8e, 0x00, 0x8f, 0xff, 0x84, 0x7f, 0x8f, 0xff, 0xa6, 0x00, 0x8c, 0xff, 0x01, 0x83, 0x01, 0x86,
    0x00, 0x01, 0x01, 0x83, 0x8c, 0xff, 0x8e, 0x00, 0x8c, 0xff, 0x01, 0x83, 0x01, 0x86, 0x00, 0x01,
    0x01, 0x83, 0x8c, 0xff, 0xa6, 0x00, 0x05, 0x01, 0x07, 0x0f, 0x1f, 0x3f, 0x3f, 0x88, 0x7f, 0x00,
    0x7e, 0x84, 0x7c, 0x00, 0x7e, 0x88, 0x7f, 0x05, 0x3f, 0x3f, 0x1f, 0x0f, 0x07, 0x01, 0x8e, 0x00,
    0x05, 0x01, 0x07, 0x0f, 0x1f, 0x3f, 0x3f, 0x88, 0x7f, 0x00, 0x7e, 0x84, 0x7c, 0x00, 0x7e, 0x88,
    0x7f, 0x05, 0x3f, 0x3f, 0x1f, 0x0f, 0x07, 0x01, 0xc9, 0x00, 0x82, 0x80, 0x8c, 0xc0, 0x82, 0x80,
    0xe9, 0x00, 0x00, 0x03, 0x82, 0x01, 0x90, 0x00, 0x82, 0x01, 0x00, 0x03, 0xb2, 0x00,
};

static const uint8_t s_anim_angry_f16[] = {
    0x93, 0x00, 0x00, 0xc0, 0x88, 0x80, 0xc4, 0x00, 0x88, 0x80, 0x00, 0xc0, 0xaf, 0x00, 0x88, 0x01,
    0x00, 0x03, 0x87, 0x02, 0x00, 0x06, 0x87, 0x04, 0x00, 0x0c, 0x8e, 0x00, 0x00, 0x0c, 0x87, 0x04,
    0x00, 0x06, 0x87, 0x02, 0x00, 0x03, 0x88, 0x01, 0xb0, 0x00, 0x04, 0xc0, 0xe0, 0xf0, 0xf8, 0xf8,
    0x98, 0xfc, 0x04, 0xf8, 0xf8, 0xf0, 0xe0, 0xc0, 0x90, 0x00, 0x04, 0xc0, 0xe0, 0xf0, 0xf8, 0xf8,
    0x98, 0xfc, 0x04, 0xf8, 0xf8, 0xf0, 0xe0, 0xc0, 0xa7, 0x00, 0x8f, 0xff, 0x84, 0x7f, 0x8f, 0xff,
    0x8e, 0x00, 0x8f, 0xff, 0x84, 0x7f, 0x8f, 0xff, 0xa6, 0x00, 0x8c, 0xff, 0x01, 0x83, 0x01, 0x86,
    0x00, 0x01, 0x01, 0x83, 0x8c, 0xff, 0x8e, 0x00, 0x8c, 0xff, 0x01, 0x83, 0x01, 0x86, 0x00, 0x01,
    0x01, 0x83, 0x8c, 0xff, 0xa6, 0x00, 0x05, 0x01, 0x07, 0x0f, 0x1f, 0x3f, 0x3f, 0x88, 0x7f, 0x00,
    0x7e, 0x84, 0x7c, 0x00, 0x7e, 0x88, 0x7f, 0x05, 0x3f, 0x3f, 0x1f, 0x0f, 0x07, 0x01, 0x8e, 0x00,
    0x05, 0x01, 0x07, 0x0f, 0x1f, 0x3f, 0x3f, 0x88, 0x7f, 0x00, 0x7e, 0x84, 0x7c, 0x00, 0x7e, 0x88,
    0x7f, 0x05, 0x3f, 0x3f, 0x1f, 0x0f, 0x07, 0x01, 0xc9, 0x00, 0x82, 0x80, 0x8c, 0xc0, 0x82, 0x80,
    0xe9, 0x00, 0x00, 0x03, 0x82, 0x01, 0x90, 0x00, 0x82, 0x01, 0x00, 0x03, 0xb2, 0x00,
};

static const uint8_t s_anim_angry_f17[] = {
    0x93, 0x00, 0x00, 0xc0, 0x88, 0x80, 0xc4, 0x00, 0x88, 0x80, 0x00, 0xc0, 0xaf, 0x00, 0x88, 0x01,
    0x00, 0x03, 0x87, 0x02, 0x00, 0x06, 0x87, 0x04, 0x00, 0x0c, 0x8e, 0x00, 0x00, 0x0c, 0x87, 0x04,
    0x00, 0x06, 0x87, 0x02, 0x00, 0x03, 0x88, 0x01, 0xb0, 0x00, 0x04, 0xc0, 0xe0, 0xf0, 0xf8, 0xf8,
    0x98, 0xfc, 0x04, 0xf8, 0xf8, 0xf0, 0xe0, 0xc0, 0x90, 0x00, 0x04, 0xc0, 0xe0, 0xf0, 0xf8, 0xf8,
    0x98, 0xfc, 0x04, 0xf8, 0xf8, 0xf0, 0xe0, 0xc0, 0xa7, 0x00, 0x8f, 0xff, 0x84, 0x7f, 0x8f, 0xff,
    0x8e, 0x00, 0x8f, 0xff, 0x84, 0x7f, 0x8f, 0xff, 0xa6, 0x00, 0x8c, 0xff, 0x01, 0x83, 0x01, 0x86,
    0x00, 0x01, 0x01, 0x83, 0x8c, 0xff, 0x8e, 0x00, 0x8c, 0xff, 0x01, 0x83, 0x01, 0x86, 0x00, 0x01,
    0x01, 0x83, 0x8c, 0xff, 0xa6, 0x00, 0x05, 0x01, 0x07, 0x0f, 0x1f, 0x3f, 0x3f, 0x88, 0x7f, 0x00,
    0x7e, 0x84, 0x7c, 0x00, 0x7e, 0x88, 0x7f, 0x05, 0x3f, 0x3f, 0x1f, 0x0f, 0x07, 0x01, 0x8e, 0x00,
    0x05, 0x01, 0x07, 0x0f, 0x1f, 0x3f, 0x3f, 0x88, 0x7f, 0x00, 0x7e, 0x84, 0x7c, 0x00, 0x7e, 0x88,
    0x7f, 0x05, 0x3f, 0x3f, 0x1f, 0x0f, 0x07, 0x01, 0xc9, 0x00, 0x82, 0x80, 0x8c, 0xc0, 0x82, 0x80,
    0xe9, 0x00, 0x00, 0x03, 0x82, 0x01, 0x90, 0x00, 0x82, 0x01, 0x00, 0x03, 0xb2, 0x00,
};

static const uint8_t s_anim_angry_f18[] = {
    0x93, 0x00, 0x00, 0xc0, 0x88, 0x80, 0xc4, 0x00, 0x88, 0x80, 0x00, 0xc0, 0xaf, 0x00, 0x88, 0x01,
    0x00, 0x03, 0x87, 0x02, 0x00, 0x06, 0x87, 0x04, 0x00, 0x0c, 0x8e, 0x00, 0x00, 0x0c, 0x87, 0x04,
    0x00, 0x06, 0x87, 0x02, 0x00, 0x03, 0x88, 0x01, 0xb0, 0x00, 0x04, 0xc0, 0xe0, 0xf0, 0xf8, 0xf8,
    0x98, 0xfc, 0x04, 0xf8, 0xf8, 0xf0, 0xe0, 0xc0, 0x90, 0x00, 0x04, 0xc0, 0xe0, 0xf0, 0xf8, 0xf8,
    0x98, 0xfc, 0x04, 0xf8, 0xf8, 0xf0, 0xe0, 0xc0, 0xa7, 0x00, 0x8f, 0xff, 0x84, 0x7f, 0x8f, 0xff,
    0x8e, 0x00, 0x8f, 0xff, 0x84, 0x7f, 0x8f, 0xff, 0xa6, 0x00, 0x8c, 0xff, 0x01, 0x83, 0x01, 0x86,
    0x00, 0x01, 0x01, 0x83, 0x8c, 0xff, 0x8e, 0x00, 0x8c, 0xff, 0x01, 0x83, 0x01, 0x86, 0x00, 0x01,
    0x01, 0x83, 0x8c, 0xff, 0xa6, 0x00, 0x05, 0x01, 0x07, 0x0f, 0x1f, 0x3f, 0x3f, 0x88, 0x7f, 0x00,
    0x7e, 0x84, 0x7c, 0x00, 0x7e, 0x88, 0x7f, 0x05, 0x3f, 0x3f, 0x1f, 0x0f, 0x07, 0x01, 0x8e, 0x00,
    0x05, 0x01, 0x07, 0x0f, 0x1f, 0x3f, 0x3f, 0x88, 0x7f, 0x00, 0x7e, 0x84, 0x7c, 0x00, 0x7e, 0x88,
    0x7f, 0x05, 0x3f, 0x3f, 0x1f, 0x0f, 0x07, 0x01, 0xc9, 0x00, 0x82, 0x80, 0x8c, 0xc0, 0x82, 0x80,
    0xe9, 0x00, 0x00, 0x03, 0x82, 0x01, 0x90, 0x00, 0x82, 0x01, 0x00, 0x03, 0xb2, 0x00,
};

static const uint8_t s_anim_angry_f19[] = {
    0x93, 0x00, 0x00, 0xc0, 0x88, 0x80, 0xc4, 0x00, 0x88, 0x80, 0x00, 0xc0, 0xaf, 0x00, 0x88, 0x01,
    0x00, 0x03, 0x87, 0x02, 0x00, 0x06, 0x87, 0x04, 0x00, 0x0c, 0x8e, 0x00, 0x00, 0x0c, 0x87, 0x04,
    0x00, 0x06, 0x87, 0x02, 0x00, 0x03, 0x88, 0x01, 0xb0, 0x00, 0x04, 0xc0, 0xe0, 0xf0, 0xf8, 0xf8,
    0x98, 0xfc, 0x04, 0xf8, 0xf8, 0xf0, 0xe0, 0xc0, 0x90, 0x00, 0x04, 0xc0, 0xe0, 0xf0, 0xf8, 0xf8,
    0x98, 0xfc, 0x04, 0xf8, 0xf8, 0xf0, 0xe0, 0xc0, 0xa7, 0x00, 0x8f, 0xff, 0x84, 0x7f, 0x8f, 0xff,
    0x8e, 0x00, 0x8f, 0xff, 0x84, 0x7f, 0x8f, 0xff, 0xa6, 0x00, 0x8c, 0xff, 0x01, 0x83, 0x01, 0x86,
    0x00, 0x01, 0x01, 0x83, 0x8c, 0xff, 0x8e, 0x00, 0x8c, 0xff, 0x01, 0x83, 0x01, 0x86, 0x00, 0x01,
    0x01, 0x83, 0x8c, 0xff, 0xa6, 0x00, 0x05, 0x01, 0x07, 0x0f, 0x1f, 0x3f, 0x3f, 0x88, 0x7f, 0x00,
    0x7e, 0x84, 0x7c, 0x00, 0x7e, 0x88, 0x7f, 0x05, 0x3f, 0x3f, 0x1f, 0x0f, 0x07, 0x01, 0x8e, 0x00,
    0x05, 0x01, 0x07, 0x0f, 0x1f, 0x3f, 0x3f, 0x88, 0x7f, 0x00, 0x7e, 0x84, 0x7c, 0x00, 0x7e, 0x88,
    0x7f, 0x05, 0x3f, 0x3f, 0x1f, 0x0f, 0x07, 0x01, 0xc9, 0x00, 0x82, 0x80, 0x8c, 0xc0, 0x82, 0x80,
    0xe9, 0x00, 0x00, 0x03, 0x82, 0x01, 0x90, 0x00, 0x82, 0x01, 0x00, 0x03, 0xb2, 0x00,
};

static const uint8_t s_anim_angry_f20[] = {
    0x93, 0x00, 0x00, 0xc0, 0x88, 0x80, 0xc4, 0x00, 0x88, 0x80, 0x00, 0xc0, 0xaf, 0x00, 0x88, 0x01,
    0x00, 0x03, 0x87, 0x02, 0x00, 0x06, 0x87, 0x04, 0x00, 0x0c, 0x8e, 0x00, 0x00, 0x0c, 0x87, 0x04,
    0x00, 0x06, 0x87, 0x02, 0x00, 0x03, 0x88, 0x01, 0xb0, 0x00, 0x04, 0xc0, 0xe0, 0xf0, 0xf8, 0xf8,
    0x98, 0xfc, 0x04, 0xf8, 0xf8, 0xf0, 0xe0, 0xc0, 0x90, 0x00, 0x04, 0xc0, 0xe0, 0xf0, 0xf8, 0xf8,
    0x98, 0xfc, 0x04, 0xf8, 0xf8, 0xf0, 0xe0, 0xc0, 0xa7, 0x00, 0x8f, 0xff, 0x84, 0x7f, 0x8f, 0xff,
    0x8e, 0x00, 0x8f, 0xff, 0x84, 0x7f, 0x8f, 0xff, 0xa6, 0x00, 0x8c, 0xff, 0x01, 0x83, 0x01, 0x86,
    0x00, 0x01, 0x01, 0x83, 0x8c, 0xff, 0x8e, 0x00, 0x8c, 0xff, 0x01, 0x83, 0x01, 0x86, 0x00, 0x01,
    0x01, 0x83, 0x8c, 0xff, 0xa6, 0x00, 0x05, 0x01, 0x07, 0x0f, 0x1f, 0x3f, 0x3f, 0x88, 0x7f, 0x00,
    0x7e, 0x84, 0x7c, 0x00, 0x7e, 0x88, 0x7f, 0x05, 0x3f, 0x3f, 0x1f, 0x0f, 0x07, 0x01, 0x8e, 0x00,
    0x05, 0x01, 0x07, 0x0f, 0x1f, 0x3f, 0x3f, 0x88, 0x7f, 0x00, 0x7e, 0x84, 0x7c, 0x00, 0x7e, 0x88,
    0x7f, 0x05, 0x3f, 0x3f, 0x1f, 0x0f, 0x07, 0x01, 0xc9, 0x00, 0x82, 0x80, 0x8c, 0xc0, 0x82, 0x80,
    0xe9, 0x00, 0x00, 0x03, 0x82, 0x01, 0x90, 0x00, 0x82, 0x01, 0x00, 0x03, 0xb2, 0x00,
};

static const uint8_t s_anim_angry_f21[] = {
    0x93, 0x00, 0x00, 0xc0, 0x88, 0x80, 0xc4, 0x00, 0x88, 0x80, 0x00, 0xc0, 0xaf, 0x00, 0x88, 0x01,
    0x00, 0x03, 0x87, 0x02, 0x00, 0x06, 0x87, 0x04, 0x00, 0x0c, 0x8e, 0x00, 0x00, 0x0c, 0x87, 0x04,
    0x00, 0x06, 0x87, 0x02, 0x00, 0x03, 0x88, 0x01, 0xb0, 0x00, 0x04, 0xc0, 0xe0, 0xf0, 0xf8, 0xf8,
    0x98, 0xfc, 0x04, 0xf8, 0xf8, 0xf0, 0xe0, 0xc0, 0x90, 0x00, 0x04, 0xc0, 0xe0, 0xf0, 0xf8, 0xf8,
    0x98, 0xfc, 0x04, 0xf8, 0xf8, 0xf0, 0xe0, 0xc0, 0xa7, 0x00, 0x8f, 0xff, 0x84, 0x7f, 0x8f, 0xff,
    0x8e, 0x00, 0x8f, 0xff, 0x84, 0x7f, 0x8f, 0xff, 0xa6, 0x00, 0x8c, 0xff, 0x01, 0x83, 0x01, 0x86,
    0x00, 0x01, 0x01, 0x83, 0x8c, 0xff, 0x8e, 0x00, 0x8c, 0xff, 0x01, 0x83, 0x01, 0x86, 0x00, 0x01,
    0x01, 0x83, 0x8c, 0xff, 0xa6, 0x00, 0x05, 0x01, 0x07, 0x0f, 0x1f, 0x3f, 0x3f, 0x88, 0x7f, 0x00,
    0x7e, 0x84, 0x7c, 0x00, 0x7e, 0x88, 0x7f, 0x05, 0x3f, 0x3f, 0x1f, 0x0f, 0x07, 0x01, 0x8e, 0x00,
    0x05, 0x01, 0x07, 0x0f, 0x1f, 0x3f, 0x3f, 0x88, 0x7f, 0x00, 0x7e, 0x84, 0x7c, 0x00, 0x7e, 0x88,
    0x7f, 0x05, 0x3f, 0x3f, 0x1f, 0x0f, 0x07, 0x01, 0xc9, 0x00, 0x82, 0x80, 0x8c, 0xc0, 0x82, 0x80,
    0xe9, 0x00, 0x00, 0x03, 0x82, 0x01, 0x90, 0x00, 0x82, 0x01, 0x00, 0x03, 0xb2, 0x00,
};

static const uint8_t s_anim_angry_f22[] = {
    0x93, 0x00, 0x00, 0xc0, 0x88, 0x80, 0xc4, 0x00, 0x88, 0x80, 0x00, 0xc0, 0xaf, 0x00, 0x88, 0x01,
    0x00, 0x03, 0x87, 0x02, 0x00, 0x06, 0x87, 0x04, 0x00, 0x0c, 0x8e, 0x00, 0x00, 0x0c, 0x87, 0x04,
    0x00, 0x06, 0x87, 0x02, 0x00, 0x03, 0x88, 0x01, 0xb0, 0x00, 0x04, 0xc0, 0xe0, 0xf0, 0xf8, 0xf8,
    0x98, 0xfc, 0x04, 0xf8, 0xf8, 0xf0, 0xe0, 0xc0, 0x90, 0x00, 0x04, 0xc0, 0xe0, 0xf0, 0xf8, 0xf8,
    0x98, 0xfc, 0x04, 0xf8, 0xf8, 0xf0, 0xe0, 0xc0, 0xa7, 0x00, 0x8f, 0xff, 0x84, 0x7f, 0x8f, 0xff,
    0x8e, 0x00, 0x8f, 0xff, 0x84, 0x7f, 0x8f, 0xff, 0xa6, 0x00, 0x8c, 0xff, 0x01, 0x83, 0x01, 0x86,
    0x00, 0x01, 0x01, 0x83, 0x8c, 0xff, 0x8e, 0x00, 0x8c, 0xff, 0x01, 0x83, 0x01, 0x86, 0x00, 0x01,
    0x01, 0x83, 0x8c, 0xff, 0xa6, 0x00, 0x05, 0x01, 0x07, 0x0f, 0x1f, 0x3f, 0x3f, 0x88, 0x7f, 0x00,
    0x7e, 0x84, 0x7c, 0x00, 0x7e, 0x88, 0x7f, 0x05, 0x3f, 0x3f, 0x1f, 0x0f, 0x07, 0x01, 0x8e, 0x00,
    0x05, 0x01, 0x07, 0x0f, 0x1f, 0x3f, 0x3f, 0x88, 0x7f, 0x00, 0x7e, 0x84, 0x7c, 0x00, 0x7e, 0x88,
    0x7f, 0x05, 0x3f, 0x3f, 0x1f, 0x0f, 0x07, 0x01, 0xc9, 0x00, 0x82, 0x80, 0x8c, 0xc0, 0x82, 0x80,
    0xe9, 0x00, 0x00, 0x03, 0x82, 0x01, 0x90, 0x00, 0x82, 0x01, 0x00, 0x03, 0xb2, 0x00,
};

static const uint8_t s_anim_angry_f23[] = {
    0x93, 0x00, 0x00, 0xc0, 0x88, 0x80, 0xc4, 0x00, 0x88, 0x80, 0x00, 0xc0, 0xaf, 0x00, 0x88, 0x01,
    0x00, 0x03, 0x87, 0x02, 0x00, 0x06, 0x87, 0x04, 0x00, 0x0c, 0x8e, 0x00, 0x00, 0x0c, 0x87, 0x04,
    0x00, 0x06, 0x87, 0x02, 0x00, 0x03, 0x88, 0x01, 0xb0, 0x00, 0x04, 0xc0, 0xe0, 0xf0, 0xf8, 0xf8,
    0x98, 0xfc, 0x04, 0xf8, 0xf8, 0xf0, 0xe0, 0xc0, 0x90, 0x00, 0x04, 0xc0, 0xe0, 0xf0, 0xf8, 0xf8,
    0x98, 0xfc, 0x04, 0xf8, 0xf8, 0xf0, 0xe0, 0xc0, 0xa7, 0x00, 0x8e, 0xff, 0x00, 0x7f, 0x84, 0x3f,
    0x00, 0x7f, 0x8e, 0xff, 0x8e, 0x00, 0x8e, 0xff, 0x00, 0x7f, 0x84, 0x3f, 0x00, 0x7f, 0x8e, 0xff,
    0xa6, 0x00, 0x8c, 0xff, 0x01, 0xc1, 0x80, 0x86, 0x00, 0x01, 0x80, 0xc1, 0x8c, 0xff, 0x8e, 0x00,
    0x8c, 0xff, 0x01, 0xc1, 0x80, 0x86, 0x00, 0x01, 0x80, 0xc1, 0x8c, 0xff, 0xa6, 0x00, 0x05, 0x01,
    0x07, 0x0f, 0x1f, 0x3f, 0x3f, 0x89, 0x7f, 0x84, 0x7e, 0x89, 0x7f, 0x05, 0x3f, 0x3f, 0x1f, 0x0f,
    0x07, 0x01, 0x8e, 0x00, 0x05, 0x01, 0x07, 0x0f, 0x1f, 0x3f, 0x3f, 0x89, 0x7f, 0x84, 0x7e, 0x89,
    0x7f, 0x05, 0x3f, 0x3f, 0x1f, 0x0f, 0x07, 0x01, 0xc9, 0x00, 0x82, 0x80, 0x8c, 0xc0, 0x82, 0x80,
    0xe9, 0x00, 0x00, 0x03, 0x82, 0x01, 0x90, 0x00, 0x82, 0x01, 0x00, 0x03, 0xb2, 0x00,
};

static const uint8_t s_anim_angry_f24[] = {
    0x93, 0x00, 0x00, 0xc0, 0x88, 0x80, 0xc4, 0x00, 0x88, 0x80, 0x00, 0xc0, 0xaf, 0x00, 0x88, 0x01,
    0x00, 0x03, 0x87, 0x02, 0x00, 0x06, 0x87, 0x04, 0x00, 0x0c, 0x8e, 0x00, 0x00, 0x0c, 0x87, 0x04,
    0x00, 0x06, 0x87, 0x02, 0x00, 0x03, 0x88, 0x01, 0xaf, 0x00, 0x05, 0x80, 0xe0, 0xf0, 0xf8, 0xfc,
    0xfc, 0x98, 0xfe, 0x05, 0xfc, 0xfc, 0xf8, 0xf0, 0xe0, 0x80, 0x8e, 0x00, 0x05, 0x80, 0xe0, 0xf0,
    0xf8, 0xfc, 0xfc, 0x98, 0xfe, 0x05, 0xfc, 0xfc, 0xf8, 0xf0, 0xe0, 0x80, 0xa6, 0x00, 0x8e, 0xff,
    0x00, 0x7f, 0x84, 0x3f, 0x00, 0x7f, 0x8e, 0xff, 0x8e, 0x00, 0x8e, 0xff, 0x00, 0x7f, 0x84, 0x3f,
    0x00, 0x7f, 0x8e, 0xff, 0xa6, 0x00, 0x8c, 0xff, 0x01, 0xc1, 0x80, 0x86, 0x00, 0x01, 0x80, 0xc1,
    0x8c, 0xff, 0x8e, 0x00, 0x8c, 0xff, 0x01, 0xc1, 0x80, 0x86, 0x00, 0x01, 0x80, 0xc1, 0x8c, 0xff,
    0xa6, 0x00, 0x05, 0x03, 0x0f, 0x1f, 0x3f, 0x7f, 0x7f, 0x89, 0xff, 0x84, 0xfe, 0x89, 0xff, 0x05,
    0x7f, 0x7f, 0x3f, 0x1f, 0x0f, 0x03, 0x8e, 0x00, 0x05, 0x03, 0x0f, 0x1f, 0x3f, 0x7f, 0x7f, 0x89,
    0xff, 0x84, 0xfe, 0x89, 0xff, 0x05, 0x7f, 0x7f, 0x3f, 0x1f, 0x0f, 0x03, 0xc9, 0x00, 0x82, 0x80,
    0x8c, 0xc0, 0x82, 0x80, 0xe9, 0x00, 0x00, 0x03, 0x82, 0x01, 0x90, 0x00, 0x82, 0x01, 0x00, 0x03,
    0xb2, 0x00,
};

static const uint8_t s_anim_angry_f25[] = {
    0x93, 0x00, 0x00, 0xc0, 0x88, 0x80, 0xc4, 0x00, 0x88, 0x80, 0x00, 0xc0, 0xaf, 0x00, 0x88, 0x01,
    0x00, 0x03, 0x87, 0x02, 0x00, 0x06, 0x87, 0x04, 0x00, 0x0c, 0x8e, 0x00, 0x00, 0x0c, 0x87, 0x04,
    0x00, 0x06, 0x87, 0x02, 0x00, 0x03, 0x88, 0x01, 0xaf, 0x00, 0x05, 0x80, 0xe0, 0xf0, 0xf8, 0xfc,
    0xfc, 0x98, 0xfe, 0x05, 0xfc, 0xfc, 0xf8, 0xf0, 0xe0, 0x80, 0x8e, 0x00, 0x05, 0x80, 0xe0, 0xf0,
    0xf8, 0xfc, 0xfc, 0x98, 0xfe, 0x05, 0xfc, 0xfc, 0xf8, 0xf0, 0xe0, 0x80, 0xa6, 0x00, 0x8e, 0xff,
    0x00, 0x7f, 0x84, 0x3f, 0x00, 0x7f, 0x8e, 0xff, 0x8e, 0x00, 0x8e, 0xff, 0x00, 0x7f, 0x84, 0x3f,
    0x00, 0x7f, 0x8e, 0xff, 0xa6, 0x00, 0x8c, 0xff, 0x01, 0xc1, 0x80, 0x86, 0x00, 0x01, 0x80, 0xc1,
    0x8c, 0xff, 0x8e, 0x00, 0x8c, 0xff, 0x01, 0xc1, 0x80, 0x86, 0x00, 0x01, 0x80, 0xc1, 0x8c, 0xff,
    0xa6, 0x00, 0x05, 0x03, 0x0f, 0x1f, 0x3f, 0x7f, 0x7f, 0x89, 0xff, 0x84, 0xfe, 0x89, 0xff, 0x05,
    0x7f, 0x7f, 0x3f, 0x1f, 0x0f, 0x03, 0x8e, 0x00, 0x05, 0x03, 0x0f, 0x1f, 0x3f, 0x7f, 0x7f, 0x89,
    0xff, 0x84, 0xfe, 0x89, 0xff, 0x05, 0x7f, 0x7f, 0x3f, 0x1f, 0x0f, 0x03, 0xc9, 0x00, 0x82, 0x80,
    0x8c, 0xc0, 0x82, 0x80, 0xe9, 0x00, 0x00, 0x03, 0x82, 0x01, 0x90, 0x00, 0x82, 0x01, 0x00, 0x03,
    0xb2, 0x00,
};

static const uint8_t s_anim_angry_f26[] = {
    0x93, 0x00, 0x00, 0xc0, 0x88, 0x80, 0xc4, 0x00, 0x88, 0x80, 0x00, 0xc0, 0xaf, 0x00, 0x88, 0x01,
    0x00, 0x03, 0x87, 0x02, 0x00, 0x06, 0x87, 0x04, 0x00, 0x0c, 0x8e, 0x00, 0x00, 0x0c, 0x87, 0x04,
    0x00, 0x06, 0x87, 0x02, 0x00, 0x03, 0x88, 0x01, 0xaf, 0x00, 0x05, 0x80, 0xe0, 0xf0, 0xf8, 0xfc,
    0xfc, 0x98, 0xfe, 0x05, 0xfc, 0xfc, 0xf8, 0xf0, 0xe0, 0x80, 0x8e, 0x00, 0x05, 0x80, 0xe0, 0xf0,
    0xf8, 0xfc, 0xfc, 0x98, 0xfe, 0x05, 0xfc, 0xfc, 0xf8, 0xf0, 0xe0, 0x80, 0xa6, 0x00, 0x8d, 0xff,
    0x01, 0x7f, 0x3f, 0x84, 0x1f, 0x01, 0x3f, 0x7f, 0x8d, 0xff, 0x8e, 0x00, 0x8d, 0xff, 0x01, 0x7f,
    0x3f, 0x84, 0x1f, 0x01, 0x3f, 0x7f, 0x8d, 0xff, 0xa6, 0x00, 0x8c, 0xff, 0x02, 0xe0, 0xc0, 0x80,
    0x84, 0x00, 0x02, 0x80, 0xc0, 0xe0, 0x8c, 0xff, 0x8e, 0x00, 0x8c, 0xff, 0x02, 0xe0, 0xc0, 0x80,
    0x84, 0x00, 0x02, 0x80, 0xc0, 0xe0, 0x8c, 0xff, 0xa6, 0x00, 0x05, 0x03, 0x0f, 0x1f, 0x3f, 0x7f,
    0x7f, 0x98, 0xff, 0x05, 0x7f, 0x7f, 0x3f, 0x1f, 0x0f, 0x03, 0x8e, 0x00, 0x05, 0x03, 0x0f, 0x1f,
    0x3f, 0x7f, 0x7f, 0x98, 0xff, 0x05, 0x7f, 0x7f, 0x3f, 0x1f, 0x0f, 0x03, 0xc9, 0x00, 0x82, 0x80,
    0x8c, 0xc0, 0x82, 0x80, 0xe9, 0x00, 0x00, 0x03, 0x82, 0x01, 0x90, 0x00, 0x82, 0x01, 0x00, 0x03,
    0xb2, 0x00,
};

static const uint8_t s_anim_angry_f27[] = {
    0x93, 0x00, 0x00, 0xc0, 0x88, 0x80, 0xc4, 0x00, 0x88, 0x80, 0x00, 0xc0, 0xaf, 0x00, 0x88, 0x01,
    0x00, 0x03, 0x87, 0x02, 0x00, 0x06, 0x87, 0x04, 0x00, 0x0c, 0x8e, 0x00, 0x00, 0x0c, 0x87, 0x04,
    0x00, 0x06, 0x87, 0x02, 0x00, 0x03, 0x88, 0x01, 0xaf, 0x00, 0x05, 0x80, 0xe0, 0xf0, 0xf8, 0xfc,
    0xfc, 0x98, 0xfe, 0x05, 0xfc, 0xfc, 0xf8, 0xf0, 0xe0, 0x80, 0x8e, 0x00, 0x05, 0x80, 0xe0, 0xf0,
    0xf8, 0xfc, 0xfc, 0x98, 0xfe, 0x05, 0xfc, 0xfc, 0xf8, 0xf0, 0xe0, 0x80, 0xa6, 0x00, 0x8d, 0xff,
    0x01, 0x7f, 0x3f, 0x84, 0x1f, 0x01, 0x3f, 0x7f, 0x8d, 0xff, 0x8e, 0x00, 0x8d, 0xff, 0x01, 0x7f,
    0x3f, 0x84, 0x1f, 0x01, 0x3f, 0x7f, 0x8d, 0xff, 0xa6, 0x00, 0x8c, 0xff, 0x02, 0xe0, 0xc0, 0x80,
    0x84, 0x00, 0x02, 0x80, 0xc0, 0xe0, 0x8c, 0xff, 0x8e, 0x00, 0x8c, 0xff, 0x02, 0xe0, 0xc0, 0x80,
    0x84, 0x00, 0x02, 0x80, 0xc0, 0xe0, 0x8c, 0xff, 0xa6, 0x00, 0x05, 0x03, 0x0f, 0x1f, 0x3f, 0x7f,
    0x7f, 0x98, 0xff, 0x05, 0x7f, 0x7f, 0x3f, 0x1f, 0x0f, 0x03, 0x8e, 0x00, 0x05, 0x03, 0x0f, 0x1f,
    0x3f, 0x7f, 0x7f, 0x98, 0xff, 0x05, 0x7f, 0x7f, 0x3f, 0x1f, 0x0f, 0x03, 0xc9, 0x00, 0x82, 0x80,
    0x8c, 0xc0, 0x82, 0x80, 0xe9, 0x00, 0x00, 0x03, 0x82, 0x01, 0x90, 0x00, 0x82, 0x01, 0x00, 0x03,
    0xb2, 0x00,
};

static const uint8_t s_anim_angry_f28[] = {
    0x93, 0x00, 0x00, 0xc0, 0x88, 0x80, 0xc4, 0x00, 0x88, 0x80, 0x00, 0xc0, 0xaf, 0x00, 0x88, 0x01,
    0x00, 0x03, 0x87, 0x02, 0x00, 0x06, 0x87, 0x04, 0x00, 0x0c, 0x8e, 0x00, 0x00, 0x0c, 0x87, 0x04,
    0x00, 0x06, 0x87, 0x02, 0x00, 0x03, 0x88, 0x01, 0xaf, 0x00, 0x05, 0x80, 0xe0, 0xf0, 0xf8, 0xfc,
    0xfc, 0x98, 0xfe, 0x05, 0xfc, 0xfc, 0xf8, 0xf0, 0xe0, 0x80, 0x8e, 0x00, 0x05, 0x80, 0xe0, 0xf0,
    0xf8, 0xfc, 0xfc, 0x98, 0xfe, 0x05, 0xfc, 0xfc, 0xf8, 0xf0, 0xe0, 0x80, 0xa6, 0x00, 0x8d, 0xff,
    0x01, 0x7f, 0x3f, 0x84, 0x1f, 0x01, 0x3f, 0x7f, 0x8d, 0xff, 0x8e, 0x00, 0x8d, 0xff, 0x01, 0x7f,
    0x3f, 0x84, 0x1f, 0x01, 0x3f, 0x7f, 0x8d, 0xff, 0xa6, 0x00, 0x8c, 0xff, 0x02, 0xe0, 0xc0, 0x80,
    0x84, 0x00, 0x02, 0x80, 0xc0, 0xe0, 0x8c, 0xff, 0x8e, 0x00, 0x8c, 0xff, 0x02, 0xe0, 0xc0, 0x80,
    0x84, 0x00, 0x02, 0x80, 0xc0, 0xe0, 0x8c, 0xff, 0xa6, 0x00, 0x05, 0x03, 0x0f, 0x1f, 0x3f, 0x7f,
    0x7f, 0x98, 0xff, 0x05, 0x7f, 0x7f, 0x3f, 0x1f, 0x0f, 0x03, 0x8e, 0x00, 0x05, 0x03, 0x0f, 0x1f,
    0x3f, 0x7f, 0x7f, 0x98, 0xff, 0x05, 0x7f, 0x7f, 0x3f, 0x1f, 0x0f, 0x03, 0xc9, 0x00, 0x82, 0x80,
    0x8c, 0xc0, 0x82, 0x80, 0xe9, 0x00, 0x00, 0x03, 0x82, 0x01, 0x90, 0x00, 0x82, 0x01, 0x00, 0x03,
    0xb2, 0x00,
};

static const uint8_t s_anim_angry_f29[] = {
    0x93, 0x00, 0x00, 0xc0, 0x88, 0x80, 0xc4, 0x00, 0x88, 0x80, 0x00, 0xc0, 0xaf, 0x00, 0x88, 0x01,
    0x00, 0x03, 0x87, 0x02, 0x00, 0x06, 0x87, 0x04, 0x00, 0x0c, 0x8e, 0x00, 0x00, 0x0c, 0x87, 0x04,
    0x00, 0x06, 0x87, 0x02, 0x00, 0x03, 0x88, 0x01, 0xaf, 0x00, 0x05, 0x80, 0xe0, 0xf0, 0xf8, 0xfc,
    0xfc, 0x98, 0xfe, 0x05, 0xfc, 0xfc, 0xf8, 0xf0, 0xe0, 0x80, 0x8e, 0x00, 0x05, 0x80, 0xe0, 0xf0,
    0xf8, 0xfc, 0xfc, 0x98, 0xfe, 0x05, 0xfc, 0xfc, 0xf8, 0xf0, 0xe0, 0x80, 0xa6, 0x00, 0x8c, 0xff,
    0x02, 0x7f, 0x3f, 0x1f, 0x84, 0x0f, 0x02, 0x1f, 0x3f, 0x7f, 0x8c, 0xff, 0x8e, 0x00, 0x8c, 0xff,
    0x02, 0x7f, 0x3f, 0x1f, 0x84, 0x0f, 0x02, 0x1f, 0x3f, 0x7f, 0x8c, 0xff, 0xa6, 0x00, 0x8c, 0xff,
    0x02, 0xf0, 0xe0, 0xc0, 0x84, 0x80, 0x02, 0xc0, 0xe0, 0xf0, 0x8c, 0xff, 0x8e, 0x00, 0x8c, 0xff,
    0x02, 0xf0, 0xe0, 0xc0, 0x84, 0x80, 0x02, 0xc0, 0xe0, 0xf0, 0x8c, 0xff, 0xa6, 0x00, 0x05, 0x03,
    0x0f, 0x1f, 0x3f, 0x7f, 0x7f, 0x98, 0xff, 0x05, 0x7f, 0x7f, 0x3f, 0x1f, 0x0f, 0x03, 0x8e, 0x00,
    0x05, 0x03, 0x0f, 0x1f, 0x3f, 0x7f, 0x7f, 0x98, 0xff, 0x05, 0x7f, 0x7f, 0x3f, 0x1f, 0x0f, 0x03,
    0xc9, 0x00, 0x82, 0x80, 0x8c, 0xc0, 0x82, 0x80, 0xe9, 0x00, 0x00, 0x03, 0x82, 0x01, 0x90, 0x00,
    0x82, 0x01, 0x00, 0x03, 0xb2, 0x00,
};

static const uint8_t s_anim_angry_f30[] = {
    0x93, 0x00, 0x00, 0xc0, 0x88, 0x80, 0xc4, 0x00, 0x88, 0x80, 0x00, 0xc0, 0xaf, 0x00, 0x88, 0x01,
    0x00, 0x03, 0x87, 0x02, 0x00, 0x06, 0x87, 0x04, 0x00, 0x0c, 0x8e, 0x00, 0x00, 0x0c, 0x87, 0x04,
    0x00, 0x06, 0x87, 0x02, 0x00, 0x03, 0x88, 0x01, 0xaf, 0x00, 0x05, 0xc0, 0xf0, 0xf8, 0xfc, 0xfe,
    0xfe, 0x98, 0xff, 0x05, 0xfe, 0xfe, 0xfc, 0xf8, 0xf0, 0xc0, 0x8e, 0x00, 0x05, 0xc0, 0xf0, 0xf8,
    0xfc, 0xfe, 0xfe, 0x98, 0xff, 0x05, 0xfe, 0xfe, 0xfc, 0xf8, 0xf0, 0xc0, 0xa6, 0x00, 0x8c, 0xff,
    0x02, 0x7f, 0x3f, 0x1f, 0x84, 0x0f, 0x02, 0x1f, 0x3f, 0x7f, 0x8c, 0xff, 0x8e, 0x00, 0x8c, 0xff,
    0x02, 0x7f, 0x3f, 0x1f, 0x84, 0x0f, 0x02, 0x1f, 0x3f, 0x7f, 0x8c, 0xff, 0xa6, 0x00, 0x8c, 0xff,
    0x02, 0xf0, 0xe0, 0xc0, 0x84, 0x80, 0x02, 0xc0, 0xe0, 0xf0, 0x8c, 0xff, 0x8e, 0x00, 0x8c, 0xff,
    0x02, 0xf0, 0xe0, 0xc0, 0x84, 0x80, 0x02, 0xc0, 0xe0, 0xf0, 0x8c, 0xff, 0xa6, 0x00, 0x03, 0x07,
    0x1f, 0x3f, 0x7f, 0x9c, 0xff, 0x03, 0x7f, 0x3f, 0x1f, 0x07, 0x8e, 0x00, 0x03, 0x07, 0x1f, 0x3f,
    0x7f, 0x9c, 0xff, 0x03, 0x7f, 0x3f, 0x1f, 0x07, 0xac, 0x00, 0x98, 0x01, 0x83, 0x00, 0x82, 0x80,
    0x8c, 0xc0, 0x82, 0x80, 0x83, 0x00, 0x98, 0x01, 0xcc, 0x00, 0x00, 0x03, 0x82, 0x01, 0x90, 0x00,
    0x82, 0x01, 0x00, 0x03, 0xb2, 0x00,
};

static const uint8_t s_anim_angry_f31[] = {
    0x93, 0x00, 0x00, 0xc0, 0x88, 0x80, 0xc4, 0x00, 0x88, 0x80, 0x00, 0xc0, 0xaf, 0x00, 0x88, 0x01,
    0x00, 0x03, 0x87, 0x02, 0x00, 0x06, 0x87, 0x04, 0x00, 0x0c, 0x8e, 0x00, 0x00, 0x0c, 0x87, 0x04,
    0x00, 0x06, 0x87, 0x02, 0x00, 0x03, 0x88, 0x01, 0xaf, 0x00, 0x05, 0xc0, 0xf0, 0xf8, 0xfc, 0xfe,
    0xfe, 0x98, 0xff, 0x05, 0xfe, 0xfe, 0xfc, 0xf8, 0xf0, 0xc0, 0x8e, 0x00, 0x05, 0xc0, 0xf0, 0xf8,
    0xfc, 0xfe, 0xfe, 0x98, 0xff, 0x05, 0xfe, 0xfe, 0xfc, 0xf8, 0xf0, 0xc0, 0xa6, 0x00, 0x8c, 0xff,
    0x02, 0x7f, 0x3f, 0x1f, 0x84, 0x0f, 0x02, 0x1f, 0x3f, 0x7f, 0x8c, 0xff, 0x8e, 0x00, 0x8c, 0xff,
    0x02, 0x7f, 0x3f, 0x1f, 0x84, 0x0f, 0x02, 0x1f, 0x3f, 0x7f, 0x8c, 0xff, 0xa6, 0x00, 0x8c, 0xff,
    0x02, 0xf0, 0xe0, 0xc0, 0x84, 0x80, 0x02, 0xc0, 0xe0, 0xf0, 0x8c, 0xff, 0x8e, 0x00, 0x8c, 0xff,
    0x02, 0xf0, 0xe0, 0xc0, 0x84, 0x80, 0x02, 0xc0, 0xe0, 0xf0, 0x8c, 0xff, 0xa6, 0x00, 0x03, 0x07,
    0x1f, 0x3f, 0x7f, 0x9c, 0xff, 0x03, 0x7f, 0x3f, 0x1f, 0x07, 0x8e, 0x00, 0x03, 0x07, 0x1f, 0x3f,
    0x7f, 0x9c, 0xff, 0x03, 0x7f, 0x3f, 0x1f, 0x07, 0xac, 0x00, 0x98, 0x01, 0x83, 0x00, 0x82, 0x80,
    0x8c, 0xc0, 0x82, 0x80, 0x83, 0x00, 0x98, 0x01, 0xcc, 0x00, 0x00, 0x03, 0x82, 0x01, 0x90, 0x00,
    0x82, 0x01, 0x00, 0x03, 0xb2, 0x00,
};

static const uint8_t s_anim_angry_f32[] = {
    0x93, 0x00, 0x00, 0xc0, 0x88, 0x80, 0xc4, 0x00, 0x88, 0x80, 0x00, 0xc0, 0xaf, 0x00, 0x88, 0x01,
    0x00, 0x03, 0x87, 0x02, 0x00, 0x06, 0x87, 0x04, 0x00, 0x0c, 0x8e, 0x00, 0x00, 0x0c, 0x87, 0x04,
    0x00, 0x06, 0x87, 0x02, 0x00, 0x03, 0x88, 0x01, 0xaf, 0x00, 0x05, 0xc0, 0xf0, 0xf8, 0xfc, 0xfe,
    0xfe, 0x98, 0xff, 0x05, 0xfe, 0xfe, 0xfc, 0xf8, 0xf0, 0xc0, 0x8e, 0x00, 0x05, 0xc0, 0xf0, 0xf8,
    0xfc, 0xfe, 0xfe, 0x98, 0xff, 0x05, 0xfe, 0xfe, 0xfc, 0xf8, 0xf0, 0xc0, 0xa6, 0x00, 0x8c, 0xff,
    0x02, 0x3f, 0x1f, 0x0f, 0x84, 0x07, 0x02, 0x0f, 0x1f, 0x3f, 0x8c, 0xff, 0x8e, 0x00, 0x8c, 0xff,
    0x02, 0x3f, 0x1f, 0x0f, 0x84, 0x07, 0x02, 0x0f, 0x1f, 0x3f, 0x8c, 0xff, 0xa6, 0x00, 0x8c, 0xff,
    0x02, 0xf8, 0xf0, 0xe0, 0x84, 0xc0, 0x02, 0xe0, 0xf0, 0xf8, 0x8c, 0xff, 0x8e, 0x00, 0x8c, 0xff,
    0x02, 0xf8, 0xf0, 0xe0, 0x84, 0xc0, 0x02, 0xe0, 0xf0, 0xf8, 0x8c, 0xff, 0xa6, 0x00, 0x03, 0x07,
    0x1f, 0x3f, 0x7f, 0x9c, 0xff, 0x03, 0x7f, 0x3f, 0x1f, 0x07, 0x8e, 0x00, 0x03, 0x07, 0x1f, 0x3f,
    0x7f, 0x9c, 0xff, 0x03, 0x7f, 0x3f, 0x1f, 0x07, 0xac, 0x00, 0x98, 0x01, 0x83, 0x00, 0x82, 0x80,
    0x8c, 0xc0, 0x82, 0x80, 0x83, 0x00, 0x98, 0x01, 0xcc, 0x00, 0x00, 0x03, 0x82, 0x01, 0x90, 0x00,
    0x82, 0x01, 0x00, 0x03, 0xb2, 0x00,
};

static const uint8_t s_anim_angry_f33[] = {
    0x93, 0x00, 0x00, 0xc0, 0x88, 0x80, 0xc4, 0x00, 0x88, 0x80, 0x00, 0xc0, 0xaf, 0x00, 0x88, 0x01,
    0x00, 0x03, 0x87, 0x02, 0x00, 0x06, 0x87, 0x04, 0x00, 0x0c, 0x8e, 0x00, 0x00, 0x0c, 0x87, 0x04,
    0x00, 0x06, 0x87, 0x02, 0x00, 0x03, 0x88, 0x01, 0xaf, 0x00, 0x05, 0xc0, 0xf0, 0xf8, 0xfc, 0xfe,
    0xfe, 0x98, 0xff, 0x05, 0xfe, 0xfe, 0xfc, 0xf8, 0xf0, 0xc0, 0x8e, 0x00, 0x05, 0xc0, 0xf0, 0xf8,
    0xfc, 0xfe, 0xfe, 0x98, 0xff, 0x05, 0xfe, 0xfe, 0xfc, 0xf8, 0xf0, 0xc0, 0xa6, 0x00, 0x8c, 0xff,
    0x02, 0x3f, 0x1f, 0x0f, 0x84, 0x07, 0x02, 0x0f, 0x1f, 0x3f, 0x8c, 0xff, 0x8e, 0x00, 0x8c, 0xff,
    0x02, 0x3f, 0x1f, 0x0f, 0x84, 0x07, 0x02, 0x0f, 0x1f, 0x3f, 0x8c, 0xff, 0xa6, 0x00, 0x8c, 0xff,
    0x02, 0xf8, 0xf0, 0xe0, 0x84, 0xc0, 0x02, 0xe0, 0xf0, 0xf8, 0x8c, 0xff, 0x8e, 0x00, 0x8c, 0xff,
    0x02, 0xf8, 0xf0, 0xe0, 0x84, 0xc0, 0x02, 0xe0, 0xf0, 0xf8, 0x8c, 0xff, 0xa6, 0x00, 0x03, 0x07,
    0x1f, 0x3f, 0x7f, 0x9c, 0xff, 0x03, 0x7f, 0x3f, 0x1f, 0x07, 0x8e, 0x00, 0x03, 0x07, 0x1f, 0x3f,
    0x7f, 0x9c, 0xff, 0x03, 0x7f, 0x3f, 0x1f, 0x07, 0xac, 0x00, 0x98, 0x01, 0x83, 0x00, 0x82, 0x80,
    0x8c, 0xc0, 0x82, 0x80, 0x83, 0x00, 0x98, 0x01, 0xcc, 0x00, 0x00, 0x03, 0x82, 0x01, 0x90, 0x00,
    0x82, 0x01, 0x00, 0x03, 0xb2, 0x00,
};

static const uint8_t s_anim_angry_f34[] = {
    0x93, 0x00, 0x00, 0xc0, 0x88, 0x80, 0xc4, 0x00, 0x88, 0x80, 0x00, 0xc0, 0xaf, 0x00, 0x88, 0x01,
    0x00, 0x03, 0x87, 0x02, 0x00, 0x06, 0x87, 0x04, 0x00, 0x0c, 0x8e, 0x00, 0x00, 0x0c, 0x87, 0x04,
    0x00, 0x06, 0x87, 0x02, 0x00, 0x03, 0x88, 0x01, 0xaf, 0x00, 0x05, 0xc0, 0xf0, 0xf8, 0xfc, 0xfe,
    0xfe, 0x98, 0xff, 0x05, 0xfe, 0xfe, 0xfc, 0xf8, 0xf0, 0xc0, 0x8e, 0x00, 0x05, 0xc0, 0xf0, 0xf8,
    0xfc, 0xfe, 0xfe, 0x98, 0xff, 0x05, 0xfe, 0xfe, 0xfc, 0xf8, 0xf0, 0xc0, 0xa6, 0x00, 0x8c, 0xff,
    0x02, 0x3f, 0x1f, 0x0f, 0x84, 0x07, 0x02, 0x0f, 0x1f, 0x3f, 0x8c, 0xff, 0x8e, 0x00, 0x8c, 0xff,
    0x02, 0x3f, 0x1f, 0x0f, 0x84, 0x07, 0x02, 0x0f, 0x1f, 0x3f, 0x8c, 0xff, 0xa6, 0x00, 0x8c, 0xff,
    0x02, 0xf8, 0xf0, 0xe0, 0x84, 0xc0, 0x02, 0xe0, 0xf0, 0xf8, 0x8c, 0xff, 0x8e, 0x00, 0x8c, 0xff,
    0x02, 0xf8, 0xf0, 0xe0, 0x84, 0xc0, 0x02, 0xe0, 0xf0, 0xf8, 0x8c, 0xff, 0xa6, 0x00, 0x03, 0x07,
    0x1f, 0x3f, 0x7f, 0x9c, 0xff, 0x03, 0x7f, 0x3f, 0x1f, 0x07, 0x8e, 0x00, 0x03, 0x07, 0x1f, 0x3f,
    0x7f, 0x9c, 0xff, 0x03, 0x7f, 0x3f, 0x1f, 0x07, 0xac, 0x00, 0x98, 0x01, 0x83, 0x00, 0x82, 0x80,
    0x8c, 0xc0, 0x82, 0x80, 0x83, 0x00, 0x98, 0x01, 0xcc, 0x00, 0x00, 0x03, 0x82, 0x01, 0x90, 0x00,
    0x82, 0x01, 0x00, 0x03, 0xb2, 0x00,
};

static const uint8_t s_anim_angry_f35[] = {
    0x93, 0x00, 0x00, 0xc0, 0x88, 0x80, 0xc4, 0x00, 0x88, 0x80, 0x00, 0xc0, 0xaf, 0x00, 0x88, 0x01,
    0x00, 0x03, 0x87, 0x02, 0x00, 0x06, 0x87, 0x04, 0x00, 0x0c, 0x8e, 0x00, 0x00, 0x0c, 0x87, 0x04,
    0x00, 0x06, 0x87, 0x02, 0x00, 0x03, 0x88, 0x01, 0xaf, 0x00, 0x05, 0xc0, 0xf0, 0xf8, 0xfc, 0xfe,
    0xfe, 0x98, 0xff, 0x05, 0xfe, 0xfe, 0xfc, 0xf8, 0xf0, 0xc0, 0x8e, 0x00, 0x05, 0xc0, 0xf0, 0xf8,
    0xfc, 0xfe, 0xfe, 0x98, 0xff, 0x05, 0xfe, 0xfe, 0xfc, 0xf8, 0xf0, 0xc0, 0xa6, 0x00, 0x8c, 0xff,
    0x02, 0x3f, 0x1f, 0x0f, 0x84, 0x07, 0x02, 0x0f, 0x1f, 0x3f, 0x8c, 0xff, 0x8e, 0x00, 0x8c, 0xff,
    0x02, 0x3f, 0x1f, 0x0f, 0x84, 0x07, 0x02, 0x0f, 0x1f, 0x3f, 0x8c, 0xff, 0xa6, 0x00, 0x8c, 0xff,
    0x02, 0xf8, 0xf0, 0xe0, 0x84, 0xc0, 0x02, 0xe0, 0xf0, 0xf8, 0x8c, 0xff, 0x8e, 0x00, 0x8c, 0xff,
    0x02, 0xf8, 0xf0, 0xe0, 0x84, 0xc0, 0x02, 0xe0, 0xf0, 0xf8, 0x8c, 0xff, 0xa6, 0x00, 0x03, 0x07,
    0x1f, 0x3f, 0x7f, 0x9c, 0xff, 0x03, 0x7f, 0x3f, 0x1f, 0x07, 0x8e, 0x00, 0x03, 0x07, 0x1f, 0x3f,
    0x7f, 0x9c, 0xff, 0x03, 0x7f, 0x3f, 0x1f, 0x07, 0xac, 0x00, 0x98, 0x01, 0x83, 0x00, 0x82, 0x80,
    0x8c, 0xc0, 0x82, 0x80, 0x83, 0x00, 0x98, 0x01, 0xcc, 0x00, 0x00, 0x03, 0x82, 0x01, 0x90, 0x00,
    0x82, 0x01, 0x00, 0x03, 0xb2, 0x00,
};

static const uint8_t *const s_anim_angry_frames[36] = {
    s_anim_angry_f00,
    s_anim_angry_f01,
    s_anim_angry_f02,
    s_anim_angry_f03,
    s_anim_angry_f04,
    s_anim_angry_f05,
    s_anim_angry_f06,
    s_anim_angry_f07,
    s_anim_angry_f08,
    s_anim_angry_f09,
    s_anim_angry_f10,
    s_anim_angry_f11,
    s_anim_angry_f12,
    s_anim_angry_f13,
    s_anim_angry_f14,
    s_anim_angry_f15,
    s_anim_angry_f16,
    s_anim_angry_f17,
    s_anim_angry_f18,
    s_anim_angry_f19,
    s_anim_angry_f20,
    s_anim_angry_f21,
    s_anim_angry_f22,
    s_anim_angry_f23,
    s_anim_angry_f24,
    s_anim_angry_f25,
    s_anim_angry_f26,
    s_anim_angry_f27,
    s_anim_angry_f28,
    s_anim_angry_f29,
    s_anim_angry_f30,
    s_anim_angry_f31,
    s_anim_angry_f32,
    s_anim_angry_f33,
    s_anim_angry_f34,
    s_anim_angry_f35,
};

static const uint16_t s_anim_angry_sizes[36] = {
    198, 198, 198, 198, 198, 198, 198, 198,
    194, 194, 194, 194, 194, 190, 190, 190,
    190, 190, 190, 190, 190, 190, 190, 190,
    194, 194, 194, 194, 194, 198, 198, 198,
    198, 198, 198, 198,
};

static const uint8_t s_anim_love_f00[] = {
    0xff, 0x00, 0xff, 0x00, 0xff, 0x00, 0x9b, 0x00, 0x02, 0xc0, 0xe0, 0xf0, 0x84, 0xf8, 0x04, 0xf0,
    0xe0, 0xc0, 0xe0, 0xf0, 0x84, 0xf8, 0x02, 0xf0, 0xe0, 0xc0, 0x9e, 0x00, 0x02, 0xc0, 0xe0, 0xf0,
    0x84, 0xf8, 0x04, 0xf0, 0xe0, 0xc0, 0xe0, 0xf0, 0x84, 0xf8, 0x02, 0xf0, 0xe0, 0xc0, 0xb6, 0x00,
    0x02, 0x07, 0x0f, 0x1f, 0x82, 0x3f, 0x00, 0x7f, 0x86, 0xff, 0x00, 0x7f, 0x82, 0x3f, 0x02, 0x1f,
    0x0f, 0x07, 0x9e, 0x00, 0x02, 0x07, 0x0f, 0x1f, 0x82, 0x3f, 0x00, 0x7f, 0x86, 0xff, 0x00, 0x7f,
    0x82, 0x3f, 0x02, 0x1f, 0x0f, 0x07, 0xbe, 0x00, 0x04, 0x01, 0x03, 0x07, 0x03, 0x01, 0xae, 0x00,
    0x04, 0x01, 0x03, 0x07, 0x03, 0x01, 0xd0, 0x00, 0x02, 0xc0, 0x80, 0x80, 0x9e, 0x00, 0x02, 0x80,
    0x80, 0xc0, 0xdc, 0x00, 0x05, 0x01, 0x01, 0x03, 0x02, 0x06, 0x04, 0x94, 0x0c, 0x05, 0x04, 0x06,
    0x02, 0x03, 0x01, 0x01, 0xae, 0x00,
};

static const uint8_t s_anim_love_f01[] = {
    0xff, 0x00, 0xff, 0x00, 0xff, 0x00, 0x9b, 0x00, 0x02, 0xc0, 0xe0, 0xf0, 0x84, 0xf8, 0x04, 0xf0,
    0xe0, 0xc0, 0xe0, 0xf0, 0x84, 0xf8, 0x02, 0xf0, 0xe0, 0xc0, 0x9e, 0x00, 0x02, 0xc0, 0xe0, 0xf0,
    0x84, 0xf8, 0x04, 0xf0, 0xe0, 0xc0, 0xe0, 0xf0, 0x84, 0xf8, 0x02, 0xf0, 0xe0, 0xc0, 0xb6, 0x00,
    0x02, 0x07, 0x0f, 0x1f, 0x82, 0x3f, 0x00, 0x7f, 0x86, 0xff, 0x00, 0x7f, 0x82, 0x3f, 0x02, 0x1f,
    0x0f, 0x07, 0x9e, 0x00, 0x02, 0x07, 0x0f, 0x1f, 0x82, 0x3f, 0x00, 0x7f, 0x86, 0xff, 0x00, 0x7f,
    0x82, 0x3f, 0x02, 0x1f, 0x0f, 0x07, 0xbe, 0x00, 0x04, 0x01, 0x03, 0x07, 0x03, 0x01, 0xae, 0x00,
    0x04, 0x01, 0x03, 0x07, 0x03, 0x01, 0xd0, 0x00, 0x02, 0xc0, 0x80, 0x80, 0x9e, 0x00, 0x02, 0x80,
    0x80, 0xc0, 0xdc, 0x00, 0x05, 0x01, 0x01, 0x03, 0x02, 0x06, 0x04, 0x94, 0x0c, 0x05, 0x04, 0x06,
    0x02, 0x03, 0x01, 0x01, 0xae, 0x00,
};

static const uint8_t s_anim_love_f02[] = {
    0xff, 0x00, 0xff, 0x00, 0xff, 0x00, 0x9b, 0x00, 0x02, 0xc0, 0xe0, 0xf0, 0x84, 0xf8, 0x04, 0xf0,
    0xe0, 0xc0, 0xe0, 0xf0, 0x84, 0xf8, 0x02, 0xf0, 0xe0, 0xc0, 0x9e, 0x00, 0x02, 0xc0, 0xe0, 0xf0,
    0x84, 0xf8, 0x04, 0xf0, 0xe0, 0xc0, 0xe0, 0xf0, 0x84, 0xf8, 0x02, 0xf0, 0xe0, 0xc0, 0xb6, 0x00,
    0x02, 0x07, 0x0f, 0x1f, 0x82, 0x3f, 0x00, 0x7f, 0x86, 0xff, 0x00, 0x7f, 0x82, 0x3f, 0x02, 0x1f,
    0x0f, 0x07, 0x9e, 0x00, 0x02, 0x07, 0x0f, 0x1f, 0x82, 0x3f, 0x00, 0x7f, 0x86, 0xff, 0x00, 0x7f,
    0x82, 0x3f, 0x02, 0x1f, 0x0f, 0x07, 0xbe, 0x00, 0x04, 0x01, 0x03, 0x07, 0x03, 0x01, 0xae, 0x00,
    0x04, 0x01, 0x03, 0x07, 0x03, 0x01, 0xd0, 0x00, 0x02, 0xc0, 0x80, 0x80, 0x9e, 0x00, 0x02, 0x80,
    0x80, 0xc0, 0xdc, 0x00, 0x05, 0x01, 0x01, 0x03, 0x02, 0x06, 0x04, 0x94, 0x0c, 0x05, 0x04, 0x06,
    0x02, 0x03, 0x01, 0x01, 0xae, 0x00,
};

static const uint8_t s_anim_love_f03[] = {
    0xff, 0x00, 0xff, 0x00, 0xff, 0x00, 0x9b, 0x00, 0x02, 0xc0, 0xe0, 0xf0, 0x84, 0xf8, 0x04, 0xf0,
    0xe0, 0xc0, 0xe0, 0xf0, 0x84, 0xf8, 0x02, 0xf0, 0xe0, 0xc0, 0x9e, 0x00, 0x02, 0xc0, 0xe0, 0xf0,
    0x84, 0xf8, 0x04, 0xf0, 0xe0, 0xc0, 0xe0, 0xf0, 0x84, 0xf8, 0x02, 0xf0, 0xe0, 0xc0, 0xb6, 0x00,
    0x02, 0x07, 0x0f, 0x1f, 0x82, 0x3f, 0x00, 0x7f, 0x86, 0xff, 0x00, 0x7f, 0x82, 0x3f, 0x02, 0x1f,
    0x0f, 0x07, 0x9e, 0x00, 0x02, 0x07, 0x0f, 0x1f, 0x82, 0x3f, 0x00, 0x7f, 0x86, 0xff, 0x00, 0x7f,
    0x82, 0x3f, 0x02, 0x1f, 0x0f, 0x07, 0xbe, 0x00, 0x04, 0x01, 0x03, 0x07, 0x03, 0x01, 0xae, 0x00,
    0x04, 0x01, 0x03, 0x07, 0x03, 0x01, 0xd0, 0x00, 0x02, 0xc0, 0x80, 0x80, 0x9e, 0x00, 0x02, 0x80,
    0x80, 0xc0, 0xdc, 0x00, 0x05, 0x01, 0x01, 0x03, 0x02, 0x06, 0x04, 0x94, 0x0c, 0x05, 0x04, 0x06,
    0x02, 0x03, 0x01, 0x01, 0xae, 0x00,
};

static const uint8_t s_anim_love_f04[] = {
    0xff, 0x00, 0xff, 0x00, 0xff, 0x00, 0x9b, 0x00, 0x02, 0xc0, 0xe0, 0xf0, 0x84, 0xf8, 0x04, 0xf0,
    0xe0, 0xc0, 0xe0, 0xf0, 0x84, 0xf8, 0x02, 0xf0, 0xe0, 0xc0, 0x9e, 0x00, 0x02, 0xc0, 0xe0, 0xf0,
    0x84, 0xf8, 0x04, 0xf0, 0xe0, 0xc0, 0xe0, 0xf0, 0x84, 0xf8, 0x02, 0xf0, 0xe0, 0xc0, 0xb6, 0x00,
    0x02, 0x07, 0x0f, 0x1f, 0x82, 0x3f, 0x00, 0x7f, 0x86, 0xff, 0x00, 0x7f, 0x82, 0x3f, 0x02, 0x1f,
    0x0f, 0x07, 0x9e, 0x00, 0x02, 0x07, 0x0f, 0x1f, 0x82, 0x3f, 0x00, 0x7f, 0x86, 0xff, 0x00, 0x7f,
    0x82, 0x3f, 0x02, 0x1f, 0x0f, 0x07, 0xbe, 0x00, 0x04, 0x01, 0x03, 0x07, 0x03, 0x01, 0xae, 0x00,
    0x04, 0x01, 0x03, 0x07, 0x03, 0x01, 0xd0, 0x00, 0x02, 0xc0, 0x80, 0x80, 0x9e, 0x00, 0x02, 0x80,
    0x80, 0xc0, 0xdc, 0x00, 0x05, 0x01, 0x01, 0x03, 0x02, 0x06, 0x04, 0x94, 0x0c, 0x05, 0x04, 0x06,
    0x02, 0x03, 0x01, 0x01, 0xae, 0x00,
};

static const uint8_t s_anim_love_f05[] = {
    0xff, 0x00, 0xff, 0x00, 0xff, 0x00, 0x9a, 0x00, 0x03, 0xe0, 0xf0, 0xf8, 0xf8, 0x83, 0xfc, 0x06,
    0xf8, 0xf8, 0xf0, 0xe0, 0xf0, 0xf8, 0xf8, 0x83, 0xfc, 0x03, 0xf8, 0xf8, 0xf0, 0xe0, 0x9c, 0x00,
    0x03, 0xe0, 0xf0, 0xf8, 0xf8, 0x83, 0xfc, 0x06, 0xf8, 0xf8, 0xf0, 0xe0, 0xf0, 0xf8, 0xf8, 0x83,
    0xfc, 0x03, 0xf8, 0xf8, 0xf0, 0xe0, 0xb4, 0x00, 0x07, 0x03, 0x07, 0x0f, 0x0f, 0x1f, 0x1f, 0x3f,
    0x7f, 0x86, 0xff, 0x07, 0x7f, 0x3f, 0x1f, 0x1f, 0x0f, 0x0f, 0x07, 0x03, 0x9c, 0x00, 0x07, 0x03,
    0x07, 0x0f, 0x0f, 0x1f, 0x1f, 0x3f, 0x7f, 0x86, 0xff, 0x07, 0x7f, 0x3f, 0x1f, 0x1f, 0x0f, 0x0f,
    0x07, 0x03, 0xbd, 0x00, 0x04, 0x01, 0x03, 0x07, 0x03, 0x01, 0xae, 0x00, 0x04, 0x01, 0x03, 0x07,
    0x03, 0x01, 0xd0, 0x00, 0x02, 0xc0, 0x80, 0x80, 0x9e, 0x00, 0x02, 0x80, 0x80, 0xc0, 0xdc, 0x00,
    0x05, 0x01, 0x01, 0x03, 0x02, 0x06, 0x04, 0x94, 0x0c, 0x05, 0x04, 0x06, 0x02, 0x03, 0x01, 0x01,
    0xae, 0x00,
};

static const uint8_t s_anim_love_f06[] = {
    0xff, 0x00, 0xff, 0x00, 0xff, 0x00, 0x9a, 0x00, 0x03, 0xe0, 0xf0, 0xf8, 0xf8, 0x83, 0xfc, 0x06,
    0xf8, 0xf8, 0xf0, 0xe0, 0xf0, 0xf8, 0xf8, 0x83, 0xfc, 0x03, 0xf8, 0xf8, 0xf0, 0xe0, 0x9c, 0x00,
    0x03, 0xe0, 0xf0, 0xf8, 0xf8, 0x83, 0xfc, 0x06, 0xf8, 0xf8, 0xf0, 0xe0, 0xf0, 0xf8, 0xf8, 0x83,
    0xfc, 0x03, 0xf8, 0xf8, 0xf0, 0xe0, 0xb4, 0x00, 0x07, 0x03, 0x07, 0x0f, 0x0f, 0x1f, 0x1f, 0x3f,
    0x7f, 0x86, 0xff, 0x07, 0x7f, 0x3f, 0x1f, 0x1f, 0x0f, 0x0f, 0x07, 0x03, 0x9c, 0x00, 0x07, 0x03,
    0x07, 0x0f, 0x0f, 0x1f, 0x1f, 0x3f, 0x7f, 0x86, 0xff, 0x07, 0x7f, 0x3f, 0x1f, 0x1f, 0x0f, 0x0f,
    0x07, 0x03, 0xbd, 0x00, 0x04, 0x01, 0x03, 0x07, 0x03, 0x01, 0xae, 0x00, 0x04, 0x01, 0x03, 0x07,
    0x03, 0x01, 0xd0, 0x00, 0x02, 0xc0, 0x80, 0x80, 0x9e, 0x00, 0x02, 0x80, 0x80, 0xc0, 0xdc, 0x00,
    0x05, 0x01, 0x01, 0x03, 0x02, 0x06, 0x04, 0x94, 0x0c, 0x05, 0x04, 0x06, 0x02, 0x03, 0x01, 0x01,
    0xae, 0x00,
};

static const uint8_t s_anim_love_f07[] = {
    0xff, 0x00, 0xff, 0x00, 0xff, 0x00, 0x9a, 0x00, 0x03, 0xe0, 0xf0, 0xf8, 0xf8, 0x83, 0xfc, 0x06,
    0xf8, 0xf8, 0xf0, 0xe0, 0xf0, 0xf8, 0xf8, 0x83, 0xfc, 0x03, 0xf8, 0xf8, 0xf0, 0xe0, 0x9c, 0x00,
    0x03, 0xe0, 0xf0, 0xf8, 0xf8, 0x83, 0xfc, 0x06, 0xf8, 0xf8, 0xf0, 0xe0, 0xf0, 0xf8, 0xf8, 0x83,
    0xfc, 0x03, 0xf8, 0xf8, 0xf0, 0xe0, 0xb4, 0x00, 0x07, 0x03, 0x07, 0x0f, 0x0f, 0x1f, 0x1f, 0x3f,
    0x7f, 0x86, 0xff, 0x07, 0x7f, 0x3f, 0x1f, 0x1f, 0x0f, 0x0f, 0x07, 0x03, 0x9c, 0x00, 0x07, 0x03,
    0x07, 0x0f, 0x0f, 0x1f, 0x1f, 0x3f, 0x7f, 0x86, 0xff, 0x07, 0x7f, 0x3f, 0x1f, 0x1f, 0x0f, 0x0f,
    0x07, 0x03, 0xbd, 0x00, 0x04, 0x01, 0x03, 0x07, 0x03, 0x01, 0xae, 0x00, 0x04, 0x01, 0x03, 0x07,
    0x03, 0x01, 0xd0, 0x00, 0x03, 0x80, 0xc0, 0x80, 0x80, 0x9c, 0x00, 0x03, 0x80, 0x80, 0xc0, 0x80,
    0xdc, 0x00, 0x05, 0x01, 0x03, 0x03, 0x06, 0x0e, 0x0c, 0x94, 0x18, 0x05, 0x0c, 0x0e, 0x06, 0x03,
    0x03, 0x01, 0xae, 0x00,
};

static const uint8_t s_anim_love_f08[] = {
    0xff, 0x00, 0xff, 0x00, 0xff, 0x00, 0x9a, 0x00, 0x03, 0xe0, 0xf0, 0xf8, 0xf8, 0x83, 0xfc, 0x06,
    0xf8, 0xf8, 0xf0, 0xe0, 0xf0, 0xf8, 0xf8, 0x83, 0xfc, 0x03, 0xf8, 0xf8, 0xf0, 0xe0, 0x9c, 0x00,
    0x03, 0xe0, 0xf0, 0xf8, 0xf8, 0x83, 0xfc, 0x06, 0xf8, 0xf8, 0xf0, 0xe0, 0xf0, 0xf8, 0xf8, 0x83,
    0xfc, 0x03, 0xf8, 0xf8, 0xf0, 0xe0, 0xb4, 0x00, 0x07, 0x03, 0x07, 0x0f, 0x0f, 0x1f, 0x1f, 0x3f,
    0x7f, 0x86, 0xff, 0x07, 0x7f, 0x3f, 0x1f, 0x1f, 0x0f, 0x0f, 0x07, 0x03, 0x9c, 0x00, 0x07, 0x03,
    0x07, 0x0f, 0x0f, 0x1f, 0x1f, 0x3f, 0x7f, 0x86, 0xff, 0x07, 0x7f, 0x3f, 0x1f, 0x1f, 0x0f, 0x0f,
    0x07, 0x03, 0xbd, 0x00, 0x04, 0x01, 0x03, 0x07, 0x03, 0x01, 0xae, 0x00, 0x04, 0x01, 0x03, 0x07,
    0x03, 0x01, 0xd0, 0x00, 0x03, 0x80, 0xc0, 0x80, 0x80, 0x9c, 0x00, 0x03, 0x80, 0x80, 0xc0, 0x80,
    0xdc, 0x00, 0x05, 0x01, 0x03, 0x03, 0x06, 0x0e, 0x0c, 0x94, 0x18, 0x05, 0x0c, 0x0e, 0x06, 0x03,
    0x03, 0x01, 0xae, 0x00,
};

static const uint8_t s_anim_love_f09[] = {
    0xff, 0x00, 0xff, 0x00, 0xff, 0x00, 0x9a, 0x00, 0x03, 0xe0, 0xf0, 0xf8, 0xf8, 0x83, 0xfc, 0x06,
    0xf8, 0xf8, 0xf0, 0xe0, 0xf0, 0xf8, 0xf8, 0x83, 0xfc, 0x03, 0xf8, 0xf8, 0xf0, 0xe0, 0x9c, 0x00,
    0x03, 0xe0, 0xf0, 0xf8, 0xf8, 0x83, 0xfc, 0x06, 0xf8, 0xf8, 0xf0, 0xe0, 0xf0, 0xf8, 0xf8, 0x83,
    0xfc, 0x03, 0xf8, 0xf8, 0xf0, 0xe0, 0xb4, 0x00, 0x07, 0x03, 0x07, 0x0f, 0x0f, 0x1f, 0x1f, 0x3f,
    0x7f, 0x86, 0xff, 0x07, 0x7f, 0x3f, 0x1f, 0x1f, 0x0f, 0x0f, 0x07, 0x03, 0x9c, 0x00, 0x07, 0x03,
    0x07, 0x0f, 0x0f, 0x1f, 0x1f, 0x3f, 0x7f, 0x86, 0xff, 0x07, 0x7f, 0x3f, 0x1f, 0x1f, 0x0f, 0x0f,
    0x07, 0x03, 0xbd, 0x00, 0x04, 0x01, 0x03, 0x07, 0x03, 0x01, 0xae, 0x00, 0x04, 0x01, 0x03, 0x07,
    0x03, 0x01, 0xd0, 0x00, 0x03, 0x80, 0xc0, 0x80, 0x80, 0x9c, 0x00, 0x03, 0x80, 0x80, 0xc0, 0x80,
    0xdc, 0x00, 0x05, 0x01, 0x03, 0x03, 0x06, 0x0e, 0x0c, 0x94, 0x18, 0x05, 0x0c, 0x0e, 0x06, 0x03,
    0x03, 0x01, 0xae, 0x00,
};

static const uint8_t s_anim_love_f10[] = {
    0xff, 0x00, 0xff, 0x00, 0xff, 0x00, 0x99, 0x00, 0x03, 0xf0, 0xf8, 0xfc, 0xfe, 0x84, 0xff, 0x06,
    0xfe, 0xfc, 0xf8, 0xf0, 0xf8, 0xfc, 0xfe, 0x84, 0xff, 0x03, 0xfe, 0xfc, 0xf8, 0xf0, 0x9a, 0x00,
    0x03, 0xf0, 0xf8, 0xfc, 0xfe, 0x84, 0xff, 0x06, 0xfe, 0xfc, 0xf8, 0xf0, 0xf8, 0xfc, 0xfe, 0x84,
    0xff, 0x03, 0xfe, 0xfc, 0xf8, 0xf0, 0xb2, 0x00, 0x03, 0x01, 0x03, 0x07, 0x0f, 0x82, 0x1f, 0x01,
    0x3f, 0x7f, 0x86, 0xff, 0x01, 0x7f, 0x3f, 0x82, 0x1f, 0x03, 0x0f, 0x07, 0x03, 0x01, 0x9a, 0x00,
    0x03, 0x01, 0x03, 0x07, 0x0f, 0x82, 0x1f, 0x01, 0x3f, 0x7f, 0x86, 0xff, 0x01, 0x7f, 0x3f, 0x82,
    0x1f, 0x03, 0x0f, 0x07, 0x03, 0x01, 0xbc, 0x00, 0x04, 0x01, 0x03, 0x07, 0x03, 0x01, 0xae, 0x00,
    0x04, 0x01, 0x03, 0x07, 0x03, 0x01, 0xd0, 0x00, 0x03, 0x80, 0xc0, 0x80, 0x80, 0x9c, 0x00, 0x03,
    0x80, 0x80, 0xc0, 0x80, 0xdc, 0x00, 0x05, 0x01, 0x03, 0x03, 0x06, 0x0e, 0x0c, 0x94, 0x18, 0x05,
    0x0c, 0x0e, 0x06, 0x03, 0x03, 0x01, 0xae, 0x00,
};

static const uint8_t s_anim_love_f11[] = {
    0xff, 0x00, 0xff, 0x00, 0xff, 0x00, 0x99, 0x00, 0x03, 0xf0, 0xf8, 0xfc, 0xfe, 0x84, 0xff, 0x06,
    0xfe, 0xfc, 0xf8, 0xf0, 0xf8, 0xfc, 0xfe, 0x84, 0xff, 0x03, 0xfe, 0xfc, 0xf8, 0xf0, 0x9a, 0x00,
    0x03, 0xf0, 0xf8, 0xfc, 0xfe, 0x84, 0xff, 0x06, 0xfe, 0xfc, 0xf8, 0xf0, 0xf8, 0xfc, 0xfe, 0x84,
    0xff, 0x03, 0xfe, 0xfc, 0xf8, 0xf0, 0xb2, 0x00, 0x03, 0x01, 0x03, 0x07, 0x0f, 0x82, 0x1f, 0x01,
    0x3f, 0x7f, 0x86, 0xff, 0x01, 0x7f, 0x3f, 0x82, 0x1f, 0x03, 0x0f, 0x07, 0x03, 0x01, 0x9a, 0x00,
    0x03, 0x01, 0x03, 0x07, 0x0f, 0x82, 0x1f, 0x01, 0x3f, 0x7f, 0x86, 0xff, 0x01, 0x7f, 0x3f, 0x82,
    0x1f, 0x03, 0x0f, 0x07, 0x03, 0x01, 0xbc, 0x00, 0x04, 0x01, 0x03, 0x07, 0x03, 0x01, 0xae, 0x00,
    0x04, 0x01, 0x03, 0x07, 0x03, 0x01, 0xd0, 0x00, 0x03, 0x80, 0xc0, 0x80, 0x80, 0x9c, 0x00, 0x03,
    0x80, 0x80, 0xc0, 0x80, 0xdc, 0x00, 0x05, 0x01, 0x03, 0x03, 0x06, 0x0e, 0x0c, 0x94, 0x18, 0x05,
    0x0c, 0x0e, 0x06, 0x03, 0x03, 0x01, 0xae, 0x00,
};

static const uint8_t s_anim_love_f12[] = {
    0xff, 0x00, 0xff, 0x00, 0xff, 0x00, 0x99, 0x00, 0x03, 0xf0, 0xf8, 0xfc, 0xfe, 0x84, 0xff, 0x06,
    0xfe, 0xfc, 0xf8, 0xf0, 0xf8, 0xfc, 0xfe, 0x84, 0xff, 0x03, 0xfe, 0xfc, 0xf8, 0xf0, 0x9a, 0x00,
    0x03, 0xf0, 0xf8, 0xfc, 0xfe, 0x84, 0xff, 0x06, 0xfe, 0xfc, 0xf8, 0xf0, 0xf8, 0xfc, 0xfe, 0x84,
    0xff, 0x03, 0xfe, 0xfc, 0xf8, 0xf0, 0xb2, 0x00, 0x03, 0x01, 0x03, 0x07, 0x0f, 0x82, 0x1f, 0x01,
    0x3f, 0x7f, 0x86, 0xff, 0x01, 0x7f, 0x3f, 0x82, 0x1f, 0x03, 0x0f, 0x07, 0x03, 0x01, 0x9a, 0x00,
    0x03, 0x01, 0x03, 0x07, 0x0f, 0x82, 0x1f, 0x01, 0x3f, 0x7f, 0x86, 0xff, 0x01, 0x7f, 0x3f, 0x82,
    0x1f, 0x03, 0x0f, 0x07, 0x03, 0x01, 0xbc, 0x00, 0x04, 0x01, 0x03, 0x07, 0x03, 0x01, 0xae, 0x00,
    0x04, 0x01, 0x03, 0x07, 0x03, 0x01, 0xd0, 0x00, 0x03, 0x80, 0xc0, 0x80, 0x80, 0x9c, 0x00, 0x03,
    0x80, 0x80, 0xc0, 0x80, 0xdc, 0x00, 0x05, 0x01, 0x03, 0x03, 0x06, 0x0e, 0x0c, 0x94, 0x18, 0x05,
    0x0c, 0x0e, 0x06, 0x03, 0x03, 0x01, 0xae, 0x00,
};

static const uint8_t s_anim_love_f13[] = {
    0xff, 0x00, 0xff, 0x00, 0xff, 0x00, 0x99, 0x00, 0x03, 0xf0, 0xf8, 0xfc, 0xfe, 0x84, 0xff, 0x06,
    0xfe, 0xfc, 0xf8, 0xf0, 0xf8, 0xfc, 0xfe, 0x84, 0xff, 0x03, 0xfe, 0xfc, 0xf8, 0xf0, 0x9a, 0x00,
    0x03, 0xf0, 0xf8, 0xfc, 0xfe, 0x84, 0xff, 0x06, 0xfe, 0xfc, 0xf8, 0xf0, 0xf8, 0xfc, 0xfe, 0x84,
    0xff, 0x03, 0xfe, 0xfc, 0xf8, 0xf0, 0xb2, 0x00, 0x03, 0x01, 0x03, 0x07, 0x0f, 0x82, 0x1f, 0x01,
    0x3f, 0x7f, 0x86, 0xff, 0x01, 0x7f, 0x3f, 0x82, 0x1f, 0x03, 0x0f, 0x07, 0x03, 0x01, 0x9a, 0x00,
    0x03, 0x01, 0x03, 0x07, 0x0f, 0x82, 0x1f, 0x01, 0x3f, 0x7f, 0x86, 0xff, 0x01, 0x7f, 0x3f, 0x82,
    0x1f, 0x03, 0x0f, 0x07, 0x03, 0x01, 0xbc, 0x00, 0x04, 0x01, 0x03, 0x07, 0x03, 0x01, 0xae, 0x00,
    0x04, 0x01, 0x03, 0x07, 0x03, 0x01, 0xd0, 0x00, 0x02, 0x80, 0xc0, 0x80, 0x9e, 0x00, 0x02, 0x80,
    0xc0, 0x80, 0xdb, 0x00, 0x07, 0x01, 0x01, 0x03, 0x07, 0x0e, 0x0c, 0x18, 0x38, 0x92, 0x30, 0x07,
    0x38, 0x18, 0x0c, 0x0e, 0x07, 0x03, 0x01, 0x01, 0xad, 0x00,
};

static const uint8_t s_anim_love_f14[] = {
    0xff, 0x00, 0xff, 0x00, 0x9c, 0x00, 0x85, 0x80, 0x86, 0x00, 0x85, 0x80, 0xa0, 0x00, 0x85, 0x80,
    0x86, 0x00, 0x85, 0x80, 0xb4, 0x00, 0x02, 0xf8, 0xfc, 0xfe, 0x87, 0xff, 0x04, 0xfe, 0xfc, 0xf8,
    0xfc, 0xfe, 0x87, 0xff, 0x02, 0xfe, 0xfc, 0xf8, 0x98, 0x00, 0x02, 0xf8, 0xfc, 0xfe, 0x87, 0xff,
    0x04, 0xfe, 0xfc, 0xf8, 0xfc, 0xfe, 0x87, 0xff, 0x02, 0xfe, 0xfc, 0xf8, 0xb1, 0x00, 0x02, 0x01,
    0x03, 0x07, 0x82, 0x0f, 0x02, 0x1f, 0x3f, 0x7f, 0x86, 0xff, 0x02, 0x7f, 0x3f, 0x1f, 0x82, 0x0f,
    0x02, 0x07, 0x03, 0x01, 0x9a, 0x00, 0x02, 0x01, 0x03, 0x07, 0x82, 0x0f, 0x02, 0x1f, 0x3f, 0x7f,
    0x86, 0xff, 0x02, 0x7f, 0x3f, 0x1f, 0x82, 0x0f, 0x02, 0x07, 0x03, 0x01, 0xbc, 0x00, 0x04, 0x01,
    0x03, 0x07, 0x03, 0x01, 0xae, 0x00, 0x04, 0x01, 0x03, 0x07, 0x03, 0x01, 0xd0, 0x00, 0x02, 0x80,
    0xc0, 0x80, 0x9e, 0x00, 0x02, 0x80, 0xc0, 0x80, 0xdb, 0x00, 0x07, 0x01, 0x01, 0x03, 0x07, 0x0e,
    0x0c, 0x18, 0x38, 0x92, 0x30, 0x07, 0x38, 0x18, 0x0c, 0x0e, 0x07, 0x03, 0x01, 0x01, 0xad, 0x00,
};

static const uint8_t s_anim_love_f15[] = {
    0xff, 0x00, 0xff, 0x00, 0x9c, 0x00, 0x85, 0x80, 0x86, 0x00, 0x85, 0x80, 0xa0, 0x00, 0x85, 0x80,
    0x86, 0x00, 0x85, 0x80, 0xb4, 0x00, 0x02, 0xf8, 0xfc, 0xfe, 0x87, 0xff, 0x04, 0xfe, 0xfc, 0xf8,
    0xfc, 0xfe, 0x87, 0xff, 0x02, 0xfe, 0xfc, 0xf8, 0x98, 0x00, 0x02, 0xf8, 0xfc, 0xfe, 0x87, 0xff,
    0x04, 0xfe, 0xfc, 0xf8, 0xfc, 0xfe, 0x87, 0xff, 0x02, 0xfe, 0xfc, 0xf8, 0xb1, 0x00, 0x02, 0x01,
    0x03, 0x07, 0x82, 0x0f, 0x02, 0x1f, 0x3f, 0x7f, 0x86, 0xff, 0x02, 0x7f, 0x3f, 0x1f, 0x82, 0x0f,
    0x02, 0x07, 0x03, 0x01, 0x9a, 0x00, 0x02, 0x01, 0x03, 0x07, 0x82, 0x0f, 0x02, 0x1f, 0x3f, 0x7f,
    0x86, 0xff, 0x02, 0x7f, 0x3f, 0x1f, 0x82, 0x0f, 0x02, 0x07, 0x03, 0x01, 0xbc, 0x00, 0x04, 0x01,
    0x03, 0x07, 0x03, 0x01, 0xae, 0x00, 0x04, 0x01, 0x03, 0x07, 0x03, 0x01, 0xd0, 0x00, 0x02, 0x80,
    0xc0, 0x80, 0x9e, 0x00, 0x02, 0x80, 0xc0, 0x80, 0xdb, 0x00, 0x07, 0x01, 0x01, 0x03, 0x07, 0x0e,
    0x0c, 0x18, 0x38, 0x92, 0x30, 0x07, 0x38, 0x18, 0x0c, 0x0e, 0x07, 0x03, 0x01, 0x01, 0xad, 0x00,
};

static const uint8_t s_anim_love_f16[] = {
    0xff, 0x00, 0xff, 0x00, 0x9c, 0x00, 0x85, 0x80, 0x86, 0x00, 0x85, 0x80, 0xa0, 0x00, 0x85, 0x80,
    0x86, 0x00, 0x85, 0x80, 0xb4, 0x00, 0x02, 0xf8, 0xfc, 0xfe, 0x87, 0xff, 0x04, 0xfe, 0xfc, 0xf8,
    0xfc, 0xfe, 0x87, 0xff, 0x02, 0xfe, 0xfc, 0xf8, 0x98, 0x00, 0x02, 0xf8, 0xfc, 0xfe, 0x87, 0xff,
    0x04, 0xfe, 0xfc, 0xf8, 0xfc, 0xfe, 0x87, 0xff, 0x02, 0xfe, 0xfc, 0xf8, 0xb1, 0x00, 0x02, 0x01,
    0x03, 0x07, 0x82, 0x0f, 0x02, 0x1f, 0x3f, 0x7f, 0x86, 0xff, 0x02, 0x7f, 0x3f, 0x1f, 0x82, 0x0f,
    0x02, 0x07, 0x03, 0x01, 0x9a, 0x00, 0x02, 0x01, 0x03, 0x07, 0x82, 0x0f, 0x02, 0x1f, 0x3f, 0x7f,
    0x86, 0xff, 0x02, 0x7f, 0x3f, 0x1f, 0x82, 0x0f, 0x02, 0x07, 0x03, 0x01, 0xbc, 0x00, 0x04, 0x01,
    0x03, 0x07, 0x03, 0x01, 0xae, 0x00, 0x04, 0x01, 0x03, 0x07, 0x03, 0x01, 0xd0, 0x00, 0x02, 0x80,
    0xc0, 0x80, 0x9e, 0x00, 0x02, 0x80, 0xc0, 0x80, 0xdb, 0x00, 0x07, 0x01, 0x01, 0x03, 0x07, 0x0e,
    0x0c, 0x18, 0x38, 0x92, 0x30, 0x07, 0x38, 0x18, 0x0c, 0x0e, 0x07, 0x03, 0x01, 0x01, 0xad, 0x00,
};

static const uint8_t s_anim_love_f17[] = {
    0xff, 0x00, 0xff, 0x00, 0x9c, 0x00, 0x85, 0x80, 0x86, 0x00, 0x85, 0x80, 0xa0, 0x00, 0x85, 0x80,
    0x86, 0x00, 0x85, 0x80, 0xb4, 0x00, 0x02, 0xf8, 0xfc, 0xfe, 0x87, 0xff, 0x04, 0xfe, 0xfc, 0xf8,
    0xfc, 0xfe, 0x87, 0xff, 0x02, 0xfe, 0xfc, 0xf8, 0x98, 0x00, 0x02, 0xf8, 0xfc, 0xfe, 0x87, 0xff,
    0x04, 0xfe, 0xfc, 0xf8, 0xfc, 0xfe, 0x87, 0xff, 0x02, 0xfe, 0xfc, 0xf8, 0xb1, 0x00, 0x02, 0x01,
    0x03, 0x07, 0x82, 0x0f, 0x02, 0x1f, 0x3f, 0x7f, 0x86, 0xff, 0x02, 0x7f, 0x3f, 0x1f, 0x82, 0x0f,
    0x02, 0x07, 0x03, 0x01, 0x9a, 0x00, 0x02, 0x01, 0x03, 0x07, 0x82, 0x0f, 0x02, 0x1f, 0x3f, 0x7f,
    0x86, 0xff, 0x02, 0x7f, 0x3f, 0x1f, 0x82, 0x0f, 0x02, 0x07, 0x03, 0x01, 0xbc, 0x00, 0x04, 0x01,
    0x03, 0x07, 0x03, 0x01, 0xae, 0x00, 0x04, 0x01, 0x03, 0x07, 0x03, 0x01, 0xd0, 0x00, 0x02, 0x80,
    0xc0, 0x80, 0x9e, 0x00, 0x02, 0x80, 0xc0, 0x80, 0xdb, 0x00, 0x07, 0x01, 0x01, 0x03, 0x07, 0x0e,
    0x0c, 0x18, 0x38, 0x92, 0x30, 0x07, 0x38, 0x18, 0x0c, 0x0e, 0x07, 0x03, 0x01, 0x01, 0xad, 0x00,
};

static const uint8_t s_anim_love_f18[] = {
    0xff, 0x00, 0xff, 0x00, 0x9c, 0x00, 0x85, 0x80, 0x86, 0x00, 0x85, 0x80, 0xa0, 0x00, 0x85, 0x80,
    0x86, 0x00, 0x85, 0x80, 0xb4, 0x00, 0x02, 0xf8, 0xfc, 0xfe, 0x87, 0xff, 0x04, 0xfe, 0xfc, 0xf8,
    0xfc, 0xfe, 0x87, 0xff, 0x02, 0xfe, 0xfc, 0xf8, 0x98, 0x00, 0x02, 0xf8, 0xfc, 0xfe, 0x87, 0xff,
    0x04, 0xfe, 0xfc, 0xf8, 0xfc, 0xfe, 0x87, 0xff, 0x02, 0xfe, 0xfc, 0xf8, 0xb1, 0x00, 0x02, 0x01,
    0x03, 0x07, 0x82, 0x0f, 0x02, 0x1f, 0x3f, 0x7f, 0x86, 0xff, 0x02, 0x7f, 0x3f, 0x1f, 0x82, 0x0f,
    0x02, 0x07, 0x03, 0x01, 0x9a, 0x00, 0x02, 0x01, 0x03, 0x07, 0x82, 0x0f, 0x02, 0x1f, 0x3f, 0x7f,
    0x86, 0xff, 0x02, 0x7f, 0x3f, 0x1f, 0x82, 0x0f, 0x02, 0x07, 0x03, 0x01, 0xbc, 0x00, 0x04, 0x01,
    0x03, 0x07, 0x03, 0x01, 0xae, 0x00, 0x04, 0x01, 0x03, 0x07, 0x03, 0x01, 0xd0, 0x00, 0x02, 0x80,
    0xc0, 0x80, 0x9e, 0x00, 0x02, 0x80, 0xc0, 0x80, 0xdb, 0x00, 0x07, 0x01, 0x01, 0x03, 0x07, 0x0e,
    0x0c, 0x18, 0x38, 0x92, 0x30, 0x07, 0x38, 0x18, 0x0c, 0x0e, 0x07, 0x03, 0x01, 0x01, 0xad, 0x00,
};

static const uint8_t s_anim_love_f19[] = {
    0xff, 0x00, 0xff, 0x00, 0x9c, 0x00, 0x85, 0x80, 0x86, 0x00, 0x85, 0x80, 0xa0, 0x00, 0x85, 0x80,
    0x86, 0x00, 0x85, 0x80, 0xb4, 0x00, 0x02, 0xf8, 0xfc, 0xfe, 0x87, 0xff, 0x04, 0xfe, 0xfc, 0xf8,
    0xfc, 0xfe, 0x87, 0xff, 0x02, 0xfe, 0xfc, 0xf8, 0x98, 0x00, 0x02, 0xf8, 0xfc, 0xfe, 0x87, 0xff,
    0x04, 0xfe, 0xfc, 0xf8, 0xfc, 0xfe, 0x87, 0xff, 0x02, 0xfe, 0xfc, 0xf8, 0xb1, 0x00, 0x02, 0x01,
    0x03, 0x07, 0x82, 0x0f, 0x02, 0x1f, 0x3f, 0x7f, 0x86, 0xff, 0x02, 0x7f, 0x3f, 0x1f, 0x82, 0x0f,
    0x02, 0x07, 0x03, 0x01, 0x9a, 0x00, 0x02, 0x01, 0x03, 0x07, 0x82, 0x0f, 0x02, 0x1f, 0x3f, 0x7f,
    0x86, 0xff, 0x02, 0x7f, 0x3f, 0x1f, 0x82, 0x0f, 0x02, 0x07, 0x03, 0x01, 0xbc, 0x00, 0x04, 0x01,
    0x03, 0x07, 0x03, 0x01, 0xae, 0x00, 0x04, 0x01, 0x03, 0x07, 0x03, 0x01, 0xd0, 0x00, 0x02, 0x80,
    0xc0, 0x80, 0x9e, 0x00, 0x02, 0x80, 0xc0, 0x80, 0xdb, 0x00, 0x07, 0x01, 0x01, 0x03, 0x07, 0x0e,
    0x0c, 0x18, 0x38, 0x92, 0x30, 0x07, 0x38, 0x18, 0x0c, 0x0e, 0x07, 0x03, 0x01, 0x01, 0xad, 0x00,
};

static const uint8_t s_anim_love_f20[] = {
    0xff, 0x00, 0xff, 0x00, 0x9c, 0x00, 0x85, 0x80, 0x86, 0x00, 0x85, 0x80, 0xa0, 0x00, 0x85, 0x80,
    0x86, 0x00, 0x85, 0x80, 0xb4, 0x00, 0x02, 0xf8, 0xfc, 0xfe, 0x87, 0xff, 0x04, 0xfe, 0xfc, 0xf8,
    0xfc, 0xfe, 0x87, 0xff, 0x02, 0xfe, 0xfc, 0xf8, 0x98, 0x00, 0x02, 0xf8, 0xfc, 0xfe, 0x87, 0xff,
    0x04, 0xfe, 0xfc, 0xf8, 0xfc, 0xfe, 0x87, 0xff, 0x02, 0xfe, 0xfc, 0xf8, 0xb1, 0x00, 0x02, 0x01,
    0x03, 0x07, 0x82, 0x0f, 0x02, 0x1f, 0x3f, 0x7f, 0x86, 0xff, 0x02, 0x7f, 0x3f, 0x1f, 0x82, 0x0f,
    0x02, 0x07, 0x03, 0x01, 0x9a, 0x00, 0x02, 0x01, 0x03, 0x07, 0x82, 0x0f, 0x02, 0x1f, 0x3f, 0x7f,
    0x86, 0xff, 0x02, 0x7f, 0x3f, 0x1f, 0x82, 0x0f, 0x02, 0x07, 0x03, 0x01, 0xbc, 0x00, 0x04, 0x01,
    0x03, 0x07, 0x03, 0x01, 0xae, 0x00, 0x04, 0x01, 0x03, 0x07, 0x03, 0x01, 0xd0, 0x00, 0x02, 0x80,
    0xc0, 0x80, 0x9e, 0x00, 0x02, 0x80, 0xc0, 0x80, 0xdb, 0x00, 0x07, 0x01, 0x01, 0x03, 0x07, 0x0e,
    0x0c, 0x18, 0x38, 0x92, 0x30, 0x07, 0x38, 0x18, 0x0c, 0x0e, 0x07, 0x03, 0x01, 0x01, 0xad, 0x00,
};

static const uint8_t s_anim_love_f21[] = {
    0xff, 0x00, 0xff, 0x00, 0x9c, 0x00, 0x85, 0x80, 0x86, 0x00, 0x85, 0x80, 0xa0, 0x00, 0x85, 0x80,
    0x86, 0x00, 0x85, 0x80, 0xb4, 0x00, 0x02, 0xf8, 0xfc, 0xfe, 0x87, 0xff, 0x04, 0xfe, 0xfc, 0xf8,
    0xfc, 0xfe, 0x87, 0xff, 0x02, 0xfe, 0xfc, 0xf8, 0x98, 0x00, 0x02, 0xf8, 0xfc, 0xfe, 0x87, 0xff,
    0x04, 0xfe, 0xfc, 0xf8, 0xfc, 0xfe, 0x87, 0xff, 0x02, 0xfe, 0xfc, 0xf8, 0xb1, 0x00, 0x02, 0x01,
    0x03, 0x07, 0x82, 0x0f, 0x02, 0x1f, 0x3f, 0x7f, 0x86, 0xff, 0x02, 0x7f, 0x3f, 0x1f, 0x82, 0x0f,
    0x02, 0x07, 0x03, 0x01, 0x9a, 0x00, 0x02, 0x01, 0x03, 0x07, 0x82, 0x0f, 0x02, 0x1f, 0x3f, 0x7f,
    0x86, 0xff, 0x02, 0x7f, 0x3f, 0x1f, 0x82, 0x0f, 0x02, 0x07, 0x03, 0x01, 0xbc, 0x00, 0x04, 0x01,
    0x03, 0x07, 0x03, 0x01, 0xae, 0x00, 0x04, 0x01, 0x03, 0x07, 0x03, 0x01, 0xd0, 0x00, 0x02, 0x80,
    0xc0, 0x80, 0x9e, 0x00, 0x02, 0x80, 0xc0, 0x80, 0xdb, 0x00, 0x07, 0x01, 0x01, 0x03, 0x07, 0x0e,
    0x0c, 0x18, 0x38, 0x92, 0x30, 0x07, 0x38, 0x18, 0x0c, 0x0e, 0x07, 0x03, 0x01, 0x01, 0xad, 0x00,
};

static const uint8_t s_anim_love_f22[] = {
    0xff, 0x00, 0xff, 0x00, 0x9c, 0x00, 0x85, 0x80, 0x86, 0x00, 0x85, 0x80, 0xa0, 0x00, 0x85, 0x80,
    0x86, 0x00, 0x85, 0x80, 0xb4, 0x00, 0x02, 0xf8, 0xfc, 0xfe, 0x87, 0xff, 0x04, 0xfe, 0xfc, 0xf8,
    0xfc, 0xfe, 0x87, 0xff, 0x02, 0xfe, 0xfc, 0xf8, 0x98, 0x00, 0x02, 0xf8, 0xfc, 0xfe, 0x87, 0xff,
    0x04, 0xfe, 0xfc, 0xf8, 0xfc, 0xfe, 0x87, 0xff, 0x02, 0xfe, 0xfc, 0xf8, 0xb1, 0x00, 0x02, 0x01,
    0x03, 0x07, 0x82, 0x0f, 0x02, 0x1f, 0x3f, 0x7f, 0x86, 0xff, 0x02, 0x7f, 0x3f, 0x1f, 0x82, 0x0f,
    0x02, 0x07, 0x03, 0x01, 0x9a, 0x00, 0x02, 0x01, 0x03, 0x07, 0x82, 0x0f, 0x02, 0x1f, 0x3f, 0x7f,
    0x86, 0xff, 0x02, 0x7f, 0x3f, 0x1f, 0x82, 0x0f, 0x02, 0x07, 0x03, 0x01, 0xbc, 0x00, 0x04, 0x01,
    0x03, 0x07, 0x03, 0x01, 0xae, 0x00, 0x04, 0x01, 0x03, 0x07, 0x03, 0x01, 0xd0, 0x00, 0x02, 0x80,
    0xc0, 0x80, 0x9e, 0x00, 0x02, 0x80, 0xc0, 0x80, 0xdb, 0x00, 0x07, 0x01, 0x01, 0x03, 0x07, 0x0e,
    0x0c, 0x18, 0x38, 0x92, 0x30, 0x07, 0x38, 0x18, 0x0c, 0x0e, 0x07, 0x03, 0x01, 0x01, 0xad, 0x00,
};

static const uint8_t s_anim_love_f23[] = {
    0xff, 0x00, 0xff, 0x00, 0xff, 0x00, 0x99, 0x00, 0x03, 0xf0, 0xf8, 0xfc, 0xfe, 0x84, 0xff, 0x06,
    0xfe, 0xfc, 0xf8, 0xf0, 0xf8, 0xfc, 0xfe, 0x84, 0xff, 0x03, 0xfe, 0xfc, 0xf8, 0xf0, 0x9a, 0x00,
    0x03, 0xf0, 0xf8, 0xfc, 0xfe, 0x84, 0xff, 0x06, 0xfe, 0xfc, 0xf8, 0xf0, 0xf8, 0xfc, 0xfe, 0x84,
    0xff, 0x03, 0xfe, 0xfc, 0xf8, 0xf0, 0xb2, 0x00, 0x03, 0x01, 0x03, 0x07, 0x0f, 0x82, 0x1f, 0x01,
    0x3f, 0x7f, 0x86, 0xff, 0x01, 0x7f, 0x3f, 0x82, 0x1f, 0x03, 0x0f, 0x07, 0x03, 0x01, 0x9a, 0x00,
    0x03, 0x01, 0x03, 0x07, 0x0f, 0x82, 0x1f, 0x01, 0x3f, 0x7f, 0x86, 0xff, 0x01, 0x7f, 0x3f, 0x82,
    0x1f, 0x03, 0x0f, 0x07, 0x03, 0x01, 0xbc, 0x00, 0x04, 0x01, 0x03, 0x07, 0x03, 0x01, 0xae, 0x00,
    0x04, 0x01, 0x03, 0x07, 0x03, 0x01, 0xd0, 0x00, 0x02, 0x80, 0xc0, 0x80, 0x9e, 0x00, 0x02, 0x80,
    0xc0, 0x80, 0xdb, 0x00, 0x07, 0x01, 0x01, 0x03, 0x07, 0x0e, 0x0c, 0x18, 0x38, 0x92, 0x30, 0x07,
    0x38, 0x18, 0x0c, 0x0e, 0x07, 0x03, 0x01, 0x01, 0xad, 0x00,
};

static const uint8_t s_anim_love_f24[] = {
    0xff, 0x00, 0xff, 0x00, 0xff, 0x00, 0x99, 0x00, 0x03, 0xf0, 0xf8, 0xfc, 0xfe, 0x84, 0xff, 0x06,
    0xfe, 0xfc, 0xf8, 0xf0, 0xf8, 0xfc, 0xfe, 0x84, 0xff, 0x03, 0xfe, 0xfc, 0xf8, 0xf0, 0x9a, 0x00,
    0x03, 0xf0, 0xf8, 0xfc, 0xfe, 0x84, 0xff, 0x06, 0xfe, 0xfc, 0xf8, 0xf0, 0xf8, 0xfc, 0xfe, 0x84,
    0xff, 0x03, 0xfe, 0xfc, 0xf8, 0xf0, 0xb2, 0x00, 0x03, 0x01, 0x03, 0x07, 0x0f, 0x82, 0x1f, 0x01,
    0x3f, 0x7f, 0x86, 0xff, 0x01, 0x7f, 0x3f, 0x82, 0x1f, 0x03, 0x0f, 0x07, 0x03, 0x01, 0x9a, 0x00,
    0x03, 0x01, 0x03, 0x07, 0x0f, 0x82, 0x1f, 0x01, 0x3f, 0x7f, 0x86, 0xff, 0x01, 0x7f, 0x3f, 0x82,
    0x1f, 0x03, 0x0f, 0x07, 0x03, 0x01, 0xbc, 0x00, 0x04, 0x01, 0x03, 0x07, 0x03, 0x01, 0xae, 0x00,
    0x04, 0x01, 0x03, 0x07, 0x03, 0x01, 0xd0, 0x00, 0x02, 0x80, 0xc0, 0x80, 0x9e, 0x00, 0x02, 0x80,
    0xc0, 0x80, 0xdb, 0x00, 0x07, 0x01, 0x01, 0x03, 0x07, 0x0e, 0x0c, 0x18, 0x38, 0x92, 0x30, 0x07,
    0x38, 0x18, 0x0c, 0x0e, 0x07, 0x03, 0x01, 0x01, 0xad, 0x00,
};

static const uint8_t s_anim_love_f25[] = {
    0xff, 0x00, 0xff, 0x00, 0xff, 0x00, 0x99, 0x00, 0x03, 0xf0, 0xf8, 0xfc, 0xfe, 0x84, 0xff, 0x06,
    0xfe, 0xfc, 0xf8, 0xf0, 0xf8, 0xfc, 0xfe, 0x84, 0xff, 0x03, 0xfe, 0xfc, 0xf8, 0xf0, 0x9a, 0x00,
    0x03, 0xf0, 0xf8, 0xfc, 0xfe, 0x84, 0xff, 0x06, 0xfe, 0xfc, 0xf8, 0xf0, 0xf8, 0xfc, 0xfe, 0x84,
    0xff, 0x03, 0xfe, 0xfc, 0xf8, 0xf0, 0xb2, 0x00, 0x03, 0x01, 0x03, 0x07, 0x0f, 0x82, 0x1f, 0x01,
    0x3f, 0x7f, 0x86, 0xff, 0x01, 0x7f, 0x3f, 0x82, 0x1f, 0x03, 0x0f, 0x07, 0x03, 0x01, 0x9a, 0x00,
    0x03, 0x01, 0x03, 0x07, 0x0f, 0x82, 0x1f, 0x01, 0x3f, 0x7f, 0x86, 0xff, 0x01, 0x7f, 0x3f, 0x82,
    0x1f, 0x03, 0x0f, 0x07, 0x03, 0x01, 0xbc, 0x00, 0x04, 0x01, 0x03, 0x07, 0x03, 0x01, 0xae, 0x00,
    0x04, 0x01, 0x03, 0x07, 0x03, 0x01, 0xd0, 0x00, 0x03, 0x80, 0xc0, 0x80, 0x80, 0x9c, 0x00, 0x03,
    0x80, 0x80, 0xc0, 0x80, 0xdc, 0x00, 0x05, 0x01, 0x03, 0x03, 0x06, 0x0e, 0x0c, 0x94, 0x18, 0x05,
    0x0c, 0x0e, 0x06, 0x03, 0x03, 0x01, 0xae, 0x00,
};

static const uint8_t s_anim_love_f26[] = {
    0xff, 0x00, 0xff, 0x00, 0xff, 0x00, 0x99, 0x00, 0x03, 0xf0, 0xf8, 0xfc, 0xfe, 0x84, 0xff, 0x06,
    0xfe, 0xfc, 0xf8, 0xf0, 0xf8, 0xfc, 0xfe, 0x84, 0xff, 0x03, 0xfe, 0xfc, 0xf8, 0xf0, 0x9a, 0x00,
    0x03, 0xf0, 0xf8, 0xfc, 0xfe, 0x84, 0xff, 0x06, 0xfe, 0xfc, 0xf8, 0xf0, 0xf8, 0xfc, 0xfe, 0x84,
    0xff, 0x03, 0xfe, 0xfc, 0xf8, 0xf0, 0xb2, 0x00, 0x03, 0x01, 0x03, 0x07, 0x0f, 0x82, 0x1f, 0x01,
    0x3f, 0x7f, 0x86, 0xff, 0x01, 0x7f, 0x3f, 0x82, 0x1f, 0x03, 0x0f, 0x07, 0x03, 0x01, 0x9a, 0x00,
    0x03, 0x01, 0x03, 0x07, 0x0f, 0x82, 0x1f, 0x01, 0x3f, 0x7f, 0x86, 0xff, 0x01, 0x7f, 0x3f, 0x82,
    0x1f, 0x03, 0x0f, 0x07, 0x03, 0x01, 0xbc, 0x00, 0x04, 0x01, 0x03, 0x07, 0x03, 0x01, 0xae, 0x00,
    0x04, 0x01, 0x03, 0x07, 0x03, 0x01, 0xd0, 0x00, 0x03, 0x80, 0xc0, 0x80, 0x80, 0x9c, 0x00, 0x03,
    0x80, 0x80, 0xc0, 0x80, 0xdc, 0x00, 0x05, 0x01, 0x03, 0x03, 0x06, 0x0e, 0x0c, 0x94, 0x18, 0x05,
    0x0c, 0x0e, 0x06, 0x03, 0x03, 0x01, 0xae, 0x00,
};

static const uint8_t s_anim_love_f27[] = {
    0xff, 0x00, 0xff, 0x00, 0xff, 0x00, 0x9a, 0x00, 0x03, 0xe0, 0xf0, 0xf8, 0xf8, 0x83, 0xfc, 0x06,
    0xf8, 0xf8, 0xf0, 0xe0, 0xf0, 0xf8, 0xf8, 0x83, 0xfc, 0x03, 0xf8, 0xf8, 0xf0, 0xe0, 0x9c, 0x00,
    0x03, 0xe0, 0xf0, 0xf8, 0xf8, 0x83, 0xfc, 0x06, 0xf8, 0xf8, 0xf0, 0xe0, 0xf0, 0xf8, 0xf8, 0x83,
    0xfc, 0x03, 0xf8, 0xf8, 0xf0, 0xe0, 0xb4, 0x00, 0x07, 0x03, 0x07, 0x0f, 0x0f, 0x1f, 0x1f, 0x3f,
    0x7f, 0x86, 0xff, 0x07, 0x7f, 0x3f, 0x1f, 0x1f, 0x0f, 0x0f, 0x07, 0x03, 0x9c, 0x00, 0x07, 0x03,
    0x07, 0x0f, 0x0f, 0x1f, 0x1f, 0x3f, 0x7f, 0x86, 0xff, 0x07, 0x7f, 0x3f, 0x1f, 0x1f, 0x0f, 0x0f,
    0x07, 0x03, 0xbd, 0x00, 0x04, 0x01, 0x03, 0x07, 0x03, 0x01, 0xae, 0x00, 0x04, 0x01, 0x03, 0x07,
    0x03, 0x01, 0xd0, 0x00, 0x03, 0x80, 0xc0, 0x80, 0x80, 0x9c, 0x00, 0x03, 0x80, 0x80, 0xc0, 0x80,
    0xdc, 0x00, 0x05, 0x01, 0x03, 0x03, 0x06, 0x0e, 0x0c, 0x94, 0x18, 0x05, 0x0c, 0x0e, 0x06, 0x03,
    0x03, 0x01, 0xae, 0x00,
};

static const uint8_t s_anim_love_f28[] = {
    0xff, 0x00, 0xff, 0x00, 0xff, 0x00, 0x9a, 0x00, 0x03, 0xe0, 0xf0, 0xf8, 0xf8, 0x83, 0xfc, 0x06,
    0xf8, 0xf8, 0xf0, 0xe0, 0xf0, 0xf8, 0xf8, 0x83, 0xfc, 0x03, 0xf8, 0xf8, 0xf0, 0xe0, 0x9c, 0x00,
    0x03, 0xe0, 0xf0, 0xf8, 0xf8, 0x83, 0xfc, 0x06, 0xf8, 0xf8, 0xf0, 0xe0, 0xf0, 0xf8, 0xf8, 0x83,
    0xfc, 0x03, 0xf8, 0xf8, 0xf0, 0xe0, 0xb4, 0x00, 0x07, 0x03, 0x07, 0x0f, 0x0f, 0x1f, 0x1f, 0x3f,
    0x7f, 0x86, 0xff, 0x07, 0x7f, 0x3f, 0x1f, 0x1f, 0x0f, 0x0f, 0x07, 0x03, 0x9c, 0x00, 0x07, 0x03,
    0x07, 0x0f, 0x0f, 0x1f, 0x1f, 0x3f, 0x7f, 0x86, 0xff, 0x07, 0x7f, 0x3f, 0x1f, 0x1f, 0x0f, 0x0f,
    0x07, 0x03, 0xbd, 0x00, 0x04, 0x01, 0x03, 0x07, 0x03, 0x01, 0xae, 0x00, 0x04, 0x01, 0x03, 0x07,
    0x03, 0x01, 0xd0, 0x00, 0x03, 0x80, 0xc0, 0x80, 0x80, 0x9c, 0x00, 0x03, 0x80, 0x80, 0xc0, 0x80,
    0xdc, 0x00, 0x05, 0x01, 0x03, 0x03, 0x06, 0x0e, 0x0c, 0x94, 0x18, 0x05, 0x0c, 0x0e, 0x06, 0x03,
    0x03, 0x01, 0xae, 0x00,
};

static const uint8_t s_anim_love_f29[] = {
    0xff, 0x00, 0xff, 0x00, 0xff, 0x00, 0x9a, 0x00, 0x03, 0xe0, 0xf0, 0xf8, 0xf8, 0x83, 0xfc, 0x06,
    0xf8, 0xf8, 0xf0, 0xe0, 0xf0, 0xf8, 0xf8, 0x83, 0xfc, 0x03, 0xf8, 0xf8, 0xf0, 0xe0, 0x9c, 0x00,
    0x03, 0xe0, 0xf0, 0xf8, 0xf8, 0x83, 0xfc, 0x06, 0xf8, 0xf8, 0xf0, 0xe0, 0xf0, 0xf8, 0xf8, 0x83,
    0xfc, 0x03, 0xf8, 0xf8, 0xf0, 0xe0, 0xb4, 0x00, 0x07, 0x03, 0x07, 0x0f, 0x0f, 0x1f, 0x1f, 0x3f,
    0x7f, 0x86, 0xff, 0x07, 0x7f, 0x3f, 0x1f, 0x1f, 0x0f, 0x0f, 0x07, 0x03, 0x9c, 0x00, 0x07, 0x03,
    0x07, 0x0f, 0x0f, 0x1f, 0x1f, 0x3f, 0x7f, 0x86, 0xff, 0x07, 0x7f, 0x3f, 0x1f, 0x1f, 0x0f, 0x0f,
    0x07, 0x03, 0xbd, 0x00, 0x04, 0x01, 0x03, 0x07, 0x03, 0x01, 0xae, 0x00, 0x04, 0x01, 0x03, 0x07,
    0x03, 0x01, 0xd0, 0x00, 0x03, 0x80, 0xc0, 0x80, 0x80, 0x9c, 0x00, 0x03, 0x80, 0x80, 0xc0, 0x80,
    0xdc, 0x00, 0x05, 0x01, 0x03, 0x03, 0x06, 0x0e, 0x0c, 0x94, 0x18, 0x05, 0x0c, 0x0e, 0x06, 0x03,
    0x03, 0x01, 0xae, 0x00,
};

static const uint8_t s_anim_love_f30[] = {
    0xff, 0x00, 0xff, 0x00, 0xff, 0x00, 0x9a, 0x00, 0x03, 0xe0, 0xf0, 0xf8, 0xf8, 0x83, 0xfc, 0x06,
    0xf8, 0xf8, 0xf0, 0xe0, 0xf0, 0xf8, 0xf8, 0x83, 0xfc, 0x03, 0xf8, 0xf8, 0xf0, 0xe0, 0x9c, 0x00,
    0x03, 0xe0, 0xf0, 0xf8, 0xf8, 0x83, 0xfc, 0x06, 0xf8, 0xf8, 0xf0, 0xe0, 0xf0, 0xf8, 0xf8, 0x83,
    0xfc, 0x03, 0xf8, 0xf8, 0xf0, 0xe0, 0xb4, 0x00, 0x07, 0x03, 0x07, 0x0f, 0x0f, 0x1f, 0x1f, 0x3f,
    0x7f, 0x86, 0xff, 0x07, 0x7f, 0x3f, 0x1f, 0x1f, 0x0f, 0x0f, 0x07, 0x03, 0x9c, 0x00, 0x07, 0x03,
    0x07, 0x0f, 0x0f, 0x1f, 0x1f, 0x3f, 0x7f, 0x86, 0xff, 0x07, 0x7f, 0x3f, 0x1f, 0x1f, 0x0f, 0x0f,
    0x07, 0x03, 0xbd, 0x00, 0x04, 0x01, 0x03, 0x07, 0x03, 0x01, 0xae, 0x00, 0x04, 0x01, 0x03, 0x07,
    0x03, 0x01, 0xd0, 0x00, 0x02, 0xc0, 0x80, 0x80, 0x9e, 0x00, 0x02, 0x80, 0x80, 0xc0, 0xdc, 0x00,
    0x05, 0x01, 0x01, 0x03, 0x02, 0x06, 0x04, 0x94, 0x0c, 0x05, 0x04, 0x06, 0x02, 0x03, 0x01, 0x01,
    0xae, 0x00,
};

static const uint8_t s_anim_love_f31[] = {
    0xff, 0x00, 0xff, 0x00, 0xff, 0x00, 0x9a, 0x00, 0x03, 0xe0, 0xf0, 0xf8, 0xf8, 0x83, 0xfc, 0x06,
    0xf8, 0xf8, 0xf0, 0xe0, 0xf0, 0xf8, 0xf8, 0x83, 0xfc, 0x03, 0xf8, 0xf8, 0xf0, 0xe0, 0x9c, 0x00,
    0x03, 0xe0, 0xf0, 0xf8, 0xf8, 0x83, 0xfc, 0x06, 0xf8, 0xf8, 0xf0, 0xe0, 0xf0, 0xf8, 0xf8, 0x83,
    0xfc, 0x03, 0xf8, 0xf8, 0xf0, 0xe0, 0xb4, 0x00, 0x07, 0x03, 0x07, 0x0f, 0x0f, 0x1f, 0x1f, 0x3f,
    0x7f, 0x86, 0xff, 0x07, 0x7f, 0x3f, 0x1f, 0x1f, 0x0f, 0x0f, 0x07, 0x03, 0x9c, 0x00, 0x07, 0x03,
    0x07, 0x0f, 0x0f, 0x1f, 0x1f, 0x3f, 0x7f, 0x86, 0xff, 0x07, 0x7f, 0x3f, 0x1f, 0x1f, 0x0f, 0x0f,
    0x07, 0x03, 0xbd, 0x00, 0x04, 0x01, 0x03, 0x07, 0x03, 0x01, 0xae, 0x00, 0x04, 0x01, 0x03, 0x07,
    0x03, 0x01, 0xd0, 0x00, 0x02, 0xc0, 0x80, 0x80, 0x9e, 0x00, 0x02, 0x80, 0x80, 0xc0, 0xdc, 0x00,
    0x05, 0x01, 0x01, 0x03, 0x02, 0x06, 0x04, 0x94, 0x0c, 0x05, 0x04, 0x06, 0x02, 0x03, 0x01, 0x01,
    0xae, 0x00,
};

static const uint8_t s_anim_love_f32[] = {
    0xff, 0x00, 0xff, 0x00, 0xff, 0x00, 0x9b, 0x00, 0x02, 0xc0, 0xe0, 0xf0, 0x84, 0xf8, 0x04, 0xf0,
    0xe0, 0xc0, 0xe0, 0xf0, 0x84, 0xf8, 0x02, 0xf0, 0xe0, 0xc0, 0x9e, 0x00, 0x02, 0xc0, 0xe0, 0xf0,
    0x84, 0xf8, 0x04, 0xf0, 0xe0, 0xc0, 0xe0, 0xf0, 0x84, 0xf8, 0x02, 0xf0, 0xe0, 0xc0, 0xb6, 0x00,
    0x02, 0x07, 0x0f, 0x1f, 0x82, 0x3f, 0x00, 0x7f, 0x86, 0xff, 0x00, 0x7f, 0x82, 0x3f, 0x02, 0x1f,
    0x0f, 0x07, 0x9e, 0x00, 0x02, 0x07, 0x0f, 0x1f, 0x82, 0x3f, 0x00, 0x7f, 0x86, 0xff, 0x00, 0x7f,
    0x82, 0x3f, 0x02, 0x1f, 0x0f, 0x07, 0xbe, 0x00, 0x04, 0x01, 0x03, 0x07, 0x03, 0x01, 0xae, 0x00,
    0x04, 0x01, 0x03, 0x07, 0x03, 0x01, 0xd0, 0x00, 0x02, 0xc0, 0x80, 0x80, 0x9e, 0x00, 0x02, 0x80,
    0x80, 0xc0, 0xdc, 0x00, 0x05, 0x01, 0x01, 0x03, 0x02, 0x06, 0x04, 0x94, 0x0c, 0x05, 0x04, 0x06,
    0x02, 0x03, 0x01, 0x01, 0xae, 0x00,
};

static const uint8_t s_anim_love_f33[] = {
    0xff, 0x00, 0xff, 0x00, 0xff, 0x00, 0x9b, 0x00, 0x02, 0xc0, 0xe0, 0xf0, 0x84, 0xf8, 0x04, 0xf0,
    0xe0, 0xc0, 0xe0, 0xf0, 0x84, 0xf8, 0x02, 0xf0, 0xe0, 0xc0, 0x9e, 0x00, 0x02, 0xc0, 0xe0, 0xf0,
    0x84, 0xf8, 0x04, 0xf0, 0xe0, 0xc0, 0xe0, 0xf0, 0x84, 0xf8, 0x02, 0xf0, 0xe0, 0xc0, 0xb6, 0x00,
    0x02, 0x07, 0x0f, 0x1f, 0x82, 0x3f, 0x00, 0x7f, 0x86, 0xff, 0x00, 0x7f, 0x82, 0x3f, 0x02, 0x1f,
    0x0f, 0x07, 0x9e, 0x00, 0x02, 0x07, 0x0f, 0x1f, 0x82, 0x3f, 0x00, 0x7f, 0x86, 0xff, 0x00, 0x7f,
    0x82, 0x3f, 0x02, 0x1f, 0x0f, 0x07, 0xbe, 0x00, 0x04, 0x01, 0x03, 0x07, 0x03, 0x01, 0xae, 0x00,
    0x04, 0x01, 0x03, 0x07, 0x03, 0x01, 0xd0, 0x00, 0x02, 0xc0, 0x80, 0x80, 0x9e, 0x00, 0x02, 0x80,
    0x80, 0xc0, 0xdc, 0x00, 0x05, 0x01, 0x01, 0x03, 0x02, 0x06, 0x04, 0x94, 0x0c, 0x05, 0x04, 0x06,
    0x02, 0x03, 0x01, 0x01, 0xae, 0x00,
};

static const uint8_t s_anim_love_f34[] = {
    0xff, 0x00, 0xff, 0x00, 0xff, 0x00, 0x9b, 0x00, 0x02, 0xc0, 0xe0, 0xf0, 0x84, 0xf8, 0x04, 0xf0,
    0xe0, 0xc0, 0xe0, 0xf0, 0x84, 0xf8, 0x02, 0xf0, 0xe0, 0xc0, 0x9e, 0x00, 0x02, 0xc0, 0xe0, 0xf0,
    0x84, 0xf8, 0x04, 0xf0, 0xe0, 0xc0, 0xe0, 0xf0, 0x84, 0xf8, 0x02, 0xf0, 0xe0, 0xc0, 0xb6, 0x00,
    0x02, 0x07, 0x0f, 0x1f, 0x82, 0x3f, 0x00, 0x7f, 0x86, 0xff, 0x00, 0x7f, 0x82, 0x3f, 0x02, 0x1f,
    0x0f, 0x07, 0x9e, 0x00, 0x02, 0x07, 0x0f, 0x1f, 0x82, 0x3f, 0x00, 0x7f, 0x86, 0xff, 0x00, 0x7f,
    0x82, 0x3f, 0x02, 0x1f, 0x0f, 0x07, 0xbe, 0x00, 0x04, 0x01, 0x03, 0x07, 0x03, 0x01, 0xae, 0x00,
    0x04, 0x01, 0x03, 0x07, 0x03, 0x01, 0xd0, 0x00, 0x02, 0xc0, 0x80, 0x80, 0x9e, 0x00, 0x02, 0x80,
    0x80, 0xc0, 0xdc, 0x00, 0x05, 0x01, 0x01, 0x03, 0x02, 0x06, 0x04, 0x94, 0x0c, 0x05, 0x04, 0x06,
    0x02, 0x03, 0x01, 0x01, 0xae, 0x00,
};

static const uint8_t s_anim_love_f35[] = {
    0xff, 0x00, 0xff, 0x00, 0xff, 0x00, 0x9b, 0x00, 0x02, 0xc0, 0xe0, 0xf0, 0x84, 0xf8, 0x04, 0xf0,
    0xe0, 0xc0, 0xe0, 0xf0, 0x84, 0xf8, 0x02, 0xf0, 0xe0, 0xc0, 0x9e, 0x00, 0x02, 0xc0, 0xe0, 0xf0,
    0x84, 0xf8, 0x04, 0xf0, 0xe0, 0xc0, 0xe0, 0xf0, 0x84, 0xf8, 0x02, 0xf0, 0xe0, 0xc0, 0xb6, 0x00,
    0x02, 0x07, 0x0f, 0x1f, 0x82, 0x3f, 0x00, 0x7f, 0x86, 0xff, 0x00, 0x7f, 0x82, 0x3f, 0x02, 0x1f,
    0x0f, 0x07, 0x9e, 0x00, 0x02, 0x07, 0x0f, 0x1f, 0x82, 0x3f, 0x00, 0x7f, 0x86, 0xff, 0x00, 0x7f,
    0x82, 0x3f, 0x02, 0x1f, 0x0f, 0x07, 0xbe, 0x00, 0x04, 0x01, 0x03, 0x07, 0x03, 0x01, 0xae, 0x00,
    0x04, 0x01, 0x03, 0x07, 0x03, 0x01, 0xd0, 0x00, 0x02, 0xc0, 0x80, 0x80, 0x9e, 0x00, 0x02, 0x80,
    0x80, 0xc0, 0xdc, 0x00, 0x05, 0x01, 0x01, 0x03, 0x02, 0x06, 0x04, 0x94, 0x0c, 0x05, 0x04, 0x06,
    0x02, 0x03, 0x01, 0x01, 0xae, 0x00,
};

static const uint8_t *const s_anim_love_frames[36] = {
    s_anim_love_f00,
    s_anim_love_f01,
    s_anim_love_f02,
    s_anim_love_f03,
    s_anim_love_f04,
    s_anim_love_f05,
    s_anim_love_f06,
    s_anim_love_f07,
    s_anim_love_f08,
    s_anim_love_f09,
    s_anim_love_f10,
    s_anim_love_f11,
    s_anim_love_f12,
    s_anim_love_f13,
    s_anim_love_f14,
    s_anim_love_f15,
    s_anim_love_f16,
    s_anim_love_f17,
    s_anim_love_f18,
    s_anim_love_f19,
    s_anim_love_f20,
    s_anim_love_f21,
    s_anim_love_f22,
    s_anim_love_f23,
    s_anim_love_f24,
    s_anim_love_f25,
    s_anim_love_f26,
    s_anim_love_f27,
    s_anim_love_f28,
    s_anim_love_f29,
    s_anim_love_f30,
    s_anim_love_f31,
    s_anim_love_f32,
    s_anim_love_f33,
    s_anim_love_f34,
    s_anim_love_f35,
};

static const uint16_t s_anim_love_sizes[36] = {
    134, 134, 134, 134, 134, 146, 146, 148,
    148, 148, 152, 152, 152, 154, 160, 160,
    160, 160, 160, 160, 160, 160, 160, 154,
    154, 152, 152, 148, 148, 148, 146, 146,
    134, 134, 134, 134,
};

static const uint8_t s_anim_dizzy_f00[] = {
    0xff, 0x00, 0x95, 0x00, 0x03, 0x80, 0xc0, 0xe0, 0xe0, 0x98, 0xf0, 0x03, 0xe0, 0xe0, 0xc0, 0x80,
    0x92, 0x00, 0x03, 0x80, 0xc0, 0xe0, 0xe0, 0x98, 0xf0, 0x03, 0xe0, 0xe0, 0xc0, 0x80, 0xa8, 0x00,
    0x00, 0xfc, 0xa2, 0xff, 0x00, 0xfc, 0x8e, 0x00, 0x00, 0xfc, 0xa2, 0xff, 0x00, 0xfc, 0xa6, 0x00,
    0xa4, 0xff, 0x8e, 0x00, 0xa4, 0xff, 0xa6, 0x00, 0xa4, 0xff, 0x8e, 0x00, 0xa4, 0xff, 0xa6, 0x00,
    0x00, 0x7f, 0xa2, 0xff, 0x00, 0x7f, 0x8e, 0x00, 0x00, 0x7f, 0xa2, 0xff, 0x00, 0x7f, 0xa7, 0x00,
    0x04, 0x01, 0x03, 0x07, 0x0f, 0x0f, 0x98, 0x1f, 0x04, 0x0f, 0xcf, 0xc7, 0xc3, 0xc1, 0x90, 0xc0,
    0x04, 0xc1, 0xc3, 0xc7, 0xcf, 0x0f, 0x98, 0x1f, 0x04, 0x0f, 0x0f, 0x07, 0x03, 0x01, 0xff, 0x00,
    0x93, 0x00,
};

static const uint8_t s_anim_dizzy_f01[] = {
    0xff, 0x00, 0x96, 0x00, 0x03, 0x80, 0xc0, 0xe0, 0xe0, 0x98, 0xf0, 0x03, 0xe0, 0xe0, 0xc0, 0x80,
    0x92, 0x00, 0x03, 0x80, 0xc0, 0xe0, 0xe0, 0x98, 0xf0, 0x03, 0xe0, 0xe0, 0xc0, 0x80, 0xa8, 0x00,
    0x00, 0xfc, 0xa2, 0xff, 0x00, 0xfc, 0x8e, 0x00, 0x00, 0xfc, 0xa2, 0xff, 0x00, 0xfc, 0xa6, 0x00,
    0xa4, 0xff, 0x8e, 0x00, 0xa4, 0xff, 0xa6, 0x00, 0xa4, 0xff, 0x8e, 0x00, 0xa4, 0xff, 0xa6, 0x00,
    0x00, 0x7f, 0xa2, 0xff, 0x00, 0x7f, 0x8e, 0x00, 0x00, 0x7f, 0xa2, 0xff, 0x00, 0x7f, 0xa7, 0x00,
    0x04, 0x01, 0x03, 0x07, 0x0f, 0x0f, 0x98, 0x1f, 0x04, 0xcf, 0xcf, 0xc7, 0xc3, 0xc1, 0x90, 0xc0,
    0x04, 0xc1, 0xc3, 0xc7, 0x0f, 0x0f, 0x98, 0x1f, 0x04, 0x0f, 0x0f, 0x07, 0x03, 0x01, 0xff, 0x00,
    0x92, 0x00,
};

static const uint8_t s_anim_dizzy_f02[] = {
    0xff, 0x00, 0x98, 0x00, 0x03, 0x80, 0xc0, 0xe0, 0xe0, 0x98, 0xf0, 0x03, 0xe0, 0xe0, 0xc0, 0x80,
    0x92, 0x00, 0x03, 0x80, 0xc0, 0xe0, 0xe0, 0x98, 0xf0, 0x03, 0xe0, 0xe0, 0xc0, 0x80, 0xa8, 0x00,
    0x00, 0xfc, 0xa2, 0xff, 0x00, 0xfc, 0x8e, 0x00, 0x00, 0xfc, 0xa2, 0xff, 0x00, 0xfc, 0xa6, 0x00,
    0xa4, 0xff, 0x8e, 0x00, 0xa4, 0xff, 0xa6, 0x00, 0xa4, 0xff, 0x8e, 0x00, 0xa4, 0xff, 0xa6, 0x00,
    0x00, 0x7f, 0xa2, 0xff, 0x00, 0x7f, 0x8e, 0x00, 0x00, 0x7f, 0xa2, 0xff, 0x00, 0x7f, 0xa7, 0x00,
    0x04, 0x01, 0x03, 0x07, 0x0f, 0x0f, 0x96, 0x1f, 0x06, 0xdf, 0xdf, 0xcf, 0xcf, 0xc7, 0xc3, 0xc1,
    0x90, 0xc0, 0x04, 0xc1, 0x03, 0x07, 0x0f, 0x0f, 0x98, 0x1f, 0x04, 0x0f, 0x0f, 0x07, 0x03, 0x01,
    0xff, 0x00, 0x90, 0x00,
};

static const uint8_t s_anim_dizzy_f03[] = {
    0xff, 0x00, 0x98, 0x00, 0x03, 0x80, 0xc0, 0xe0, 0xe0, 0x98, 0xf0, 0x03, 0xe0, 0xe0, 0xc0, 0x80,
    0x92, 0x00, 0x03, 0x80, 0xc0, 0xe0, 0xe0, 0x98, 0xf0, 0x03, 0xe0, 0xe0, 0xc0, 0x80, 0xa8, 0x00,
    0x00, 0xfc, 0xa2, 0xff, 0x00, 0xfc, 0x8e, 0x00, 0x00, 0xfc, 0xa2, 0xff, 0x00, 0xfc, 0xa6, 0x00,
    0xa4, 0xff, 0x8e, 0x00, 0xa4, 0xff, 0xa6, 0x00, 0xa4, 0xff, 0x8e, 0x00, 0xa4, 0xff, 0xa6, 0x00,
    0x00, 0x7f, 0xa2, 0xff, 0x00, 0x7f, 0x8e, 0x00, 0x00, 0x7f, 0xa2, 0xff, 0x00, 0x7f, 0xa7, 0x00,
    0x04, 0x01, 0x03, 0x07, 0x0f, 0x0f, 0x96, 0x1f, 0x06, 0xdf, 0xdf, 0xcf, 0xcf, 0xc7, 0xc3, 0xc1,
    0x90, 0xc0, 0x04, 0xc1, 0x03, 0x07, 0x0f, 0x0f, 0x98, 0x1f, 0x04, 0x0f, 0x0f, 0x07, 0x03, 0x01,
    0xff, 0x00, 0x90, 0x00,
};

static const uint8_t s_anim_dizzy_f04[] = {
    0xff, 0x00, 0x99, 0x00, 0x03, 0x80, 0xc0, 0xe0, 0xe0, 0x98, 0xf0, 0x03, 0xe0, 0xe0, 0xc0, 0x80,
    0x92, 0x00, 0x03, 0x80, 0xc0, 0xe0, 0xe0, 0x98, 0xf0, 0x03, 0xe0, 0xe0, 0xc0, 0x80, 0xa8, 0x00,
    0x00, 0xfc, 0xa2, 0xff, 0x00, 0xfc, 0x8e, 0x00, 0x00, 0xfc, 0xa2, 0xff, 0x00, 0xfc, 0xa6, 0x00,
    0xa4, 0xff, 0x8e, 0x00, 0xa4, 0xff, 0xa6, 0x00, 0xa4, 0xff, 0x8e, 0x00, 0xa4, 0xff, 0xa6, 0x00,
    0x00, 0x7f, 0xa2, 0xff, 0x00, 0x7f, 0x8e, 0x00, 0x00, 0x7f, 0xa2, 0xff, 0x00, 0x7f, 0xa7, 0x00,
    0x04, 0x01, 0x03, 0x07, 0x0f, 0x0f, 0x95, 0x1f, 0x82, 0xdf, 0x04, 0xcf, 0xcf, 0xc7, 0xc3, 0xc1,
    0x90, 0xc0, 0x04, 0x01, 0x03, 0x07, 0x0f, 0x0f, 0x98, 0x1f, 0x04, 0x0f, 0x0f, 0x07, 0x03, 0x01,
    0xff, 0x00, 0x8f, 0x00,
};

static const uint8_t s_anim_dizzy_f05[] = {
    0xff, 0x00, 0x99, 0x00, 0x03, 0x80, 0xc0, 0xe0, 0xe0, 0x98, 0xf0, 0x03, 0xe0, 0xe0, 0xc0, 0x80,
    0x92, 0x00, 0x03, 0x80, 0xc0, 0xe0, 0xe0, 0x98, 0xf0, 0x03, 0xe0, 0xe0, 0xc0, 0x80, 0xa8, 0x00,
    0x00, 0xfc, 0xa2, 0xff, 0x00, 0xfc, 0x8e, 0x00, 0x00, 0xfc, 0xa2, 0xff, 0x00, 0xfc, 0xa6, 0x00,
    0xa4, 0xff, 0x8e, 0x00, 0xa4, 0xff, 0xa6, 0x00, 0xa4, 0xff, 0x8e, 0x00, 0xa4, 0xff, 0xa6, 0x00,
    0x00, 0x7f, 0xa2, 0xff, 0x00, 0x7f, 0x8e, 0x00, 0x00, 0x7f, 0xa2, 0xff, 0x00, 0x7f, 0xa7, 0x00,
    0x04, 0x01, 0x03, 0x07, 0x0f, 0x0f, 0x95, 0x1f, 0x82, 0xdf, 0x04, 0xcf, 0xcf, 0xc7, 0xc3, 0xc1,
    0x90, 0xc0, 0x04, 0x01, 0x03, 0x07, 0x0f, 0x0f, 0x98, 0x1f, 0x04, 0x0f, 0x0f, 0x07, 0x03, 0x01,
    0xff, 0x00, 0x8f, 0x00,
};

static const uint8_t s_anim_dizzy_f06[] = {
    0xff, 0x00, 0x98, 0x00, 0x03, 0x80, 0xc0, 0xe0, 0xe0, 0x98, 0xf0, 0x03, 0xe0, 0xe0, 0xc0, 0x80,
    0x92, 0x00, 0x03, 0x80, 0xc0, 0xe0, 0xe0, 0x98, 0xf0, 0x03, 0xe0, 0xe0, 0xc0, 0x80, 0xa8, 0x00,
    0x00, 0xfc, 0xa2, 0xff, 0x00, 0xfc, 0x8e, 0x00, 0x00, 0xfc, 0xa2, 0xff, 0x00, 0xfc, 0xa6, 0x00,
    0xa4, 0xff, 0x8e, 0x00, 0xa4, 0xff, 0xa6, 0x00, 0xa4, 0xff, 0x8e, 0x00, 0xa4, 0xff, 0xa6, 0x00,
    0x00, 0x7f, 0xa2, 0xff, 0x00, 0x7f, 0x8e, 0x00, 0x00, 0x7f, 0xa2, 0xff, 0x00, 0x7f, 0xa7, 0x00,
    0x04, 0x01, 0x03, 0x07, 0x0f, 0x0f, 0x96, 0x1f, 0x06, 0xdf, 0xdf, 0xcf, 0xcf, 0xc7, 0xc3, 0xc1,
    0x90, 0xc0, 0x04, 0xc1, 0x03, 0x07, 0x0f, 0x0f, 0x98, 0x1f, 0x04, 0x0f, 0x0f, 0x07, 0x03, 0x01,
    0xff, 0x00, 0x90, 0x00,
};

static const uint8_t s_anim_dizzy_f07[] = {
    0xff, 0x00, 0x98, 0x00, 0x03, 0x80, 0xc0, 0xe0, 0xe0, 0x98, 0xf0, 0x03, 0xe0, 0xe0, 0xc0, 0x80,
    0x92, 0x00, 0x03, 0x80, 0xc0, 0xe0, 0xe0, 0x98, 0xf0, 0x03, 0xe0, 0xe0, 0xc0, 0x80, 0xa8, 0x00,
    0x00, 0xfc, 0xa2, 0xff, 0x00, 0xfc, 0x8e, 0x00, 0x00, 0xfc, 0xa2, 0xff, 0x00, 0xfc, 0xa6, 0x00,
    0xa4, 0xff, 0x8e, 0x00, 0xa4, 0xff, 0xa6, 0x00, 0xa4, 0xff, 0x8e, 0x00, 0xa4, 0xff, 0xa6, 0x00,
    0x00, 0x7f, 0xa2, 0xff, 0x00, 0x7f, 0x8e, 0x00, 0x00, 0x7f, 0xa2, 0xff, 0x00, 0x7f, 0xa7, 0x00,
    0x04, 0x01, 0x03, 0x07, 0x0f, 0x0f, 0x96, 0x1f, 0x06, 0xdf, 0xdf, 0xcf, 0xcf, 0xc7, 0xc3, 0xc1,
    0x90, 0xc0, 0x04, 0xc1, 0x03, 0x07, 0x0f, 0x0f, 0x98, 0x1f, 0x04, 0x0f, 0x0f, 0x07, 0x03, 0x01,
    0xff, 0x00, 0x90, 0x00,
};

static const uint8_t s_anim_dizzy_f08[] = {
    0xff, 0x00, 0x96, 0x00, 0x03, 0x80, 0xc0, 0xe0, 0xe0, 0x98, 0xf0, 0x03, 0xe0, 0xe0, 0xc0, 0x80,
    0x92, 0x00, 0x03, 0x80, 0xc0, 0xe0, 0xe0, 0x98, 0xf0, 0x03, 0xe0, 0xe0, 0xc0, 0x80, 0xa8, 0x00,
    0x00, 0xfc, 0xa2, 0xff, 0x00, 0xfc, 0x8e, 0x00, 0x00, 0xfc, 0xa2, 0xff, 0x00, 0xfc, 0xa6, 0x00,
    0xa4, 0xff, 0x8e, 0x00, 0xa4, 0xff, 0xa6, 0x00, 0xa4, 0xff, 0x8e, 0x00, 0xa4, 0xff, 0xa6, 0x00,
    0x00, 0x7f, 0xa2, 0xff, 0x00, 0x7f, 0x8e, 0x00, 0x00, 0x7f, 0xa2, 0xff, 0x00, 0x7f, 0xa7, 0x00,
    0x04, 0x01, 0x03, 0x07, 0x0f, 0x0f, 0x98, 0x1f, 0x04, 0xcf, 0xcf, 0xc7, 0xc3, 0xc1, 0x90, 0xc0,
    0x04, 0xc1, 0xc3, 0xc7, 0x0f, 0x0f, 0x98, 0x1f, 0x04, 0x0f, 0x0f, 0x07, 0x03, 0x01, 0xff, 0x00,
    0x92, 0x00,
};

static const uint8_t s_anim_dizzy_f09[] = {
    0xff, 0x00, 0x95, 0x00, 0x03, 0x80, 0xc0, 0xe0, 0xe0, 0x98, 0xf0, 0x03, 0xe0, 0xe0, 0xc0, 0x80,
    0x92, 0x00, 0x03, 0x80, 0xc0, 0xe0, 0xe0, 0x98, 0xf0, 0x03, 0xe0, 0xe0, 0xc0, 0x80, 0xa8, 0x00,
    0x00, 0xfc, 0xa2, 0xff, 0x00, 0xfc, 0x8e, 0x00, 0x00, 0xfc, 0xa2, 0xff, 0x00, 0xfc, 0xa6, 0x00,
    0xa4, 0xff, 0x8e, 0x00, 0xa4, 0xff, 0xa6, 0x00, 0xa4, 0xff, 0x8e, 0x00, 0xa4, 0xff, 0xa6, 0x00,
    0x00, 0x7f, 0xa2, 0xff, 0x00, 0x7f, 0x8e, 0x00, 0x00, 0x7f, 0xa2, 0xff, 0x00, 0x7f, 0xa7, 0x00,
    0x04, 0x01, 0x03, 0x07, 0x0f, 0x0f, 0x98, 0x1f, 0x04, 0x0f, 0xcf, 0xc7, 0xc3, 0xc1, 0x90, 0xc0,
    0x04, 0xc1, 0xc3, 0xc7, 0xcf, 0x0f, 0x98, 0x1f, 0x04, 0x0f, 0x0f, 0x07, 0x03, 0x01, 0xff, 0x00,
    0x93, 0x00,
};

static const uint8_t s_anim_dizzy_f10[] = {
    0xff, 0x00, 0x94, 0x00, 0x03, 0x80, 0xc0, 0xe0, 0xe0, 0x98, 0xf0, 0x03, 0xe0, 0xe0, 0xc0, 0x80,
    0x92, 0x00, 0x03, 0x80, 0xc0, 0xe0, 0xe0, 0x98, 0xf0, 0x03, 0xe0, 0xe0, 0xc0, 0x80, 0xa8, 0x00,
    0x00, 0xfc, 0xa2, 0xff, 0x00, 0xfc, 0x8e, 0x00, 0x00, 0xfc, 0xa2, 0xff, 0x00, 0xfc, 0xa6, 0x00,
    0xa4, 0xff, 0x8e, 0x00, 0xa4, 0xff, 0xa6, 0x00, 0xa4, 0xff, 0x8e, 0x00, 0xa4, 0xff, 0xa6, 0x00,
    0x00, 0x7f, 0xa2, 0xff, 0x00, 0x7f, 0x8e, 0x00, 0x00, 0x7f, 0xa2, 0xff, 0x00, 0x7f, 0xa7, 0x00,
    0x04, 0x01, 0x03, 0x07, 0x0f, 0x0f, 0x98, 0x1f, 0x04, 0x0f, 0x0f, 0xc7, 0xc3, 0xc1, 0x90, 0xc0,
    0x04, 0xc1, 0xc3, 0xc7, 0xcf, 0xcf, 0x98, 0x1f, 0x04, 0x0f, 0x0f, 0x07, 0x03, 0x01, 0xff, 0x00,
    0x94, 0x00,
};

static const uint8_t s_anim_dizzy_f11[] = {
    0xff, 0x00, 0x92, 0x00, 0x03, 0x80, 0xc0, 0xe0, 0xe0, 0x98, 0xf0, 0x03, 0xe0, 0xe0, 0xc0, 0x80,
    0x92, 0x00, 0x03, 0x80, 0xc0, 0xe0, 0xe0, 0x98, 0xf0, 0x03, 0xe0, 0xe0, 0xc0, 0x80, 0xa8, 0x00,
    0x00, 0xfc, 0xa2, 0xff, 0x00, 0xfc, 0x8e, 0x00, 0x00, 0xfc, 0xa2, 0xff, 0x00, 0xfc, 0xa6, 0x00,
    0xa4, 0xff, 0x8e, 0x00, 0xa4, 0xff, 0xa6, 0x00, 0xa4, 0xff, 0x8e, 0x00, 0xa4, 0xff, 0xa6, 0x00,
    0x00, 0x7f, 0xa2, 0xff, 0x00, 0x7f, 0x8e, 0x00, 0x00, 0x7f, 0xa2, 0xff, 0x00, 0x7f, 0xa7, 0x00,
    0x04, 0x01, 0x03, 0x07, 0x0f, 0x0f, 0x98, 0x1f, 0x04, 0x0f, 0x0f, 0x07, 0x03, 0xc1, 0x90, 0xc0,
    0x06, 0xc1, 0xc3, 0xc7, 0xcf, 0xcf, 0xdf, 0xdf, 0x96, 0x1f, 0x04, 0x0f, 0x0f, 0x07, 0x03, 0x01,
    0xff, 0x00, 0x96, 0x00,
};

static const uint8_t s_anim_dizzy_f12[] = {
    0xff, 0x00, 0x92, 0x00, 0x03, 0x80, 0xc0, 0xe0, 0xe0, 0x98, 0xf0, 0x03, 0xe0, 0xe0, 0xc0, 0x80,
    0x92, 0x00, 0x03, 0x80, 0xc0, 0xe0, 0xe0, 0x98, 0xf0, 0x03, 0xe0, 0xe0, 0xc0, 0x80, 0xa8, 0x00,
    0x00, 0xfc, 0xa2, 0xff, 0x00, 0xfc, 0x8e, 0x00, 0x00, 0xfc, 0xa2, 0xff, 0x00, 0xfc, 0xa6, 0x00,
    0xa4, 0xff, 0x8e, 0x00, 0xa4, 0xff, 0xa6, 0x00, 0xa4, 0xff, 0x8e, 0x00, 0xa4, 0xff, 0xa6, 0x00,
    0x00, 0x7f, 0xa2, 0xff, 0x00, 0x7f, 0x8e, 0x00, 0x00, 0x7f, 0xa2, 0xff, 0x00, 0x7f, 0xa7, 0x00,
    0x04, 0x01, 0x03, 0x07, 0x0f, 0x0f, 0x98, 0x1f, 0x04, 0x0f, 0x0f, 0x07, 0x03, 0xc1, 0x90, 0xc0,
    0x06, 0xc1, 0xc3, 0xc7, 0xcf, 0xcf, 0xdf, 0xdf, 0x96, 0x1f, 0x04, 0x0f, 0x0f, 0x07, 0x03, 0x01,
    0xff, 0x00, 0x96, 0x00,
};

static const uint8_t s_anim_dizzy_f13[] = {
    0xff, 0x00, 0x91, 0x00, 0x03, 0x80, 0xc0, 0xe0, 0xe0, 0x98, 0xf0, 0x03, 0xe0, 0xe0, 0xc0, 0x80,
    0x92, 0x00, 0x03, 0x80, 0xc0, 0xe0, 0xe0, 0x98, 0xf0, 0x03, 0xe0, 0xe0, 0xc0, 0x80, 0xa8, 0x00,
    0x00, 0xfc, 0xa2, 0xff, 0x00, 0xfc, 0x8e, 0x00, 0x00, 0xfc, 0xa2, 0xff, 0x00, 0xfc, 0xa6, 0x00,
    0xa4, 0xff, 0x8e, 0x00, 0xa4, 0xff, 0xa6, 0x00, 0xa4, 0xff, 0x8e, 0x00, 0xa4, 0xff, 0xa6, 0x00,
    0x00, 0x7f, 0xa2, 0xff, 0x00, 0x7f, 0x8e, 0x00, 0x00, 0x7f, 0xa2, 0xff, 0x00, 0x7f, 0xa7, 0x00,
    0x04, 0x01, 0x03, 0x07, 0x0f, 0x0f, 0x98, 0x1f, 0x04, 0x0f, 0x0f, 0x07, 0x03, 0x01, 0x90, 0xc0,
    0x04, 0xc1, 0xc3, 0xc7, 0xcf, 0xcf, 0x82, 0xdf, 0x95, 0x1f, 0x04, 0x0f, 0x0f, 0x07, 0x03, 0x01,
    0xff, 0x00, 0x97, 0x00,
};

static const uint8_t s_anim_dizzy_f14[] = {
    0xff, 0x00, 0x91, 0x00, 0x03, 0x80, 0xc0, 0xe0, 0xe0, 0x98, 0xf0, 0x03, 0xe0, 0xe0, 0xc0, 0x80,
    0x92, 0x00, 0x03, 0x80, 0xc0, 0xe0, 0xe0, 0x98, 0xf0, 0x03, 0xe0, 0xe0, 0xc0, 0x80, 0xa8, 0x00,
    0x00, 0xfc, 0xa2, 0xff, 0x00, 0xfc, 0x8e, 0x00, 0x00, 0xfc, 0xa2, 0xff, 0x00, 0xfc, 0xa6, 0x00,
    0xa4, 0xff, 0x8e, 0x00, 0xa4, 0xff, 0xa6, 0x00, 0xa4, 0xff, 0x8e, 0x00, 0xa4, 0xff, 0xa6, 0x00,
    0x00, 0x7f, 0xa2, 0xff, 0x00, 0x7f, 0x8e, 0x00, 0x00, 0x7f, 0xa2, 0xff, 0x00, 0x7f, 0xa7, 0x00,
    0x04, 0x01, 0x03, 0x07, 0x0f, 0x0f, 0x98, 0x1f, 0x04, 0x0f, 0x0f, 0x07, 0x03, 0x01, 0x90, 0xc0,
    0x04, 0xc1, 0xc3, 0xc7, 0xcf, 0xcf, 0x82, 0xdf, 0x95, 0x1f, 0x04, 0x0f, 0x0f, 0x07, 0x03, 0x01,
    0xff, 0x00, 0x97, 0x00,
};

static const uint8_t s_anim_dizzy_f15[] = {
    0xff, 0x00, 0x92, 0x00, 0x03, 0x80, 0xc0, 0xe0, 0xe0, 0x98, 0xf0, 0x03, 0xe0, 0xe0, 0xc0, 0x80,
    0x92, 0x00, 0x03, 0x80, 0xc0, 0xe0, 0xe0, 0x98, 0xf0, 0x03, 0xe0, 0xe0, 0xc0, 0x80, 0xa8, 0x00,
    0x00, 0xfc, 0xa2, 0xff, 0x00, 0xfc, 0x8e, 0x00, 0x00, 0xfc, 0xa2, 0xff, 0x00, 0xfc, 0xa6, 0x00,
    0xa4, 0xff, 0x8e, 0x00, 0xa4, 0xff, 0xa6, 0x00, 0xa4, 0xff, 0x8e, 0x00, 0xa4, 0xff, 0xa6, 0x00,
    0x00, 0x7f, 0xa2, 0xff, 0x00, 0x7f, 0x8e, 0x00, 0x00, 0x7f, 0xa2, 0xff, 0x00, 0x7f, 0xa7, 0x00,
    0x04, 0x01, 0x03, 0x07, 0x0f, 0x0f, 0x98, 0x1f, 0x04, 0x0f, 0x0f, 0x07, 0x03, 0xc1, 0x90, 0xc0,
    0x06, 0xc1, 0xc3, 0xc7, 0xcf, 0xcf, 0xdf, 0xdf, 0x96, 0x1f, 0x04, 0x0f, 0x0f, 0x07, 0x03, 0x01,
    0xff, 0x00, 0x96, 0x00,
};

static const uint8_t s_anim_dizzy_f16[] = {
    0xff, 0x00, 0x92, 0x00, 0x03, 0x80, 0xc0, 0xe0, 0xe0, 0x98, 0xf0, 0x03, 0xe0, 0xe0, 0xc0, 0x80,
    0x92, 0x00, 0x03, 0x80, 0xc0, 0xe0, 0xe0, 0x98, 0xf0, 0x03, 0xe0, 0xe0, 0xc0, 0x80, 0xa8, 0x00,
    0x00, 0xfc, 0xa2, 0xff, 0x00, 0xfc, 0x8e, 0x00, 0x00, 0xfc, 0xa2, 0xff, 0x00, 0xfc, 0xa6, 0x00,
    0xa4, 0xff, 0x8e, 0x00, 0xa4, 0xff, 0xa6, 0x00, 0xa4, 0xff, 0x8e, 0x00, 0xa4, 0xff, 0xa6, 0x00,
    0x00, 0x7f, 0xa2, 0xff, 0x00, 0x7f, 0x8e, 0x00, 0x00, 0x7f, 0xa2, 0xff, 0x00, 0x7f, 0xa7, 0x00,
    0x04, 0x01, 0x03, 0x07, 0x0f, 0x0f, 0x98, 0x1f, 0x04, 0x0f, 0x0f, 0x07, 0x03, 0xc1, 0x90, 0xc0,
    0x06, 0xc1, 0xc3, 0xc7, 0xcf, 0xcf, 0xdf, 0xdf, 0x96, 0x1f, 0x04, 0x0f, 0x0f, 0x07, 0x03, 0x01,
    0xff, 0x00, 0x96, 0x00,
};

static const uint8_t s_anim_dizzy_f17[] = {
    0xff, 0x00, 0x94, 0x00, 0x03, 0x80, 0xc0, 0xe0, 0xe0, 0x98, 0xf0, 0x03, 0xe0, 0xe0, 0xc0, 0x80,
    0x92, 0x00, 0x03, 0x80, 0xc0, 0xe0, 0xe0, 0x98, 0xf0, 0x03, 0xe0, 0xe0, 0xc0, 0x80, 0xa8, 0x00,
    0x00, 0xfc, 0xa2, 0xff, 0x00, 0xfc, 0x8e, 0x00, 0x00, 0xfc, 0xa2, 0xff, 0x00, 0xfc, 0xa6, 0x00,
    0xa4, 0xff, 0x8e, 0x00, 0xa4, 0xff, 0xa6, 0x00, 0xa4, 0xff, 0x8e, 0x00, 0xa4, 0xff, 0xa6, 0x00,
    0x00, 0x7f, 0xa2, 0xff, 0x00, 0x7f, 0x8e, 0x00, 0x00, 0x7f, 0xa2, 0xff, 0x00, 0x7f, 0xa7, 0x00,
    0x04, 0x01, 0x03, 0x07, 0x0f, 0x0f, 0x98, 0x1f, 0x04, 0x0f, 0x0f, 0xc7, 0xc3, 0xc1, 0x90, 0xc0,
    0x04, 0xc1, 0xc3, 0xc7, 0xcf, 0xcf, 0x98, 0x1f, 0x04, 0x0f, 0x0f, 0x07, 0x03, 0x01, 0xff, 0x00,
    0x94, 0x00,
};

static const uint8_t s_anim_dizzy_f18[] = {
    0xff, 0x00, 0x95, 0x00, 0x03, 0x80, 0xc0, 0xe0, 0xe0, 0x98, 0xf0, 0x03, 0xe0, 0xe0, 0xc0, 0x80,
    0x92, 0x00, 0x03, 0x80, 0xc0, 0xe0, 0xe0, 0x98, 0xf0, 0x03, 0xe0, 0xe0, 0xc0, 0x80, 0xa8, 0x00,
    0x00, 0xfc, 0xa2, 0xff, 0x00, 0xfc, 0x8e, 0x00, 0x00, 0xfc, 0xa2, 0xff, 0x00, 0xfc, 0xa6, 0x00,
    0xa4, 0xff, 0x8e, 0x00, 0xa4, 0xff, 0xa6, 0x00, 0xa4, 0xff, 0x8e, 0x00, 0xa4, 0xff, 0xa6, 0x00,
    0x00, 0x7f, 0xa2, 0xff, 0x00, 0x7f, 0x8e, 0x00, 0x00, 0x7f, 0xa2, 0xff, 0x00, 0x7f, 0xa7, 0x00,
    0x04, 0x01, 0x03, 0x07, 0x0f, 0x0f, 0x98, 0x1f, 0x04, 0x0f, 0xcf, 0xc7, 0xc3, 0xc1, 0x90, 0xc0,
    0x04, 0xc1, 0xc3, 0xc7, 0xcf, 0x0f, 0x98, 0x1f, 0x04, 0x0f, 0x0f, 0x07, 0x03, 0x01, 0xff, 0x00,
    0x93, 0x00,
};

static const uint8_t s_anim_dizzy_f19[] = {
    0xff, 0x00, 0x96, 0x00, 0x03, 0x80, 0xc0, 0xe0, 0xe0, 0x98, 0xf0, 0x03, 0xe0, 0xe0, 0xc0, 0x80,
    0x92, 0x00, 0x03, 0x80, 0xc0, 0xe0, 0xe0, 0x98, 0xf0, 0x03, 0xe0, 0xe0, 0xc0, 0x80, 0xa8, 0x00,
    0x00, 0xfc, 0xa2, 0xff, 0x00, 0xfc, 0x8e, 0x00, 0x00, 0xfc, 0xa2, 0xff, 0x00, 0xfc, 0xa6, 0x00,
    0xa4, 0xff, 0x8e, 0x00, 0xa4, 0xff, 0xa6, 0x00, 0xa4, 0xff, 0x8e, 0x00, 0xa4, 0xff, 0xa6, 0x00,
    0x00, 0x7f, 0xa2, 0xff, 0x00, 0x7f, 0x8e, 0x00, 0x00, 0x7f, 0xa2, 0xff, 0x00, 0x7f, 0xa7, 0x00,
    0x04, 0x01, 0x03, 0x07, 0x0f, 0x0f, 0x98, 0x1f, 0x04, 0xcf, 0xcf, 0xc7, 0xc3, 0xc1, 0x90, 0xc0,
    0x04, 0xc1, 0xc3, 0xc7, 0x0f, 0x0f, 0x98, 0x1f, 0x04, 0x0f, 0x0f, 0x07, 0x03, 0x01, 0xff, 0x00,
    0x92, 0x00,
};

static const uint8_t s_anim_dizzy_f20[] = {
    0xff, 0x00, 0x98, 0x00, 0x03, 0x80, 0xc0, 0xe0, 0xe0, 0x98, 0xf0, 0x03, 0xe0, 0xe0, 0xc0, 0x80,
    0x92, 0x00, 0x03, 0x80, 0xc0, 0xe0, 0xe0, 0x98, 0xf0, 0x03, 0xe0, 0xe0, 0xc0, 0x80, 0xa8, 0x00,
    0x00, 0xfc, 0xa2, 0xff, 0x00, 0xfc, 0x8e, 0x00, 0x00, 0xfc, 0xa2, 0xff, 0x00, 0xfc, 0xa6, 0x00,
    0xa4, 0xff, 0x8e, 0x00, 0xa4, 0xff, 0xa6, 0x00, 0xa4, 0xff, 0x8e, 0x00, 0xa4, 0xff, 0xa6, 0x00,
    0x00, 0x7f, 0xa2, 0xff, 0x00, 0x7f, 0x8e, 0x00, 0x00, 0x7f, 0xa2, 0xff, 0x00, 0x7f, 0xa7, 0x00,
    0x04, 0x01, 0x03, 0x07, 0x0f, 0x0f, 0x96, 0x1f, 0x06, 0xdf, 0xdf, 0xcf, 0xcf, 0xc7, 0xc3, 0xc1,
    0x90, 0xc0, 0x04, 0xc1, 0x03, 0x07, 0x0f, 0x0f, 0x98, 0x1f, 0x04, 0x0f, 0x0f, 0x07, 0x03, 0x01,
    0xff, 0x00, 0x90, 0x00,
};

static const uint8_t s_anim_dizzy_f21[] = {
    0xff, 0x00, 0x98, 0x00, 0x03, 0x80, 0xc0, 0xe0, 0xe0, 0x98, 0xf0, 0x03, 0xe0, 0xe0, 0xc0, 0x80,
    0x92, 0x00, 0x03, 0x80, 0xc0, 0xe0, 0xe0, 0x98, 0xf0, 0x03, 0xe0, 0xe0, 0xc0, 0x80, 0xa8, 0x00,
    0x00, 0xfc, 0xa2, 0xff, 0x00, 0xfc, 0x8e, 0x00, 0x00, 0xfc, 0xa2, 0xff, 0x00, 0xfc, 0xa6, 0x00,
    0xa4, 0xff, 0x8e, 0x00, 0xa4, 0xff, 0xa6, 0x00, 0xa4, 0xff, 0x8e, 0x00, 0xa4, 0xff, 0xa6, 0x00,
    0x00, 0x7f, 0xa2, 0xff, 0x00, 0x7f, 0x8e, 0x00, 0x00, 0x7f, 0xa2, 0xff, 0x00, 0x7f, 0xa7, 0x00,
    0x04, 0x01, 0x03, 0x07, 0x0f, 0x0f, 0x96, 0x1f, 0x06, 0xdf, 0xdf, 0xcf, 0xcf, 0xc7, 0xc3, 0xc1,
    0x90, 0xc0, 0x04, 0xc1, 0x03, 0x07, 0x0f, 0x0f, 0x98, 0x1f, 0x04, 0x0f, 0x0f, 0x07, 0x03, 0x01,
    0xff, 0x00, 0x90, 0x00,
};

static const uint8_t s_anim_dizzy_f22[] = {
    0xff, 0x00, 0x99, 0x00, 0x03, 0x80, 0xc0, 0xe0, 0xe0, 0x98, 0xf0, 0x03, 0xe0, 0xe0, 0xc0, 0x80,
    0x92, 0x00, 0x03, 0x80, 0xc0, 0xe0, 0xe0, 0x98, 0xf0, 0x03, 0xe0, 0xe0, 0xc0, 0x80, 0xa8, 0x00,
    0x00, 0xfc, 0xa2, 0xff, 0x00, 0xfc, 0x8e, 0x00, 0x00, 0xfc, 0xa2, 0xff, 0x00, 0xfc, 0xa6, 0x00,
    0xa4, 0xff, 0x8e, 0x00, 0xa4, 0xff, 0xa6, 0x00, 0xa4, 0xff, 0x8e, 0x00, 0xa4, 0xff, 0xa6, 0x00,
    0x00, 0x7f, 0xa2, 0xff, 0x00, 0x7f, 0x8e, 0x00, 0x00, 0x7f, 0xa2, 0xff, 0x00, 0x7f, 0xa7, 0x00,
    0x04, 0x01, 0x03, 0x07, 0x0f, 0x0f, 0x95, 0x1f, 0x82, 0xdf, 0x04, 0xcf, 0xcf, 0xc7, 0xc3, 0xc1,
    0x90, 0xc0, 0x04, 0x01, 0x03, 0x07, 0x0f, 0x0f, 0x98, 0x1f, 0x04, 0x0f, 0x0f, 0x07, 0x03, 0x01,
    0xff, 0x00, 0x8f, 0x00,
};

static const uint8_t s_anim_dizzy_f23[] = {
    0xff, 0x00, 0x99, 0x00, 0x03, 0x80, 0xc0, 0xe0, 0xe0, 0x98, 0xf0, 0x03, 0xe0, 0xe0, 0xc0, 0x80,
    0x92, 0x00, 0x03, 0x80, 0xc0, 0xe0, 0xe0, 0x98, 0xf0, 0x03, 0xe0, 0xe0, 0xc0, 0x80, 0xa8, 0x00,
    0x00, 0xfc, 0xa2, 0xff, 0x00, 0xfc, 0x8e, 0x00, 0x00, 0xfc, 0xa2, 0xff, 0x00, 0xfc, 0xa6, 0x00,
    0xa4, 0xff, 0x8e, 0x00, 0xa4, 0xff, 0xa6, 0x00, 0xa4, 0xff, 0x8e, 0x00, 0xa4, 0xff, 0xa6, 0x00,
    0x00, 0x7f, 0xa2, 0xff, 0x00, 0x7f, 0x8e, 0x00, 0x00, 0x7f, 0xa2, 0xff, 0x00, 0x7f, 0xa7, 0x00,
    0x04, 0x01, 0x03, 0x07, 0x0f, 0x0f, 0x95, 0x1f, 0x82, 0xdf, 0x04, 0xcf, 0xcf, 0xc7, 0xc3, 0xc1,
    0x90, 0xc0, 0x04, 0x01, 0x03, 0x07, 0x0f, 0x0f, 0x98, 0x1f, 0x04, 0x0f, 0x0f, 0x07, 0x03, 0x01,
    0xff, 0x00, 0x8f, 0x00,
};

static const uint8_t s_anim_dizzy_f24[] = {
    0xff, 0x00, 0x98, 0x00, 0x03, 0x80, 0xc0, 0xe0, 0xe0, 0x98, 0xf0, 0x03, 0xe0, 0xe0, 0xc0, 0x80,
    0x92, 0x00, 0x03, 0x80, 0xc0, 0xe0, 0xe0, 0x98, 0xf0, 0x03, 0xe0, 0xe0, 0xc0, 0x80, 0xa8, 0x00,
    0x00, 0xfc, 0xa2, 0xff, 0x00, 0xfc, 0x8e, 0x00, 0x00, 0xfc, 0xa2, 0xff, 0x00, 0xfc, 0xa6, 0x00,
    0xa4, 0xff, 0x8e, 0x00, 0xa4, 0xff, 0xa6, 0x00, 0xa4, 0xff, 0x8e, 0x00, 0xa4, 0xff, 0xa6, 0x00,
    0x00, 0x7f, 0xa2, 0xff, 0x00, 0x7f, 0x8e, 0x00, 0x00, 0x7f, 0xa2, 0xff, 0x00, 0x7f, 0xa7, 0x00,
    0x04, 0x01, 0x03, 0x07, 0x0f, 0x0f, 0x96, 0x1f, 0x06, 0xdf, 0xdf, 0xcf, 0xcf, 0xc7, 0xc3, 0xc1,
    0x90, 0xc0, 0x04, 0xc1, 0x03, 0x07, 0x0f, 0x0f, 0x98, 0x1f, 0x04, 0x0f, 0x0f, 0x07, 0x03, 0x01,
    0xff, 0x00, 0x90, 0x00,
};

static const uint8_t s_anim_dizzy_f25[] = {
    0xff, 0x00, 0x98, 0x00, 0x03, 0x80, 0xc0, 0xe0, 0xe0, 0x98, 0xf0, 0x03, 0xe0, 0xe0, 0xc0, 0x80,
    0x92, 0x00, 0x03, 0x80, 0xc0, 0xe0, 0xe0, 0x98, 0xf0, 0x03, 0xe0, 0xe0, 0xc0, 0x80, 0xa8, 0x00,
    0x00, 0xfc, 0xa2, 0xff, 0x00, 0xfc, 0x8e, 0x00, 0x00, 0xfc, 0xa2, 0xff, 0x00, 0xfc, 0xa6, 0x00,
    0xa4, 0xff, 0x8e, 0x00, 0xa4, 0xff, 0xa6, 0x00, 0xa4, 0xff, 0x8e, 0x00, 0xa4, 0xff, 0xa6, 0x00,
    0x00, 0x7f, 0xa2, 0xff, 0x00, 0x7f, 0x8e, 0x00, 0x00, 0x7f, 0xa2, 0xff, 0x00, 0x7f, 0xa7, 0x00,
    0x04, 0x01, 0x03, 0x07, 0x0f, 0x0f, 0x96, 0x1f, 0x06, 0xdf, 0xdf, 0xcf, 0xcf, 0xc7, 0xc3, 0xc1,
    0x90, 0xc0, 0x04, 0xc1, 0x03, 0x07, 0x0f, 0x0f, 0x98, 0x1f, 0x04, 0x0f, 0x0f, 0x07, 0x03, 0x01,
    0xff, 0x00, 0x90, 0x00,
};

static const uint8_t s_anim_dizzy_f26[] = {
    0xff, 0x00, 0x96, 0x00, 0x03, 0x80, 0xc0, 0xe0, 0xe0, 0x98, 0xf0, 0x03, 0xe0, 0xe0, 0xc0, 0x80,
    0x92, 0x00, 0x03, 0x80, 0xc0, 0xe0, 0xe0, 0x98, 0xf0, 0x03, 0xe0, 0xe0, 0xc0, 0x80, 0xa8, 0x00,
    0x00, 0xfc, 0xa2, 0xff, 0x00, 0xfc, 0x8e, 0x00, 0x00, 0xfc, 0xa2, 0xff, 0x00, 0xfc, 0xa6, 0x00,
    0xa4, 0xff, 0x8e, 0x00, 0xa4, 0xff, 0xa6, 0x00, 0xa4, 0xff, 0x8e, 0x00, 0xa4, 0xff, 0xa6, 0x00,
    0x00, 0x7f, 0xa2, 0xff, 0x00, 0x7f, 0x8e, 0x00, 0x00, 0x7f, 0xa2, 0xff, 0x00, 0x7f, 0xa7, 0x00,
    0x04, 0x01, 0x03, 0x07, 0x0f, 0x0f, 0x98, 0x1f, 0x04, 0xcf, 0xcf, 0xc7, 0xc3, 0xc1, 0x90, 0xc0,
    0x04, 0xc1, 0xc3, 0xc7, 0x0f, 0x0f, 0x98, 0x1f, 0x04, 0x0f, 0x0f, 0x07, 0x03, 0x01, 0xff, 0x00,
    0x92, 0x00,
};

static const uint8_t s_anim_dizzy_f27[] = {
    0xff, 0x00, 0x95, 0x00, 0x03, 0x80, 0xc0, 0xe0, 0xe0, 0x98, 0xf0, 0x03, 0xe0, 0xe0, 0xc0, 0x80,
    0x92, 0x00, 0x03, 0x80, 0xc0, 0xe0, 0xe0, 0x98, 0xf0, 0x03, 0xe0, 0xe0, 0xc0, 0x80, 0xa8, 0x00,
    0x00, 0xfc, 0xa2, 0xff, 0x00, 0xfc, 0x8e, 0x00, 0x00, 0xfc, 0xa2, 0xff, 0x00, 0xfc, 0xa6, 0x00,
    0xa4, 0xff, 0x8e, 0x00, 0xa4, 0xff, 0xa6, 0x00, 0xa4, 0xff, 0x8e, 0x00, 0xa4, 0xff, 0xa6, 0x00,
    0x00, 0x7f, 0xa2, 0xff, 0x00, 0x7f, 0x8e, 0x00, 0x00, 0x7f, 0xa2, 0xff, 0x00, 0x7f, 0xa7, 0x00,
    0x04, 0x01, 0x03, 0x07, 0x0f, 0x0f, 0x98, 0x1f, 0x04, 0x0f, 0xcf, 0xc7, 0xc3, 0xc1, 0x90, 0xc0,
    0x04, 0xc1, 0xc3, 0xc7, 0xcf, 0x0f, 0x98, 0x1f, 0x04, 0x0f, 0x0f, 0x07, 0x03, 0x01, 0xff, 0x00,
    0x93, 0x00,
};

static const uint8_t s_anim_dizzy_f28[] = {
    0xff, 0x00, 0x94, 0x00, 0x03, 0x80, 0xc0, 0xe0, 0xe0, 0x98, 0xf0, 0x03, 0xe0, 0xe0, 0xc0, 0x80,
    0x92, 0x00, 0x03, 0x80, 0xc0, 0xe0, 0xe0, 0x98, 0xf0, 0x03, 0xe0, 0xe0, 0xc0, 0x80, 0xa8, 0x00,
    0x00, 0xfc, 0xa2, 0xff, 0x00, 0xfc, 0x8e, 0x00, 0x00, 0xfc, 0xa2, 0xff, 0x00, 0xfc, 0xa6, 0x00,
    0xa4, 0xff, 0x8e, 0x00, 0xa4, 0xff, 0xa6, 0x00, 0xa4, 0xff, 0x8e, 0x00, 0xa4, 0xff, 0xa6, 0x00,
    0x00, 0x7f, 0xa2, 0xff, 0x00, 0x7f, 0x8e, 0x00, 0x00, 0x7f, 0xa2, 0xff, 0x00, 0x7f, 0xa7, 0x00,
    0x04, 0x01, 0x03, 0x07, 0x0f, 0x0f, 0x98, 0x1f, 0x04, 0x0f, 0x0f, 0xc7, 0xc3, 0xc1, 0x90, 0xc0,
    0x04, 0xc1, 0xc3, 0xc7, 0xcf, 0xcf, 0x98, 0x1f, 0x04, 0x0f, 0x0f, 0x07, 0x03, 0x01, 0xff, 0x00,
    0x94, 0x00,
};

static const uint8_t s_anim_dizzy_f29[] = {
    0xff, 0x00, 0x92, 0x00, 0x03, 0x80, 0xc0, 0xe0, 0xe0, 0x98, 0xf0, 0x03, 0xe0, 0xe0, 0xc0, 0x80,
    0x92, 0x00, 0x03, 0x80, 0xc0, 0xe0, 0xe0, 0x98, 0xf0, 0x03, 0xe0, 0xe0, 0xc0, 0x80, 0xa8, 0x00,
    0x00, 0xfc, 0xa2, 0xff, 0x00, 0xfc, 0x8e, 0x00, 0x00, 0xfc, 0xa2, 0xff, 0x00, 0xfc, 0xa6, 0x00,
    0xa4, 0xff, 0x8e, 0x00, 0xa4, 0xff, 0xa6, 0x00, 0xa4, 0xff, 0x8e, 0x00, 0xa4, 0xff, 0xa6, 0x00,
    0x00, 0x7f, 0xa2, 0xff, 0x00, 0x7f, 0x8e, 0x00, 0x00, 0x7f, 0xa2, 0xff, 0x00, 0x7f, 0xa7, 0x00,
    0x04, 0x01, 0x03, 0x07, 0x0f, 0x0f, 0x98, 0x1f, 0x04, 0x0f, 0x0f, 0x07, 0x03, 0xc1, 0x90, 0xc0,
    0x06, 0xc1, 0xc3, 0xc7, 0xcf, 0xcf, 0xdf, 0xdf, 0x96, 0x1f, 0x04, 0x0f, 0x0f, 0x07, 0x03, 0x01,
    0xff, 0x00, 0x96, 0x00,
};

static const uint8_t s_anim_dizzy_f30[] = {
    0xff, 0x00, 0x92, 0x00, 0x03, 0x80, 0xc0, 0xe0, 0xe0, 0x98, 0xf0, 0x03, 0xe0, 0xe0, 0xc0, 0x80,
    0x92, 0x00, 0x03, 0x80, 0xc0, 0xe0, 0xe0, 0x98, 0xf0, 0x03, 0xe0, 0xe0, 0xc0, 0x80, 0xa8, 0x00,
    0x00, 0xfc, 0xa2, 0xff, 0x00, 0xfc, 0x8e, 0x00, 0x00, 0xfc, 0xa2, 0xff, 0x00, 0xfc, 0xa6, 0x00,
    0xa4, 0xff, 0x8e, 0x00, 0xa4, 0xff, 0xa6, 0x00, 0xa4, 0xff, 0x8e, 0x00, 0xa4, 0xff, 0xa6, 0x00,
    0x00, 0x7f, 0xa2, 0xff, 0x00, 0x7f, 0x8e, 0x00, 0x00, 0x7f, 0xa2, 0xff, 0x00, 0x7f, 0xa7, 0x00,
    0x04, 0x01, 0x03, 0x07, 0x0f, 0x0f, 0x98, 0x1f, 0x04, 0x0f, 0x0f, 0x07, 0x03, 0xc1, 0x90, 0xc0,
    0x06, 0xc1, 0xc3, 0xc7, 0xcf, 0xcf, 0xdf, 0xdf, 0x96, 0x1f, 0x04, 0x0f, 0x0f, 0x07, 0x03, 0x01,
    0xff, 0x00, 0x96, 0x00,
};

static const uint8_t s_anim_dizzy_f31[] = {
    0xff, 0x00, 0x91, 0x00, 0x03, 0x80, 0xc0, 0xe0, 0xe0, 0x98, 0xf0, 0x03, 0xe0, 0xe0, 0xc0, 0x80,
    0x92, 0x00, 0x03, 0x80, 0xc0, 0xe0, 0xe0, 0x98, 0xf0, 0x03, 0xe0, 0xe0, 0xc0, 0x80, 0xa8, 0x00,
    0x00, 0xfc, 0xa2, 0xff, 0x00, 0xfc, 0x8e, 0x00, 0x00, 0xfc, 0xa2, 0xff, 0x00, 0xfc, 0xa6, 0x00,
    0xa4, 0xff, 0x8e, 0x00, 0xa4, 0xff, 0xa6, 0x00, 0xa4, 0xff, 0x8e, 0x00, 0xa4, 0xff, 0xa6, 0x00,
    0x00, 0x7f, 0xa2, 0xff, 0x00, 0x7f, 0x8e, 0x00, 0x00, 0x7f, 0xa2, 0xff, 0x00, 0x7f, 0xa7, 0x00,
    0x04, 0x01, 0x03, 0x07, 0x0f, 0x0f, 0x98, 0x1f, 0x04, 0x0f, 0x0f, 0x07, 0x03, 0x01, 0x90, 0xc0,
    0x04, 0xc1, 0xc3, 0xc7, 0xcf, 0xcf, 0x82, 0xdf, 0x95, 0x1f, 0x04, 0x0f, 0x0f, 0x07, 0x03, 0x01,
    0xff, 0x00, 0x97, 0x00,
};

static const uint8_t s_anim_dizzy_f32[] = {
    0xff, 0x00, 0x91, 0x00, 0x03, 0x80, 0xc0, 0xe0, 0xe0, 0x98, 0xf0, 0x03, 0xe0, 0xe0, 0xc0, 0x80,
    0x92, 0x00, 0x03, 0x80, 0xc0, 0xe0, 0xe0, 0x98, 0xf0, 0x03, 0xe0, 0xe0, 0xc0, 0x80, 0xa8, 0x00,
    0x00, 0xfc, 0xa2, 0xff, 0x00, 0xfc, 0x8e, 0x00, 0x00, 0xfc, 0xa2, 0xff, 0x00, 0xfc, 0xa6, 0x00,
    0xa4, 0xff, 0x8e, 0x00, 0xa4, 0xff, 0xa6, 0x00, 0xa4, 0xff, 0x8e, 0x00, 0xa4, 0xff, 0xa6, 0x00,
    0x00, 0x7f, 0xa2, 0xff, 0x00, 0x7f, 0x8e, 0x00, 0x00, 0x7f, 0xa2, 0xff, 0x00, 0x7f, 0xa7, 0x00,
    0x04, 0x01, 0x03, 0x07, 0x0f, 0x0f, 0x98, 0x1f, 0x04, 0x0f, 0x0f, 0x07, 0x03, 0x01, 0x90, 0xc0,
    0x04, 0xc1, 0xc3, 0xc7, 0xcf, 0xcf, 0x82, 0xdf, 0x95, 0x1f, 0x04, 0x0f, 0x0f, 0x07, 0x03, 0x01,
    0xff, 0x00, 0x97, 0x00,
};

static const uint8_t s_anim_dizzy_f33[] = {
    0xff, 0x00, 0x92, 0x00, 0x03, 0x80, 0xc0, 0xe0, 0xe0, 0x98, 0xf0, 0x03, 0xe0, 0xe0, 0xc0, 0x80,
    0x92, 0x00, 0x03, 0x80, 0xc0, 0xe0, 0xe0, 0x98, 0xf0, 0x03, 0xe0, 0xe0, 0xc0, 0x80, 0xa8, 0x00,
    0x00, 0xfc, 0xa2, 0xff, 0x00, 0xfc, 0x8e, 0x00, 0x00, 0xfc, 0xa2, 0xff, 0x00, 0xfc, 0xa6, 0x00,
    0xa4, 0xff, 0x8e, 0x00, 0xa4, 0xff, 0xa6, 0x00, 0xa4, 0xff, 0x8e, 0x00, 0xa4, 0xff, 0xa6, 0x00,
    0x00, 0x7f, 0xa2, 0xff, 0x00, 0x7f, 0x8e, 0x00, 0x00, 0x7f, 0xa2, 0xff, 0x00, 0x7f, 0xa7, 0x00,
    0x04, 0x01, 0x03, 0x07, 0x0f, 0x0f, 0x98, 0x1f, 0x04, 0x0f, 0x0f, 0x07, 0x03, 0xc1, 0x90, 0xc0,
    0x06, 0xc1, 0xc3, 0xc7, 0xcf, 0xcf, 0xdf, 0xdf, 0x96, 0x1f, 0x04, 0x0f, 0x0f, 0x07, 0x03, 0x01,
    0xff, 0x00, 0x96, 0x00,
};

static const uint8_t s_anim_dizzy_f34[] = {
    0xff, 0x00, 0x92, 0x00, 0x03, 0x80, 0xc0, 0xe0, 0xe0, 0x98, 0xf0, 0x03, 0xe0, 0xe0, 0xc0, 0x80,
    0x92, 0x00, 0x03, 0x80, 0xc0, 0xe0, 0xe0, 0x98, 0xf0, 0x03, 0xe0, 0xe0, 0xc0, 0x80, 0xa8, 0x00,
    0x00, 0xfc, 0xa2, 0xff, 0x00, 0xfc, 0x8e, 0x00, 0x00, 0xfc, 0xa2, 0xff, 0x00, 0xfc, 0xa6, 0x00,
    0xa4, 0xff, 0x8e, 0x00, 0xa4, 0xff, 0xa6, 0x00, 0xa4, 0xff, 0x8e, 0x00, 0xa4, 0xff, 0xa6, 0x00,
    0x00, 0x7f, 0xa2, 0xff, 0x00, 0x7f, 0x8e, 0x00, 0x00, 0x7f, 0xa2, 0xff, 0x00, 0x7f, 0xa7, 0x00,
    0x04, 0x01, 0x03, 0x07, 0x0f, 0x0f, 0x98, 0x1f, 0x04, 0x0f, 0x0f, 0x07, 0x03, 0xc1, 0x90, 0xc0,
    0x06, 0xc1, 0xc3, 0xc7, 0xcf, 0xcf, 0xdf, 0xdf, 0x96, 0x1f, 0x04, 0x0f, 0x0f, 0x07, 0x03, 0x01,
    0xff, 0x00, 0x96, 0x00,
};

static const uint8_t s_anim_dizzy_f35[] = {
    0xff, 0x00, 0x94, 0x00, 0x03, 0x80, 0xc0, 0xe0, 0xe0, 0x98, 0xf0, 0x03, 0xe0, 0xe0, 0xc0, 0x80,
    0x92, 0x00, 0x03, 0x80, 0xc0, 0xe0, 0xe0, 0x98, 0xf0, 0x03, 0xe0, 0xe0, 0xc0, 0x80, 0xa8, 0x00,
    0x00, 0xfc, 0xa2, 0xff, 0x00, 0xfc, 0x8e, 0x00, 0x00, 0xfc, 0xa2, 0xff, 0x00, 0xfc, 0xa6, 0x00,
    0xa4, 0xff, 0x8e, 0x00, 0xa4, 0xff, 0xa6, 0x00, 0xa4, 0xff, 0x8e, 0x00, 0xa4, 0xff, 0xa6, 0x00,
    0x00, 0x7f, 0xa2, 0xff, 0x00, 0x7f, 0x8e, 0x00, 0x00, 0x7f, 0xa2, 0xff, 0x00, 0x7f, 0xa7, 0x00,
    0x04, 0x01, 0x03, 0x07, 0x0f, 0x0f, 0x98, 0x1f, 0x04, 0x0f, 0x0f, 0xc7, 0xc3, 0xc1, 0x90, 0xc0,
    0x04, 0xc1, 0xc3, 0xc7, 0xcf, 0xcf, 0x98, 0x1f, 0x04, 0x0f, 0x0f, 0x07, 0x03, 0x01, 0xff, 0x00,
    0x94, 0x00,
};

static const uint8_t *const s_anim_dizzy_frames[36] = {
    s_anim_dizzy_f00,
    s_anim_dizzy_f01,
    s_anim_dizzy_f02,
    s_anim_dizzy_f03,
    s_anim_dizzy_f04,
    s_anim_dizzy_f05,
    s_anim_dizzy_f06,
    s_anim_dizzy_f07,
    s_anim_dizzy_f08,
    s_anim_dizzy_f09,
    s_anim_dizzy_f10,
    s_anim_dizzy_f11,
    s_anim_dizzy_f12,
    s_anim_dizzy_f13,
    s_anim_dizzy_f14,
    s_anim_dizzy_f15,
    s_anim_dizzy_f16,
    s_anim_dizzy_f17,
    s_anim_dizzy_f18,
    s_anim_dizzy_f19,
    s_anim_dizzy_f20,
    s_anim_dizzy_f21,
    s_anim_dizzy_f22,
    s_anim_dizzy_f23,
    s_anim_dizzy_f24,
    s_anim_dizzy_f25,
    s_anim_dizzy_f26,
    s_anim_dizzy_f27,
    s_anim_dizzy_f28,
    s_anim_dizzy_f29,
    s_anim_dizzy_f30,
    s_anim_dizzy_f31,
    s_anim_dizzy_f32,
    s_anim_dizzy_f33,
    s_anim_dizzy_f34,
    s_anim_dizzy_f35,
};

static const uint16_t s_anim_dizzy_sizes[36] = {
    114, 114, 116, 116, 116, 116, 116, 116,
    114, 114, 114, 116, 116, 116, 116, 116,
    116, 114, 114, 114, 116, 116, 116, 116,
    116, 116, 114, 114, 114, 116, 116, 116,
    116, 116, 116, 114,
};

static const uint8_t s_anim_cry_f00[] = {
    0xff, 0x00, 0xff, 0x00, 0x94, 0x00, 0x04, 0xc0, 0xe0, 0xf0, 0xf8, 0xf8, 0x98, 0xfc, 0x04, 0xf8,
    0xf8, 0xf0, 0xe0, 0xc0, 0x90, 0x00, 0x04, 0xc0, 0xe0, 0xf0, 0xf8, 0xf8, 0x98, 0xfc, 0x04, 0xf8,
    0xf8, 0xf0, 0xe0, 0xc0, 0xa5, 0x00, 0x01, 0x80, 0x00, 0x8e, 0xff, 0x00, 0x7f, 0x84, 0x3f, 0x00,
    0x7f, 0x8e, 0xff, 0x8e, 0x00, 0x8e, 0xff, 0x00, 0x7f, 0x84, 0x3f, 0x00, 0x7f, 0x8e, 0xff, 0x01,
    0x00, 0x80, 0xa1, 0x00, 0x02, 0x06, 0x0f, 0x06, 0x8c, 0xff, 0x01, 0xc1, 0x80, 0x86, 0x00, 0x01,
    0x80, 0xc1, 0x8c, 0xff, 0x8e, 0x00, 0x8c, 0xff, 0x01, 0xc1, 0x80, 0x86, 0x00, 0x01, 0x80, 0xc1,
    0x8c, 0xff, 0x02, 0x06, 0x0f, 0x06, 0xa3, 0x00, 0x05, 0x01, 0x07, 0x0f, 0x1f, 0x3f, 0x3f, 0x89,
    0x7f, 0x84, 0x7e, 0x89, 0x7f, 0x05, 0x3f, 0x3f, 0x1f, 0x0f, 0x07, 0x01, 0x8e, 0x00, 0x05, 0x01,
    0x07, 0x0f, 0x1f, 0x3f, 0x3f, 0x89, 0x7f, 0x84, 0x7e, 0x89, 0x7f, 0x05, 0x3f, 0x3f, 0x1f, 0x0f,
    0x07, 0x01, 0xc6, 0x00, 0x98, 0xc0, 0xff, 0x00, 0xb2, 0x00,
};

static const uint8_t s_anim_cry_f01[] = {
    0xff, 0x00, 0xff, 0x00, 0x94, 0x00, 0x04, 0xc0, 0xe0, 0xf0, 0xf8, 0xf8, 0x98, 0xfc, 0x04, 0xf8,
    0xf8, 0xf0, 0xe0, 0xc0, 0x90, 0x00, 0x04, 0xc0, 0xe0, 0xf0, 0xf8, 0xf8, 0x98, 0xfc, 0x04, 0xf8,
    0xf8, 0xf0, 0xe0, 0xc0, 0xa7, 0x00, 0x8e, 0xff, 0x00, 0x7f, 0x84, 0x3f, 0x00, 0x7f, 0x8e, 0xff,
    0x8e, 0x00, 0x8e, 0xff, 0x00, 0x7f, 0x84, 0x3f, 0x00, 0x7f, 0x8e, 0xff, 0xa3, 0x00, 0x02, 0x18,
    0x3e, 0x18, 0x8c, 0xff, 0x01, 0xc1, 0x80, 0x86, 0x00, 0x01, 0x80, 0xc1, 0x8c, 0xff, 0x8e, 0x00,
    0x8c, 0xff, 0x01, 0xc1, 0x80, 0x86, 0x00, 0x01, 0x80, 0xc1, 0x8c, 0xff, 0x02, 0x18, 0x3e, 0x18,
    0xa3, 0x00, 0x05, 0x01, 0x07, 0x0f, 0x1f, 0x3f, 0x3f, 0x89, 0x7f, 0x84, 0x7e, 0x89, 0x7f, 0x05,
    0x3f, 0x3f, 0x1f, 0x0f, 0x07, 0x01, 0x8e, 0x00, 0x05, 0x01, 0x07, 0x0f, 0x1f, 0x3f, 0x3f, 0x89,
    0x7f, 0x84, 0x7e, 0x89, 0x7f, 0x05, 0x3f, 0x3f, 0x1f, 0x0f, 0x07, 0x01, 0xc6, 0x00, 0x98, 0xc0,
    0xff, 0x00, 0xb2, 0x00,
};

static const uint8_t s_anim_cry_f02[] = {
    0xff, 0x00, 0xff, 0x00, 0x94, 0x00, 0x04, 0xc0, 0xe0, 0xf0, 0xf8, 0xf8, 0x98, 0xfc, 0x04, 0xf8,
    0xf8, 0xf0, 0xe0, 0xc0, 0x90, 0x00, 0x04, 0xc0, 0xe0, 0xf0, 0xf8, 0xf8, 0x98, 0xfc, 0x04, 0xf8,
    0xf8, 0xf0, 0xe0, 0xc0, 0xa7, 0x00, 0x8e, 0xff, 0x00, 0x7f, 0x84, 0x3f, 0x00, 0x7f, 0x8e, 0xff,
    0x8e, 0x00, 0x8e, 0xff, 0x00, 0x7f, 0x84, 0x3f, 0x00, 0x7f, 0x8e, 0xff, 0xa3, 0x00, 0x02, 0x30,
    0x7c, 0x30, 0x8c, 0xff, 0x01, 0xc1, 0x80, 0x86, 0x00, 0x01, 0x80, 0xc1, 0x8c, 0xff, 0x8e, 0x00,
    0x8c, 0xff, 0x01, 0xc1, 0x80, 0x86, 0x00, 0x01, 0x80, 0xc1, 0x8c, 0xff, 0x02, 0x30, 0x7c, 0x30,
    0xa3, 0x00, 0x05, 0x01, 0x07, 0x0f, 0x1f, 0x3f, 0x3f, 0x89, 0x7f, 0x84, 0x7e, 0x89, 0x7f, 0x05,
    0x3f, 0x3f, 0x1f, 0x0f, 0x07, 0x01, 0x8e, 0x00, 0x05, 0x01, 0x07, 0x0f, 0x1f, 0x3f, 0x3f, 0x89,
    0x7f, 0x84, 0x7e, 0x89, 0x7f, 0x05, 0x3f, 0x3f, 0x1f, 0x0f, 0x07, 0x01, 0xc6, 0x00, 0x98, 0xc0,
    0xff, 0x00, 0xb2, 0x00,
};

static const uint8_t s_anim_cry_f03[] = {
    0xff, 0x00, 0xff, 0x00, 0x94, 0x00, 0x04, 0xc0, 0xe0, 0xf0, 0xf8, 0xf8, 0x98, 0xfc, 0x04, 0xf8,
    0xf8, 0xf0, 0xe0, 0xc0, 0x90, 0x00, 0x04, 0xc0, 0xe0, 0xf0, 0xf8, 0xf8, 0x98, 0xfc, 0x04, 0xf8,
    0xf8, 0xf0, 0xe0, 0xc0, 0xa7, 0x00, 0x8e, 0xff, 0x00, 0x7f, 0x84, 0x3f, 0x00, 0x7f, 0x8e, 0xff,
    0x8e, 0x00, 0x8e, 0xff, 0x00, 0x7f, 0x84, 0x3f, 0x00, 0x7f, 0x8e, 0xff, 0xa3, 0x00, 0x02, 0xc0,
    0xf0, 0xc0, 0x8c, 0xff, 0x01, 0xc1, 0x80, 0x86, 0x00, 0x01, 0x80, 0xc1, 0x8c, 0xff, 0x8e, 0x00,
    0x8c, 0xff, 0x01, 0xc1, 0x80, 0x86, 0x00, 0x01, 0x80, 0xc1, 0x8c, 0xff, 0x02, 0xc0, 0xf0, 0xc0,
    0xa1, 0x00, 0x07, 0x01, 0x00, 0x01, 0x07, 0x0f, 0x1f, 0x3f, 0x3f, 0x89, 0x7f, 0x84, 0x7e, 0x89,
    0x7f, 0x05, 0x3f, 0x3f, 0x1f, 0x0f, 0x07, 0x01, 0x8e, 0x00, 0x05, 0x01, 0x07, 0x0f, 0x1f, 0x3f,
    0x3f, 0x89, 0x7f, 0x84, 0x7e, 0x89, 0x7f, 0x07, 0x3f, 0x3f, 0x1f, 0x0f, 0x07, 0x01, 0x00, 0x01,
    0xc4, 0x00, 0x98, 0xc0, 0xff, 0x00, 0xb2, 0x00,
};

static const uint8_t s_anim_cry_f04[] = {
    0xff, 0x00, 0xff, 0x00, 0x94, 0x00, 0x04, 0xc0, 0xe0, 0xf0, 0xf8, 0xf8, 0x98, 0xfc, 0x04, 0xf8,
    0xf8, 0xf0, 0xe0, 0xc0, 0x90, 0x00, 0x04, 0xc0, 0xe0, 0xf0, 0xf8, 0xf8, 0x98, 0xfc, 0x04, 0xf8,
    0xf8, 0xf0, 0xe0, 0xc0, 0xa7, 0x00, 0x8e, 0xff, 0x00, 0x7f, 0x84, 0x3f, 0x00, 0x7f, 0x8e, 0xff,
    0x8e, 0x00, 0x8e, 0xff, 0x00, 0x7f, 0x84, 0x3f, 0x00, 0x7f, 0x8e, 0xff, 0xa4, 0x00, 0x01, 0xc0,
    0x00, 0x8c, 0xff, 0x01, 0xc1, 0x80, 0x86, 0x00, 0x01, 0x80, 0xc1, 0x8c, 0xff, 0x8e, 0x00, 0x8c,
    0xff, 0x01, 0xc1, 0x80, 0x86, 0x00, 0x01, 0x80, 0xc1, 0x8c, 0xff, 0x01, 0x00, 0xc0, 0xa1, 0x00,
    0x08, 0x03, 0x07, 0x03, 0x01, 0x07, 0x0f, 0x1f, 0x3f, 0x3f, 0x89, 0x7f, 0x84, 0x7e, 0x89, 0x7f,
    0x05, 0x3f, 0x3f, 0x1f, 0x0f, 0x07, 0x01, 0x8e, 0x00, 0x05, 0x01, 0x07, 0x0f, 0x1f, 0x3f, 0x3f,
    0x89, 0x7f, 0x84, 0x7e, 0x89, 0x7f, 0x08, 0x3f, 0x3f, 0x1f, 0x0f, 0x07, 0x01, 0x03, 0x07, 0x03,
    0xc3, 0x00, 0x98, 0xc0, 0xff, 0x00, 0xb2, 0x00,
};

static const uint8_t s_anim_cry_f05[] = {
    0xff, 0x00, 0xff, 0x00, 0x94, 0x00, 0x04, 0xc0, 0xe0, 0xf0, 0xf8, 0xf8, 0x98, 0xfc, 0x04, 0xf8,
    0xf8, 0xf0, 0xe0, 0xc0, 0x90, 0x00, 0x04, 0xc0, 0xe0, 0xf0, 0xf8, 0xf8, 0x98, 0xfc, 0x04, 0xf8,
    0xf8, 0xf0, 0xe0, 0xc0, 0xa7, 0x00, 0x8e, 0xff, 0x00, 0x7f, 0x84, 0x3f, 0x00, 0x7f, 0x8e, 0xff,
    0x8e, 0x00, 0x8e, 0xff, 0x00, 0x7f, 0x84, 0x3f, 0x00, 0x7f, 0x8e, 0xff, 0xa4, 0x00, 0x01, 0x80,
    0x00, 0x8c, 0xff, 0x01, 0xc1, 0x80, 0x86, 0x00, 0x01, 0x80, 0xc1, 0x8c, 0xff, 0x8e, 0x00, 0x8c,
    0xff, 0x01, 0xc1, 0x80, 0x86, 0x00, 0x01, 0x80, 0xc1, 0x8c, 0xff, 0x01, 0x00, 0x80, 0xa1, 0x00,
    0x08, 0x06, 0x0f, 0x06, 0x01, 0x07, 0x0f, 0x1f, 0x3f, 0x3f, 0x89, 0x7f, 0x84, 0x7e, 0x89, 0x7f,
    0x05, 0x3f, 0x3f, 0x1f, 0x0f, 0x07, 0x01, 0x8e, 0x00, 0x05, 0x01, 0x07, 0x0f, 0x1f, 0x3f, 0x3f,
    0x89, 0x7f, 0x84, 0x7e, 0x89, 0x7f, 0x08, 0x3f, 0x3f, 0x1f, 0x0f, 0x07, 0x01, 0x06, 0x0f, 0x06,
    0xc3, 0x00, 0x98, 0xc0, 0xff, 0x00, 0xb2, 0x00,
};

static const uint8_t s_anim_cry_f06[] = {
    0xff, 0x00, 0xff, 0x00, 0x94, 0x00, 0x04, 0xc0, 0xe0, 0xf0, 0xf8, 0xf8, 0x98, 0xfc, 0x04, 0xf8,
    0xf8, 0xf0, 0xe0, 0xc0, 0x90, 0x00, 0x04, 0xc0, 0xe0, 0xf0, 0xf8, 0xf8, 0x98, 0xfc, 0x04, 0xf8,
    0xf8, 0xf0, 0xe0, 0xc0, 0xa7, 0x00, 0x8e, 0xff, 0x00, 0x7f, 0x84, 0x3f, 0x00, 0x7f, 0x8e, 0xff,
    0x8e, 0x00, 0x8e, 0xff, 0x00, 0x7f, 0x84, 0x3f, 0x00, 0x7f, 0x8e, 0xff, 0xa6, 0x00, 0x8c, 0xff,
    0x01, 0xc1, 0x80, 0x86, 0x00, 0x01, 0x80, 0xc1, 0x8c, 0xff, 0x8e, 0x00, 0x8c, 0xff, 0x01, 0xc1,
    0x80, 0x86, 0x00, 0x01, 0x80, 0xc1, 0x8c, 0xff, 0xa3, 0x00, 0x08, 0x18, 0x3e, 0x18, 0x01, 0x07,
    0x0f, 0x1f, 0x3f, 0x3f, 0x89, 0x7f, 0x84, 0x7e, 0x89, 0x7f, 0x05, 0x3f, 0x3f, 0x1f, 0x0f, 0x07,
    0x01, 0x8e, 0x00, 0x05, 0x01, 0x07, 0x0f, 0x1f, 0x3f, 0x3f, 0x89, 0x7f, 0x84, 0x7e, 0x89, 0x7f,
    0x08, 0x3f, 0x3f, 0x1f, 0x0f, 0x07, 0x01, 0x18, 0x3e, 0x18, 0xc3, 0x00, 0x98, 0xc0, 0xff, 0x00,
    0xb2, 0x00,
};

static const uint8_t s_anim_cry_f07[] = {
    0xff, 0x00, 0xff, 0x00, 0x93, 0x00, 0x05, 0x80, 0xe0, 0xf0, 0xf8, 0xfc, 0xfc, 0x98, 0xfe, 0x05,
    0xfc, 0xfc, 0xf8, 0xf0, 0xe0, 0x80, 0x8e, 0x00, 0x05, 0x80, 0xe0, 0xf0, 0xf8, 0xfc, 0xfc, 0x98,
    0xfe, 0x05, 0xfc, 0xfc, 0xf8, 0xf0, 0xe0, 0x80, 0xa3, 0x00, 0x02, 0x80, 0xe0, 0x80, 0x8e, 0xff,
    0x00, 0x7f, 0x84, 0x3f, 0x00, 0x7f, 0x8e, 0xff, 0x8e, 0x00, 0x8e, 0xff, 0x00, 0x7f, 0x84, 0x3f,
    0x00, 0x7f, 0x8e, 0xff, 0x02, 0x80, 0xe0, 0x80, 0xa0, 0x00, 0x02, 0x01, 0x03, 0x01, 0x8c, 0xff,
    0x01, 0xc1, 0x80, 0x86, 0x00, 0x01, 0x80, 0xc1, 0x8c, 0xff, 0x8e, 0x00, 0x8c, 0xff, 0x01, 0xc1,
    0x80, 0x86, 0x00, 0x01, 0x80, 0xc1, 0x8c, 0xff, 0x02, 0x01, 0x03, 0x01, 0xa0, 0x00, 0x08, 0x60,
    0xf8, 0x60, 0x03, 0x0f, 0x1f, 0x3f, 0x7f, 0x7f, 0x89, 0xff, 0x84, 0xfe, 0x89, 0xff, 0x05, 0x7f,
    0x7f, 0x3f, 0x1f, 0x0f, 0x03, 0x8e, 0x00, 0x05, 0x03, 0x0f, 0x1f, 0x3f, 0x7f, 0x7f, 0x89, 0xff,
    0x84, 0xfe, 0x89, 0xff, 0x08, 0x7f, 0x7f, 0x3f, 0x1f, 0x0f, 0x03, 0x60, 0xf8, 0x60, 0xc3, 0x00,
    0x98, 0xc0, 0xff, 0x00, 0xb2, 0x00,
};

static const uint8_t s_anim_cry_f08[] = {
    0xff, 0x00, 0xff, 0x00, 0x93, 0x00, 0x05, 0x80, 0xe0, 0xf0, 0xf8, 0xfc, 0xfc, 0x98, 0xfe, 0x05,
    0xfc, 0xfc, 0xf8, 0xf0, 0xe0, 0x80, 0x8e, 0x00, 0x05, 0x80, 0xe0, 0xf0, 0xf8, 0xfc, 0xfc, 0x98,
    0xfe, 0x05, 0xfc, 0xfc, 0xf8, 0xf0, 0xe0, 0x80, 0xa4, 0x00, 0x01, 0xc0, 0x00, 0x8e, 0xff, 0x00,
    0x7f, 0x84, 0x3f, 0x00, 0x7f, 0x8e, 0xff, 0x8e, 0x00, 0x8e, 0xff, 0x00, 0x7f, 0x84, 0x3f, 0x00,
    0x7f, 0x8e, 0xff, 0x01, 0x00, 0xc0, 0xa1, 0x00, 0x02, 0x03, 0x07, 0x03, 0x8c, 0xff, 0x01, 0xc1,
    0x80, 0x86, 0x00, 0x01, 0x80, 0xc1, 0x8c, 0xff, 0x8e, 0x00, 0x8c, 0xff, 0x01, 0xc1, 0x80, 0x86,
    0x00, 0x01, 0x80, 0xc1, 0x8c, 0xff, 0x02, 0x03, 0x07, 0x03, 0xa0, 0x00, 0x08, 0xc0, 0xf0, 0xc0,
    0x03, 0x0f, 0x1f, 0x3f, 0x7f, 0x7f, 0x89, 0xff, 0x84, 0xfe, 0x89, 0xff, 0x05, 0x7f, 0x7f, 0x3f,
    0x1f, 0x0f, 0x03, 0x8e, 0x00, 0x05, 0x03, 0x0f, 0x1f, 0x3f, 0x7f, 0x7f, 0x89, 0xff, 0x84, 0xfe,
    0x89, 0xff, 0x08, 0x7f, 0x7f, 0x3f, 0x1f, 0x0f, 0x03, 0xc0, 0xf0, 0xc0, 0xa1, 0x00, 0x00, 0x01,
    0xa0, 0x00, 0x98, 0xc0, 0xa0, 0x00, 0x00, 0x01, 0xff, 0x00, 0x90, 0x00,
};

static const uint8_t s_anim_cry_f09[] = {
    0xff, 0x00, 0xff, 0x00, 0x93, 0x00, 0x05, 0x80, 0xe0, 0xf0, 0xf8, 0xfc, 0xfc, 0x98, 0xfe, 0x05,
    0xfc, 0xfc, 0xf8, 0xf0, 0xe0, 0x80, 0x8e, 0x00, 0x05, 0x80, 0xe0, 0xf0, 0xf8, 0xfc, 0xfc, 0x98,
    0xfe, 0x05, 0xfc, 0xfc, 0xf8, 0xf0, 0xe0, 0x80, 0xa6, 0x00, 0x8e, 0xff, 0x00, 0x7f, 0x84, 0x3f,
    0x00, 0x7f, 0x8e, 0xff, 0x8e, 0x00, 0x8e, 0xff, 0x00, 0x7f, 0x84, 0x3f, 0x00, 0x7f, 0x8e, 0xff,
    0xa3, 0x00, 0x02, 0x0c, 0x1f, 0x0c, 0x8c, 0xff, 0x01, 0xc1, 0x80, 0x86, 0x00, 0x01, 0x80, 0xc1,
    0x8c, 0xff, 0x8e, 0x00, 0x8c, 0xff, 0x01, 0xc1, 0x80, 0x86, 0x00, 0x01, 0x80, 0xc1, 0x8c, 0xff,
    0x02, 0x0c, 0x1f, 0x0c, 0xa1, 0x00, 0x07, 0xc0, 0x00, 0x03, 0x0f, 0x1f, 0x3f, 0x7f, 0x7f, 0x89,
    0xff, 0x84, 0xfe, 0x89, 0xff, 0x05, 0x7f, 0x7f, 0x3f, 0x1f, 0x0f, 0x03, 0x8e, 0x00, 0x05, 0x03,
    0x0f, 0x1f, 0x3f, 0x7f, 0x7f, 0x89, 0xff, 0x84, 0xfe, 0x89, 0xff, 0x07, 0x7f, 0x7f, 0x3f, 0x1f,
    0x0f, 0x03, 0x00, 0xc0, 0xa1, 0x00, 0x02, 0x03, 0x07, 0x03, 0x9f, 0x00, 0x98, 0xc0, 0x9f, 0x00,
    0x02, 0x03, 0x07, 0x03, 0xff, 0x00, 0x8f, 0x00,
};

static const uint8_t s_anim_cry_f10[] = {
    0xff, 0x00, 0xff, 0x00, 0x93, 0x00, 0x05, 0x80, 0xe0, 0xf0, 0xf8, 0xfc, 0xfc, 0x98, 0xfe, 0x05,
    0xfc, 0xfc, 0xf8, 0xf0, 0xe0, 0x80, 0x8e, 0x00, 0x05, 0x80, 0xe0, 0xf0, 0xf8, 0xfc, 0xfc, 0x98,
    0xfe, 0x05, 0xfc, 0xfc, 0xf8, 0xf0, 0xe0, 0x80, 0xa6, 0x00, 0x8e, 0xff, 0x00, 0x7f, 0x84, 0x3f,
    0x00, 0x7f, 0x8e, 0xff, 0x8e, 0x00, 0x8e, 0xff, 0x00, 0x7f, 0x84, 0x3f, 0x00, 0x7f, 0x8e, 0xff,
    0xa3, 0x00, 0x02, 0x30, 0x7c, 0x30, 0x8c, 0xff, 0x01, 0xc1, 0x80, 0x86, 0x00, 0x01, 0x80, 0xc1,
    0x8c, 0xff, 0x8e, 0x00, 0x8c, 0xff, 0x01, 0xc1, 0x80, 0x86, 0x00, 0x01, 0x80, 0xc1, 0x8c, 0xff,
    0x02, 0x30, 0x7c, 0x30, 0xa3, 0x00, 0x05, 0x03, 0x0f, 0x1f, 0x3f, 0x7f, 0x7f, 0x89, 0xff, 0x84,
    0xfe, 0x89, 0xff, 0x05, 0x7f, 0x7f, 0x3f, 0x1f, 0x0f, 0x03, 0x8e, 0x00, 0x05, 0x03, 0x0f, 0x1f,
    0x3f, 0x7f, 0x7f, 0x89, 0xff, 0x84, 0xfe, 0x89, 0xff, 0x05, 0x7f, 0x7f, 0x3f, 0x1f, 0x0f, 0x03,
    0xa3, 0x00, 0x02, 0x0c, 0x1f, 0x0c, 0x9f, 0x00, 0x98, 0xc0, 0x9f, 0x00, 0x02, 0x0c, 0x1f, 0x0c,
    0xff, 0x00, 0x8f, 0x00,
};

static const uint8_t s_anim_cry_f11[] = {
    0xff, 0x00, 0xff, 0x00, 0x93, 0x00, 0x05, 0x80, 0xe0, 0xf0, 0xf8, 0xfc, 0xfc, 0x98, 0xfe, 0x05,
    0xfc, 0xfc, 0xf8, 0xf0, 0xe0, 0x80, 0x8e, 0x00, 0x05, 0x80, 0xe0, 0xf0, 0xf8, 0xfc, 0xfc, 0x98,
    0xfe, 0x05, 0xfc, 0xfc, 0xf8, 0xf0, 0xe0, 0x80, 0xa6, 0x00, 0x8e, 0xff, 0x00, 0x7f, 0x84, 0x3f,
    0x00, 0x7f, 0x8e, 0xff, 0x8e, 0x00, 0x8e, 0xff, 0x00, 0x7f, 0x84, 0x3f, 0x00, 0x7f, 0x8e, 0xff,
    0xa3, 0x00, 0x02, 0x60, 0xf8, 0x60, 0x8c, 0xff, 0x01, 0xc1, 0x80, 0x86, 0x00, 0x01, 0x80, 0xc1,
    0x8c, 0xff, 0x8e, 0x00, 0x8c, 0xff, 0x01, 0xc1, 0x80, 0x86, 0x00, 0x01, 0x80, 0xc1, 0x8c, 0xff,
    0x02, 0x60, 0xf8, 0x60, 0xa3, 0x00, 0x05, 0x03, 0x0f, 0x1f, 0x3f, 0x7f, 0x7f, 0x89, 0xff, 0x84,
    0xfe, 0x89, 0xff, 0x05, 0x7f, 0x7f, 0x3f, 0x1f, 0x0f, 0x03, 0x8e, 0x00, 0x05, 0x03, 0x0f, 0x1f,
    0x3f, 0x7f, 0x7f, 0x89, 0xff, 0x84, 0xfe, 0x89, 0xff, 0x05, 0x7f, 0x7f, 0x3f, 0x1f, 0x0f, 0x03,
    0xa3, 0x00, 0x02, 0x18, 0x3e, 0x18, 0x9f, 0x00, 0x98, 0xc0, 0x9f, 0x00, 0x02, 0x18, 0x3e, 0x18,
    0xff, 0x00, 0x8f, 0x00,
};

static const uint8_t s_anim_cry_f12[] = {
    0xff, 0x00, 0xff, 0x00, 0x93, 0x00, 0x05, 0x80, 0xe0, 0xf0, 0xf8, 0xfc, 0xfc, 0x98, 0xfe, 0x05,
    0xfc, 0xfc, 0xf8, 0xf0, 0xe0, 0x80, 0x8e, 0x00, 0x05, 0x80, 0xe0, 0xf0, 0xf8, 0xfc, 0xfc, 0x98,
    0xfe, 0x05, 0xfc, 0xfc, 0xf8, 0xf0, 0xe0, 0x80, 0xa4, 0x00, 0x01, 0x80, 0x00, 0x8e, 0xff, 0x00,
    0x7f, 0x84, 0x3f, 0x00, 0x7f, 0x8e, 0xff, 0x8e, 0x00, 0x8e, 0xff, 0x00, 0x7f, 0x84, 0x3f, 0x00,
    0x7f, 0x8e, 0xff, 0x01, 0x00, 0x80, 0xa1, 0x00, 0x02, 0x06, 0x0f, 0x06, 0x8c, 0xff, 0x01, 0xc1,
    0x80, 0x86, 0x00, 0x01, 0x80, 0xc1, 0x8c, 0xff, 0x8e, 0x00, 0x8c, 0xff, 0x01, 0xc1, 0x80, 0x86,
    0x00, 0x01, 0x80, 0xc1, 0x8c, 0xff, 0x02, 0x06, 0x0f, 0x06, 0xa3, 0x00, 0x05, 0x03, 0x0f, 0x1f,
    0x3f, 0x7f, 0x7f, 0x89, 0xff, 0x84, 0xfe, 0x89, 0xff, 0x05, 0x7f, 0x7f, 0x3f, 0x1f, 0x0f, 0x03,
    0x8e, 0x00, 0x05, 0x03, 0x0f, 0x1f, 0x3f, 0x7f, 0x7f, 0x89, 0xff, 0x84, 0xfe, 0x89, 0xff, 0x05,
    0x7f, 0x7f, 0x3f, 0x1f, 0x0f, 0x03, 0xc6, 0x00, 0x98, 0xc0, 0xff, 0x00, 0xb2, 0x00,
};

static const uint8_t s_anim_cry_f13[] = {
    0xff, 0x00, 0xff, 0x00, 0x93, 0x00, 0x05, 0xc0, 0xf0, 0xf8, 0xfc, 0xfe, 0xfe, 0x98, 0xff, 0x05,
    0xfe, 0xfe, 0xfc, 0xf8, 0xf0, 0xc0, 0x8e, 0x00, 0x05, 0xc0, 0xf0, 0xf8, 0xfc, 0xfe, 0xfe, 0x98,
    0xff, 0x05, 0xfe, 0xfe, 0xfc, 0xf8, 0xf0, 0xc0, 0xa6, 0x00, 0x8e, 0xff, 0x00, 0x7f, 0x84, 0x3f,
    0x00, 0x7f, 0x8e, 0xff, 0x8e, 0x00, 0x8e, 0xff, 0x00, 0x7f, 0x84, 0x3f, 0x00, 0x7f, 0x8e, 0xff,
    0xa3, 0x00, 0x02, 0x18, 0x3e, 0x18, 0x8c, 0xff, 0x01, 0xc1, 0x80, 0x86, 0x00, 0x01, 0x80, 0xc1,
    0x8c, 0xff, 0x8e, 0x00, 0x8c, 0xff, 0x01, 0xc1, 0x80, 0x86, 0x00, 0x01, 0x80, 0xc1, 0x8c, 0xff,
    0x02, 0x18, 0x3e, 0x18, 0xa3, 0x00, 0x03, 0x07, 0x1f, 0x3f, 0x7f, 0x8b, 0xff, 0x84, 0xfe, 0x8b,
    0xff, 0x03, 0x7f, 0x3f, 0x1f, 0x07, 0x8e, 0x00, 0x03, 0x07, 0x1f, 0x3f, 0x7f, 0x8b, 0xff, 0x84,
    0xfe, 0x8b, 0xff, 0x03, 0x7f, 0x3f, 0x1f, 0x07, 0xac, 0x00, 0x98, 0x01, 0x00, 0x00, 0x98, 0xc0,
    0x00, 0x00, 0x98, 0x01, 0xff, 0x00, 0x98, 0x00,
};

static const uint8_t s_anim_cry_f14[] = {
    0xff, 0x00, 0xff, 0x00, 0x93, 0x00, 0x05, 0xc0, 0xf0, 0xf8, 0xfc, 0xfe, 0xfe, 0x98, 0xff, 0x05,
    0xfe, 0xfe, 0xfc, 0xf8, 0xf0, 0xc0, 0x8e, 0x00, 0x05, 0xc0, 0xf0, 0xf8, 0xfc, 0xfe, 0xfe, 0x98,
    0xff, 0x05, 0xfe, 0xfe, 0xfc, 0xf8, 0xf0, 0xc0, 0xa6, 0x00, 0x8e, 0xff, 0x00, 0x7f, 0x84, 0x3f,
    0x00, 0x7f, 0x8e, 0xff, 0x8e, 0x00, 0x8e, 0xff, 0x00, 0x7f, 0x84, 0x3f, 0x00, 0x7f, 0x8e, 0xff,
    0xa3, 0x00, 0x02, 0x30, 0x7c, 0x30, 0x8c, 0xff, 0x01, 0xc1, 0x80, 0x86, 0x00, 0x01, 0x80, 0xc1,
    0x8c, 0xff, 0x8e, 0x00, 0x8c, 0xff, 0x01, 0xc1, 0x80, 0x86, 0x00, 0x01, 0x80, 0xc1, 0x8c, 0xff,
    0x02, 0x30, 0x7c, 0x30, 0xa3, 0x00, 0x03, 0x07, 0x1f, 0x3f, 0x7f, 0x8b, 0xff, 0x84, 0xfe, 0x8b,
    0xff, 0x03, 0x7f, 0x3f, 0x1f, 0x07, 0x8e, 0x00, 0x03, 0x07, 0x1f, 0x3f, 0x7f, 0x8b, 0xff, 0x84,
    0xfe, 0x8b, 0xff, 0x03, 0x7f, 0x3f, 0x1f, 0x07, 0xac, 0x00, 0x98, 0x01, 0x00, 0x00, 0x98, 0xc0,
    0x00, 0x00, 0x98, 0x01, 0xff, 0x00, 0x98, 0x00,
};

static const uint8_t s_anim_cry_f15[] = {
    0xff, 0x00, 0xff, 0x00, 0x93, 0x00, 0x05, 0xc0, 0xf0, 0xf8, 0xfc, 0xfe, 0xfe, 0x98, 0xff, 0x05,
    0xfe, 0xfe, 0xfc, 0xf8, 0xf0, 0xc0, 0x8e, 0x00, 0x05, 0xc0, 0xf0, 0xf8, 0xfc, 0xfe, 0xfe, 0x98,
    0xff, 0x05, 0xfe, 0xfe, 0xfc, 0xf8, 0xf0, 0xc0, 0xa6, 0x00, 0x8e, 0xff, 0x00, 0x7f, 0x84, 0x3f,
    0x00, 0x7f, 0x8e, 0xff, 0x8e, 0x00, 0x8e, 0xff, 0x00, 0x7f, 0x84, 0x3f, 0x00, 0x7f, 0x8e, 0xff,
    0xa3, 0x00, 0x02, 0xc0, 0xf0, 0xc0, 0x8c, 0xff, 0x01, 0xc1, 0x80, 0x86, 0x00, 0x01, 0x80, 0xc1,
    0x8c, 0xff, 0x8e, 0x00, 0x8c, 0xff, 0x01, 0xc1, 0x80, 0x86, 0x00, 0x01, 0x80, 0xc1, 0x8c, 0xff,
    0x02, 0xc0, 0xf0, 0xc0, 0xa1, 0x00, 0x05, 0x01, 0x00, 0x07, 0x1f, 0x3f, 0x7f, 0x8b, 0xff, 0x84,
    0xfe, 0x8b, 0xff, 0x03, 0x7f, 0x3f, 0x1f, 0x07, 0x8e, 0x00, 0x03, 0x07, 0x1f, 0x3f, 0x7f, 0x8b,
    0xff, 0x84, 0xfe, 0x8b, 0xff, 0x05, 0x7f, 0x3f, 0x1f, 0x07, 0x00, 0x01, 0xaa, 0x00, 0x98, 0x01,
    0x00, 0x00, 0x98, 0xc0, 0x00, 0x00, 0x98, 0x01, 0xff, 0x00, 0x98, 0x00,
};

static const uint8_t s_anim_cry_f16[] = {
    0xff, 0x00, 0xff, 0x00, 0x93, 0x00, 0x05, 0xc0, 0xf0, 0xf8, 0xfc, 0xfe, 0xfe, 0x98, 0xff, 0x05,
    0xfe, 0xfe, 0xfc, 0xf8, 0xf0, 0xc0, 0x8e, 0x00, 0x05, 0xc0, 0xf0, 0xf8, 0xfc, 0xfe, 0xfe, 0x98,
    0xff, 0x05, 0xfe, 0xfe, 0xfc, 0xf8, 0xf0, 0xc0, 0xa6, 0x00, 0x8e, 0xff, 0x00, 0x7f, 0x84, 0x3f,
    0x00, 0x7f, 0x8e, 0xff, 0x8e, 0x00, 0x8e, 0xff, 0x00, 0x7f, 0x84, 0x3f, 0x00, 0x7f, 0x8e, 0xff,
    0xa4, 0x00, 0x01, 0xc0, 0x00, 0x8c, 0xff, 0x01, 0xc1, 0x80, 0x86, 0x00, 0x01, 0x80, 0xc1, 0x8c,
    0xff, 0x8e, 0x00, 0x8c, 0xff, 0x01, 0xc1, 0x80, 0x86, 0x00, 0x01, 0x80, 0xc1, 0x8c, 0xff, 0x01,
    0x00, 0xc0, 0xa1, 0x00, 0x06, 0x03, 0x07, 0x03, 0x07, 0x1f, 0x3f, 0x7f, 0x8b, 0xff, 0x84, 0xfe,
    0x8b, 0xff, 0x03, 0x7f, 0x3f, 0x1f, 0x07, 0x8e, 0x00, 0x03, 0x07, 0x1f, 0x3f, 0x7f, 0x8b, 0xff,
    0x84, 0xfe, 0x8b, 0xff, 0x06, 0x7f, 0x3f, 0x1f, 0x07, 0x03, 0x07, 0x03, 0xa9, 0x00, 0x98, 0x01,
    0x00, 0x00, 0x98, 0xc0, 0x00, 0x00, 0x98, 0x01, 0xff, 0x00, 0x98, 0x00,
};

static const uint8_t s_anim_cry_f17[] = {
    0xff, 0x00, 0xff, 0x00, 0x93, 0x00, 0x05, 0xc0, 0xf0, 0xf8, 0xfc, 0xfe, 0xfe, 0x98, 0xff, 0x05,
    0xfe, 0xfe, 0xfc, 0xf8, 0xf0, 0xc0, 0x8e, 0x00, 0x05, 0xc0, 0xf0, 0xf8, 0xfc, 0xfe, 0xfe, 0x98,
    0xff, 0x05, 0xfe, 0xfe, 0xfc, 0xf8, 0xf0, 0xc0, 0xa6, 0x00, 0x8e, 0xff, 0x00, 0x7f, 0x84, 0x3f,
    0x00, 0x7f, 0x8e, 0xff, 0x8e, 0x00, 0x8e, 0xff, 0x00, 0x7f, 0x84, 0x3f, 0x00, 0x7f, 0x8e, 0xff,
    0xa4, 0x00, 0x01, 0x80, 0x00, 0x8c, 0xff, 0x01, 0xc1, 0x80, 0x86, 0x00, 0x01, 0x80, 0xc1, 0x8c,
    0xff, 0x8e, 0x00, 0x8c, 0xff, 0x01, 0xc1, 0x80, 0x86, 0x00, 0x01, 0x80, 0xc1, 0x8c, 0xff, 0x01,
    0x00, 0x80, 0xa1, 0x00, 0x06, 0x06, 0x0f, 0x06, 0x07, 0x1f, 0x3f, 0x7f, 0x8b, 0xff, 0x84, 0xfe,
    0x8b, 0xff, 0x03, 0x7f, 0x3f, 0x1f, 0x07, 0x8e, 0x00, 0x03, 0x07, 0x1f, 0x3f, 0x7f, 0x8b, 0xff,
    0x84, 0xfe, 0x8b, 0xff, 0x06, 0x7f, 0x3f, 0x1f, 0x07, 0x06, 0x0f, 0x06, 0xa9, 0x00, 0x98, 0x01,
    0x00, 0x00, 0x98, 0xc0, 0x00, 0x00, 0x98, 0x01, 0xff, 0x00, 0x98, 0x00,
};

static const uint8_t s_anim_cry_f18[] = {
    0xff, 0x00, 0xff, 0x00, 0x93, 0x00, 0x05, 0xc0, 0xf0, 0xf8, 0xfc, 0xfe, 0xfe, 0x98, 0xff, 0x05,
    0xfe, 0xfe, 0xfc, 0xf8, 0xf0, 0xc0, 0x8e, 0x00, 0x05, 0xc0, 0xf0, 0xf8, 0xfc, 0xfe, 0xfe, 0x98,
    0xff, 0x05, 0xfe, 0xfe, 0xfc, 0xf8, 0xf0, 0xc0, 0xa6, 0x00, 0x8e, 0xff, 0x00, 0x7f, 0x84, 0x3f,
    0x00, 0x7f, 0x8e, 0xff, 0x8e, 0x00, 0x8e, 0xff, 0x00, 0x7f, 0x84, 0x3f, 0x00, 0x7f, 0x8e, 0xff,
    0xa6, 0x00, 0x8c, 0xff, 0x01, 0xc1, 0x80, 0x86, 0x00, 0x01, 0x80, 0xc1, 0x8c, 0xff, 0x8e, 0x00,
    0x8c, 0xff, 0x01, 0xc1, 0x80, 0x86, 0x00, 0x01, 0x80, 0xc1, 0x8c, 0xff, 0xa3, 0x00, 0x06, 0x18,
    0x3e, 0x18, 0x07, 0x1f, 0x3f, 0x7f, 0x8b, 0xff, 0x84, 0xfe, 0x8b, 0xff, 0x03, 0x7f, 0x3f, 0x1f,
    0x07, 0x8e, 0x00, 0x03, 0x07, 0x1f, 0x3f, 0x7f, 0x8b, 0xff, 0x84, 0xfe, 0x8b, 0xff, 0x06, 0x7f,
    0x3f, 0x1f, 0x07, 0x18, 0x3e, 0x18, 0xa9, 0x00, 0x98, 0x01, 0x00, 0x00, 0x98, 0xc0, 0x00, 0x00,
    0x98, 0x01, 0xff, 0x00, 0x98, 0x00,
};

static const uint8_t s_anim_cry_f19[] = {
    0xff, 0x00, 0xff, 0x00, 0x93, 0x00, 0x05, 0xc0, 0xf0, 0xf8, 0xfc, 0xfe, 0xfe, 0x98, 0xff, 0x05,
    0xfe, 0xfe, 0xfc, 0xf8, 0xf0, 0xc0, 0x8e, 0x00, 0x05, 0xc0, 0xf0, 0xf8, 0xfc, 0xfe, 0xfe, 0x98,
    0xff, 0x05, 0xfe, 0xfe, 0xfc, 0xf8, 0xf0, 0xc0, 0xa3, 0x00, 0x02, 0x80, 0xe0, 0x80, 0x8e, 0xff,
    0x00, 0x7f, 0x84, 0x3f, 0x00, 0x7f, 0x8e, 0xff, 0x8e, 0x00, 0x8e, 0xff, 0x00, 0x7f, 0x84, 0x3f,
    0x00, 0x7f, 0x8e, 0xff, 0x02, 0x80, 0xe0, 0x80, 0xa0, 0x00, 0x02, 0x01, 0x03, 0x01, 0x8c, 0xff,
    0x01, 0xc1, 0x80, 0x86, 0x00, 0x01, 0x80, 0xc1, 0x8c, 0xff, 0x8e, 0x00, 0x8c, 0xff, 0x01, 0xc1,
    0x80, 0x86, 0x00, 0x01, 0x80, 0xc1, 0x8c, 0xff, 0x02, 0x01, 0x03, 0x01, 0xa0, 0x00, 0x06, 0x60,
    0xf8, 0x60, 0x07, 0x1f, 0x3f, 0x7f, 0x8b, 0xff, 0x84, 0xfe, 0x8b, 0xff, 0x03, 0x7f, 0x3f, 0x1f,
    0x07, 0x8e, 0x00, 0x03, 0x07, 0x1f, 0x3f, 0x7f, 0x8b, 0xff, 0x84, 0xfe, 0x8b, 0xff, 0x06, 0x7f,
    0x3f, 0x1f, 0x07, 0x60, 0xf8, 0x60, 0xa9, 0x00, 0x98, 0x01, 0x00, 0x00, 0x98, 0xc0, 0x00, 0x00,
    0x98, 0x01, 0xff, 0x00, 0x98, 0x00,
};

static const uint8_t s_anim_cry_f20[] = {
    0xff, 0x00, 0xff, 0x00, 0x93, 0x00, 0x05, 0xc0, 0xf0, 0xf8, 0xfc, 0xfe, 0xfe, 0x98, 0xff, 0x05,
    0xfe, 0xfe, 0xfc, 0xf8, 0xf0, 0xc0, 0x8e, 0x00, 0x05, 0xc0, 0xf0, 0xf8, 0xfc, 0xfe, 0xfe, 0x98,
    0xff, 0x05, 0xfe, 0xfe, 0xfc, 0xf8, 0xf0, 0xc0, 0xa4, 0x00, 0x01, 0xc0, 0x00, 0x8e, 0xff, 0x00,
    0x7f, 0x84, 0x3f, 0x00, 0x7f, 0x8e, 0xff, 0x8e, 0x00, 0x8e, 0xff, 0x00, 0x7f, 0x84, 0x3f, 0x00,
    0x7f, 0x8e, 0xff, 0x01, 0x00, 0xc0, 0xa1, 0x00, 0x02, 0x03, 0x07, 0x03, 0x8c, 0xff, 0x01, 0xc1,
    0x80, 0x86, 0x00, 0x01, 0x80, 0xc1, 0x8c, 0xff, 0x8e, 0x00, 0x8c, 0xff, 0x01, 0xc1, 0x80, 0x86,
    0x00, 0x01, 0x80, 0xc1, 0x8c, 0xff, 0x02, 0x03, 0x07, 0x03, 0xa0, 0x00, 0x06, 0xc0, 0xf0, 0xc0,
    0x07, 0x1f, 0x3f, 0x7f, 0x8b, 0xff, 0x84, 0xfe, 0x8b, 0xff, 0x03, 0x7f, 0x3f, 0x1f, 0x07, 0x8e,
    0x00, 0x03, 0x07, 0x1f, 0x3f, 0x7f, 0x8b, 0xff, 0x84, 0xfe, 0x8b, 0xff, 0x06, 0x7f, 0x3f, 0x1f,
    0x07, 0xc0, 0xf0, 0xc0, 0xa1, 0x00, 0x00, 0x01, 0x86, 0x00, 0x98, 0x01, 0x00, 0x00, 0x98, 0xc0,
    0x00, 0x00, 0x98, 0x01, 0x86, 0x00, 0x00, 0x01, 0xff, 0x00, 0x90, 0x00,
};

static const uint8_t s_anim_cry_f21[] = {
    0xff, 0x00, 0xff, 0x00, 0x93, 0x00, 0x05, 0xc0, 0xf0, 0xf8, 0xfc, 0xfe, 0xfe, 0x98, 0xff, 0x05,
    0xfe, 0xfe, 0xfc, 0xf8, 0xf0, 0xc0, 0x8e, 0x00, 0x05, 0xc0, 0xf0, 0xf8, 0xfc, 0xfe, 0xfe, 0x98,
    0xff, 0x05, 0xfe, 0xfe, 0xfc, 0xf8, 0xf0, 0xc0, 0xa6, 0x00, 0x8e, 0xff, 0x00, 0x7f, 0x84, 0x3f,
    0x00, 0x7f, 0x8e, 0xff, 0x8e, 0x00, 0x8e, 0xff, 0x00, 0x7f, 0x84, 0x3f, 0x00, 0x7f, 0x8e, 0xff,
    0xa3, 0x00, 0x02, 0x0c, 0x1f, 0x0c, 0x8c, 0xff, 0x01, 0xc1, 0x80, 0x86, 0x00, 0x01, 0x80, 0xc1,
    0x8c, 0xff, 0x8e, 0x00, 0x8c, 0xff, 0x01, 0xc1, 0x80, 0x86, 0x00, 0x01, 0x80, 0xc1, 0x8c, 0xff,
    0x02, 0x0c, 0x1f, 0x0c, 0xa1, 0x00, 0x05, 0xc0, 0x00, 0x07, 0x1f, 0x3f, 0x7f, 0x8b, 0xff, 0x84,
    0xfe, 0x8b, 0xff, 0x03, 0x7f, 0x3f, 0x1f, 0x07, 0x8e, 0x00, 0x03, 0x07, 0x1f, 0x3f, 0x7f, 0x8b,
    0xff, 0x84, 0xfe, 0x8b, 0xff, 0x05, 0x7f, 0x3f, 0x1f, 0x07, 0x00, 0xc0, 0xa1, 0x00, 0x02, 0x03,
    0x07, 0x03, 0x85, 0x00, 0x98, 0x01, 0x00, 0x00, 0x98, 0xc0, 0x00, 0x00, 0x98, 0x01, 0x85, 0x00,
    0x02, 0x03, 0x07, 0x03, 0xff, 0x00, 0x8f, 0x00,
};

static const uint8_t s_anim_cry_f22[] = {
    0xff, 0x00, 0xff, 0x00, 0x93, 0x00, 0x05, 0xc0, 0xf0, 0xf8, 0xfc, 0xfe, 0xfe, 0x98, 0xff, 0x05,
    0xfe, 0xfe, 0xfc, 0xf8, 0xf0, 0xc0, 0x8e, 0x00, 0x05, 0xc0, 0xf0, 0xf8, 0xfc, 0xfe, 0xfe, 0x98,
    0xff, 0x05, 0xfe, 0xfe, 0xfc, 0xf8, 0xf0, 0xc0, 0xa6, 0x00, 0x8e, 0xff, 0x00, 0x7f, 0x84, 0x3f,
    0x00, 0x7f, 0x8e, 0xff, 0x8e, 0x00, 0x8e, 0xff, 0x00, 0x7f, 0x84, 0x3f, 0x00, 0x7f, 0x8e, 0xff,
    0xa3, 0x00, 0x02, 0x30, 0x7c, 0x30, 0x8c, 0xff, 0x01, 0xc1, 0x80, 0x86, 0x00, 0x01, 0x80, 0xc1,
    0x8c, 0xff, 0x8e, 0x00, 0x8c, 0xff, 0x01, 0xc1, 0x80, 0x86, 0x00, 0x01, 0x80, 0xc1, 0x8c, 0xff,
    0x02, 0x30, 0x7c, 0x30, 0xa3, 0x00, 0x03, 0x07, 0x1f, 0x3f, 0x7f, 0x8b, 0xff, 0x84, 0xfe, 0x8b,
    0xff, 0x03, 0x7f, 0x3f, 0x1f, 0x07, 0x8e, 0x00, 0x03, 0x07, 0x1f, 0x3f, 0x7f, 0x8b, 0xff, 0x84,
    0xfe, 0x8b, 0xff, 0x03, 0x7f, 0x3f, 0x1f, 0x07, 0xa3, 0x00, 0x02, 0x0c, 0x1f, 0x0c, 0x85, 0x00,
    0x98, 0x01, 0x00, 0x00, 0x98, 0xc0, 0x00, 0x00, 0x98, 0x01, 0x85, 0x00, 0x02, 0x0c, 0x1f, 0x0c,
    0xff, 0x00, 0x8f, 0x00,
};

static const uint8_t s_anim_cry_f23[] = {
    0xff, 0x00, 0xff, 0x00, 0x93, 0x00, 0x05, 0xc0, 0xf0, 0xf8, 0xfc, 0xfe, 0xfe, 0x98, 0xff, 0x05,
    0xfe, 0xfe, 0xfc, 0xf8, 0xf0, 0xc0, 0x8e, 0x00, 0x05, 0xc0, 0xf0, 0xf8, 0xfc, 0xfe, 0xfe, 0x98,
    0xff, 0x05, 0xfe, 0xfe, 0xfc, 0xf8, 0xf0, 0xc0, 0xa6, 0x00, 0x8e, 0xff, 0x00, 0x7f, 0x84, 0x3f,
    0x00, 0x7f, 0x8e, 0xff, 0x8e, 0x00, 0x8e, 0xff, 0x00, 0x7f, 0x84, 0x3f, 0x00, 0x7f, 0x8e, 0xff,
    0xa3, 0x00, 0x02, 0x60, 0xf8, 0x60, 0x8c, 0xff, 0x01, 0xc1, 0x80, 0x86, 0x00, 0x01, 0x80, 0xc1,
    0x8c, 0xff, 0x8e, 0x00, 0x8c, 0xff, 0x01, 0xc1, 0x80, 0x86, 0x00, 0x01, 0x80, 0xc1, 0x8c, 0xff,
    0x02, 0x60, 0xf8, 0x60, 0xa3, 0x00, 0x03, 0x07, 0x1f, 0x3f, 0x7f, 0x8b, 0xff, 0x84, 0xfe, 0x8b,
    0xff, 0x03, 0x7f, 0x3f, 0x1f, 0x07, 0x8e, 0x00, 0x03, 0x07, 0x1f, 0x3f, 0x7f, 0x8b, 0xff, 0x84,
    0xfe, 0x8b, 0xff, 0x03, 0x7f, 0x3f, 0x1f, 0x07, 0xa3, 0x00, 0x02, 0x18, 0x3e, 0x18, 0x85, 0x00,
    0x98, 0x01, 0x00, 0x00, 0x98, 0xc0, 0x00, 0x00, 0x98, 0x01, 0x85, 0x00, 0x02, 0x18, 0x3e, 0x18,
    0xff, 0x00, 0x8f, 0x00,
};

static const uint8_t s_anim_cry_f24[] = {
    0xff, 0x00, 0xff, 0x00, 0x93, 0x00, 0x05, 0x80, 0xe0, 0xf0, 0xf8, 0xfc, 0xfc, 0x98, 0xfe, 0x05,
    0xfc, 0xfc, 0xf8, 0xf0, 0xe0, 0x80, 0x8e, 0x00, 0x05, 0x80, 0xe0, 0xf0, 0xf8, 0xfc, 0xfc, 0x98,
    0xfe, 0x05, 0xfc, 0xfc, 0xf8, 0xf0, 0xe0, 0x80, 0xa4, 0x00, 0x01, 0x80, 0x00, 0x8e, 0xff, 0x00,
    0x7f, 0x84, 0x3f, 0x00, 0x7f, 0x8e, 0xff, 0x8e, 0x00, 0x8e, 0xff, 0x00, 0x7f, 0x84, 0x3f, 0x00,
    0x7f, 0x8e, 0xff, 0x01, 0x00, 0x80, 0xa1, 0x00, 0x02, 0x06, 0x0f, 0x06, 0x8c, 0xff, 0x01, 0xc1,
    0x80, 0x86, 0x00, 0x01, 0x80, 0xc1, 0x8c, 0xff, 0x8e, 0x00, 0x8c, 0xff, 0x01, 0xc1, 0x80, 0x86,
    0x00, 0x01, 0x80, 0xc1, 0x8c, 0xff, 0x02, 0x06, 0x0f, 0x06, 0xa3, 0x00, 0x05, 0x03, 0x0f, 0x1f,
    0x3f, 0x7f, 0x7f, 0x89, 0xff, 0x84, 0xfe, 0x89, 0xff, 0x05, 0x7f, 0x7f, 0x3f, 0x1f, 0x0f, 0x03,
    0x8e, 0x00, 0x05, 0x03, 0x0f, 0x1f, 0x3f, 0x7f, 0x7f, 0x89, 0xff, 0x84, 0xfe, 0x89, 0xff, 0x05,
    0x7f, 0x7f, 0x3f, 0x1f, 0x0f, 0x03, 0xc6, 0x00, 0x98, 0xc0, 0xff, 0x00, 0xb2, 0x00,
};

static const uint8_t s_anim_cry_f25[] = {
    0xff, 0x00, 0xff, 0x00, 0x93, 0x00, 0x05, 0x80, 0xe0, 0xf0, 0xf8, 0xfc, 0xfc, 0x98, 0xfe, 0x05,
    0xfc, 0xfc, 0xf8, 0xf0, 0xe0, 0x80, 0x8e, 0x00, 0x05, 0x80, 0xe0, 0xf0, 0xf8, 0xfc, 0xfc, 0x98,
    0xfe, 0x05, 0xfc, 0xfc, 0xf8, 0xf0, 0xe0, 0x80, 0xa6, 0x00, 0x8e, 0xff, 0x00, 0x7f, 0x84, 0x3f,
    0x00, 0x7f, 0x8e, 0xff, 0x8e, 0x00, 0x8e, 0xff, 0x00, 0x7f, 0x84, 0x3f, 0x00, 0x7f, 0x8e, 0xff,
    0xa3, 0x00, 0x02, 0x18, 0x3e, 0x18, 0x8c, 0xff, 0x01, 0xc1, 0x80, 0x86, 0x00, 0x01, 0x80, 0xc1,
    0x8c, 0xff, 0x8e, 0x00, 0x8c, 0xff, 0x01, 0xc1, 0x80, 0x86, 0x00, 0x01, 0x80, 0xc1, 0x8c, 0xff,
    0x02, 0x18, 0x3e, 0x18, 0xa3, 0x00, 0x05, 0x03, 0x0f, 0x1f, 0x3f, 0x7f, 0x7f, 0x89, 0xff, 0x84,
    0xfe, 0x89, 0xff, 0x05, 0x7f, 0x7f, 0x3f, 0x1f, 0x0f, 0x03, 0x8e, 0x00, 0x05, 0x03, 0x0f, 0x1f,
    0x3f, 0x7f, 0x7f, 0x89, 0xff, 0x84, 0xfe, 0x89, 0xff, 0x05, 0x7f, 0x7f, 0x3f, 0x1f, 0x0f, 0x03,
    0xc6, 0x00, 0x98, 0xc0, 0xff, 0x00, 0xb2, 0x00,
};

static const uint8_t s_anim_cry_f26[] = {
    0xff, 0x00, 0xff, 0x00, 0x93, 0x00, 0x05, 0x80, 0xe0, 0xf0, 0xf8, 0xfc, 0xfc, 0x98, 0xfe, 0x05,
    0xfc, 0xfc, 0xf8, 0xf0, 0xe0, 0x80, 0x8e, 0x00, 0x05, 0x80, 0xe0, 0xf0, 0xf8, 0xfc, 0xfc, 0x98,
    0xfe, 0x05, 0xfc, 0xfc, 0xf8, 0xf0, 0xe0, 0x80, 0xa6, 0x00, 0x8e, 0xff, 0x00, 0x7f, 0x84, 0x3f,
    0x00, 0x7f, 0x8e, 0xff, 0x8e, 0x00, 0x8e, 0xff, 0x00, 0x7f, 0x84, 0x3f, 0x00, 0x7f, 0x8e, 0xff,
    0xa3, 0x00, 0x02, 0x30, 0x7c, 0x30, 0x8c, 0xff, 0x01, 0xc1, 0x80, 0x86, 0x00, 0x01, 0x80, 0xc1,
    0x8c, 0xff, 0x8e, 0x00, 0x8c, 0xff, 0x01, 0xc1, 0x80, 0x86, 0x00, 0x01, 0x80, 0xc1, 0x8c, 0xff,
    0x02, 0x30, 0x7c, 0x30, 0xa3, 0x00, 0x05, 0x03, 0x0f, 0x1f, 0x3f, 0x7f, 0x7f, 0x89, 0xff, 0x84,
    0xfe, 0x89, 0xff, 0x05, 0x7f, 0x7f, 0x3f, 0x1f, 0x0f, 0x03, 0x8e, 0x00, 0x05, 0x03, 0x0f, 0x1f,
    0x3f, 0x7f, 0x7f, 0x89, 0xff, 0x84, 0xfe, 0x89, 0xff, 0x05, 0x7f, 0x7f, 0x3f, 0x1f, 0x0f, 0x03,
    0xc6, 0x00, 0x98, 0xc0, 0xff, 0x00, 0xb2, 0x00,
};

static const uint8_t s_anim_cry_f27[] = {
    0xff, 0x00, 0xff, 0x00, 0x93, 0x00, 0x05, 0x80, 0xe0, 0xf0, 0xf8, 0xfc, 0xfc, 0x98, 0xfe, 0x05,
    0xfc, 0xfc, 0xf8, 0xf0, 0xe0, 0x80, 0x8e, 0x00, 0x05, 0x80, 0xe0, 0xf0, 0xf8, 0xfc, 0xfc, 0x98,
    0xfe, 0x05, 0xfc, 0xfc, 0xf8, 0xf0, 0xe0, 0x80, 0xa6, 0x00, 0x8e, 0xff, 0x00, 0x7f, 0x84, 0x3f,
    0x00, 0x7f, 0x8e, 0xff, 0x8e, 0x00, 0x8e, 0xff, 0x00, 0x7f, 0x84, 0x3f, 0x00, 0x7f, 0x8e, 0xff,
    0xa3, 0x00, 0x02, 0xc0, 0xf0, 0xc0, 0x8c, 0xff, 0x01, 0xc1, 0x80, 0x86, 0x00, 0x01, 0x80, 0xc1,
    0x8c, 0xff, 0x8e, 0x00, 0x8c, 0xff, 0x01, 0xc1, 0x80, 0x86, 0x00, 0x01, 0x80, 0xc1, 0x8c, 0xff,
    0x02, 0xc0, 0xf0, 0xc0, 0xa1, 0x00, 0x07, 0x01, 0x00, 0x03, 0x0f, 0x1f, 0x3f, 0x7f, 0x7f, 0x89,
    0xff, 0x84, 0xfe, 0x89, 0xff, 0x05, 0x7f, 0x7f, 0x3f, 0x1f, 0x0f, 0x03, 0x8e, 0x00, 0x05, 0x03,
    0x0f, 0x1f, 0x3f, 0x7f, 0x7f, 0x89, 0xff, 0x84, 0xfe, 0x89, 0xff, 0x07, 0x7f, 0x7f, 0x3f, 0x1f,
    0x0f, 0x03, 0x00, 0x01, 0xc4, 0x00, 0x98, 0xc0, 0xff, 0x00, 0xb2, 0x00,
};

static const uint8_t s_anim_cry_f28[] = {
    0xff, 0x00, 0xff, 0x00, 0x93, 0x00, 0x05, 0x80, 0xe0, 0xf0, 0xf8, 0xfc, 0xfc, 0x98, 0xfe, 0x05,
    0xfc, 0xfc, 0xf8, 0xf0, 0xe0, 0x80, 0x8e, 0x00, 0x05, 0x80, 0xe0, 0xf0, 0xf8, 0xfc, 0xfc, 0x98,
    0xfe, 0x05, 0xfc, 0xfc, 0xf8, 0xf0, 0xe0, 0x80, 0xa6, 0x00, 0x8e, 0xff, 0x00, 0x7f, 0x84, 0x3f,
    0x00, 0x7f, 0x8e, 0xff, 0x8e, 0x00, 0x8e, 0xff, 0x00, 0x7f, 0x84, 0x3f, 0x00, 0x7f, 0x8e, 0xff,
    0xa4, 0x00, 0x01, 0xc0, 0x00, 0x8c, 0xff, 0x01, 0xc1, 0x80, 0x86, 0x00, 0x01, 0x80, 0xc1, 0x8c,
    0xff, 0x8e, 0x00, 0x8c, 0xff, 0x01, 0xc1, 0x80, 0x86, 0x00, 0x01, 0x80, 0xc1, 0x8c, 0xff, 0x01,
    0x00, 0xc0, 0xa1, 0x00, 0x08, 0x03, 0x07, 0x03, 0x03, 0x0f, 0x1f, 0x3f, 0x7f, 0x7f, 0x89, 0xff,
    0x84, 0xfe, 0x89, 0xff, 0x05, 0x7f, 0x7f, 0x3f, 0x1f, 0x0f, 0x03, 0x8e, 0x00, 0x05, 0x03, 0x0f,
    0x1f, 0x3f, 0x7f, 0x7f, 0x89, 0xff, 0x84, 0xfe, 0x89, 0xff, 0x08, 0x7f, 0x7f, 0x3f, 0x1f, 0x0f,
    0x03, 0x03, 0x07, 0x03, 0xc3, 0x00, 0x98, 0xc0, 0xff, 0x00, 0xb2, 0x00,
};

static const uint8_t s_anim_cry_f29[] = {
    0xff, 0x00, 0xff, 0x00, 0x93, 0x00, 0x05, 0x80, 0xe0, 0xf0, 0xf8, 0xfc, 0xfc, 0x98, 0xfe, 0x05,
    0xfc, 0xfc, 0xf8, 0xf0, 0xe0, 0x80, 0x8e, 0x00, 0x05, 0x80, 0xe0, 0xf0, 0xf8, 0xfc, 0xfc, 0x98,
    0xfe, 0x05, 0xfc, 0xfc, 0xf8, 0xf0, 0xe0, 0x80, 0xa6, 0x00, 0x8e, 0xff, 0x00, 0x7f, 0x84, 0x3f,
    0x00, 0x7f, 0x8e, 0xff, 0x8e, 0x00, 0x8e, 0xff, 0x00, 0x7f, 0x84, 0x3f, 0x00, 0x7f, 0x8e, 0xff,
    0xa4, 0x00, 0x01, 0x80, 0x00, 0x8c, 0xff, 0x01, 0xc1, 0x80, 0x86, 0x00, 0x01, 0x80, 0xc1, 0x8c,
    0xff, 0x8e, 0x00, 0x8c, 0xff, 0x01, 0xc1, 0x80, 0x86, 0x00, 0x01, 0x80, 0xc1, 0x8c, 0xff, 0x01,
    0x00, 0x80, 0xa1, 0x00, 0x08, 0x06, 0x0f, 0x06, 0x03, 0x0f, 0x1f, 0x3f, 0x7f, 0x7f, 0x89, 0xff,
    0x84, 0xfe, 0x89, 0xff, 0x05, 0x7f, 0x7f, 0x3f, 0x1f, 0x0f, 0x03, 0x8e, 0x00, 0x05, 0x03, 0x0f,
    0x1f, 0x3f, 0x7f, 0x7f, 0x89, 0xff, 0x84, 0xfe, 0x89, 0xff, 0x08, 0x7f, 0x7f, 0x3f, 0x1f, 0x0f,
    0x03, 0x06, 0x0f, 0x06, 0xc3, 0x00, 0x98, 0xc0, 0xff, 0x00, 0xb2, 0x00,
};

static const uint8_t s_anim_cry_f30[] = {
    0xff, 0x00, 0xff, 0x00, 0x94, 0x00, 0x04, 0xc0, 0xe0, 0xf0, 0xf8, 0xf8, 0x98, 0xfc, 0x04, 0xf8,
    0xf8, 0xf0, 0xe0, 0xc0, 0x90, 0x00, 0x04, 0xc0, 0xe0, 0xf0, 0xf8, 0xf8, 0x98, 0xfc, 0x04, 0xf8,
    0xf8, 0xf0, 0xe0, 0xc0, 0xa7, 0x00, 0x8e, 0xff, 0x00, 0x7f, 0x84, 0x3f, 0x00, 0x7f, 0x8e, 0xff,
    0x8e, 0x00, 0x8e, 0xff, 0x00, 0x7f, 0x84, 0x3f, 0x00, 0x7f, 0x8e, 0xff, 0xa6, 0x00, 0x8c, 0xff,
    0x01, 0xc1, 0x80, 0x86, 0x00, 0x01, 0x80, 0xc1, 0x8c, 0xff, 0x8e, 0x00, 0x8c, 0xff, 0x01, 0xc1,
    0x80, 0x86, 0x00, 0x01, 0x80, 0xc1, 0x8c, 0xff, 0xa3, 0x00, 0x08, 0x18, 0x3e, 0x18, 0x01, 0x07,
    0x0f, 0x1f, 0x3f, 0x3f, 0x89, 0x7f, 0x84, 0x7e, 0x89, 0x7f, 0x05, 0x3f, 0x3f, 0x1f, 0x0f, 0x07,
    0x01, 0x8e, 0x00, 0x05, 0x01, 0x07, 0x0f, 0x1f, 0x3f, 0x3f, 0x89, 0x7f, 0x84, 0x7e, 0x89, 0x7f,
    0x08, 0x3f, 0x3f, 0x1f, 0x0f, 0x07, 0x01, 0x18, 0x3e, 0x18, 0xc3, 0x00, 0x98, 0xc0, 0xff, 0x00,
    0xb2, 0x00,
};

static const uint8_t s_anim_cry_f31[] = {
    0xff, 0x00, 0xff, 0x00, 0x94, 0x00, 0x04, 0xc0, 0xe0, 0xf0, 0xf8, 0xf8, 0x98, 0xfc, 0x04, 0xf8,
    0xf8, 0xf0, 0xe0, 0xc0, 0x90, 0x00, 0x04, 0xc0, 0xe0, 0xf0, 0xf8, 0xf8, 0x98, 0xfc, 0x04, 0xf8,
    0xf8, 0xf0, 0xe0, 0xc0, 0xa4, 0x00, 0x02, 0x80, 0xe0, 0x80, 0x8e, 0xff, 0x00, 0x7f, 0x84, 0x3f,
    0x00, 0x7f, 0x8e, 0xff, 0x8e, 0x00, 0x8e, 0xff, 0x00, 0x7f, 0x84, 0x3f, 0x00, 0x7f, 0x8e, 0xff,
    0x02, 0x80, 0xe0, 0x80, 0xa0, 0x00, 0x02, 0x01, 0x03, 0x01, 0x8c, 0xff, 0x01, 0xc1, 0x80, 0x86,
    0x00, 0x01, 0x80, 0xc1, 0x8c, 0xff, 0x8e, 0x00, 0x8c, 0xff, 0x01, 0xc1, 0x80, 0x86, 0x00, 0x01,
    0x80, 0xc1, 0x8c, 0xff, 0x02, 0x01, 0x03, 0x01, 0xa0, 0x00, 0x08, 0x60, 0xf8, 0x60, 0x01, 0x07,
    0x0f, 0x1f, 0x3f, 0x3f, 0x89, 0x7f, 0x84, 0x7e, 0x89, 0x7f, 0x05, 0x3f, 0x3f, 0x1f, 0x0f, 0x07,
    0x01, 0x8e, 0x00, 0x05, 0x01, 0x07, 0x0f, 0x1f, 0x3f, 0x3f, 0x89, 0x7f, 0x84, 0x7e, 0x89, 0x7f,
    0x08, 0x3f, 0x3f, 0x1f, 0x0f, 0x07, 0x01, 0x60, 0xf8, 0x60, 0xc3, 0x00, 0x98, 0xc0, 0xff, 0x00,
    0xb2, 0x00,
};

static const uint8_t s_anim_cry_f32[] = {
    0xff, 0x00, 0xff, 0x00, 0x94, 0x00, 0x04, 0xc0, 0xe0, 0xf0, 0xf8, 0xf8, 0x98, 0xfc, 0x04, 0xf8,
    0xf8, 0xf0, 0xe0, 0xc0, 0x90, 0x00, 0x04, 0xc0, 0xe0, 0xf0, 0xf8, 0xf8, 0x98, 0xfc, 0x04, 0xf8,
    0xf8, 0xf0, 0xe0, 0xc0, 0xa5, 0x00, 0x01, 0xc0, 0x00, 0x8e, 0xff, 0x00, 0x7f, 0x84, 0x3f, 0x00,
    0x7f, 0x8e, 0xff, 0x8e, 0x00, 0x8e, 0xff, 0x00, 0x7f, 0x84, 0x3f, 0x00, 0x7f, 0x8e, 0xff, 0x01,
    0x00, 0xc0, 0xa1, 0x00, 0x02, 0x03, 0x07, 0x03, 0x8c, 0xff, 0x01, 0xc1, 0x80, 0x86, 0x00, 0x01,
    0x80, 0xc1, 0x8c, 0xff, 0x8e, 0x00, 0x8c, 0xff, 0x01, 0xc1, 0x80, 0x86, 0x00, 0x01, 0x80, 0xc1,
    0x8c, 0xff, 0x02, 0x03, 0x07, 0x03, 0xa0, 0x00, 0x08, 0xc0, 0xf0, 0xc0, 0x01, 0x07, 0x0f, 0x1f,
    0x3f, 0x3f, 0x89, 0x7f, 0x84, 0x7e, 0x89, 0x7f, 0x05, 0x3f, 0x3f, 0x1f, 0x0f, 0x07, 0x01, 0x8e,
    0x00, 0x05, 0x01, 0x07, 0x0f, 0x1f, 0x3f, 0x3f, 0x89, 0x7f, 0x84, 0x7e, 0x89, 0x7f, 0x08, 0x3f,
    0x3f, 0x1f, 0x0f, 0x07, 0x01, 0xc0, 0xf0, 0xc0, 0xa1, 0x00, 0x00, 0x01, 0xa0, 0x00, 0x98, 0xc0,
    0xa0, 0x00, 0x00, 0x01, 0xff, 0x00, 0x90, 0x00,
};

static const uint8_t s_anim_cry_f33[] = {
    0xff, 0x00, 0xff, 0x00, 0x94, 0x00, 0x04, 0xc0, 0xe0, 0xf0, 0xf8, 0xf8, 0x98, 0xfc, 0x04, 0xf8,
    0xf8, 0xf0, 0xe0, 0xc0, 0x90, 0x00, 0x04, 0xc0, 0xe0, 0xf0, 0xf8, 0xf8, 0x98, 0xfc, 0x04, 0xf8,
    0xf8, 0xf0, 0xe0, 0xc0, 0xa7, 0x00, 0x8e, 0xff, 0x00, 0x7f, 0x84, 0x3f, 0x00, 0x7f, 0x8e, 0xff,
    0x8e, 0x00, 0x8e, 0xff, 0x00, 0x7f, 0x84, 0x3f, 0x00, 0x7f, 0x8e, 0xff, 0xa3, 0x00, 0x02, 0x0c,
    0x1f, 0x0c, 0x8c, 0xff, 0x01, 0xc1, 0x80, 0x86, 0x00, 0x01, 0x80, 0xc1, 0x8c, 0xff, 0x8e, 0x00,
    0x8c, 0xff, 0x01, 0xc1, 0x80, 0x86, 0x00, 0x01, 0x80, 0xc1, 0x8c, 0xff, 0x02, 0x0c, 0x1f, 0x0c,
    0xa1, 0x00, 0x07, 0xc0, 0x00, 0x01, 0x07, 0x0f, 0x1f, 0x3f, 0x3f, 0x89, 0x7f, 0x84, 0x7e, 0x89,
    0x7f, 0x05, 0x3f, 0x3f, 0x1f, 0x0f, 0x07, 0x01, 0x8e, 0x00, 0x05, 0x01, 0x07, 0x0f, 0x1f, 0x3f,
    0x3f, 0x89, 0x7f, 0x84, 0x7e, 0x89, 0x7f, 0x07, 0x3f, 0x3f, 0x1f, 0x0f, 0x07, 0x01, 0x00, 0xc0,
    0xa1, 0x00, 0x02, 0x03, 0x07, 0x03, 0x9f, 0x00, 0x98, 0xc0, 0x9f, 0x00, 0x02, 0x03, 0x07, 0x03,
    0xff, 0x00, 0x8f, 0x00,
};

static const uint8_t s_anim_cry_f34[] = {
    0xff, 0x00, 0xff, 0x00, 0x94, 0x00, 0x04, 0xc0, 0xe0, 0xf0, 0xf8, 0xf8, 0x98, 0xfc, 0x04, 0xf8,
    0xf8, 0xf0, 0xe0, 0xc0, 0x90, 0x00, 0x04, 0xc0, 0xe0, 0xf0, 0xf8, 0xf8, 0x98, 0xfc, 0x04, 0xf8,
    0xf8, 0xf0, 0xe0, 0xc0, 0xa7, 0x00, 0x8e, 0xff, 0x00, 0x7f, 0x84, 0x3f, 0x00, 0x7f, 0x8e, 0xff,
    0x8e, 0x00, 0x8e, 0xff, 0x00, 0x7f, 0x84, 0x3f, 0x00, 0x7f, 0x8e, 0xff, 0xa3, 0x00, 0x02, 0x30,
    0x7c, 0x30, 0x8c, 0xff, 0x01, 0xc1, 0x80, 0x86, 0x00, 0x01, 0x80, 0xc1, 0x8c, 0xff, 0x8e, 0x00,
    0x8c, 0xff, 0x01, 0xc1, 0x80, 0x86, 0x00, 0x01, 0x80, 0xc1, 0x8c, 0xff, 0x02, 0x30, 0x7c, 0x30,
    0xa3, 0x00, 0x05, 0x01, 0x07, 0x0f, 0x1f, 0x3f, 0x3f, 0x89, 0x7f, 0x84, 0x7e, 0x89, 0x7f, 0x05,
    0x3f, 0x3f, 0x1f, 0x0f, 0x07, 0x01, 0x8e, 0x00, 0x05, 0x01, 0x07, 0x0f, 0x1f, 0x3f, 0x3f, 0x89,
    0x7f, 0x84, 0x7e, 0x89, 0x7f, 0x05, 0x3f, 0x3f, 0x1f, 0x0f, 0x07, 0x01, 0xa3, 0x00, 0x02, 0x0c,
    0x1f, 0x0c, 0x9f, 0x00, 0x98, 0xc0, 0x9f, 0x00, 0x02, 0x0c, 0x1f, 0x0c, 0xff, 0x00, 0x8f, 0x00,
};

static const uint8_t s_anim_cry_f35[] = {
    0xff, 0x00, 0xff, 0x00, 0x94, 0x00, 0x04, 0xc0, 0xe0, 0xf0, 0xf8, 0xf8, 0x98, 0xfc, 0x04, 0xf8,
    0xf8, 0xf0, 0xe0, 0xc0, 0x90, 0x00, 0x04, 0xc0, 0xe0, 0xf0, 0xf8, 0xf8, 0x98, 0xfc, 0x04, 0xf8,
    0xf8, 0xf0, 0xe0, 0xc0, 0xa7, 0x00, 0x8e, 0xff, 0x00, 0x7f, 0x84, 0x3f, 0x00, 0x7f, 0x8e, 0xff,
    0x8e, 0x00, 0x8e, 0xff, 0x00, 0x7f, 0x84, 0x3f, 0x00, 0x7f, 0x8e, 0xff, 0xa3, 0x00, 0x02, 0x60,
    0xf8, 0x60, 0x8c, 0xff, 0x01, 0xc1, 0x80, 0x86, 0x00, 0x01, 0x80, 0xc1, 0x8c, 0xff, 0x8e, 0x00,
    0x8c, 0xff, 0x01, 0xc1, 0x80, 0x86, 0x00, 0x01, 0x80, 0xc1, 0x8c, 0xff, 0x02, 0x60, 0xf8, 0x60,
    0xa3, 0x00, 0x05, 0x01, 0x07, 0x0f, 0x1f, 0x3f, 0x3f, 0x89, 0x7f, 0x84, 0x7e, 0x89, 0x7f, 0x05,
    0x3f, 0x3f, 0x1f, 0x0f, 0x07, 0x01, 0x8e, 0x00, 0x05, 0x01, 0x07, 0x0f, 0x1f, 0x3f, 0x3f, 0x89,
    0x7f, 0x84, 0x7e, 0x89, 0x7f, 0x05, 0x3f, 0x3f, 0x1f, 0x0f, 0x07, 0x01, 0xa3, 0x00, 0x02, 0x18,
    0x3e, 0x18, 0x9f, 0x00, 0x98, 0xc0, 0x9f, 0x00, 0x02, 0x18, 0x3e, 0x18, 0xff, 0x00, 0x8f, 0x00,
};

static const uint8_t *const s_anim_cry_frames[36] = {
    s_anim_cry_f00,
    s_anim_cry_f01,
    s_anim_cry_f02,
    s_anim_cry_f03,
    s_anim_cry_f04,
    s_anim_cry_f05,
    s_anim_cry_f06,
    s_anim_cry_f07,
    s_anim_cry_f08,
    s_anim_cry_f09,
    s_anim_cry_f10,
    s_anim_cry_f11,
    s_anim_cry_f12,
    s_anim_cry_f13,
    s_anim_cry_f14,
    s_anim_cry_f15,
    s_anim_cry_f16,
    s_anim_cry_f17,
    s_anim_cry_f18,
    s_anim_cry_f19,
    s_anim_cry_f20,
    s_anim_cry_f21,
    s_anim_cry_f22,
    s_anim_cry_f23,
    s_anim_cry_f24,
    s_anim_cry_f25,
    s_anim_cry_f26,
    s_anim_cry_f27,
    s_anim_cry_f28,
    s_anim_cry_f29,
    s_anim_cry_f30,
    s_anim_cry_f31,
    s_anim_cry_f32,
    s_anim_cry_f33,
    s_anim_cry_f34,
    s_anim_cry_f35,
};

static const uint16_t s_anim_cry_sizes[36] = {
    154, 148, 148, 152, 152, 152, 146, 166,
    172, 168, 164, 164, 158, 152, 152, 156,
    156, 156, 150, 166, 172, 168, 164, 164,
    158, 152, 152, 156, 156, 156, 146, 162,
    168, 164, 160, 160,
};

static const uint8_t s_anim_shy_f00[] = {
    0xff, 0x00, 0xff, 0x00, 0x93, 0x00, 0x05, 0x80, 0xe0, 0xf0, 0xf8, 0xfc, 0xfc, 0x98, 0xfe, 0x05,
    0xfc, 0xfc, 0xf8, 0xf0, 0xe0, 0x80, 0x8e, 0x00, 0x05, 0x80, 0xe0, 0xf0, 0xf8, 0xfc, 0xfc, 0x98,
    0xfe, 0x05, 0xfc, 0xfc, 0xf8, 0xf0, 0xe0, 0x80, 0xa6, 0x00, 0x8d, 0xff, 0x01, 0x7f, 0x3f, 0x84,
    0x1f, 0x01, 0x3f, 0x7f, 0x8d, 0xff, 0x8e, 0x00, 0x8d, 0xff, 0x01, 0x7f, 0x3f, 0x84, 0x1f, 0x01,
    0x3f, 0x7f, 0x8d, 0xff, 0xa6, 0x00, 0x8c, 0xff, 0x02, 0xe0, 0xc0, 0x80, 0x84, 0x00, 0x02, 0x80,
    0xc0, 0xe0, 0x8c, 0xff, 0x8e, 0x00, 0x8c, 0xff, 0x02, 0xe0, 0xc0, 0x80, 0x84, 0x00, 0x02, 0x80,
    0xc0, 0xe0, 0x8c, 0xff, 0x9f, 0x00, 0x0c, 0x80, 0x00, 0x80, 0x00, 0x80, 0x00, 0x00, 0x03, 0x0f,
    0x1f, 0x3f, 0x7f, 0x7f, 0x98, 0xff, 0x05, 0x7f, 0x7f, 0x3f, 0x1f, 0x0f, 0x03, 0x8e, 0x00, 0x05,
    0x03, 0x0f, 0x1f, 0x3f, 0x7f, 0x7f, 0x98, 0xff, 0x0a, 0x7f, 0x7f, 0x3f, 0x1f, 0x0f, 0x03, 0x80,
    0x00, 0x80, 0x00, 0x80, 0x9b, 0x00, 0x04, 0x03, 0x00, 0x03, 0x00, 0x03, 0xa0, 0x00, 0x98, 0xc0,
    0xa0, 0x00, 0x04, 0x03, 0x00, 0x03, 0x00, 0x03, 0xff, 0x00, 0x8c, 0x00,
};

static const uint8_t s_anim_shy_f01[] = {
    0xff, 0x00, 0xff, 0x00, 0x93, 0x00, 0x05, 0x80, 0xe0, 0xf0, 0xf8, 0xfc, 0xfc, 0x98, 0xfe, 0x05,
    0xfc, 0xfc, 0xf8, 0xf0, 0xe0, 0x80, 0x8e, 0x00, 0x05, 0x80, 0xe0, 0xf0, 0xf8, 0xfc, 0xfc, 0x98,
    0xfe, 0x05, 0xfc, 0xfc, 0xf8, 0xf0, 0xe0, 0x80, 0xa6, 0x00, 0x8d, 0xff, 0x01, 0x7f, 0x3f, 0x84,
    0x1f, 0x01, 0x3f, 0x7f, 0x8d, 0xff, 0x8e, 0x00, 0x8d, 0xff, 0x01, 0x7f, 0x3f, 0x84, 0x1f, 0x01,
    0x3f, 0x7f, 0x8d, 0xff, 0xa6, 0x00, 0x8c, 0xff, 0x02, 0xe0, 0xc0, 0x80, 0x84, 0x00, 0x02, 0x80,
    0xc0, 0xe0, 0x8c, 0xff, 0x8e, 0x00, 0x8c, 0xff, 0x02, 0xe0, 0xc0, 0x80, 0x84, 0x00, 0x02, 0x80,
    0xc0, 0xe0, 0x8c, 0xff, 0x9f, 0x00, 0x0c, 0x80, 0x00, 0x80, 0x00, 0x80, 0x00, 0x00, 0x03, 0x0f,
    0x1f, 0x3f, 0x7f, 0x7f, 0x98, 0xff, 0x05, 0x7f, 0x7f, 0x3f, 0x1f, 0x0f, 0x03, 0x8e, 0x00, 0x05,
    0x03, 0x0f, 0x1f, 0x3f, 0x7f, 0x7f, 0x98, 0xff, 0x0a, 0x7f, 0x7f, 0x3f, 0x1f, 0x0f, 0x03, 0x80,
    0x00, 0x80, 0x00, 0x80, 0x9b, 0x00, 0x04, 0x03, 0x00, 0x03, 0x00, 0x03, 0xa0, 0x00, 0x98, 0xc0,
    0xa0, 0x00, 0x04, 0x03, 0x00, 0x03, 0x00, 0x03, 0xff, 0x00, 0x8c, 0x00,
};

static const uint8_t s_anim_shy_f02[] = {
    0xff, 0x00, 0xff, 0x00, 0x93, 0x00, 0x05, 0x80, 0xe0, 0xf0, 0xf8, 0xfc, 0xfc, 0x98, 0xfe, 0x05,
    0xfc, 0xfc, 0xf8, 0xf0, 0xe0, 0x80, 0x8e, 0x00, 0x05, 0x80, 0xe0, 0xf0, 0xf8, 0xfc, 0xfc, 0x98,
    0xfe, 0x05, 0xfc, 0xfc, 0xf8, 0xf0, 0xe0, 0x80, 0xa6, 0x00, 0x8d, 0xff, 0x01, 0x7f, 0x3f, 0x84,
    0x1f, 0x01, 0x3f, 0x7f, 0x8d, 0xff, 0x8e, 0x00, 0x8d, 0xff, 0x01, 0x7f, 0x3f, 0x84, 0x1f, 0x01,
    0x3f, 0x7f, 0x8d, 0xff, 0xa6, 0x00, 0x8c, 0xff, 0x02, 0xe0, 0xc0, 0x80, 0x84, 0x00, 0x02, 0x80,
    0xc0, 0xe0, 0x8c, 0xff, 0x8e, 0x00, 0x8c, 0xff, 0x02, 0xe0, 0xc0, 0x80, 0x84, 0x00, 0x02, 0x80,
    0xc0, 0xe0, 0x8c, 0xff, 0x9f, 0x00, 0x0c, 0x80, 0x00, 0x80, 0x00, 0x80, 0x00, 0x00, 0x03, 0x0f,
    0x1f, 0x3f, 0x7f, 0x7f, 0x98, 0xff, 0x05, 0x7f, 0x7f, 0x3f, 0x1f, 0x0f, 0x03, 0x8e, 0x00, 0x05,
    0x03, 0x0f, 0x1f, 0x3f, 0x7f, 0x7f, 0x98, 0xff, 0x0a, 0x7f, 0x7f, 0x3f, 0x1f, 0x0f, 0x03, 0x80,
    0x00, 0x80, 0x00, 0x80, 0x9b, 0x00, 0x04, 0x03, 0x00, 0x03, 0x00, 0x03, 0xa0, 0x00, 0x98, 0xc0,
    0xa0, 0x00, 0x04, 0x03, 0x00, 0x03, 0x00, 0x03, 0xff, 0x00, 0x8c, 0x00,
};

static const uint8_t s_anim_shy_f03[] = {
    0xff, 0x00, 0xff, 0x00, 0x93, 0x00, 0x05, 0x80, 0xe0, 0xf0, 0xf8, 0xfc, 0xfc, 0x98, 0xfe, 0x05,
    0xfc, 0xfc, 0xf8, 0xf0, 0xe0, 0x80, 0x8e, 0x00, 0x05, 0x80, 0xe0, 0xf0, 0xf8, 0xfc, 0xfc, 0x98,
    0xfe, 0x05, 0xfc, 0xfc, 0xf8, 0xf0, 0xe0, 0x80, 0xa6, 0x00, 0x8d, 0xff, 0x01, 0x7f, 0x3f, 0x84,
    0x1f, 0x01, 0x3f, 0x7f, 0x8d, 0xff, 0x8e, 0x00, 0x8d, 0xff, 0x01, 0x7f, 0x3f, 0x84, 0x1f, 0x01,
    0x3f, 0x7f, 0x8d, 0xff, 0xa6, 0x00, 0x8c, 0xff, 0x02, 0xe0, 0xc0, 0x80, 0x84, 0x00, 0x02, 0x80,
    0xc0, 0xe0, 0x8c, 0xff, 0x8e, 0x00, 0x8c, 0xff, 0x02, 0xe0, 0xc0, 0x80, 0x84, 0x00, 0x02, 0x80,
    0xc0, 0xe0, 0x8c, 0xff, 0x9f, 0x00, 0x0c, 0x80, 0x00, 0x80, 0x00, 0x80, 0x00, 0x00, 0x03, 0x0f,
    0x1f, 0x3f, 0x7f, 0x7f, 0x98, 0xff, 0x05, 0x7f, 0x7f, 0x3f, 0x1f, 0x0f, 0x03, 0x8e, 0x00, 0x05,
    0x03, 0x0f, 0x1f, 0x3f, 0x7f, 0x7f, 0x98, 0xff, 0x0a, 0x7f, 0x7f, 0x3f, 0x1f, 0x0f, 0x03, 0x80,
    0x00, 0x80, 0x00, 0x80, 0x9b, 0x00, 0x04, 0x03, 0x00, 0x03, 0x00, 0x03, 0xa0, 0x00, 0x98, 0xc0,
    0xa0, 0x00, 0x04, 0x03, 0x00, 0x03, 0x00, 0x03, 0xff, 0x00, 0x8c, 0x00,
};

static const uint8_t s_anim_shy_f04[] = {
    0xff, 0x00, 0xff, 0x00, 0x93, 0x00, 0x05, 0x80, 0xe0, 0xf0, 0xf8, 0xfc, 0xfc, 0x98, 0xfe, 0x05,
    0xfc, 0xfc, 0xf8, 0xf0, 0xe0, 0x80, 0x8e, 0x00, 0x05, 0x80, 0xe0, 0xf0, 0xf8, 0xfc, 0xfc, 0x98,
    0xfe, 0x05, 0xfc, 0xfc, 0xf8, 0xf0, 0xe0, 0x80, 0xa6, 0x00, 0x8e, 0xff, 0x01, 0x7f, 0x3f, 0x84,
    0x1f, 0x01, 0x3f, 0x7f, 0x8c, 0xff, 0x8e, 0x00, 0x8e, 0xff, 0x01, 0x7f, 0x3f, 0x84, 0x1f, 0x01,
    0x3f, 0x7f, 0x8c, 0xff, 0xa6, 0x00, 0x8d, 0xff, 0x02, 0xe0, 0xc0, 0x80, 0x84, 0x00, 0x02, 0x80,
    0xc0, 0xe0, 0x8b, 0xff, 0x8e, 0x00, 0x8d, 0xff, 0x02, 0xe0, 0xc0, 0x80, 0x84, 0x00, 0x02, 0x80,
    0xc0, 0xe0, 0x8b, 0xff, 0x9f, 0x00, 0x0c, 0x80, 0x00, 0x80, 0x00, 0x80, 0x00, 0x00, 0x03, 0x0f,
    0x1f, 0x3f, 0x7f, 0x7f, 0x98, 0xff, 0x05, 0x7f, 0x7f, 0x3f, 0x1f, 0x0f, 0x03, 0x8e, 0x00, 0x05,
    0x03, 0x0f, 0x1f, 0x3f, 0x7f, 0x7f, 0x98, 0xff, 0x0a, 0x7f, 0x7f, 0x3f, 0x1f, 0x0f, 0x03, 0x80,
    0x00, 0x80, 0x00, 0x80, 0x9b, 0x00, 0x04, 0x03, 0x00, 0x03, 0x00, 0x03, 0xa0, 0x00, 0x98, 0xc0,
    0xa0, 0x00, 0x04, 0x03, 0x00, 0x03, 0x00, 0x03, 0xff, 0x00, 0x8c, 0x00,
};

static const uint8_t s_anim_shy_f05[] = {
    0xff, 0x00, 0xff, 0x00, 0x93, 0x00, 0x05, 0xc0, 0xf0, 0xf8, 0xfc, 0xfe, 0xfe, 0x98, 0xff, 0x05,
    0xfe, 0xfe, 0xfc, 0xf8, 0xf0, 0xc0, 0x8e, 0x00, 0x05, 0xc0, 0xf0, 0xf8, 0xfc, 0xfe, 0xfe, 0x98,
    0xff, 0x05, 0xfe, 0xfe, 0xfc, 0xf8, 0xf0, 0xc0, 0xa6, 0x00, 0x8e, 0xff, 0x01, 0x7f, 0x3f, 0x84,
    0x1f, 0x01, 0x3f, 0x7f, 0x8c, 0xff, 0x8e, 0x00, 0x8e, 0xff, 0x01, 0x7f, 0x3f, 0x84, 0x1f, 0x01,
    0x3f, 0x7f, 0x8c, 0xff, 0xa6, 0x00, 0x8d, 0xff, 0x02, 0xe0, 0xc0, 0x80, 0x84, 0x00, 0x02, 0x80,
    0xc0, 0xe0, 0x8b, 0xff, 0x8e, 0x00, 0x8d, 0xff, 0x02, 0xe0, 0xc0, 0x80, 0x84, 0x00, 0x02, 0x80,
    0xc0, 0xe0, 0x8b, 0xff, 0x9f, 0x00, 0x0a, 0x80, 0x00, 0x80, 0x00, 0x80, 0x00, 0x00, 0x07, 0x1f,
    0x3f, 0x7f, 0x9c, 0xff, 0x03, 0x7f, 0x3f, 0x1f, 0x07, 0x8e, 0x00, 0x03, 0x07, 0x1f, 0x3f, 0x7f,
    0x9c, 0xff, 0x08, 0x7f, 0x3f, 0x1f, 0x07, 0x80, 0x00, 0x80, 0x00, 0x80, 0x9b, 0x00, 0x04, 0x03,
    0x00, 0x03, 0x00, 0x03, 0x86, 0x00, 0x98, 0x01, 0x00, 0x00, 0x98, 0xc0, 0x00, 0x00, 0x98, 0x01,
    0x86, 0x00, 0x04, 0x03, 0x00, 0x03, 0x00, 0x03, 0xff, 0x00, 0x8c, 0x00,
};

static const uint8_t s_anim_shy_f06[] = {
    0xff, 0x00, 0xff, 0x00, 0x93, 0x00, 0x05, 0xc0, 0xf0, 0xf8, 0xfc, 0xfe, 0xfe, 0x98, 0xff, 0x05,
    0xfe, 0xfe, 0xfc, 0xf8, 0xf0, 0xc0, 0x8e, 0x00, 0x05, 0xc0, 0xf0, 0xf8, 0xfc, 0xfe, 0xfe, 0x98,
    0xff, 0x05, 0xfe, 0xfe, 0xfc, 0xf8, 0xf0, 0xc0, 0xa6, 0x00, 0x8e, 0xff, 0x01, 0x7f, 0x3f, 0x84,
    0x1f, 0x01, 0x3f, 0x7f, 0x8c, 0xff, 0x8e, 0x00, 0x8e, 0xff, 0x01, 0x7f, 0x3f, 0x84, 0x1f, 0x01,
    0x3f, 0x7f, 0x8c, 0xff, 0xa6, 0x00, 0x8d, 0xff, 0x02, 0xe0, 0xc0, 0x80, 0x84, 0x00, 0x02, 0x80,
    0xc0, 0xe0, 0x8b, 0xff, 0x8e, 0x00, 0x8d, 0xff, 0x02, 0xe0, 0xc0, 0x80, 0x84, 0x00, 0x02, 0x80,
    0xc0, 0xe0, 0x8b, 0xff, 0x9f, 0x00, 0x0a, 0x80, 0x00, 0x80, 0x00, 0x80, 0x00, 0x00, 0x07, 0x1f,
    0x3f, 0x7f, 0x9c, 0xff, 0x03, 0x7f, 0x3f, 0x1f, 0x07, 0x8e, 0x00, 0x03, 0x07, 0x1f, 0x3f, 0x7f,
    0x9c, 0xff, 0x08, 0x7f, 0x3f, 0x1f, 0x07, 0x80, 0x00, 0x80, 0x00, 0x80, 0x9b, 0x00, 0x04, 0x03,
    0x00, 0x03, 0x00, 0x03, 0x86, 0x00, 0x98, 0x01, 0x00, 0x00, 0x98, 0xc0, 0x00, 0x00, 0x98, 0x01,
    0x86, 0x00, 0x04, 0x03, 0x00, 0x03, 0x00, 0x03, 0xff, 0x00, 0x8c, 0x00,
};

static const uint8_t s_anim_shy_f07[] = {
    0xff, 0x00, 0xff, 0x00, 0x93, 0x00, 0x05, 0xc0, 0xf0, 0xf8, 0xfc, 0xfe, 0xfe, 0x98, 0xff, 0x05,
    0xfe, 0xfe, 0xfc, 0xf8, 0xf0, 0xc0, 0x8e, 0x00, 0x05, 0xc0, 0xf0, 0xf8, 0xfc, 0xfe, 0xfe, 0x98,
    0xff, 0x05, 0xfe, 0xfe, 0xfc, 0xf8, 0xf0, 0xc0, 0xa6, 0x00, 0x8f, 0xff, 0x01, 0x7f, 0x3f, 0x84,
    0x1f, 0x01, 0x3f, 0x7f, 0x8b, 0xff, 0x8e, 0x00, 0x8f, 0xff, 0x01, 0x7f, 0x3f, 0x84, 0x1f, 0x01,
    0x3f, 0x7f, 0x8b, 0xff, 0xa6, 0x00, 0x8e, 0xff, 0x02, 0xe0, 0xc0, 0x80, 0x84, 0x00, 0x02, 0x80,
    0xc0, 0xe0, 0x8a, 0xff, 0x8e, 0x00, 0x8e, 0xff, 0x02, 0xe0, 0xc0, 0x80, 0x84, 0x00, 0x02, 0x80,
    0xc0, 0xe0, 0x8a, 0xff, 0x9f, 0x00, 0x0a, 0x80, 0x00, 0x80, 0x00, 0x80, 0x00, 0x00, 0x07, 0x1f,
    0x3f, 0x7f, 0x9c, 0xff, 0x03, 0x7f, 0x3f, 0x1f, 0x07, 0x8e, 0x00, 0x03, 0x07, 0x1f, 0x3f, 0x7f,
    0x9c, 0xff, 0x08, 0x7f, 0x3f, 0x1f, 0x07, 0x80, 0x00, 0x80, 0x00, 0x80, 0x9b, 0x00, 0x04, 0x03,
    0x00, 0x03, 0x00, 0x03, 0x86, 0x00, 0x98, 0x01, 0x00, 0x00, 0x98, 0xc0, 0x00, 0x00, 0x98, 0x01,
    0x86, 0x00, 0x04, 0x03, 0x00, 0x03, 0x00, 0x03, 0xff, 0x00, 0x8c, 0x00,
};

static const uint8_t s_anim_shy_f08[] = {
    0xff, 0x00, 0xff, 0x00, 0x93, 0x00, 0x05, 0xc0, 0xf0, 0xf8, 0xfc, 0xfe, 0xfe, 0x98, 0xff, 0x05,
    0xfe, 0xfe, 0xfc, 0xf8, 0xf0, 0xc0, 0x8e, 0x00, 0x05, 0xc0, 0xf0, 0xf8, 0xfc, 0xfe, 0xfe, 0x98,
    0xff, 0x05, 0xfe, 0xfe, 0xfc, 0xf8, 0xf0, 0xc0, 0xa6, 0x00, 0x8f, 0xff, 0x01, 0x7f, 0x3f, 0x84,
    0x1f, 0x01, 0x3f, 0x7f, 0x8b, 0xff, 0x8e, 0x00, 0x8f, 0xff, 0x01, 0x7f, 0x3f, 0x84, 0x1f, 0x01,
    0x3f, 0x7f, 0x8b, 0xff, 0xa6, 0x00, 0x8e, 0xff, 0x02, 0xe0, 0xc0, 0x80, 0x84, 0x00, 0x02, 0x80,
    0xc0, 0xe0, 0x8a, 0xff, 0x8e, 0x00, 0x8e, 0xff, 0x02, 0xe0, 0xc0, 0x80, 0x84, 0x00, 0x02, 0x80,
    0xc0, 0xe0, 0x8a, 0xff, 0x9f, 0x00, 0x0a, 0x80, 0x00, 0x80, 0x00, 0x80, 0x00, 0x00, 0x07, 0x1f,
    0x3f, 0x7f, 0x9c, 0xff, 0x03, 0x7f, 0x3f, 0x1f, 0x07, 0x8e, 0x00, 0x03, 0x07, 0x1f, 0x3f, 0x7f,
    0x9c, 0xff, 0x08, 0x7f, 0x3f, 0x1f, 0x07, 0x80, 0x00, 0x80, 0x00, 0x80, 0x9b, 0x00, 0x04, 0x03,
    0x00, 0x03, 0x00, 0x03, 0x86, 0x00, 0x98, 0x01, 0x00, 0x00, 0x98, 0xc0, 0x00, 0x00, 0x98, 0x01,
    0x86, 0x00, 0x04, 0x03, 0x00, 0x03, 0x00, 0x03, 0xff, 0x00, 0x8c, 0x00,
};

static const uint8_t s_anim_shy_f09[] = {
    0xff, 0x00, 0xff, 0x00, 0x93, 0x00, 0x05, 0xc0, 0xf0, 0xf8, 0xfc, 0xfe, 0xfe, 0x98, 0xff, 0x05,
    0xfe, 0xfe, 0xfc, 0xf8, 0xf0, 0xc0, 0x8e, 0x00, 0x05, 0xc0, 0xf0, 0xf8, 0xfc, 0xfe, 0xfe, 0x98,
    0xff, 0x05, 0xfe, 0xfe, 0xfc, 0xf8, 0xf0, 0xc0, 0xa6, 0x00, 0x90, 0xff, 0x01, 0x7f, 0x3f, 0x84,
    0x1f, 0x01, 0x3f, 0x7f, 0x8a, 0xff, 0x8e, 0x00, 0x90, 0xff, 0x01, 0x7f, 0x3f, 0x84, 0x1f, 0x01,
    0x3f, 0x7f, 0x8a, 0xff, 0xa6, 0x00, 0x8f, 0xff, 0x02, 0xe0, 0xc0, 0x80, 0x84, 0x00, 0x02, 0x80,
    0xc0, 0xe0, 0x89, 0xff, 0x8e, 0x00, 0x8f, 0xff, 0x02, 0xe0, 0xc0, 0x80, 0x84, 0x00, 0x02, 0x80,
    0xc0, 0xe0, 0x89, 0xff, 0x9f, 0x00, 0x0a, 0x80, 0x00, 0x80, 0x00, 0x80, 0x00, 0x00, 0x07, 0x1f,
    0x3f, 0x7f, 0x9c, 0xff, 0x03, 0x7f, 0x3f, 0x1f, 0x07, 0x8e, 0x00, 0x03, 0x07, 0x1f, 0x3f, 0x7f,
    0x9c, 0xff, 0x08, 0x7f, 0x3f, 0x1f, 0x07, 0x80, 0x00, 0x80, 0x00, 0x80, 0x9b, 0x00, 0x04, 0x03,
    0x00, 0x03, 0x00, 0x03, 0x86, 0x00, 0x98, 0x01, 0x00, 0x00, 0x98, 0xc0, 0x00, 0x00, 0x98, 0x01,
    0x86, 0x00, 0x04, 0x03, 0x00, 0x03, 0x00, 0x03, 0xff, 0x00, 0x8c, 0x00,
};

static const uint8_t s_anim_shy_f10[] = {
    0xff, 0x00, 0x99, 0x00, 0x98, 0x80, 0x9a, 0x00, 0x98, 0x80, 0xac, 0x00, 0x03, 0xe0, 0xf8, 0xfc,
    0xfe, 0x9c, 0xff, 0x03, 0xfe, 0xfc, 0xf8, 0xe0, 0x8e, 0x00, 0x03, 0xe0, 0xf8, 0xfc, 0xfe, 0x9c,
    0xff, 0x03, 0xfe, 0xfc, 0xf8, 0xe0, 0xa6, 0x00, 0x91, 0xff, 0x01, 0x7f, 0x3f, 0x84, 0x1f, 0x01,
    0x3f, 0x7f, 0x89, 0xff, 0x8e, 0x00, 0x91, 0xff, 0x01, 0x7f, 0x3f, 0x84, 0x1f, 0x01, 0x3f, 0x7f,
    0x89, 0xff, 0xa6, 0x00, 0x90, 0xff, 0x02, 0xe0, 0xc0, 0x80, 0x84, 0x00, 0x02, 0x80, 0xc0, 0xe0,
    0x88, 0xff, 0x8e, 0x00, 0x90, 0xff, 0x02, 0xe0, 0xc0, 0x80, 0x84, 0x00, 0x02, 0x80, 0xc0, 0xe0,
    0x88, 0xff, 0x9f, 0x00, 0x09, 0x80, 0x00, 0x80, 0x00, 0x80, 0x00, 0x00, 0x0f, 0x3f, 0x7f, 0x9e,
    0xff, 0x02, 0x7f, 0x3f, 0x0f, 0x8e, 0x00, 0x02, 0x0f, 0x3f, 0x7f, 0x9e, 0xff, 0x07, 0x7f, 0x3f,
    0x0f, 0x80, 0x00, 0x80, 0x00, 0x80, 0x9b, 0x00, 0x04, 0x03, 0x00, 0x03, 0x00, 0x03, 0x84, 0x00,
    0x01, 0x01, 0x01, 0x98, 0x03, 0x01, 0x01, 0xc1, 0x96, 0xc0, 0x01, 0xc1, 0x01, 0x98, 0x03, 0x01,
    0x01, 0x01, 0x84, 0x00, 0x04, 0x03, 0x00, 0x03, 0x00, 0x03, 0xff, 0x00, 0x8c, 0x00,
};

static const uint8_t s_anim_shy_f11[] = {
    0xff, 0x00, 0x99, 0x00, 0x98, 0x80, 0x9a, 0x00, 0x98, 0x80, 0xac, 0x00, 0x03, 0xe0, 0xf8, 0xfc,
    0xfe, 0x9c, 0xff, 0x03, 0xfe, 0xfc, 0xf8, 0xe0, 0x8e, 0x00, 0x03, 0xe0, 0xf8, 0xfc, 0xfe, 0x9c,
    0xff, 0x03, 0xfe, 0xfc, 0xf8, 0xe0, 0xa6, 0x00, 0x91, 0xff, 0x01, 0x7f, 0x3f, 0x84, 0x1f, 0x01,
    0x3f, 0x7f, 0x89, 0xff, 0x8e, 0x00, 0x91, 0xff, 0x01, 0x7f, 0x3f, 0x84, 0x1f, 0x01, 0x3f, 0x7f,
    0x89, 0xff, 0xa6, 0x00, 0x90, 0xff, 0x02, 0xe0, 0xc0, 0x80, 0x84, 0x00, 0x02, 0x80, 0xc0, 0xe0,
    0x88, 0xff, 0x8e, 0x00, 0x90, 0xff, 0x02, 0xe0, 0xc0, 0x80, 0x84, 0x00, 0x02, 0x80, 0xc0, 0xe0,
    0x88, 0xff, 0x9f, 0x00, 0x09, 0x80, 0x00, 0x80, 0x00, 0x80, 0x00, 0x00, 0x0f, 0x3f, 0x7f, 0x9e,
    0xff, 0x02, 0x7f, 0x3f, 0x0f, 0x8e, 0x00, 0x02, 0x0f, 0x3f, 0x7f, 0x9e, 0xff, 0x07, 0x7f, 0x3f,
    0x0f, 0x80, 0x00, 0x80, 0x00, 0x80, 0x9b, 0x00, 0x04, 0x03, 0x00, 0x03, 0x00, 0x03, 0x84, 0x00,
    0x01, 0x01, 0x01, 0x98, 0x03, 0x01, 0x01, 0xc1, 0x96, 0xc0, 0x01, 0xc1, 0x01, 0x98, 0x03, 0x01,
    0x01, 0x01, 0x84, 0x00, 0x04, 0x03, 0x00, 0x03, 0x00, 0x03, 0xff, 0x00, 0x8c, 0x00,
};

static const uint8_t s_anim_shy_f12[] = {
    0xff, 0x00, 0x99, 0x00, 0x98, 0x80, 0x9a, 0x00, 0x98, 0x80, 0xac, 0x00, 0x03, 0xe0, 0xf8, 0xfc,
    0xfe, 0x9c, 0xff, 0x03, 0xfe, 0xfc, 0xf8, 0xe0, 0x8e, 0x00, 0x03, 0xe0, 0xf8, 0xfc, 0xfe, 0x9c,
    0xff, 0x03, 0xfe, 0xfc, 0xf8, 0xe0, 0xa6, 0x00, 0x91, 0xff, 0x01, 0x7f, 0x3f, 0x84, 0x1f, 0x01,
    0x3f, 0x7f, 0x89, 0xff, 0x8e, 0x00, 0x91, 0xff, 0x01, 0x7f, 0x3f, 0x84, 0x1f, 0x01, 0x3f, 0x7f,
    0x89, 0xff, 0xa6, 0x00, 0x90, 0xff, 0x02, 0xe0, 0xc0, 0x80, 0x84, 0x00, 0x02, 0x80, 0xc0, 0xe0,
    0x88, 0xff, 0x8e, 0x00, 0x90, 0xff, 0x02, 0xe0, 0xc0, 0x80, 0x84, 0x00, 0x02, 0x80, 0xc0, 0xe0,
    0x88, 0xff, 0x9f, 0x00, 0x09, 0x80, 0x00, 0x80, 0x00, 0x80, 0x00, 0x00, 0x0f, 0x3f, 0x7f, 0x9e,
    0xff, 0x02, 0x7f, 0x3f, 0x0f, 0x8e, 0x00, 0x02, 0x0f, 0x3f, 0x7f, 0x9e, 0xff, 0x07, 0x7f, 0x3f,
    0x0f, 0x80, 0x00, 0x80, 0x00, 0x80, 0x9b, 0x00, 0x04, 0x03, 0x00, 0x03, 0x00, 0x03, 0x84, 0x00,
    0x01, 0x01, 0x01, 0x98, 0x03, 0x01, 0x01, 0xc1, 0x96, 0xc0, 0x01, 0xc1, 0x01, 0x98, 0x03, 0x01,
    0x01, 0x01, 0x84, 0x00, 0x04, 0x03, 0x00, 0x03, 0x00, 0x03, 0xff, 0x00, 0x8c, 0x00,
};

static const uint8_t s_anim_shy_f13[] = {
    0xff, 0x00, 0x99, 0x00, 0x98, 0x80, 0x9a, 0x00, 0x98, 0x80, 0xac, 0x00, 0x03, 0xe0, 0xf8, 0xfc,
    0xfe, 0x9c, 0xff, 0x03, 0xfe, 0xfc, 0xf8, 0xe0, 0x8e, 0x00, 0x03, 0xe0, 0xf8, 0xfc, 0xfe, 0x9c,
    0xff, 0x03, 0xfe, 0xfc, 0xf8, 0xe0, 0xa6, 0x00, 0x92, 0xff, 0x01, 0x7f, 0x3f, 0x84, 0x1f, 0x01,
    0x3f, 0x7f, 0x88, 0xff, 0x8e, 0x00, 0x92, 0xff, 0x01, 0x7f, 0x3f, 0x84, 0x1f, 0x01, 0x3f, 0x7f,
    0x88, 0xff, 0xa6, 0x00, 0x91, 0xff, 0x02, 0xe0, 0xc0, 0x80, 0x84, 0x00, 0x02, 0x80, 0xc0, 0xe0,
    0x87, 0xff, 0x8e, 0x00, 0x91, 0xff, 0x02, 0xe0, 0xc0, 0x80, 0x84, 0x00, 0x02, 0x80, 0xc0, 0xe0,
    0x87, 0xff, 0x9f, 0x00, 0x09, 0x80, 0x00, 0x80, 0x00, 0x80, 0x00, 0x00, 0x0f, 0x3f, 0x7f, 0x9e,
    0xff, 0x02, 0x7f, 0x3f, 0x0f, 0x8e, 0x00, 0x02, 0x0f, 0x3f, 0x7f, 0x9e, 0xff, 0x07, 0x7f, 0x3f,
    0x0f, 0x80, 0x00, 0x80, 0x00, 0x80, 0x9b, 0x00, 0x04, 0x03, 0x00, 0x03, 0x00, 0x03, 0x84, 0x00,
    0x01, 0x01, 0x01, 0x98, 0x03, 0x01, 0x01, 0xc1, 0x96, 0xc0, 0x01, 0xc1, 0x01, 0x98, 0x03, 0x01,
    0x01, 0x01, 0x84, 0x00, 0x04, 0x03, 0x00, 0x03, 0x00, 0x03, 0xff, 0x00, 0x8c, 0x00,
};

static const uint8_t s_anim_shy_f14[] = {
    0xff, 0x00, 0x97, 0x00, 0x01, 0x80, 0x80, 0x98, 0xc0, 0x01, 0x80, 0x80, 0x96, 0x00, 0x01, 0x80,
    0x80, 0x98, 0xc0, 0x01, 0x80, 0x80, 0xaa, 0x00, 0x02, 0xf0, 0xfc, 0xfe, 0x9e, 0xff, 0x02, 0xfe,
    0xfc, 0xf0, 0x8e, 0x00, 0x02, 0xf0, 0xfc, 0xfe, 0x9e, 0xff, 0x02, 0xfe, 0xfc, 0xf0, 0xa6, 0x00,
    0x92, 0xff, 0x01, 0x7f, 0x3f, 0x84, 0x1f, 0x01, 0x3f, 0x7f, 0x88, 0xff, 0x8e, 0x00, 0x92, 0xff,
    0x01, 0x7f, 0x3f, 0x84, 0x1f, 0x01, 0x3f, 0x7f, 0x88, 0xff, 0xa6, 0x00, 0x91, 0xff, 0x02, 0xe0,
    0xc0, 0x80, 0x84, 0x00, 0x02, 0x80, 0xc0, 0xe0, 0x87, 0xff, 0x8e, 0x00, 0x91, 0xff, 0x02, 0xe0,
    0xc0, 0x80, 0x84, 0x00, 0x02, 0x80, 0xc0, 0xe0, 0x87, 0xff, 0x9f, 0x00, 0x08, 0x80, 0x00, 0x80,
    0x00, 0x80, 0x00, 0x00, 0x1f, 0x7f, 0xa0, 0xff, 0x01, 0x7f, 0x1f, 0x8e, 0x00, 0x01, 0x1f, 0x7f,
    0xa0, 0xff, 0x06, 0x7f, 0x1f, 0x80, 0x00, 0x80, 0x00, 0x80, 0x9b, 0x00, 0x04, 0x03, 0x00, 0x03,
    0x00, 0x03, 0x83, 0x00, 0x02, 0x01, 0x03, 0x03, 0x98, 0x07, 0x02, 0x03, 0xc3, 0xc1, 0x94, 0xc0,
    0x02, 0xc1, 0xc3, 0x03, 0x98, 0x07, 0x02, 0x03, 0x03, 0x01, 0x83, 0x00, 0x04, 0x03, 0x00, 0x03,
    0x00, 0x03, 0xff, 0x00, 0x8c, 0x00,
};

static const uint8_t s_anim_shy_f15[] = {
    0xff, 0x00, 0x97, 0x00, 0x01, 0x80, 0x80, 0x98, 0xc0, 0x01, 0x80, 0x80, 0x96, 0x00, 0x01, 0x80,
    0x80, 0x98, 0xc0, 0x01, 0x80, 0x80, 0xaa, 0x00, 0x02, 0xf0, 0xfc, 0xfe, 0x9e, 0xff, 0x02, 0xfe,
    0xfc, 0xf0, 0x8e, 0x00, 0x02, 0xf0, 0xfc, 0xfe, 0x9e, 0xff, 0x02, 0xfe, 0xfc, 0xf0, 0xa6, 0x00,
    0x93, 0xff, 0x01, 0x7f, 0x3f, 0x84, 0x1f, 0x01, 0x3f, 0x7f, 0x87, 0xff, 0x8e, 0x00, 0x93, 0xff,
    0x01, 0x7f, 0x3f, 0x84, 0x1f, 0x01, 0x3f, 0x7f, 0x87, 0xff, 0xa6, 0x00, 0x92, 0xff, 0x02, 0xe0,
    0xc0, 0x80, 0x84, 0x00, 0x02, 0x80, 0xc0, 0xe0, 0x86, 0xff, 0x8e, 0x00, 0x92, 0xff, 0x02, 0xe0,
    0xc0, 0x80, 0x84, 0x00, 0x02, 0x80, 0xc0, 0xe0, 0x86, 0xff, 0x9f, 0x00, 0x08, 0x80, 0x00, 0x80,
    0x00, 0x80, 0x00, 0x00, 0x1f, 0x7f, 0xa0, 0xff, 0x01, 0x7f, 0x1f, 0x8e, 0x00, 0x01, 0x1f, 0x7f,
    0xa0, 0xff, 0x06, 0x7f, 0x1f, 0x80, 0x00, 0x80, 0x00, 0x80, 0x9b, 0x00, 0x04, 0x03, 0x00, 0x03,
    0x00, 0x03, 0x83, 0x00, 0x02, 0x01, 0x03, 0x03, 0x98, 0x07, 0x02, 0x03, 0xc3, 0xc1, 0x94, 0xc0,
    0x02, 0xc1, 0xc3, 0x03, 0x98, 0x07, 0x02, 0x03, 0x03, 0x01, 0x83, 0x00, 0x04, 0x03, 0x00, 0x03,
    0x00, 0x03, 0xff, 0x00, 0x8c, 0x00,
};

static const uint8_t s_anim_shy_f16[] = {
    0xff, 0x00, 0x97, 0x00, 0x01, 0x80, 0x80, 0x98, 0xc0, 0x01, 0x80, 0x80, 0x96, 0x00, 0x01, 0x80,
    0x80, 0x98, 0xc0, 0x01, 0x80, 0x80, 0xaa, 0x00, 0x02, 0xf0, 0xfc, 0xfe, 0x9e, 0xff, 0x02, 0xfe,
    0xfc, 0xf0, 0x8e, 0x00, 0x02, 0xf0, 0xfc, 0xfe, 0x9e, 0xff, 0x02, 0xfe, 0xfc, 0xf0, 0xa6, 0x00,
    0x93, 0xff, 0x01, 0x7f, 0x3f, 0x84, 0x1f, 0x01, 0x3f, 0x7f, 0x87, 0xff, 0x8e, 0x00, 0x93, 0xff,
    0x01, 0x7f, 0x3f, 0x84, 0x1f, 0x01, 0x3f, 0x7f, 0x87, 0xff, 0xa6, 0x00, 0x92, 0xff, 0x02, 0xe0,
    0xc0, 0x80, 0x84, 0x00, 0x02, 0x80, 0xc0, 0xe0, 0x86, 0xff, 0x8e, 0x00, 0x92, 0xff, 0x02, 0xe0,
    0xc0, 0x80, 0x84, 0x00, 0x02, 0x80, 0xc0, 0xe0, 0x86, 0xff, 0x9f, 0x00, 0x08, 0x80, 0x00, 0x80,
    0x00, 0x80, 0x00, 0x00, 0x1f, 0x7f, 0xa0, 0xff, 0x01, 0x7f, 0x1f, 0x8e, 0x00, 0x01, 0x1f, 0x7f,
    0xa0, 0xff, 0x06, 0x7f, 0x1f, 0x80, 0x00, 0x80, 0x00, 0x80, 0x9b, 0x00, 0x04, 0x03, 0x00, 0x03,
    0x00, 0x03, 0x83, 0x00, 0x02, 0x01, 0x03, 0x03, 0x98, 0x07, 0x02, 0x03, 0xc3, 0xc1, 0x94, 0xc0,
    0x02, 0xc1, 0xc3, 0x03, 0x98, 0x07, 0x02, 0x03, 0x03, 0x01, 0x83, 0x00, 0x04, 0x03, 0x00, 0x03,
    0x00, 0x03, 0xff, 0x00, 0x8c, 0x00,
};

static const uint8_t s_anim_shy_f17[] = {
    0xff, 0x00, 0x97, 0x00, 0x01, 0x80, 0x80, 0x98, 0xc0, 0x01, 0x80, 0x80, 0x96, 0x00, 0x01, 0x80,
    0x80, 0x98, 0xc0, 0x01, 0x80, 0x80, 0xaa, 0x00, 0x02, 0xf0, 0xfc, 0xfe, 0x9e, 0xff, 0x02, 0xfe,
    0xfc, 0xf0, 0x8e, 0x00, 0x02, 0xf0, 0xfc, 0xfe, 0x9e, 0xff, 0x02, 0xfe, 0xfc, 0xf0, 0xa6, 0x00,
    0x93, 0xff, 0x01, 0x7f, 0x3f, 0x84, 0x1f, 0x01, 0x3f, 0x7f, 0x87, 0xff, 0x8e, 0x00, 0x93, 0xff,
    0x01, 0x7f, 0x3f, 0x84, 0x1f, 0x01, 0x3f, 0x7f, 0x87, 0xff, 0xa6, 0x00, 0x92, 0xff, 0x02, 0xe0,
    0xc0, 0x80, 0x84, 0x00, 0x02, 0x80, 0xc0, 0xe0, 0x86, 0xff, 0x8e, 0x00, 0x92, 0xff, 0x02, 0xe0,
    0xc0, 0x80, 0x84, 0x00, 0x02, 0x80, 0xc0, 0xe0, 0x86, 0xff, 0x9f, 0x00, 0x08, 0x80, 0x00, 0x80,
    0x00, 0x80, 0x00, 0x00, 0x1f, 0x7f, 0xa0, 0xff, 0x01, 0x7f, 0x1f, 0x8e, 0x00, 0x01, 0x1f, 0x7f,
    0xa0, 0xff, 0x06, 0x7f, 0x1f, 0x80, 0x00, 0x80, 0x00, 0x80, 0x9b, 0x00, 0x04, 0x03, 0x00, 0x03,
    0x00, 0x03, 0x83, 0x00, 0x02, 0x01, 0x03, 0x03, 0x98, 0x07, 0x02, 0x03, 0xc3, 0xc1, 0x94, 0xc0,
    0x02, 0xc1, 0xc3, 0x03, 0x98, 0x07, 0x02, 0x03, 0x03, 0x01, 0x83, 0x00, 0x04, 0x03, 0x00, 0x03,
    0x00, 0x03, 0xff, 0x00, 0x8c, 0x00,
};

static const uint8_t s_anim_shy_f18[] = {
    0xff, 0x00, 0x97, 0x00, 0x01, 0x80, 0x80, 0x98, 0xc0, 0x01, 0x80, 0x80, 0x96, 0x00, 0x01, 0x80,
    0x80, 0x98, 0xc0, 0x01, 0x80, 0x80, 0xaa, 0x00, 0x02, 0xf0, 0xfc, 0xfe, 0x9e, 0xff, 0x02, 0xfe,
    0xfc, 0xf0, 0x8e, 0x00, 0x02, 0xf0, 0xfc, 0xfe, 0x9e, 0xff, 0x02, 0xfe, 0xfc, 0xf0, 0xa6, 0x00,
    0x93, 0xff, 0x01, 0x7f, 0x3f, 0x84, 0x1f, 0x01, 0x3f, 0x7f, 0x87, 0xff, 0x8e, 0x00, 0x93, 0xff,
    0x01, 0x7f, 0x3f, 0x84, 0x1f, 0x01, 0x3f, 0x7f, 0x87, 0xff, 0xa6, 0x00, 0x92, 0xff, 0x02, 0xe0,
    0xc0, 0x80, 0x84, 0x00, 0x02, 0x80, 0xc0, 0xe0, 0x86, 0xff, 0x8e, 0x00, 0x92, 0xff, 0x02, 0xe0,
    0xc0, 0x80, 0x84, 0x00, 0x02, 0x80, 0xc0, 0xe0, 0x86, 0xff, 0x9f, 0x00, 0x08, 0x80, 0x00, 0x80,
    0x00, 0x80, 0x00, 0x00, 0x1f, 0x7f, 0xa0, 0xff, 0x01, 0x7f, 0x1f, 0x8e, 0x00, 0x01, 0x1f, 0x7f,
    0xa0, 0xff, 0x06, 0x7f, 0x1f, 0x80, 0x00, 0x80, 0x00, 0x80, 0x9b, 0x00, 0x04, 0x03, 0x00, 0x03,
    0x00, 0x03, 0x83, 0x00, 0x02, 0x01, 0x03, 0x03, 0x98, 0x07, 0x02, 0x03, 0xc3, 0xc1, 0x94, 0xc0,
    0x02, 0xc1, 0xc3, 0x03, 0x98, 0x07, 0x02, 0x03, 0x03, 0x01, 0x83, 0x00, 0x04, 0x03, 0x00, 0x03,
    0x00, 0x03, 0xff, 0x00, 0x8c, 0x00,
};

static const uint8_t s_anim_shy_f19[] = {
    0xff, 0x00, 0x97, 0x00, 0x01, 0x80, 0x80, 0x98, 0xc0, 0x01, 0x80, 0x80, 0x96, 0x00, 0x01, 0x80,
    0x80, 0x98, 0xc0, 0x01, 0x80, 0x80, 0xaa, 0x00, 0x02, 0xf0, 0xfc, 0xfe, 0x9e, 0xff, 0x02, 0xfe,
    0xfc, 0xf0, 0x8e, 0x00, 0x02, 0xf0, 0xfc, 0xfe, 0x9e, 0xff, 0x02, 0xfe, 0xfc, 0xf0, 0xa6, 0x00,
    0x93, 0xff, 0x01, 0x7f, 0x3f, 0x84, 0x1f, 0x01, 0x3f, 0x7f, 0x87, 0xff, 0x8e, 0x00, 0x93, 0xff,
    0x01, 0x7f, 0x3f, 0x84, 0x1f, 0x01, 0x3f, 0x7f, 0x87, 0xff, 0xa6, 0x00, 0x92, 0xff, 0x02, 0xe0,
    0xc0, 0x80, 0x84, 0x00, 0x02, 0x80, 0xc0, 0xe0, 0x86, 0xff, 0x8e, 0x00, 0x92, 0xff, 0x02, 0xe0,
    0xc0, 0x80, 0x84, 0x00, 0x02, 0x80, 0xc0, 0xe0, 0x86, 0xff, 0x9f, 0x00, 0x08, 0x80, 0x00, 0x80,
    0x00, 0x80, 0x00, 0x00, 0x1f, 0x7f, 0xa0, 0xff, 0x01, 0x7f, 0x1f, 0x8e, 0x00, 0x01, 0x1f, 0x7f,
    0xa0, 0xff, 0x06, 0x7f, 0x1f, 0x80, 0x00, 0x80, 0x00, 0x80, 0x9b, 0x00, 0x04, 0x03, 0x00, 0x03,
    0x00, 0x03, 0x83, 0x00, 0x02, 0x01, 0x03, 0x03, 0x98, 0x07, 0x02, 0x03, 0xc3, 0xc1, 0x94, 0xc0,
    0x02, 0xc1, 0xc3, 0x03, 0x98, 0x07, 0x02, 0x03, 0x03, 0x01, 0x83, 0x00, 0x04, 0x03, 0x00, 0x03,
    0x00, 0x03, 0xff, 0x00, 0x8c, 0x00,
};

static const uint8_t s_anim_shy_f20[] = {
    0xff, 0x00, 0x97, 0x00, 0x01, 0x80, 0x80, 0x98, 0xc0, 0x01, 0x80, 0x80, 0x96, 0x00, 0x01, 0x80,
    0x80, 0x98, 0xc0, 0x01, 0x80, 0x80, 0xaa, 0x00, 0x02, 0xf0, 0xfc, 0xfe, 0x9e, 0xff, 0x02, 0xfe,
    0xfc, 0xf0, 0x8e, 0x00, 0x02, 0xf0, 0xfc, 0xfe, 0x9e, 0xff, 0x02, 0xfe, 0xfc, 0xf0, 0xa6, 0x00,
    0x93, 0xff, 0x01, 0x7f, 0x3f, 0x84, 0x1f, 0x01, 0x3f, 0x7f, 0x87, 0xff, 0x8e, 0x00, 0x93, 0xff,
    0x01, 0x7f, 0x3f, 0x84, 0x1f, 0x01, 0x3f, 0x7f, 0x87, 0xff, 0xa6, 0x00, 0x92, 0xff, 0x02, 0xe0,
    0xc0, 0x80, 0x84, 0x00, 0x02, 0x80, 0xc0, 0xe0, 0x86, 0xff, 0x8e, 0x00, 0x92, 0xff, 0x02, 0xe0,
    0xc0, 0x80, 0x84, 0x00, 0x02, 0x80, 0xc0, 0xe0, 0x86, 0xff, 0x9f, 0x00, 0x08, 0x80, 0x00, 0x80,
    0x00, 0x80, 0x00, 0x00, 0x1f, 0x7f, 0xa0, 0xff, 0x01, 0x7f, 0x1f, 0x8e, 0x00, 0x01, 0x1f, 0x7f,
    0xa0, 0xff, 0x06, 0x7f, 0x1f, 0x80, 0x00, 0x80, 0x00, 0x80, 0x9b, 0x00, 0x04, 0x03, 0x00, 0x03,
    0x00, 0x03, 0x83, 0x00, 0x02, 0x01, 0x03, 0x03, 0x98, 0x07, 0x02, 0x03, 0xc3, 0xc1, 0x94, 0xc0,
    0x02, 0xc1, 0xc3, 0x03, 0x98, 0x07, 0x02, 0x03, 0x03, 0x01, 0x83, 0x00, 0x04, 0x03, 0x00, 0x03,
    0x00, 0x03, 0xff, 0x00, 0x8c, 0x00,
};

static const uint8_t s_anim_shy_f21[] = {
    0xff, 0x00, 0x97, 0x00, 0x01, 0x80, 0x80, 0x98, 0xc0, 0x01, 0x80, 0x80, 0x96, 0x00, 0x01, 0x80,
    0x80, 0x98, 0xc0, 0x01, 0x80, 0x80, 0xaa, 0x00, 0x02, 0xf0, 0xfc, 0xfe, 0x9e, 0xff, 0x02, 0xfe,
    0xfc, 0xf0, 0x8e, 0x00, 0x02, 0xf0, 0xfc, 0xfe, 0x9e, 0xff, 0x02, 0xfe, 0xfc, 0xf0, 0xa6, 0x00,
    0x93, 0xff, 0x01, 0x7f, 0x3f, 0x84, 0x1f, 0x01, 0x3f, 0x7f, 0x87, 0xff, 0x8e, 0x00, 0x93, 0xff,
    0x01, 0x7f, 0x3f, 0x84, 0x1f, 0x01, 0x3f, 0x7f, 0x87, 0xff, 0xa6, 0x00, 0x92, 0xff, 0x02, 0xe0,
    0xc0, 0x80, 0x84, 0x00, 0x02, 0x80, 0xc0, 0xe0, 0x86, 0xff, 0x8e, 0x00, 0x92, 0xff, 0x02, 0xe0,
    0xc0, 0x80, 0x84, 0x00, 0x02, 0x80, 0xc0, 0xe0, 0x86, 0xff, 0x9f, 0x00, 0x08, 0x80, 0x00, 0x80,
    0x00, 0x80, 0x00, 0x00, 0x1f, 0x7f, 0xa0, 0xff, 0x01, 0x7f, 0x1f, 0x8e, 0x00, 0x01, 0x1f, 0x7f,
    0xa0, 0xff, 0x06, 0x7f, 0x1f, 0x80, 0x00, 0x80, 0x00, 0x80, 0x9b, 0x00, 0x04, 0x03, 0x00, 0x03,
    0x00, 0x03, 0x83, 0x00, 0x02, 0x01, 0x03, 0x03, 0x98, 0x07, 0x02, 0x03, 0xc3, 0xc1, 0x94, 0xc0,
    0x02, 0xc1, 0xc3, 0x03, 0x98, 0x07, 0x02, 0x03, 0x03, 0x01, 0x83, 0x00, 0x04, 0x03, 0x00, 0x03,
    0x00, 0x03, 0xff, 0x00, 0x8c, 0x00,
};

static const uint8_t s_anim_shy_f22[] = {
    0xff, 0x00, 0x97, 0x00, 0x01, 0x80, 0x80, 0x98, 0xc0, 0x01, 0x80, 0x80, 0x96, 0x00, 0x01, 0x80,
    0x80, 0x98, 0xc0, 0x01, 0x80, 0x80, 0xaa, 0x00, 0x02, 0xf0, 0xfc, 0xfe, 0x9e, 0xff, 0x02, 0xfe,
    0xfc, 0xf0, 0x8e, 0x00, 0x02, 0xf0, 0xfc, 0xfe, 0x9e, 0xff, 0x02, 0xfe, 0xfc, 0xf0, 0xa6, 0x00,
    0x92, 0xff, 0x01, 0x7f, 0x3f, 0x84, 0x1f, 0x01, 0x3f, 0x7f, 0x88, 0xff, 0x8e, 0x00, 0x92, 0xff,
    0x01, 0x7f, 0x3f, 0x84, 0x1f, 0x01, 0x3f, 0x7f, 0x88, 0xff, 0xa6, 0x00, 0x91, 0xff, 0x02, 0xe0,
    0xc0, 0x80, 0x84, 0x00, 0x02, 0x80, 0xc0, 0xe0, 0x87, 0xff, 0x8e, 0x00, 0x91, 0xff, 0x02, 0xe0,
    0xc0, 0x80, 0x84, 0x00, 0x02, 0x80, 0xc0, 0xe0, 0x87, 0xff, 0x9f, 0x00, 0x08, 0x80, 0x00, 0x80,
    0x00, 0x80, 0x00, 0x00, 0x1f, 0x7f, 0xa0, 0xff, 0x01, 0x7f, 0x1f, 0x8e, 0x00, 0x01, 0x1f, 0x7f,
    0xa0, 0xff, 0x06, 0x7f, 0x1f, 0x80, 0x00, 0x80, 0x00, 0x80, 0x9b, 0x00, 0x04, 0x03, 0x00, 0x03,
    0x00, 0x03, 0x83, 0x00, 0x02, 0x01, 0x03, 0x03, 0x98, 0x07, 0x02, 0x03, 0xc3, 0xc1, 0x94, 0xc0,
    0x02, 0xc1, 0xc3, 0x03, 0x98, 0x07, 0x02, 0x03, 0x03, 0x01, 0x83, 0x00, 0x04, 0x03, 0x00, 0x03,
    0x00, 0x03, 0xff, 0x00, 0x8c, 0x00,
};

static const uint8_t s_anim_shy_f23[] = {
    0xff, 0x00, 0x99, 0x00, 0x98, 0x80, 0x9a, 0x00, 0x98, 0x80, 0xac, 0x00, 0x03, 0xe0, 0xf8, 0xfc,
    0xfe, 0x9c, 0xff, 0x03, 0xfe, 0xfc, 0xf8, 0xe0, 0x8e, 0x00, 0x03, 0xe0, 0xf8, 0xfc, 0xfe, 0x9c,
    0xff, 0x03, 0xfe, 0xfc, 0xf8, 0xe0, 0xa6, 0x00, 0x92, 0xff, 0x01, 0x7f, 0x3f, 0x84, 0x1f, 0x01,
    0x3f, 0x7f, 0x88, 0xff, 0x8e, 0x00, 0x92, 0xff, 0x01, 0x7f, 0x3f, 0x84, 0x1f, 0x01, 0x3f, 0x7f,
    0x88, 0xff, 0xa6, 0x00, 0x91, 0xff, 0x02, 0xe0, 0xc0, 0x80, 0x84, 0x00, 0x02, 0x80, 0xc0, 0xe0,
    0x87, 0xff, 0x8e, 0x00, 0x91, 0xff, 0x02, 0xe0, 0xc0, 0x80, 0x84, 0x00, 0x02, 0x80, 0xc0, 0xe0,
    0x87, 0xff, 0x9f, 0x00, 0x09, 0x80, 0x00, 0x80, 0x00, 0x80, 0x00, 0x00, 0x0f, 0x3f, 0x7f, 0x9e,
    0xff, 0x02, 0x7f, 0x3f, 0x0f, 0x8e, 0x00, 0x02, 0x0f, 0x3f, 0x7f, 0x9e, 0xff, 0x07, 0x7f, 0x3f,
    0x0f, 0x80, 0x00, 0x80, 0x00, 0x80, 0x9b, 0x00, 0x04, 0x03, 0x00, 0x03, 0x00, 0x03, 0x84, 0x00,
    0x01, 0x01, 0x01, 0x98, 0x03, 0x01, 0x01, 0xc1, 0x96, 0xc0, 0x01, 0xc1, 0x01, 0x98, 0x03, 0x01,
    0x01, 0x01, 0x84, 0x00, 0x04, 0x03, 0x00, 0x03, 0x00, 0x03, 0xff, 0x00, 0x8c, 0x00,
};

static const uint8_t s_anim_shy_f24[] = {
    0xff, 0x00, 0x99, 0x00, 0x98, 0x80, 0x9a, 0x00, 0x98, 0x80, 0xac, 0x00, 0x03, 0xe0, 0xf8, 0xfc,
    0xfe, 0x9c, 0xff, 0x03, 0xfe, 0xfc, 0xf8, 0xe0, 0x8e, 0x00, 0x03, 0xe0, 0xf8, 0xfc, 0xfe, 0x9c,
    0xff, 0x03, 0xfe, 0xfc, 0xf8, 0xe0, 0xa6, 0x00, 0x92, 0xff, 0x01, 0x7f, 0x3f, 0x84, 0x1f, 0x01,
    0x3f, 0x7f, 0x88, 0xff, 0x8e, 0x00, 0x92, 0xff, 0x01, 0x7f, 0x3f, 0x84, 0x1f, 0x01, 0x3f, 0x7f,
    0x88, 0xff, 0xa6, 0x00, 0x91, 0xff, 0x02, 0xe0, 0xc0, 0x80, 0x84, 0x00, 0x02, 0x80, 0xc0, 0xe0,
    0x87, 0xff, 0x8e, 0x00, 0x91, 0xff, 0x02, 0xe0, 0xc0, 0x80, 0x84, 0x00, 0x02, 0x80, 0xc0, 0xe0,
    0x87, 0xff, 0x9f, 0x00, 0x09, 0x80, 0x00, 0x80, 0x00, 0x80, 0x00, 0x00, 0x0f, 0x3f, 0x7f, 0x9e,
    0xff, 0x02, 0x7f, 0x3f, 0x0f, 0x8e, 0x00, 0x02, 0x0f, 0x3f, 0x7f, 0x9e, 0xff, 0x07, 0x7f, 0x3f,
    0x0f, 0x80, 0x00, 0x80, 0x00, 0x80, 0x9b, 0x00, 0x04, 0x03, 0x00, 0x03, 0x00, 0x03, 0x84, 0x00,
    0x01, 0x01, 0x01, 0x98, 0x03, 0x01, 0x01, 0xc1, 0x96, 0xc0, 0x01, 0xc1, 0x01, 0x98, 0x03, 0x01,
    0x01, 0x01, 0x84, 0x00, 0x04, 0x03, 0x00, 0x03, 0x00, 0x03, 0xff, 0x00, 0x8c, 0x00,
};

static const uint8_t s_anim_shy_f25[] = {
    0xff, 0x00, 0x99, 0x00, 0x98, 0x80, 0x9a, 0x00, 0x98, 0x80, 0xac, 0x00, 0x03, 0xe0, 0xf8, 0xfc,
    0xfe, 0x9c, 0xff, 0x03, 0xfe, 0xfc, 0xf8, 0xe0, 0x8e, 0x00, 0x03, 0xe0, 0xf8, 0xfc, 0xfe, 0x9c,
    0xff, 0x03, 0xfe, 0xfc, 0xf8, 0xe0, 0xa6, 0x00, 0x91, 0xff, 0x01, 0x7f, 0x3f, 0x84, 0x1f, 0x01,
    0x3f, 0x7f, 0x89, 0xff, 0x8e, 0x00, 0x91, 0xff, 0x01, 0x7f, 0x3f, 0x84, 0x1f, 0x01, 0x3f, 0x7f,
    0x89, 0xff, 0xa6, 0x00, 0x90, 0xff, 0x02, 0xe0, 0xc0, 0x80, 0x84, 0x00, 0x02, 0x80, 0xc0, 0xe0,
    0x88, 0xff, 0x8e, 0x00, 0x90, 0xff, 0x02, 0xe0, 0xc0, 0x80, 0x84, 0x00, 0x02, 0x80, 0xc0, 0xe0,
    0x88, 0xff, 0x9f, 0x00, 0x09, 0x80, 0x00, 0x80, 0x00, 0x80, 0x00, 0x00, 0x0f, 0x3f, 0x7f, 0x9e,
    0xff, 0x02, 0x7f, 0x3f, 0x0f, 0x8e, 0x00, 0x02, 0x0f, 0x3f, 0x7f, 0x9e, 0xff, 0x07, 0x7f, 0x3f,
    0x0f, 0x80, 0x00, 0x80, 0x00, 0x80, 0x9b, 0x00, 0x04, 0x03, 0x00, 0x03, 0x00, 0x03, 0x84, 0x00,
    0x01, 0x01, 0x01, 0x98, 0x03, 0x01, 0x01, 0xc1, 0x96, 0xc0, 0x01, 0xc1, 0x01, 0x98, 0x03, 0x01,
    0x01, 0x01, 0x84, 0x00, 0x04, 0x03, 0x00, 0x03, 0x00, 0x03, 0xff, 0x00, 0x8c, 0x00,
};

static const uint8_t s_anim_shy_f26[] = {
    0xff, 0x00, 0x99, 0x00, 0x98, 0x80, 0x9a, 0x00, 0x98, 0x80, 0xac, 0x00, 0x03, 0xe0, 0xf8, 0xfc,
    0xfe, 0x9c, 0xff, 0x03, 0xfe, 0xfc, 0xf8, 0xe0, 0x8e, 0x00, 0x03, 0xe0, 0xf8, 0xfc, 0xfe, 0x9c,
    0xff, 0x03, 0xfe, 0xfc, 0xf8, 0xe0, 0xa6, 0x00, 0x91, 0xff, 0x01, 0x7f, 0x3f, 0x84, 0x1f, 0x01,
    0x3f, 0x7f, 0x89, 0xff, 0x8e, 0x00, 0x91, 0xff, 0x01, 0x7f, 0x3f, 0x84, 0x1f, 0x01, 0x3f, 0x7f,
    0x89, 0xff, 0xa6, 0x00, 0x90, 0xff, 0x02, 0xe0, 0xc0, 0x80, 0x84, 0x00, 0x02, 0x80, 0xc0, 0xe0,
    0x88, 0xff, 0x8e, 0x00, 0x90, 0xff, 0x02, 0xe0, 0xc0, 0x80, 0x84, 0x00, 0x02, 0x80, 0xc0, 0xe0,
    0x88, 0xff, 0x9f, 0x00, 0x09, 0x80, 0x00, 0x80, 0x00, 0x80, 0x00, 0x00, 0x0f, 0x3f, 0x7f, 0x9e,
    0xff, 0x02, 0x7f, 0x3f, 0x0f, 0x8e, 0x00, 0x02, 0x0f, 0x3f, 0x7f, 0x9e, 0xff, 0x07, 0x7f, 0x3f,
    0x0f, 0x80, 0x00, 0x80, 0x00, 0x80, 0x9b, 0x00, 0x04, 0x03, 0x00, 0x03, 0x00, 0x03, 0x84, 0x00,
    0x01, 0x01, 0x01, 0x98, 0x03, 0x01, 0x01, 0xc1, 0x96, 0xc0, 0x01, 0xc1, 0x01, 0x98, 0x03, 0x01,
    0x01, 0x01, 0x84, 0x00, 0x04, 0x03, 0x00, 0x03, 0x00, 0x03, 0xff, 0x00, 0x8c, 0x00,
};

static const uint8_t s_anim_shy_f27[] = {
    0xff, 0x00, 0xff, 0x00, 0x93, 0x00, 0x05, 0xc0, 0xf0, 0xf8, 0xfc, 0xfe, 0xfe, 0x98, 0xff, 0x05,
    0xfe, 0xfe, 0xfc, 0xf8, 0xf0, 0xc0, 0x8e, 0x00, 0x05, 0xc0, 0xf0, 0xf8, 0xfc, 0xfe, 0xfe, 0x98,
    0xff, 0x05, 0xfe, 0xfe, 0xfc, 0xf8, 0xf0, 0xc0, 0xa6, 0x00, 0x90, 0xff, 0x01, 0x7f, 0x3f, 0x84,
    0x1f, 0x01, 0x3f, 0x7f, 0x8a, 0xff, 0x8e, 0x00, 0x90, 0xff, 0x01, 0x7f, 0x3f, 0x84, 0x1f, 0x01,
    0x3f, 0x7f, 0x8a, 0xff, 0xa6, 0x00, 0x8f, 0xff, 0x02, 0xe0, 0xc0, 0x80, 0x84, 0x00, 0x02, 0x80,
    0xc0, 0xe0, 0x89, 0xff, 0x8e, 0x00, 0x8f, 0xff, 0x02, 0xe0, 0xc0, 0x80, 0x84, 0x00, 0x02, 0x80,
    0xc0, 0xe0, 0x89, 0xff, 0x9f, 0x00, 0x0a, 0x80, 0x00, 0x80, 0x00, 0x80, 0x00, 0x00, 0x07, 0x1f,
    0x3f, 0x7f, 0x9c, 0xff, 0x03, 0x7f, 0x3f, 0x1f, 0x07, 0x8e, 0x00, 0x03, 0x07, 0x1f, 0x3f, 0x7f,
    0x9c, 0xff, 0x08, 0x7f, 0x3f, 0x1f, 0x07, 0x80, 0x00, 0x80, 0x00, 0x80, 0x9b, 0x00, 0x04, 0x03,
    0x00, 0x03, 0x00, 0x03, 0x86, 0x00, 0x98, 0x01, 0x00, 0x00, 0x98, 0xc0, 0x00, 0x00, 0x98, 0x01,
    0x86, 0x00, 0x04, 0x03, 0x00, 0x03, 0x00, 0x03, 0xff, 0x00, 0x8c, 0x00,
};

static const uint8_t s_anim_shy_f28[] = {
    0xff, 0x00, 0xff, 0x00, 0x93, 0x00, 0x05, 0xc0, 0xf0, 0xf8, 0xfc, 0xfe, 0xfe, 0x98, 0xff, 0x05,
    0xfe, 0xfe, 0xfc, 0xf8, 0xf0, 0xc0, 0x8e, 0x00, 0x05, 0xc0, 0xf0, 0xf8, 0xfc, 0xfe, 0xfe, 0x98,
    0xff, 0x05, 0xfe, 0xfe, 0xfc, 0xf8, 0xf0, 0xc0, 0xa6, 0x00, 0x8f, 0xff, 0x01, 0x7f, 0x3f, 0x84,
    0x1f, 0x01, 0x3f, 0x7f, 0x8b, 0xff, 0x8e, 0x00, 0x8f, 0xff, 0x01, 0x7f, 0x3f, 0x84, 0x1f, 0x01,
    0x3f, 0x7f, 0x8b, 0xff, 0xa6, 0x00, 0x8e, 0xff, 0x02, 0xe0, 0xc0, 0x80, 0x84, 0x00, 0x02, 0x80,
    0xc0, 0xe0, 0x8a, 0xff, 0x8e, 0x00, 0x8e, 0xff, 0x02, 0xe0, 0xc0, 0x80, 0x84, 0x00, 0x02, 0x80,
    0xc0, 0xe0, 0x8a, 0xff, 0x9f, 0x00, 0x0a, 0x80, 0x00, 0x80, 0x00, 0x80, 0x00, 0x00, 0x07, 0x1f,
    0x3f, 0x7f, 0x9c, 0xff, 0x03, 0x7f, 0x3f, 0x1f, 0x07, 0x8e, 0x00, 0x03, 0x07, 0x1f, 0x3f, 0x7f,
    0x9c, 0xff, 0x08, 0x7f, 0x3f, 0x1f, 0x07, 0x80, 0x00, 0x80, 0x00, 0x80, 0x9b, 0x00, 0x04, 0x03,
    0x00, 0x03, 0x00, 0x03, 0x86, 0x00, 0x98, 0x01, 0x00, 0x00, 0x98, 0xc0, 0x00, 0x00, 0x98, 0x01,
    0x86, 0x00, 0x04, 0x03, 0x00, 0x03, 0x00, 0x03, 0xff, 0x00, 0x8c, 0x00,
};

static const uint8_t s_anim_shy_f29[] = {
    0xff, 0x00, 0xff, 0x00, 0x93, 0x00, 0x05, 0xc0, 0xf0, 0xf8, 0xfc, 0xfe, 0xfe, 0x98, 0xff, 0x05,
    0xfe, 0xfe, 0xfc, 0xf8, 0xf0, 0xc0, 0x8e, 0x00, 0x05, 0xc0, 0xf0, 0xf8, 0xfc, 0xfe, 0xfe, 0x98,
    0xff, 0x05, 0xfe, 0xfe, 0xfc, 0xf8, 0xf0, 0xc0, 0xa6, 0x00, 0x8f, 0xff, 0x01, 0x7f, 0x3f, 0x84,
    0x1f, 0x01, 0x3f, 0x7f, 0x8b, 0xff, 0x8e, 0x00, 0x8f, 0xff, 0x01, 0x7f, 0x3f, 0x84, 0x1f, 0x01,
    0x3f, 0x7f, 0x8b, 0xff, 0xa6, 0x00, 0x8e, 0xff, 0x02, 0xe0, 0xc0, 0x80, 0x84, 0x00, 0x02, 0x80,
    0xc0, 0xe0, 0x8a, 0xff, 0x8e, 0x00, 0x8e, 0xff, 0x02, 0xe0, 0xc0, 0x80, 0x84, 0x00, 0x02, 0x80,
    0xc0, 0xe0, 0x8a, 0xff, 0x9f, 0x00, 0x0a, 0x80, 0x00, 0x80, 0x00, 0x80, 0x00, 0x00, 0x07, 0x1f,
    0x3f, 0x7f, 0x9c, 0xff, 0x03, 0x7f, 0x3f, 0x1f, 0x07, 0x8e, 0x00, 0x03, 0x07, 0x1f, 0x3f, 0x7f,
    0x9c, 0xff, 0x08, 0x7f, 0x3f, 0x1f, 0x07, 0x80, 0x00, 0x80, 0x00, 0x80, 0x9b, 0x00, 0x04, 0x03,
    0x00, 0x03, 0x00, 0x03, 0x86, 0x00, 0x98, 0x01, 0x00, 0x00, 0x98, 0xc0, 0x00, 0x00, 0x98, 0x01,
    0x86, 0x00, 0x04, 0x03, 0x00, 0x03, 0x00, 0x03, 0xff, 0x00, 0x8c, 0x00,
};

static const uint8_t s_anim_shy_f30[] = {
    0xff, 0x00, 0xff, 0x00, 0x93, 0x00, 0x05, 0xc0, 0xf0, 0xf8, 0xfc, 0xfe, 0xfe, 0x98, 0xff, 0x05,
    0xfe, 0xfe, 0xfc, 0xf8, 0xf0, 0xc0, 0x8e, 0x00, 0x05, 0xc0, 0xf0, 0xf8, 0xfc, 0xfe, 0xfe, 0x98,
    0xff, 0x05, 0xfe, 0xfe, 0xfc, 0xf8, 0xf0, 0xc0, 0xa6, 0x00, 0x8e, 0xff, 0x01, 0x7f, 0x3f, 0x84,
    0x1f, 0x01, 0x3f, 0x7f, 0x8c, 0xff, 0x8e, 0x00, 0x8e, 0xff, 0x01, 0x7f, 0x3f, 0x84, 0x1f, 0x01,
    0x3f, 0x7f, 0x8c, 0xff, 0xa6, 0x00, 0x8d, 0xff, 0x02, 0xe0, 0xc0, 0x80, 0x84, 0x00, 0x02, 0x80,
    0xc0, 0xe0, 0x8b, 0xff, 0x8e, 0x00, 0x8d, 0xff, 0x02, 0xe0, 0xc0, 0x80, 0x84, 0x00, 0x02, 0x80,
    0xc0, 0xe0, 0x8b, 0xff, 0x9f, 0x00, 0x0a, 0x80, 0x00, 0x80, 0x00, 0x80, 0x00, 0x00, 0x07, 0x1f,
    0x3f, 0x7f, 0x9c, 0xff, 0x03, 0x7f, 0x3f, 0x1f, 0x07, 0x8e, 0x00, 0x03, 0x07, 0x1f, 0x3f, 0x7f,
    0x9c, 0xff, 0x08, 0x7f, 0x3f, 0x1f, 0x07, 0x80, 0x00, 0x80, 0x00, 0x80, 0x9b, 0x00, 0x04, 0x03,
    0x00, 0x03, 0x00, 0x03, 0x86, 0x00, 0x98, 0x01, 0x00, 0x00, 0x98, 0xc0, 0x00, 0x00, 0x98, 0x01,
    0x86, 0x00, 0x04, 0x03, 0x00, 0x03, 0x00, 0x03, 0xff, 0x00, 0x8c, 0x00,
};

static const uint8_t s_anim_shy_f31[] = {
    0xff, 0x00, 0xff, 0x00, 0x93, 0x00, 0x05, 0xc0, 0xf0, 0xf8, 0xfc, 0xfe, 0xfe, 0x98, 0xff, 0x05,
    0xfe, 0xfe, 0xfc, 0xf8, 0xf0, 0xc0, 0x8e, 0x00, 0x05, 0xc0, 0xf0, 0xf8, 0xfc, 0xfe, 0xfe, 0x98,
    0xff, 0x05, 0xfe, 0xfe, 0xfc, 0xf8, 0xf0, 0xc0, 0xa6, 0x00, 0x8e, 0xff, 0x01, 0x7f, 0x3f, 0x84,
    0x1f, 0x01, 0x3f, 0x7f, 0x8c, 0xff, 0x8e, 0x00, 0x8e, 0xff, 0x01, 0x7f, 0x3f, 0x84, 0x1f, 0x01,
    0x3f, 0x7f, 0x8c, 0xff, 0xa6, 0x00, 0x8d, 0xff, 0x02, 0xe0, 0xc0, 0x80, 0x84, 0x00, 0x02, 0x80,
    0xc0, 0xe0, 0x8b, 0xff, 0x8e, 0x00, 0x8d, 0xff, 0x02, 0xe0, 0xc0, 0x80, 0x84, 0x00, 0x02, 0x80,
    0xc0, 0xe0, 0x8b, 0xff, 0x9f, 0x00, 0x0a, 0x80, 0x00, 0x80, 0x00, 0x80, 0x00, 0x00, 0x07, 0x1f,
    0x3f, 0x7f, 0x9c, 0xff, 0x03, 0x7f, 0x3f, 0x1f, 0x07, 0x8e, 0x00, 0x03, 0x07, 0x1f, 0x3f, 0x7f,
    0x9c, 0xff, 0x08, 0x7f, 0x3f, 0x1f, 0x07, 0x80, 0x00, 0x80, 0x00, 0x80, 0x9b, 0x00, 0x04, 0x03,
    0x00, 0x03, 0x00, 0x03, 0x86, 0x00, 0x98, 0x01, 0x00, 0x00, 0x98, 0xc0, 0x00, 0x00, 0x98, 0x01,
    0x86, 0x00, 0x04, 0x03, 0x00, 0x03, 0x00, 0x03, 0xff, 0x00, 0x8c, 0x00,
};

static const uint8_t s_anim_shy_f32[] = {
    0xff, 0x00, 0xff, 0x00, 0x93, 0x00, 0x05, 0x80, 0xe0, 0xf0, 0xf8, 0xfc, 0xfc, 0x98, 0xfe, 0x05,
    0xfc, 0xfc, 0xf8, 0xf0, 0xe0, 0x80, 0x8e, 0x00, 0x05, 0x80, 0xe0, 0xf0, 0xf8, 0xfc, 0xfc, 0x98,
    0xfe, 0x05, 0xfc, 0xfc, 0xf8, 0xf0, 0xe0, 0x80, 0xa6, 0x00, 0x8e, 0xff, 0x01, 0x7f, 0x3f, 0x84,
    0x1f, 0x01, 0x3f, 0x7f, 0x8c, 0xff, 0x8e, 0x00, 0x8e, 0xff, 0x01, 0x7f, 0x3f, 0x84, 0x1f, 0x01,
    0x3f, 0x7f, 0x8c, 0xff, 0xa6, 0x00, 0x8d, 0xff, 0x02, 0xe0, 0xc0, 0x80, 0x84, 0x00, 0x02, 0x80,
    0xc0, 0xe0, 0x8b, 0xff, 0x8e, 0x00, 0x8d, 0xff, 0x02, 0xe0, 0xc0, 0x80, 0x84, 0x00, 0x02, 0x80,
    0xc0, 0xe0, 0x8b, 0xff, 0x9f, 0x00, 0x0c, 0x80, 0x00, 0x80, 0x00, 0x80, 0x00, 0x00, 0x03, 0x0f,
    0x1f, 0x3f, 0x7f, 0x7f, 0x98, 0xff, 0x05, 0x7f, 0x7f, 0x3f, 0x1f, 0x0f, 0x03, 0x8e, 0x00, 0x05,
    0x03, 0x0f, 0x1f, 0x3f, 0x7f, 0x7f, 0x98, 0xff, 0x0a, 0x7f, 0x7f, 0x3f, 0x1f, 0x0f, 0x03, 0x80,
    0x00, 0x80, 0x00, 0x80, 0x9b, 0x00, 0x04, 0x03, 0x00, 0x03, 0x00, 0x03, 0xa0, 0x00, 0x98, 0xc0,
    0xa0, 0x00, 0x04, 0x03, 0x00, 0x03, 0x00, 0x03, 0xff, 0x00, 0x8c, 0x00,
};

static const uint8_t s_anim_shy_f33[] = {
    0xff, 0x00, 0xff, 0x00, 0x93, 0x00, 0x05, 0x80, 0xe0, 0xf0, 0xf8, 0xfc, 0xfc, 0x98, 0xfe, 0x05,
    0xfc, 0xfc, 0xf8, 0xf0, 0xe0, 0x80, 0x8e, 0x00, 0x05, 0x80, 0xe0, 0xf0, 0xf8, 0xfc, 0xfc, 0x98,
    0xfe, 0x05, 0xfc, 0xfc, 0xf8, 0xf0, 0xe0, 0x80, 0xa6, 0x00, 0x8d, 0xff, 0x01, 0x7f, 0x3f, 0x84,
    0x1f, 0x01, 0x3f, 0x7f, 0x8d, 0xff, 0x8e, 0x00, 0x8d, 0xff, 0x01, 0x7f, 0x3f, 0x84, 0x1f, 0x01,
    0x3f, 0x7f, 0x8d, 0xff, 0xa6, 0x00, 0x8c, 0xff, 0x02, 0xe0, 0xc0, 0x80, 0x84, 0x00, 0x02, 0x80,
    0xc0, 0xe0, 0x8c, 0xff, 0x8e, 0x00, 0x8c, 0xff, 0x02, 0xe0, 0xc0, 0x80, 0x84, 0x00, 0x02, 0x80,
    0xc0, 0xe0, 0x8c, 0xff, 0x9f, 0x00, 0x0c, 0x80, 0x00, 0x80, 0x00, 0x80, 0x00, 0x00, 0x03, 0x0f,
    0x1f, 0x3f, 0x7f, 0x7f, 0x98, 0xff, 0x05, 0x7f, 0x7f, 0x3f, 0x1f, 0x0f, 0x03, 0x8e, 0x00, 0x05,
    0x03, 0x0f, 0x1f, 0x3f, 0x7f, 0x7f, 0x98, 0xff, 0x0a, 0x7f, 0x7f, 0x3f, 0x1f, 0x0f, 0x03, 0x80,
    0x00, 0x80, 0x00, 0x80, 0x9b, 0x00, 0x04, 0x03, 0x00, 0x03, 0x00, 0x03, 0xa0, 0x00, 0x98, 0xc0,
    0xa0, 0x00, 0x04, 0x03, 0x00, 0x03, 0x00, 0x03, 0xff, 0x00, 0x8c, 0x00,
};

static const uint8_t s_anim_shy_f34[] = {
    0xff, 0x00, 0xff, 0x00, 0x93, 0x00, 0x05, 0x80, 0xe0, 0xf0, 0xf8, 0xfc, 0xfc, 0x98, 0xfe, 0x05,
    0xfc, 0xfc, 0xf8, 0xf0, 0xe0, 0x80, 0x8e, 0x00, 0x05, 0x80, 0xe0, 0xf0, 0xf8, 0xfc, 0xfc, 0x98,
    0xfe, 0x05, 0xfc, 0xfc, 0xf8, 0xf0, 0xe0, 0x80, 0xa6, 0x00, 0x8d, 0xff, 0x01, 0x7f, 0x3f, 0x84,
    0x1f, 0x01, 0x3f, 0x7f, 0x8d, 0xff, 0x8e, 0x00, 0x8d, 0xff, 0x01, 0x7f, 0x3f, 0x84, 0x1f, 0x01,
    0x3f, 0x7f, 0x8d, 0xff, 0xa6, 0x00, 0x8c, 0xff, 0x02, 0xe0, 0xc0, 0x80, 0x84, 0x00, 0x02, 0x80,
    0xc0, 0xe0, 0x8c, 0xff, 0x8e, 0x00, 0x8c, 0xff, 0x02, 0xe0, 0xc0, 0x80, 0x84, 0x00, 0x02, 0x80,
    0xc0, 0xe0, 0x8c, 0xff, 0x9f, 0x00, 0x0c, 0x80, 0x00, 0x80, 0x00, 0x80, 0x00, 0x00, 0x03, 0x0f,
    0x1f, 0x3f, 0x7f, 0x7f, 0x98, 0xff, 0x05, 0x7f, 0x7f, 0x3f, 0x1f, 0x0f, 0x03, 0x8e, 0x00, 0x05,
    0x03, 0x0f, 0x1f, 0x3f, 0x7f, 0x7f, 0x98, 0xff, 0x0a, 0x7f, 0x7f, 0x3f, 0x1f, 0x0f, 0x03, 0x80,
    0x00, 0x80, 0x00, 0x80, 0x9b, 0x00, 0x04, 0x03, 0x00, 0x03, 0x00, 0x03, 0xa0, 0x00, 0x98, 0xc0,
    0xa0, 0x00, 0x04, 0x03, 0x00, 0x03, 0x00, 0x03, 0xff, 0x00, 0x8c, 0x00,
};

static const uint8_t s_anim_shy_f35[] = {
    0xff, 0x00, 0xff, 0x00, 0x93, 0x00, 0x05, 0x80, 0xe0, 0xf0, 0xf8, 0xfc, 0xfc, 0x98, 0xfe, 0x05,
    0xfc, 0xfc, 0xf8, 0xf0, 0xe0, 0x80, 0x8e, 0x00, 0x05, 0x80, 0xe0, 0xf0, 0xf8, 0xfc, 0xfc, 0x98,
    0xfe, 0x05, 0xfc, 0xfc, 0xf8, 0xf0, 0xe0, 0x80, 0xa6, 0x00, 0x8d, 0xff, 0x01, 0x7f, 0x3f, 0x84,
    0x1f, 0x01, 0x3f, 0x7f, 0x8d, 0xff, 0x8e, 0x00, 0x8d, 0xff, 0x01, 0x7f, 0x3f, 0x84, 0x1f, 0x01,
    0x3f, 0x7f, 0x8d, 0xff, 0xa6, 0x00, 0x8c, 0xff, 0x02, 0xe0, 0xc0, 0x80, 0x84, 0x00, 0x02, 0x80,
    0xc0, 0xe0, 0x8c, 0xff, 0x8e, 0x00, 0x8c, 0xff, 0x02, 0xe0, 0xc0, 0x80, 0x84, 0x00, 0x02, 0x80,
    0xc0, 0xe0, 0x8c, 0xff, 0x9f, 0x00, 0x0c, 0x80, 0x00, 0x80, 0x00, 0x80, 0x00, 0x00, 0x03, 0x0f,
    0x1f, 0x3f, 0x7f, 0x7f, 0x98, 0xff, 0x05, 0x7f, 0x7f, 0x3f, 0x1f, 0x0f, 0x03, 0x8e, 0x00, 0x05,
    0x03, 0x0f, 0x1f, 0x3f, 0x7f, 0x7f, 0x98, 0xff, 0x0a, 0x7f, 0x7f, 0x3f, 0x1f, 0x0f, 0x03, 0x80,
    0x00, 0x80, 0x00, 0x80, 0x9b, 0x00, 0x04, 0x03, 0x00, 0x03, 0x00, 0x03, 0xa0, 0x00, 0x98, 0xc0,
    0xa0, 0x00, 0x04, 0x03, 0x00, 0x03, 0x00, 0x03, 0xff, 0x00, 0x8c, 0x00,
};

static const uint8_t *const s_anim_shy_frames[36] = {
    s_anim_shy_f00,
    s_anim_shy_f01,
    s_anim_shy_f02,
    s_anim_shy_f03,
    s_anim_shy_f04,
    s_anim_shy_f05,
    s_anim_shy_f06,
    s_anim_shy_f07,
    s_anim_shy_f08,
    s_anim_shy_f09,
    s_anim_shy_f10,
    s_anim_shy_f11,
    s_anim_shy_f12,
    s_anim_shy_f13,
    s_anim_shy_f14,
    s_anim_shy_f15,
    s_anim_shy_f16,
    s_anim_shy_f17,
    s_anim_shy_f18,
    s_anim_shy_f19,
    s_anim_shy_f20,
    s_anim_shy_f21,
    s_anim_shy_f22,
    s_anim_shy_f23,
    s_anim_shy_f24,
    s_anim_shy_f25,
    s_anim_shy_f26,
    s_anim_shy_f27,
    s_anim_shy_f28,
    s_anim_shy_f29,
    s_anim_shy_f30,
    s_anim_shy_f31,
    s_anim_shy_f32,
    s_anim_shy_f33,
    s_anim_shy_f34,
    s_anim_shy_f35,
};

static const uint16_t s_anim_shy_sizes[36] = {
    172, 172, 172, 172, 172, 172, 172, 172,
    172, 172, 174, 174, 174, 174, 182, 182,
    182, 182, 182, 182, 182, 182, 182, 174,
    174, 174, 174, 172, 172, 172, 172, 172,
    172, 172, 172, 172,
};

static const uint8_t s_anim_cool_f00[] = {
    0xff, 0x00, 0xff, 0x00, 0xff, 0x00, 0x8b, 0x00, 0x05, 0x30, 0x20, 0x60, 0x40, 0xc0, 0x80, 0x83,
    0xfe, 0xa0, 0x06, 0x83, 0xfe, 0x8a, 0x00, 0x83, 0xfe, 0xa0, 0x06, 0x83, 0xfe, 0x05, 0x00, 0x80,
    0x80, 0xc0, 0x40, 0x60, 0x9c, 0x00, 0x83, 0xff, 0xa0, 0xc0, 0x83, 0xff, 0x8a, 0x03, 0x83, 0xff,
    0xa0, 0xc0, 0x83, 0xff, 0x01, 0x01, 0x01, 0xff, 0x00, 0xc2, 0x00, 0x05, 0xc0, 0x40, 0x40, 0x60,
    0x20, 0x20, 0x8c, 0x30, 0x05, 0x20, 0x20, 0x60, 0x40, 0x40, 0xc0, 0xff, 0x00, 0xb2, 0x00,
};

static const uint8_t s_anim_cool_f01[] = {
    0xff, 0x00, 0xff, 0x00, 0xff, 0x00, 0x8b, 0x00, 0x05, 0x30, 0x20, 0x60, 0x40, 0xc0, 0x80, 0x83,
    0xfe, 0xa0, 0x06, 0x83, 0xfe, 0x8a, 0x00, 0x83, 0xfe, 0xa0, 0x06, 0x83, 0xfe, 0x05, 0x00, 0x80,
    0x80, 0xc0, 0x40, 0x60, 0x9c, 0x00, 0x83, 0xff, 0xa0, 0xc0, 0x83, 0xff, 0x8a, 0x03, 0x83, 0xff,
    0xa0, 0xc0, 0x83, 0xff, 0x01, 0x01, 0x01, 0xff, 0x00, 0xc2, 0x00, 0x05, 0xc0, 0x40, 0x40, 0x60,
    0x20, 0x20, 0x8c, 0x30, 0x05, 0x20, 0x20, 0x60, 0x40, 0x40, 0xc0, 0xff, 0x00, 0xb2, 0x00,
};

static const uint8_t s_anim_cool_f02[] = {
    0xff, 0x00, 0xff, 0x00, 0xff, 0x00, 0x8b, 0x00, 0x05, 0x30, 0x20, 0x60, 0x40, 0xc0, 0x80, 0x83,
    0xfe, 0xa0, 0x06, 0x83, 0xfe, 0x8a, 0x00, 0x83, 0xfe, 0xa0, 0x06, 0x83, 0xfe, 0x05, 0x00, 0x80,
    0x80, 0xc0, 0x40, 0x60, 0x9c, 0x00, 0x83, 0xff, 0xa0, 0xc0, 0x83, 0xff, 0x8a, 0x03, 0x83, 0xff,
    0xa0, 0xc0, 0x83, 0xff, 0x01, 0x01, 0x01, 0xff, 0x00, 0xc2, 0x00, 0x05, 0xc0, 0x40, 0x40, 0x60,
    0x20, 0x20, 0x8c, 0x30, 0x05, 0x20, 0x20, 0x60, 0x40, 0x40, 0xc0, 0xff, 0x00, 0xb2, 0x00,
};

static const uint8_t s_anim_cool_f03[] = {
    0xff, 0x00, 0xff, 0x00, 0xff, 0x00, 0x8b, 0x00, 0x05, 0x30, 0x20, 0x60, 0x40, 0xc0, 0x80, 0x83,
    0xfe, 0xa0, 0x06, 0x83, 0xfe, 0x8a, 0x00, 0x83, 0xfe, 0xa0, 0x06, 0x83, 0xfe, 0x05, 0x00, 0x80,
    0x80, 0xc0, 0x40, 0x60, 0x9c, 0x00, 0x83, 0xff, 0xa0, 0xc0, 0x83, 0xff, 0x8a, 0x03, 0x83, 0xff,
    0xa0, 0xc0, 0x83, 0xff, 0x01, 0x01, 0x01, 0xff, 0x00, 0xc2, 0x00, 0x05, 0xc0, 0x40, 0x40, 0x60,
    0x20, 0x20, 0x8c, 0x30, 0x05, 0x20, 0x20, 0x60, 0x40, 0x40, 0xc0, 0xff, 0x00, 0xb2, 0x00,
};

static const uint8_t s_anim_cool_f04[] = {
    0xff, 0x00, 0xff, 0x00, 0xff, 0x00, 0x8b, 0x00, 0x05, 0x30, 0x20, 0x60, 0x40, 0xc0, 0x80, 0x83,
    0xfe, 0xa0, 0x06, 0x83, 0xfe, 0x8a, 0x00, 0x83, 0xfe, 0xa0, 0x06, 0x83, 0xfe, 0x05, 0x00, 0x80,
    0x80, 0xc0, 0x40, 0x60, 0x9c, 0x00, 0x83, 0xff, 0xa0, 0xc0, 0x83, 0xff, 0x8a, 0x03, 0x83, 0xff,
    0xa0, 0xc0, 0x83, 0xff, 0x01, 0x01, 0x01, 0xff, 0x00, 0xc2, 0x00, 0x05, 0xc0, 0x40, 0x40, 0x60,
    0x20, 0x20, 0x8c, 0x30, 0x05, 0x20, 0x20, 0x60, 0x40, 0x40, 0xc0, 0xff, 0x00, 0xb2, 0x00,
};

static const uint8_t s_anim_cool_f05[] = {
    0xff, 0x00, 0xff, 0x00, 0xff, 0x00, 0x8b, 0x00, 0x05, 0x30, 0x20, 0x60, 0x40, 0xc0, 0x80, 0x83,
    0xfe, 0xa0, 0x06, 0x83, 0xfe, 0x8a, 0x00, 0x83, 0xfe, 0xa0, 0x06, 0x83, 0xfe, 0x05, 0x00, 0x80,
    0x80, 0xc0, 0x40, 0x60, 0x9c, 0x00, 0x83, 0xff, 0xa0, 0xc0, 0x83, 0xff, 0x8a, 0x03, 0x83, 0xff,
    0xa0, 0xc0, 0x83, 0xff, 0x01, 0x01, 0x01, 0xff, 0x00, 0xc2, 0x00, 0x05, 0xc0, 0x40, 0x40, 0x60,
    0x20, 0x20, 0x8c, 0x30, 0x05, 0x20, 0x20, 0x60, 0x40, 0x40, 0xc0, 0xff, 0x00, 0xb2, 0x00,
};

static const uint8_t s_anim_cool_f06[] = {
    0xff, 0x00, 0xff, 0x00, 0xff, 0x00, 0x8b, 0x00, 0x05, 0x30, 0x20, 0x60, 0x40, 0xc0, 0x80, 0x83,
    0xfe, 0xa0, 0x06, 0x83, 0xfe, 0x8a, 0x00, 0x83, 0xfe, 0xa0, 0x06, 0x83, 0xfe, 0x05, 0x00, 0x80,
    0x80, 0xc0, 0x40, 0x60, 0x9c, 0x00, 0x83, 0xff, 0xa0, 0xc0, 0x83, 0xff, 0x8a, 0x03, 0x83, 0xff,
    0xa0, 0xc0, 0x83, 0xff, 0x01, 0x01, 0x01, 0xff, 0x00, 0xc2, 0x00, 0x05, 0xc0, 0x40, 0x40, 0x60,
    0x20, 0x20, 0x8c, 0x30, 0x05, 0x20, 0x20, 0x60, 0x40, 0x40, 0xc0, 0xff, 0x00, 0xb2, 0x00,
};

static const uint8_t s_anim_cool_f07[] = {
    0xff, 0x00, 0xff, 0x00, 0xff, 0x00, 0x8b, 0x00, 0x05, 0x30, 0x20, 0x60, 0x40, 0xc0, 0x80, 0x83,
    0xfe, 0xa0, 0x06, 0x83, 0xfe, 0x8a, 0x00, 0x83, 0xfe, 0xa0, 0x06, 0x83, 0xfe, 0x05, 0x00, 0x80,
    0x80, 0xc0, 0x40, 0x60, 0x9c, 0x00, 0x83, 0xff, 0xa0, 0xc0, 0x83, 0xff, 0x8a, 0x03, 0x83, 0xff,
    0xa0, 0xc0, 0x83, 0xff, 0x01, 0x01, 0x01, 0xff, 0x00, 0xc2, 0x00, 0x05, 0xc0, 0x40, 0x40, 0x60,
    0x20, 0x20, 0x8c, 0x30, 0x05, 0x20, 0x20, 0x60, 0x40, 0x40, 0xc0, 0xff, 0x00, 0xb2, 0x00,
};

static const uint8_t s_anim_cool_f08[] = {
    0xff, 0x00, 0xff, 0x00, 0xff, 0x00, 0x8b, 0x00, 0x05, 0x30, 0x20, 0x60, 0x40, 0xc0, 0x80, 0x83,
    0xfe, 0xa0, 0x06, 0x83, 0xfe, 0x8a, 0x00, 0x83, 0xfe, 0xa0, 0x06, 0x83, 0xfe, 0x05, 0x00, 0x80,
    0x80, 0xc0, 0x40, 0x60, 0x9c, 0x00, 0x83, 0xff, 0xa0, 0xc0, 0x83, 0xff, 0x8a, 0x03, 0x83, 0xff,
    0xa0, 0xc0, 0x83, 0xff, 0x01, 0x01, 0x01, 0xff, 0x00, 0xc2, 0x00, 0x05, 0xc0, 0x40, 0x40, 0x60,
    0x20, 0x20, 0x8c, 0x30, 0x05, 0x20, 0x20, 0x60, 0x40, 0x40, 0xc0, 0xff, 0x00, 0xb2, 0x00,
};

static const uint8_t s_anim_cool_f09[] = {
    0xff, 0x00, 0xff, 0x00, 0xff, 0x00, 0x8b, 0x00, 0x05, 0x30, 0x20, 0x60, 0x40, 0xc0, 0x80, 0x83,
    0xfe, 0xa0, 0x06, 0x83, 0xfe, 0x8a, 0x00, 0x83, 0xfe, 0xa0, 0x06, 0x83, 0xfe, 0x05, 0x00, 0x80,
    0x80, 0xc0, 0x40, 0x60, 0x9c, 0x00, 0x83, 0xff, 0xa0, 0xc0, 0x83, 0xff, 0x8a, 0x03, 0x83, 0xff,
    0xa0, 0xc0, 0x83, 0xff, 0x01, 0x01, 0x01, 0xff, 0x00, 0xc2, 0x00, 0x05, 0xc0, 0x40, 0x40, 0x60,
    0x20, 0x20, 0x8c, 0x30, 0x05, 0x20, 0x20, 0x60, 0x40, 0x40, 0xc0, 0xff, 0x00, 0xb2, 0x00,
};

static const uint8_t s_anim_cool_f10[] = {
    0xff, 0x00, 0xff, 0x00, 0xff, 0x00, 0x8b, 0x00, 0x05, 0x60, 0x40, 0xc0, 0x80, 0x80, 0x00, 0x83,
    0xfc, 0xa0, 0x0c, 0x83, 0xfc, 0x8a, 0x00, 0x83, 0xfc, 0xa0, 0x0c, 0x83, 0xfc, 0x82, 0x00, 0x02,
    0x80, 0x80, 0xc0, 0x9a, 0x00, 0x01, 0x01, 0x01, 0x83, 0xff, 0xa0, 0x80, 0x83, 0xff, 0x8a, 0x06,
    0x83, 0xff, 0xa0, 0x80, 0x83, 0xff, 0x03, 0x02, 0x03, 0x01, 0x01, 0x9e, 0x00, 0xa8, 0x01, 0x8a,
    0x00, 0xa8, 0x01, 0xc4, 0x00, 0x82, 0x80, 0x02, 0xc0, 0x40, 0x40, 0x8c, 0x60, 0x02, 0x40, 0x40,
    0xc0, 0x82, 0x80, 0xe6, 0x00, 0x00, 0x01, 0x96, 0x00, 0x00, 0x01, 0xb2, 0x00,
};

static const uint8_t s_anim_cool_f11[] = {
    0xff, 0x00, 0xff, 0x00, 0xff, 0x00, 0x8b, 0x00, 0x05, 0x60, 0x40, 0xc0, 0x80, 0x80, 0x00, 0x83,
    0xfc, 0xa0, 0x0c, 0x83, 0xfc, 0x8a, 0x00, 0x83, 0xfc, 0xa0, 0x0c, 0x83, 0xfc, 0x82, 0x00, 0x02,
    0x80, 0x80, 0xc0, 0x9a, 0x00, 0x01, 0x01, 0x01, 0x83, 0xff, 0xa0, 0x80, 0x83, 0xff, 0x8a, 0x06,
    0x83, 0xff, 0xa0, 0x80, 0x83, 0xff, 0x03, 0x02, 0x03, 0x01, 0x01, 0x9e, 0x00, 0xa8, 0x01, 0x8a,
    0x00, 0xa8, 0x01, 0xc4, 0x00, 0x82, 0x80, 0x02, 0xc0, 0x40, 0x40, 0x8c, 0x60, 0x02, 0x40, 0x40,
    0xc0, 0x82, 0x80, 0xe6, 0x00, 0x00, 0x01, 0x96, 0x00, 0x00, 0x01, 0xb2, 0x00,
};

static const uint8_t s_anim_cool_f12[] = {
    0xff, 0x00, 0xff, 0x00, 0xff, 0x00, 0x8b, 0x00, 0x05, 0x60, 0x40, 0xc0, 0x80, 0x80, 0x00, 0x83,
    0xfc, 0xa0, 0x0c, 0x83, 0xfc, 0x8a, 0x00, 0x83, 0xfc, 0xa0, 0x0c, 0x83, 0xfc, 0x82, 0x00, 0x02,
    0x80, 0x80, 0xc0, 0x9a, 0x00, 0x01, 0x01, 0x01, 0x83, 0xff, 0xa0, 0x80, 0x83, 0xff, 0x8a, 0x06,
    0x83, 0xff, 0xa0, 0x80, 0x83, 0xff, 0x03, 0x02, 0x03, 0x01, 0x01, 0x9e, 0x00, 0xa8, 0x01, 0x8a,
    0x00, 0xa8, 0x01, 0xc4, 0x00, 0x82, 0x80, 0x02, 0xc0, 0x40, 0x40, 0x8c, 0x60, 0x02, 0x40, 0x40,
    0xc0, 0x82, 0x80, 0xe6, 0x00, 0x00, 0x01, 0x96, 0x00, 0x00, 0x01, 0xb2, 0x00,
};

static const uint8_t s_anim_cool_f13[] = {
    0xff, 0x00, 0xff, 0x00, 0xff, 0x00, 0x8b, 0x00, 0x05, 0x60, 0x40, 0xc0, 0x80, 0x80, 0x00, 0x83,
    0xfc, 0xa0, 0x0c, 0x83, 0xfc, 0x8a, 0x00, 0x83, 0xfc, 0xa0, 0x0c, 0x83, 0xfc, 0x82, 0x00, 0x02,
    0x80, 0x80, 0xc0, 0x9a, 0x00, 0x01, 0x01, 0x01, 0x83, 0xff, 0xa0, 0x80, 0x83, 0xff, 0x8a, 0x06,
    0x83, 0xff, 0xa0, 0x80, 0x83, 0xff, 0x03, 0x02, 0x03, 0x01, 0x01, 0x9e, 0x00, 0xa8, 0x01, 0x8a,
    0x00, 0xa8, 0x01, 0xc4, 0x00, 0x82, 0x80, 0x02, 0xc0, 0x40, 0x40, 0x8c, 0x60, 0x02, 0x40, 0x40,
    0xc0, 0x82, 0x80, 0xe6, 0x00, 0x00, 0x01, 0x96, 0x00, 0x00, 0x01, 0xb2, 0x00,
};

static const uint8_t s_anim_cool_f14[] = {
    0xff, 0x00, 0xff, 0x00, 0xff, 0x00, 0x8b, 0x00, 0x05, 0x60, 0x40, 0xc0, 0x80, 0x80, 0x00, 0x83,
    0xfc, 0xa0, 0x0c, 0x83, 0xfc, 0x8a, 0x00, 0x83, 0xfc, 0xa0, 0x0c, 0x83, 0xfc, 0x82, 0x00, 0x02,
    0x80, 0x80, 0xc0, 0x9a, 0x00, 0x01, 0x01, 0x01, 0x83, 0xff, 0xa0, 0x80, 0x83, 0xff, 0x8a, 0x06,
    0x83, 0xff, 0xa0, 0x80, 0x83, 0xff, 0x03, 0x02, 0x03, 0x01, 0x01, 0x9e, 0x00, 0xa8, 0x01, 0x8a,
    0x00, 0xa8, 0x01, 0xc4, 0x00, 0x82, 0x80, 0x02, 0xc0, 0x40, 0x40, 0x8c, 0x60, 0x02, 0x40, 0x40,
    0xc0, 0x82, 0x80, 0xe6, 0x00, 0x00, 0x01, 0x96, 0x00, 0x00, 0x01, 0xb2, 0x00,
};

static const uint8_t s_anim_cool_f15[] = {
    0xff, 0x00, 0xff, 0x00, 0xff, 0x00, 0x8b, 0x00, 0x05, 0x60, 0x40, 0xc0, 0x80, 0x80, 0x00, 0x83,
    0xfc, 0xa0, 0x0c, 0x83, 0xfc, 0x8a, 0x00, 0x83, 0xfc, 0xa0, 0x0c, 0x83, 0xfc, 0x82, 0x00, 0x02,
    0x80, 0x80, 0xc0, 0x9a, 0x00, 0x01, 0x01, 0x01, 0x83, 0xff, 0xa0, 0x80, 0x83, 0xff, 0x8a, 0x06,
    0x83, 0xff, 0xa0, 0x80, 0x83, 0xff, 0x03, 0x02, 0x03, 0x01, 0x01, 0x9e, 0x00, 0xa8, 0x01, 0x8a,
    0x00, 0xa8, 0x01, 0xc4, 0x00, 0x82, 0x80, 0x02, 0xc0, 0x40, 0x40, 0x8c, 0x60, 0x02, 0x40, 0x40,
    0xc0, 0x82, 0x80, 0xe6, 0x00, 0x00, 0x01, 0x96, 0x00, 0x00, 0x01, 0xb2, 0x00,
};

static const uint8_t s_anim_cool_f16[] = {
    0xff, 0x00, 0xff, 0x00, 0xff, 0x00, 0x8b, 0x00, 0x05, 0x60, 0x40, 0xc0, 0x80, 0x80, 0x00, 0x83,
    0xfc, 0xa0, 0x0c, 0x83, 0xfc, 0x8a, 0x00, 0x83, 0xfc, 0xa0, 0x0c, 0x83, 0xfc, 0x82, 0x00, 0x02,
    0x80, 0x80, 0xc0, 0x9a, 0x00, 0x01, 0x01, 0x01, 0x83, 0xff, 0xa0, 0x80, 0x83, 0xff, 0x8a, 0x06,
    0x83, 0xff, 0xa0, 0x80, 0x83, 0xff, 0x03, 0x02, 0x03, 0x01, 0x01, 0x9e, 0x00, 0xa8, 0x01, 0x8a,
    0x00, 0xa8, 0x01, 0xc4, 0x00, 0x82, 0x80, 0x02, 0xc0, 0x40, 0x40, 0x8c, 0x60, 0x02, 0x40, 0x40,
    0xc0, 0x82, 0x80, 0xe6, 0x00, 0x00, 0x01, 0x96, 0x00, 0x00, 0x01, 0xb2, 0x00,
};

static const uint8_t s_anim_cool_f17[] = {
    0xff, 0x00, 0xff, 0x00, 0xff, 0x00, 0x8b, 0x00, 0x05, 0x60, 0x40, 0xc0, 0x80, 0x80, 0x00, 0x83,
    0xfc, 0xa0, 0x0c, 0x83, 0xfc, 0x8a, 0x00, 0x83, 0xfc, 0xa0, 0x0c, 0x83, 0xfc, 0x82, 0x00, 0x02,
    0x80, 0x80, 0xc0, 0x9a, 0x00, 0x01, 0x01, 0x01, 0x83, 0xff, 0xa0, 0x80, 0x83, 0xff, 0x8a, 0x06,
    0x83, 0xff, 0xa0, 0x80, 0x83, 0xff, 0x03, 0x02, 0x03, 0x01, 0x01, 0x9e, 0x00, 0xa8, 0x01, 0x8a,
    0x00, 0xa8, 0x01, 0xc4, 0x00, 0x82, 0x80, 0x02, 0xc0, 0x40, 0x40, 0x8c, 0x60, 0x02, 0x40, 0x40,
    0xc0, 0x82, 0x80, 0xe6, 0x00, 0x00, 0x01, 0x96, 0x00, 0x00, 0x01, 0xb2, 0x00,
};

static const uint8_t s_anim_cool_f18[] = {
    0xff, 0x00, 0xff, 0x00, 0xff, 0x00, 0x8b, 0x00, 0x05, 0x60, 0x40, 0xc0, 0x80, 0x80, 0x00, 0x83,
    0xfc, 0xa0, 0x0c, 0x83, 0xfc, 0x8a, 0x00, 0x83, 0xfc, 0xa0, 0x0c, 0x83, 0xfc, 0x82, 0x00, 0x02,
    0x80, 0x80, 0xc0, 0x9a, 0x00, 0x01, 0x01, 0x01, 0x83, 0xff, 0xa0, 0x80, 0x83, 0xff, 0x8a, 0x06,
    0x83, 0xff, 0xa0, 0x80, 0x83, 0xff, 0x03, 0x02, 0x03, 0x01, 0x01, 0x9e, 0x00, 0xa8, 0x01, 0x8a,
    0x00, 0xa8, 0x01, 0xc4, 0x00, 0x82, 0x80, 0x02, 0xc0, 0x40, 0x40, 0x8c, 0x60, 0x02, 0x40, 0x40,
    0xc0, 0x82, 0x80, 0xe6, 0x00, 0x00, 0x01, 0x96, 0x00, 0x00, 0x01, 0xb2, 0x00,
};

static const uint8_t s_anim_cool_f19[] = {
    0xff, 0x00, 0xff, 0x00, 0xff, 0x00, 0x8b, 0x00, 0x05, 0x60, 0x40, 0xc0, 0x80, 0x80, 0x00, 0x83,
    0xfc, 0xa0, 0x0c, 0x83, 0xfc, 0x8a, 0x00, 0x83, 0xfc, 0xa0, 0x0c, 0x83, 0xfc, 0x82, 0x00, 0x02,
    0x80, 0x80, 0xc0, 0x9a, 0x00, 0x01, 0x01, 0x01, 0x83, 0xff, 0xa0, 0x80, 0x83, 0xff, 0x8a, 0x06,
    0x83, 0xff, 0xa0, 0x80, 0x83, 0xff, 0x03, 0x02, 0x03, 0x01, 0x01, 0x9e, 0x00, 0xa8, 0x01, 0x8a,
    0x00, 0xa8, 0x01, 0xc4, 0x00, 0x82, 0x80, 0x02, 0xc0, 0x40, 0x40, 0x8c, 0x60, 0x02, 0x40, 0x40,
    0xc0, 0x82, 0x80, 0xe6, 0x00, 0x00, 0x01, 0x96, 0x00, 0x00, 0x01, 0xb2, 0x00,
};

static const uint8_t s_anim_cool_f20[] = {
    0xff, 0x00, 0xff, 0x00, 0xff, 0x00, 0x8b, 0x00, 0x05, 0x60, 0x40, 0xc0, 0x80, 0x80, 0x00, 0x83,
    0xfc, 0xa0, 0x0c, 0x83, 0xfc, 0x8a, 0x00, 0x83, 0xfc, 0xa0, 0x0c, 0x83, 0xfc, 0x82, 0x00, 0x02,
    0x80, 0x80, 0xc0, 0x9a, 0x00, 0x01, 0x01, 0x01, 0x83, 0xff, 0xa0, 0x80, 0x83, 0xff, 0x8a, 0x06,
    0x83, 0xff, 0xa0, 0x80, 0x83, 0xff, 0x03, 0x02, 0x03, 0x01, 0x01, 0x9e, 0x00, 0xa8, 0x01, 0x8a,
    0x00, 0xa8, 0x01, 0xc4, 0x00, 0x82, 0x80, 0x02, 0xc0, 0x40, 0x40, 0x8c, 0x60, 0x02, 0x40, 0x40,
    0xc0, 0x82, 0x80, 0xe6, 0x00, 0x00, 0x01, 0x96, 0x00, 0x00, 0x01, 0xb2, 0x00,
};

static const uint8_t s_anim_cool_f21[] = {
    0xff, 0x00, 0xff, 0x00, 0xff, 0x00, 0x8b, 0x00, 0x05, 0x60, 0x40, 0xc0, 0x80, 0x80, 0x00, 0x83,
    0xfc, 0xa0, 0x0c, 0x83, 0xfc, 0x8a, 0x00, 0x83, 0xfc, 0xa0, 0x0c, 0x83, 0xfc, 0x82, 0x00, 0x02,
    0x80, 0x80, 0xc0, 0x9a, 0x00, 0x01, 0x01, 0x01, 0x83, 0xff, 0xa0, 0x80, 0x83, 0xff, 0x8a, 0x06,
    0x83, 0xff, 0xa0, 0x80, 0x83, 0xff, 0x03, 0x02, 0x03, 0x01, 0x01, 0x9e, 0x00, 0xa8, 0x01, 0x8a,
    0x00, 0xa8, 0x01, 0xc4, 0x00, 0x82, 0x80, 0x02, 0xc0, 0x40, 0x40, 0x8c, 0x60, 0x02, 0x40, 0x40,
    0xc0, 0x82, 0x80, 0xe6, 0x00, 0x00, 0x01, 0x96, 0x00, 0x00, 0x01, 0xb2, 0x00,
};

static const uint8_t s_anim_cool_f22[] = {
    0xff, 0x00, 0xff, 0x00, 0xff, 0x00, 0x8b, 0x00, 0x05, 0x60, 0x40, 0xc0, 0x80, 0x80, 0x00, 0x83,
    0xfc, 0xa0, 0x0c, 0x83, 0xfc, 0x8a, 0x00, 0x83, 0xfc, 0xa0, 0x0c, 0x83, 0xfc, 0x82, 0x00, 0x02,
    0x80, 0x80, 0xc0, 0x9a, 0x00, 0x01, 0x01, 0x01, 0x83, 0xff, 0xa0, 0x80, 0x83, 0xff, 0x8a, 0x06,
    0x83, 0xff, 0xa0, 0x80, 0x83, 0xff, 0x03, 0x02, 0x03, 0x01, 0x01, 0x9e, 0x00, 0xa8, 0x01, 0x8a,
    0x00, 0xa8, 0x01, 0xc4, 0x00, 0x82, 0x80, 0x02, 0xc0, 0x40, 0x40, 0x8c, 0x60, 0x02, 0x40, 0x40,
    0xc0, 0x82, 0x80, 0xe6, 0x00, 0x00, 0x01, 0x96, 0x00, 0x00, 0x01, 0xb2, 0x00,
};

static const uint8_t s_anim_cool_f23[] = {
    0xff, 0x00, 0xff, 0x00, 0xff, 0x00, 0x8b, 0x00, 0x05, 0x60, 0x40, 0xc0, 0x80, 0x80, 0x00, 0x83,
    0xfc, 0xa0, 0x0c, 0x83, 0xfc, 0x8a, 0x00, 0x83, 0xfc, 0xa0, 0x0c, 0x83, 0xfc, 0x82, 0x00, 0x02,
    0x80, 0x80, 0xc0, 0x9a, 0x00, 0x01, 0x01, 0x01, 0x83, 0xff, 0xa0, 0x80, 0x83, 0xff, 0x8a, 0x06,
    0x83, 0xff, 0xa0, 0x80, 0x83, 0xff, 0x03, 0x02, 0x03, 0x01, 0x01, 0x9e, 0x00, 0xa8, 0x01, 0x8a,
    0x00, 0xa8, 0x01, 0xc4, 0x00, 0x82, 0x80, 0x02, 0xc0, 0x40, 0x40, 0x8c, 0x60, 0x02, 0x40, 0x40,
    0xc0, 0x82, 0x80, 0xe6, 0x00, 0x00, 0x01, 0x96, 0x00, 0x00, 0x01, 0xb2, 0x00,
};

static const uint8_t s_anim_cool_f24[] = {
    0xff, 0x00, 0xff, 0x00, 0xff, 0x00, 0x8b, 0x00, 0x05, 0x60, 0x40, 0xc0, 0x80, 0x80, 0x00, 0x83,
    0xfc, 0xa0, 0x0c, 0x83, 0xfc, 0x8a, 0x00, 0x83, 0xfc, 0xa0, 0x0c, 0x83, 0xfc, 0x82, 0x00, 0x02,
    0x80, 0x80, 0xc0, 0x9a, 0x00, 0x01, 0x01, 0x01, 0x83, 0xff, 0xa0, 0x80, 0x83, 0xff, 0x8a, 0x06,
    0x83, 0xff, 0xa0, 0x80, 0x83, 0xff, 0x03, 0x02, 0x03, 0x01, 0x01, 0x9e, 0x00, 0xa8, 0x01, 0x8a,
    0x00, 0xa8, 0x01, 0xc4, 0x00, 0x82, 0x80, 0x02, 0xc0, 0x40, 0x40, 0x8c, 0x60, 0x02, 0x40, 0x40,
    0xc0, 0x82, 0x80, 0xe6, 0x00, 0x00, 0x01, 0x96, 0x00, 0x00, 0x01, 0xb2, 0x00,
};

static const uint8_t s_anim_cool_f25[] = {
    0xff, 0x00, 0xff, 0x00, 0xff, 0x00, 0x8b, 0x00, 0x05, 0x60, 0x40, 0xc0, 0x80, 0x80, 0x00, 0x83,
    0xfc, 0xa0, 0x0c, 0x83, 0xfc, 0x8a, 0x00, 0x83, 0xfc, 0xa0, 0x0c, 0x83, 0xfc, 0x82, 0x00, 0x02,
    0x80, 0x80, 0xc0, 0x9a, 0x00, 0x01, 0x01, 0x01, 0x83, 0xff, 0xa0, 0x80, 0x83, 0xff, 0x8a, 0x06,
    0x83, 0xff, 0xa0, 0x80, 0x83, 0xff, 0x03, 0x02, 0x03, 0x01, 0x01, 0x9e, 0x00, 0xa8, 0x01, 0x8a,
    0x00, 0xa8, 0x01, 0xc4, 0x00, 0x82, 0x80, 0x02, 0xc0, 0x40, 0x40, 0x8c, 0x60, 0x02, 0x40, 0x40,
    0xc0, 0x82, 0x80, 0xe6, 0x00, 0x00, 0x01, 0x96, 0x00, 0x00, 0x01, 0xb2, 0x00,
};

static const uint8_t s_anim_cool_f26[] = {
    0xff, 0x00, 0xff, 0x00, 0xff, 0x00, 0x8b, 0x00, 0x05, 0x60, 0x40, 0xc0, 0x80, 0x80, 0x00, 0x83,
    0xfc, 0xa0, 0x0c, 0x83, 0xfc, 0x8a, 0x00, 0x83, 0xfc, 0xa0, 0x0c, 0x83, 0xfc, 0x82, 0x00, 0x02,
    0x80, 0x80, 0xc0, 0x9a, 0x00, 0x01, 0x01, 0x01, 0x83, 0xff, 0xa0, 0x80, 0x83, 0xff, 0x8a, 0x06,
    0x83, 0xff, 0xa0, 0x80, 0x83, 0xff, 0x03, 0x02, 0x03, 0x01, 0x01, 0x9e, 0x00, 0xa8, 0x01, 0x8a,
    0x00, 0xa8, 0x01, 0xc4, 0x00, 0x82, 0x80, 0x02, 0xc0, 0x40, 0x40, 0x8c, 0x60, 0x02, 0x40, 0x40,
    0xc0, 0x82, 0x80, 0xe6, 0x00, 0x00, 0x01, 0x96, 0x00, 0x00, 0x01, 0xb2, 0x00,
};

static const uint8_t s_anim_cool_f27[] = {
    0xff, 0x00, 0xff, 0x00, 0xff, 0x00, 0x8b, 0x00, 0x05, 0x30, 0x20, 0x60, 0x40, 0xc0, 0x80, 0x83,
    0xfe, 0xa0, 0x06, 0x83, 0xfe, 0x8a, 0x00, 0x83, 0xfe, 0xa0, 0x06, 0x83, 0xfe, 0x05, 0x00, 0x80,
    0x80, 0xc0, 0x40, 0x60, 0x9c, 0x00, 0x83, 0xff, 0xa0, 0xc0, 0x83, 0xff, 0x8a, 0x03, 0x83, 0xff,
    0xa0, 0xc0, 0x83, 0xff, 0x01, 0x01, 0x01, 0xff, 0x00, 0xc2, 0x00, 0x05, 0xc0, 0x40, 0x40, 0x60,
    0x20, 0x20, 0x8c, 0x30, 0x05, 0x20, 0x20, 0x60, 0x40, 0x40, 0xc0, 0xff, 0x00, 0xb2, 0x00,
};

static const uint8_t s_anim_cool_f28[] = {
    0xff, 0x00, 0xff, 0x00, 0xff, 0x00, 0x8b, 0x00, 0x05, 0x30, 0x20, 0x60, 0x40, 0xc0, 0x80, 0x83,
    0xfe, 0xa0, 0x06, 0x83, 0xfe, 0x8a, 0x00, 0x83, 0xfe, 0xa0, 0x06, 0x83, 0xfe, 0x05, 0x00, 0x80,
    0x80, 0xc0, 0x40, 0x60, 0x9c, 0x00, 0x83, 0xff, 0xa0, 0xc0, 0x83, 0xff, 0x8a, 0x03, 0x83, 0xff,
    0xa0, 0xc0, 0x83, 0xff, 0x01, 0x01, 0x01, 0xff, 0x00, 0xc2, 0x00, 0x05, 0xc0, 0x40, 0x40, 0x60,
    0x20, 0x20, 0x8c, 0x30, 0x05, 0x20, 0x20, 0x60, 0x40, 0x40, 0xc0, 0xff, 0x00, 0xb2, 0x00,
};

static const uint8_t s_anim_cool_f29[] = {
    0xff, 0x00, 0xff, 0x00, 0xff, 0x00, 0x8b, 0x00, 0x05, 0x30, 0x20, 0x60, 0x40, 0xc0, 0x80, 0x83,
    0xfe, 0xa0, 0x06, 0x83, 0xfe, 0x8a, 0x00, 0x83, 0xfe, 0xa0, 0x06, 0x83, 0xfe, 0x05, 0x00, 0x80,
    0x80, 0xc0, 0x40, 0x60, 0x9c, 0x00, 0x83, 0xff, 0xa0, 0xc0, 0x83, 0xff, 0x8a, 0x03, 0x83, 0xff,
    0xa0, 0xc0, 0x83, 0xff, 0x01, 0x01, 0x01, 0xff, 0x00, 0xc2, 0x00, 0x05, 0xc0, 0x40, 0x40, 0x60,
    0x20, 0x20, 0x8c, 0x30, 0x05, 0x20, 0x20, 0x60, 0x40, 0x40, 0xc0, 0xff, 0x00, 0xb2, 0x00,
};

static const uint8_t s_anim_cool_f30[] = {
    0xff, 0x00, 0xff, 0x00, 0xff, 0x00, 0x8b, 0x00, 0x05, 0x30, 0x20, 0x60, 0x40, 0xc0, 0x80, 0x83,
    0xfe, 0xa0, 0x06, 0x83, 0xfe, 0x8a, 0x00, 0x83, 0xfe, 0xa0, 0x06, 0x83, 0xfe, 0x05, 0x00, 0x80,
    0x80, 0xc0, 0x40, 0x60, 0x9c, 0x00, 0x83, 0xff, 0xa0, 0xc0, 0x83, 0xff, 0x8a, 0x03, 0x83, 0xff,
    0xa0, 0xc0, 0x83, 0xff, 0x01, 0x01, 0x01, 0xff, 0x00, 0xc2, 0x00, 0x05, 0xc0, 0x40, 0x40, 0x60,
    0x20, 0x20, 0x8c, 0x30, 0x05, 0x20, 0x20, 0x60, 0x40, 0x40, 0xc0, 0xff, 0x00, 0xb2, 0x00,
};

static const uint8_t s_anim_cool_f31[] = {
    0xff, 0x00, 0xff, 0x00, 0xff, 0x00, 0x8b, 0x00, 0x05, 0x30, 0x20, 0x60, 0x40, 0xc0, 0x80, 0x83,
    0xfe, 0xa0, 0x06, 0x83, 0xfe, 0x8a, 0x00, 0x83, 0xfe, 0xa0, 0x06, 0x83, 0xfe, 0x05, 0x00, 0x80,
    0x80, 0xc0, 0x40, 0x60, 0x9c, 0x00, 0x83, 0xff, 0xa0, 0xc0, 0x83, 0xff, 0x8a, 0x03, 0x83, 0xff,
    0xa0, 0xc0, 0x83, 0xff, 0x01, 0x01, 0x01, 0xff, 0x00, 0xc2, 0x00, 0x05, 0xc0, 0x40, 0x40, 0x60,
    0x20, 0x20, 0x8c, 0x30, 0x05, 0x20, 0x20, 0x60, 0x40, 0x40, 0xc0, 0xff, 0x00, 0xb2, 0x00,
};

static const uint8_t s_anim_cool_f32[] = {
    0xff, 0x00, 0xff, 0x00, 0xff, 0x00, 0x8b, 0x00, 0x05, 0x30, 0x20, 0x60, 0x40, 0xc0, 0x80, 0x83,
    0xfe, 0xa0, 0x06, 0x83, 0xfe, 0x8a, 0x00, 0x83, 0xfe, 0xa0, 0x06, 0x83, 0xfe, 0x05, 0x00, 0x80,
    0x80, 0xc0, 0x40, 0x60, 0x9c, 0x00, 0x83, 0xff, 0xa0, 0xc0, 0x83, 0xff, 0x8a, 0x03, 0x83, 0xff,
    0xa0, 0xc0, 0x83, 0xff, 0x01, 0x01, 0x01, 0xff, 0x00, 0xc2, 0x00, 0x05, 0xc0, 0x40, 0x40, 0x60,
    0x20, 0x20, 0x8c, 0x30, 0x05, 0x20, 0x20, 0x60, 0x40, 0x40, 0xc0, 0xff, 0x00, 0xb2, 0x00,
};

static const uint8_t s_anim_cool_f33[] = {
    0xff, 0x00, 0xff, 0x00, 0xff, 0x00, 0x8b, 0x00, 0x05, 0x30, 0x20, 0x60, 0x40, 0xc0, 0x80, 0x83,
    0xfe, 0xa0, 0x06, 0x83, 0xfe, 0x8a, 0x00, 0x83, 0xfe, 0xa0, 0x06, 0x83, 0xfe, 0x05, 0x00, 0x80,
    0x80, 0xc0, 0x40, 0x60, 0x9c, 0x00, 0x83, 0xff, 0xa0, 0xc0, 0x83, 0xff, 0x8a, 0x03, 0x83, 0xff,
    0xa0, 0xc0, 0x83, 0xff, 0x01, 0x01, 0x01, 0xff, 0x00, 0xc2, 0x00, 0x05, 0xc0, 0x40, 0x40, 0x60,
    0x20, 0x20, 0x8c, 0x30, 0x05, 0x20, 0x20, 0x60, 0x40, 0x40, 0xc0, 0xff, 0x00, 0xb2, 0x00,
};

static const uint8_t s_anim_cool_f34[] = {
    0xff, 0x00, 0xff, 0x00, 0xff, 0x00, 0x8b, 0x00, 0x05, 0x30, 0x20, 0x60, 0x40, 0xc0, 0x80, 0x83,
    0xfe, 0xa0, 0x06, 0x83, 0xfe, 0x8a, 0x00, 0x83, 0xfe, 0xa0, 0x06, 0x83, 0xfe, 0x05, 0x00, 0x80,
    0x80, 0xc0, 0x40, 0x60, 0x9c, 0x00, 0x83, 0xff, 0xa0, 0xc0, 0x83, 0xff, 0x8a, 0x03, 0x83, 0xff,
    0xa0, 0xc0, 0x83, 0xff, 0x01, 0x01, 0x01, 0xff, 0x00, 0xc2, 0x00, 0x05, 0xc0, 0x40, 0x40, 0x60,
    0x20, 0x20, 0x8c, 0x30, 0x05, 0x20, 0x20, 0x60, 0x40, 0x40, 0xc0, 0xff, 0x00, 0xb2, 0x00,
};

static const uint8_t s_anim_cool_f35[] = {
    0xff, 0x00, 0xff, 0x00, 0xff, 0x00, 0x8b, 0x00, 0x05, 0x30, 0x20, 0x60, 0x40, 0xc0, 0x80, 0x83,
    0xfe, 0xa0, 0x06, 0x83, 0xfe, 0x8a, 0x00, 0x83, 0xfe, 0xa0, 0x06, 0x83, 0xfe, 0x05, 0x00, 0x80,
    0x80, 0xc0, 0x40, 0x60, 0x9c, 0x00, 0x83, 0xff, 0xa0, 0xc0, 0x83, 0xff, 0x8a, 0x03, 0x83, 0xff,
    0xa0, 0xc0, 0x83, 0xff, 0x01, 0x01, 0x01, 0xff, 0x00, 0xc2, 0x00, 0x05, 0xc0, 0x40, 0x40, 0x60,
    0x20, 0x20, 0x8c, 0x30, 0x05, 0x20, 0x20, 0x60, 0x40, 0x40, 0xc0, 0xff, 0x00, 0xb2, 0x00,
};

static const uint8_t *const s_anim_cool_frames[36] = {
    s_anim_cool_f00,
    s_anim_cool_f01,
    s_anim_cool_f02,
    s_anim_cool_f03,
    s_anim_cool_f04,
    s_anim_cool_f05,
    s_anim_cool_f06,
    s_anim_cool_f07,
    s_anim_cool_f08,
    s_anim_cool_f09,
    s_anim_cool_f10,
    s_anim_cool_f11,
    s_anim_cool_f12,
    s_anim_cool_f13,
    s_anim_cool_f14,
    s_anim_cool_f15,
    s_anim_cool_f16,
    s_anim_cool_f17,
    s_anim_cool_f18,
    s_anim_cool_f19,
    s_anim_cool_f20,
    s_anim_cool_f21,
    s_anim_cool_f22,
    s_anim_cool_f23,
    s_anim_cool_f24,
    s_anim_cool_f25,
    s_anim_cool_f26,
    s_anim_cool_f27,
    s_anim_cool_f28,
    s_anim_cool_f29,
    s_anim_cool_f30,
    s_anim_cool_f31,
    s_anim_cool_f32,
    s_anim_cool_f33,
    s_anim_cool_f34,
    s_anim_cool_f35,
};

static const uint16_t s_anim_cool_sizes[36] = {
    79, 79, 79, 79, 79, 79, 79, 79,
    79, 79, 93, 93, 93, 93, 93, 93,
    93, 93, 93, 93, 93, 93, 93, 93,
    93, 93, 93, 79, 79, 79, 79, 79,
    79, 79, 79, 79,
};

static const uint8_t s_anim_thinking_f00[] = {
    0xda, 0x00, 0x02, 0x40, 0xe0, 0x40, 0x84, 0x00, 0x02, 0x40, 0xe0, 0x40, 0x84, 0x00, 0x02, 0x40,
    0xe0, 0x40, 0xa7, 0x00, 0x03, 0x80, 0xc0, 0xe0, 0xe0, 0x98, 0xf0, 0x03, 0xe0, 0xe0, 0xc0, 0x80,
    0x92, 0x00, 0x03, 0x80, 0xc0, 0xe0, 0xe0, 0x98, 0xf0, 0x03, 0xe0, 0xe0, 0xc0, 0x80, 0xa8, 0x00,
    0x00, 0xfc, 0x98, 0xff, 0x84, 0x7f, 0x84, 0xff, 0x00, 0xfc, 0x8e, 0x00, 0x00, 0xfc, 0x98, 0xff,
    0x84, 0x7f, 0x84, 0xff, 0x00, 0xfc, 0xa6, 0x00, 0x96, 0xff, 0x01, 0x83, 0x01, 0x86, 0x00, 0x01,
    0x01, 0x83, 0x82, 0xff, 0x8e, 0x00, 0x96, 0xff, 0x01, 0x83, 0x01, 0x86, 0x00, 0x01, 0x01, 0x83,
    0x82, 0xff, 0xa6, 0x00, 0x98, 0xff, 0x00, 0xfe, 0x84, 0xfc, 0x00, 0xfe, 0x84, 0xff, 0x8e, 0x00,
    0x98, 0xff, 0x00, 0xfe, 0x84, 0xfc, 0x00, 0xfe, 0x84, 0xff, 0xa6, 0x00, 0x00, 0x7f, 0xa2, 0xff,
    0x00, 0x7f, 0x8e, 0x00, 0x00, 0x7f, 0xa2, 0xff, 0x00, 0x7f, 0xa7, 0x00, 0x04, 0x01, 0x03, 0x07,
    0x0f, 0x0f, 0x98, 0x1f, 0x04, 0x0f, 0xcf, 0xc7, 0xc3, 0xc1, 0x90, 0xc0, 0x04, 0xc1, 0xc3, 0xc7,
    0xcf, 0x0f, 0x98, 0x1f, 0x04, 0x0f, 0x0f, 0x07, 0x03, 0x01, 0xff, 0x00, 0x93, 0x00,
};

static const uint8_t s_anim_thinking_f01[] = {
    0xda, 0x00, 0x02, 0x40, 0xe0, 0x40, 0x84, 0x00, 0x02, 0x40, 0xe0, 0x40, 0x84, 0x00, 0x02, 0x40,
    0xe0, 0x40, 0xa7, 0x00, 0x03, 0x80, 0xc0, 0xe0, 0xe0, 0x98, 0xf0, 0x03, 0xe0, 0xe0, 0xc0, 0x80,
    0x92, 0x00, 0x03, 0x80, 0xc0, 0xe0, 0xe0, 0x98, 0xf0, 0x03, 0xe0, 0xe0, 0xc0, 0x80, 0xa8, 0x00,
    0x00, 0xfc, 0x98, 0xff, 0x84, 0x7f, 0x84, 0xff, 0x00, 0xfc, 0x8e, 0x00, 0x00, 0xfc, 0x98, 0xff,
    0x84, 0x7f, 0x84, 0xff, 0x00, 0xfc, 0xa6, 0x00, 0x96, 0xff, 0x01, 0x83, 0x01, 0x86, 0x00, 0x01,
    0x01, 0x83, 0x82, 0xff, 0x8e, 0x00, 0x96, 0xff, 0x01, 0x83, 0x01, 0x86, 0x00, 0x01, 0x01, 0x83,
    0x82, 0xff, 0xa6, 0x00, 0x98, 0xff, 0x00, 0xfe, 0x84, 0xfc, 0x00, 0xfe, 0x84, 0xff, 0x8e, 0x00,
    0x98, 0xff, 0x00, 0xfe, 0x84, 0xfc, 0x00, 0xfe, 0x84, 0xff, 0xa6, 0x00, 0x00, 0x7f, 0xa2, 0xff,
    0x00, 0x7f, 0x8e, 0x00, 0x00, 0x7f, 0xa2, 0xff, 0x00, 0x7f, 0xa7, 0x00, 0x04, 0x01, 0x03, 0x07,
    0x0f, 0x0f, 0x98, 0x1f, 0x04, 0x0f, 0xcf, 0xc7, 0xc3, 0xc1, 0x90, 0xc0, 0x04, 0xc1, 0xc3, 0xc7,
    0xcf, 0x0f, 0x98, 0x1f, 0x04, 0x0f, 0x0f, 0x07, 0x03, 0x01, 0xff, 0x00, 0x93, 0x00,
};

static const uint8_t s_anim_thinking_f02[] = {
    0xda, 0x00, 0x02, 0x40, 0xe0, 0x40, 0x84, 0x00, 0x02, 0x40, 0xe0, 0x40, 0x84, 0x00, 0x02, 0x40,
    0xe0, 0x40, 0xa7, 0x00, 0x03, 0x80, 0xc0, 0xe0, 0xe0, 0x98, 0xf0, 0x03, 0xe0, 0xe0, 0xc0, 0x80,
    0x92, 0x00, 0x03, 0x80, 0xc0, 0xe0, 0xe0, 0x98, 0xf0, 0x03, 0xe0, 0xe0, 0xc0, 0x80, 0xa8, 0x00,
    0x00, 0xfc, 0x98, 0xff, 0x84, 0x7f, 0x84, 0xff, 0x00, 0xfc, 0x8e, 0x00, 0x00, 0xfc, 0x98, 0xff,
    0x84, 0x7f, 0x84, 0xff, 0x00, 0xfc, 0xa6, 0x00, 0x96, 0xff, 0x01, 0x83, 0x01, 0x86, 0x00, 0x01,
    0x01, 0x83, 0x82, 0xff, 0x8e, 0x00, 0x96, 0xff, 0x01, 0x83, 0x01, 0x86, 0x00, 0x01, 0x01, 0x83,
    0x82, 0xff, 0xa6, 0x00, 0x98, 0xff, 0x00, 0xfe, 0x84, 0xfc, 0x00, 0xfe, 0x84, 0xff, 0x8e, 0x00,
    0x98, 0xff, 0x00, 0xfe, 0x84, 0xfc, 0x00, 0xfe, 0x84, 0xff, 0xa6, 0x00, 0x00, 0x7f, 0xa2, 0xff,
    0x00, 0x7f, 0x8e, 0x00, 0x00, 0x7f, 0xa2, 0xff, 0x00, 0x7f, 0xa7, 0x00, 0x04, 0x01, 0x03, 0x07,
    0x0f, 0x0f, 0x98, 0x1f, 0x04, 0x0f, 0xcf, 0xc7, 0xc3, 0xc1, 0x90, 0xc0, 0x04, 0xc1, 0xc3, 0xc7,
    0xcf, 0x0f, 0x98, 0x1f, 0x04, 0x0f, 0x0f, 0x07, 0x03, 0x01, 0xff, 0x00, 0x93, 0x00,
};

static const uint8_t s_anim_thinking_f03[] = {
    0xda, 0x00, 0x02, 0x40, 0xe0, 0x40, 0x84, 0x00, 0x02, 0x40, 0xe0, 0x40, 0x84, 0x00, 0x02, 0x40,
    0xe0, 0x40, 0xa7, 0x00, 0x03, 0x80, 0xc0, 0xe0, 0xe0, 0x98, 0xf0, 0x03, 0xe0, 0xe0, 0xc0, 0x80,
    0x92, 0x00, 0x03, 0x80, 0xc0, 0xe0, 0xe0, 0x98, 0xf0, 0x03, 0xe0, 0xe0, 0xc0, 0x80, 0xa8, 0x00,
    0x00, 0xfc, 0x98, 0xff, 0x84, 0x7f, 0x84, 0xff, 0x00, 0xfc, 0x8e, 0x00, 0x00, 0xfc, 0x98, 0xff,
    0x84, 0x7f, 0x84, 0xff, 0x00, 0xfc, 0xa6, 0x00, 0x96, 0xff, 0x01, 0x83, 0x01, 0x86, 0x00, 0x01,
    0x01, 0x83, 0x82, 0xff, 0x8e, 0x00, 0x96, 0xff, 0x01, 0x83, 0x01, 0x86, 0x00, 0x01, 0x01, 0x83,
    0x82, 0xff, 0xa6, 0x00, 0x98, 0xff, 0x00, 0xfe, 0x84, 0xfc, 0x00, 0xfe, 0x84, 0xff, 0x8e, 0x00,
    0x98, 0xff, 0x00, 0xfe, 0x84, 0xfc, 0x00, 0xfe, 0x84, 0xff, 0xa6, 0x00, 0x00, 0x7f, 0xa2, 0xff,
    0x00, 0x7f, 0x8e, 0x00, 0x00, 0x7f, 0xa2, 0xff, 0x00, 0x7f, 0xa7, 0x00, 0x04, 0x01, 0x03, 0x07,
    0x0f, 0x0f, 0x98, 0x1f, 0x04, 0x0f, 0xcf, 0xc7, 0xc3, 0xc1, 0x90, 0xc0, 0x04, 0xc1, 0xc3, 0xc7,
    0xcf, 0x0f, 0x98, 0x1f, 0x04, 0x0f, 0x0f, 0x07, 0x03, 0x01, 0xff, 0x00, 0x93, 0x00,
};

static const uint8_t s_anim_thinking_f04[] = {
    0xda, 0x00, 0x02, 0x40, 0xe0, 0x40, 0x84, 0x00, 0x02, 0x40, 0xe0, 0x40, 0x84, 0x00, 0x02, 0x40,
    0xe0, 0x40, 0xa7, 0x00, 0x03, 0x80, 0xc0, 0xe0, 0xe0, 0x98, 0xf0, 0x03, 0xe0, 0xe0, 0xc0, 0x80,
    0x92, 0x00, 0x03, 0x80, 0xc0, 0xe0, 0xe0, 0x98, 0xf0, 0x03, 0xe0, 0xe0, 0xc0, 0x80, 0xa8, 0x00,
    0x00, 0xfc, 0x98, 0xff, 0x84, 0x7f, 0x84, 0xff, 0x00, 0xfc, 0x8e, 0x00, 0x00, 0xfc, 0x98, 0xff,
    0x84, 0x7f, 0x84, 0xff, 0x00, 0xfc, 0xa6, 0x00, 0x96, 0xff, 0x01, 0x83, 0x01, 0x86, 0x00, 0x01,
    0x01, 0x83, 0x82, 0xff, 0x8e, 0x00, 0x96, 0xff, 0x01, 0x83, 0x01, 0x86, 0x00, 0x01, 0x01, 0x83,
    0x82, 0xff, 0xa6, 0x00, 0x98, 0xff, 0x00, 0xfe, 0x84, 0xfc, 0x00, 0xfe, 0x84, 0xff, 0x8e, 0x00,
    0x98, 0xff, 0x00, 0xfe, 0x84, 0xfc, 0x00, 0xfe, 0x84, 0xff, 0xa6, 0x00, 0x00, 0x7f, 0xa2, 0xff,
    0x00, 0x7f, 0x8e, 0x00, 0x00, 0x7f, 0xa2, 0xff, 0x00, 0x7f, 0xa7, 0x00, 0x04, 0x01, 0x03, 0x07,
    0x0f, 0x0f, 0x98, 0x1f, 0x04, 0x0f, 0xcf, 0xc7, 0xc3, 0xc1, 0x90, 0xc0, 0x04, 0xc1, 0xc3, 0xc7,
    0xcf, 0x0f, 0x98, 0x1f, 0x04, 0x0f, 0x0f, 0x07, 0x03, 0x01, 0xff, 0x00, 0x93, 0x00,
};

static const uint8_t s_anim_thinking_f05[] = {
    0xd9, 0x00, 0x00, 0xe0, 0x82, 0xf0, 0x00, 0xe0, 0x83, 0x00, 0x02, 0x40, 0xe0, 0x40, 0x84, 0x00,
    0x02, 0x40, 0xe0, 0x40, 0xa7, 0x00, 0x03, 0x80, 0xc0, 0xe0, 0xe0, 0x98, 0xf0, 0x03, 0xe0, 0xe0,
    0xc0, 0x80, 0x92, 0x00, 0x03, 0x80, 0xc0, 0xe0, 0xe0, 0x8c, 0xf0, 0x82, 0xf1, 0x88, 0xf0, 0x03,
    0xe0, 0xe0, 0xc0, 0x80, 0xa8, 0x00, 0x00, 0xfc, 0x98, 0xff, 0x84, 0x7f, 0x84, 0xff, 0x00, 0xfc,
    0x8e, 0x00, 0x00, 0xfc, 0x98, 0xff, 0x84, 0x7f, 0x84, 0xff, 0x00, 0xfc, 0xa6, 0x00, 0x96, 0xff,
    0x01, 0x83, 0x01, 0x86, 0x00, 0x01, 0x01, 0x83, 0x82, 0xff, 0x8e, 0x00, 0x96, 0xff, 0x01, 0x83,
    0x01, 0x86, 0x00, 0x01, 0x01, 0x83, 0x82, 0xff, 0xa6, 0x00, 0x98, 0xff, 0x00, 0xfe, 0x84, 0xfc,
    0x00, 0xfe, 0x84, 0xff, 0x8e, 0x00, 0x98, 0xff, 0x00, 0xfe, 0x84, 0xfc, 0x00, 0xfe, 0x84, 0xff,
    0xa6, 0x00, 0x00, 0x7f, 0xa2, 0xff, 0x00, 0x7f, 0x8e, 0x00, 0x00, 0x7f, 0xa2, 0xff, 0x00, 0x7f,
    0xa7, 0x00, 0x04, 0x01, 0x03, 0x07, 0x0f, 0x0f, 0x98, 0x1f, 0x04, 0x0f, 0xcf, 0xc7, 0xc3, 0xc1,
    0x90, 0xc0, 0x04, 0xc1, 0xc3, 0xc7, 0xcf, 0x0f, 0x98, 0x1f, 0x04, 0x0f, 0x0f, 0x07, 0x03, 0x01,
    0xff, 0x00, 0x93, 0x00,
};

static const uint8_t s_anim_thinking_f06[] = {
    0xd9, 0x00, 0x00, 0xe0, 0x82, 0xf0, 0x00, 0xe0, 0x83, 0x00, 0x02, 0x40, 0xe0, 0x40, 0x84, 0x00,
    0x02, 0x40, 0xe0, 0x40, 0xa7, 0x00, 0x03, 0x80, 0xc0, 0xe0, 0xe0, 0x98, 0xf0, 0x03, 0xe0, 0xe0,
    0xc0, 0x80, 0x92, 0x00, 0x03, 0x80, 0xc0, 0xe0, 0xe0, 0x8c, 0xf0, 0x82, 0xf1, 0x88, 0xf0, 0x03,
    0xe0, 0xe0, 0xc0, 0x80, 0xa8, 0x00, 0x00, 0xfc, 0x98, 0xff, 0x84, 0x7f, 0x84, 0xff, 0x00, 0xfc,
    0x8e, 0x00, 0x00, 0xfc, 0x98, 0xff, 0x84, 0x7f, 0x84, 0xff, 0x00, 0xfc, 0xa6, 0x00, 0x96, 0xff,
    0x01, 0x83, 0x01, 0x86, 0x00, 0x01, 0x01, 0x83, 0x82, 0xff, 0x8e, 0x00, 0x96, 0xff, 0x01, 0x83,
    0x01, 0x86, 0x00, 0x01, 0x01, 0x83, 0x82, 0xff, 0xa6, 0x00, 0x98, 0xff, 0x00, 0xfe, 0x84, 0xfc,
    0x00, 0xfe, 0x84, 0xff, 0x8e, 0x00, 0x98, 0xff, 0x00, 0xfe, 0x84, 0xfc, 0x00, 0xfe, 0x84, 0xff,
    0xa6, 0x00, 0x00, 0x7f, 0xa2, 0xff, 0x00, 0x7f, 0x8e, 0x00, 0x00, 0x7f, 0xa2, 0xff, 0x00, 0x7f,
    0xa7, 0x00, 0x04, 0x01, 0x03, 0x07, 0x0f, 0x0f, 0x98, 0x1f, 0x04, 0x0f, 0xcf, 0xc7, 0xc3, 0xc1,
    0x90, 0xc0, 0x04, 0xc1, 0xc3, 0xc7, 0xcf, 0x0f, 0x98, 0x1f, 0x04, 0x0f, 0x0f, 0x07, 0x03, 0x01,
    0xff, 0x00, 0x93, 0x00,
};

static const uint8_t s_anim_thinking_f07[] = {
    0xd9, 0x00, 0x00, 0xe0, 0x82, 0xf0, 0x00, 0xe0, 0x83, 0x00, 0x02, 0x40, 0xe0, 0x40, 0x84, 0x00,
    0x02, 0x40, 0xe0, 0x40, 0xa7, 0x00, 0x03, 0x80, 0xc0, 0xe0, 0xe0, 0x98, 0xf0, 0x03, 0xe0, 0xe0,
    0xc0, 0x80, 0x92, 0x00, 0x03, 0x80, 0xc0, 0xe0, 0xe0, 0x8c, 0xf0, 0x82, 0xf1, 0x88, 0xf0, 0x03,
    0xe0, 0xe0, 0xc0, 0x80, 0xa8, 0x00, 0x00, 0xfc, 0x98, 0xff, 0x84, 0x7f, 0x84, 0xff, 0x00, 0xfc,
    0x8e, 0x00, 0x00, 0xfc, 0x98, 0xff, 0x84, 0x7f, 0x84, 0xff, 0x00, 0xfc, 0xa6, 0x00, 0x96, 0xff,
    0x01, 0x83, 0x01, 0x86, 0x00, 0x01, 0x01, 0x83, 0x82, 0xff, 0x8e, 0x00, 0x96, 0xff, 0x01, 0x83,
    0x01, 0x86, 0x00, 0x01, 0x01, 0x83, 0x82, 0xff, 0xa6, 0x00, 0x98, 0xff, 0x00, 0xfe, 0x84, 0xfc,
    0x00, 0xfe, 0x84, 0xff, 0x8e, 0x00, 0x98, 0xff, 0x00, 0xfe, 0x84, 0xfc, 0x00, 0xfe, 0x84, 0xff,
    0xa6, 0x00, 0x00, 0x7f, 0xa2, 0xff, 0x00, 0x7f, 0x8e, 0x00, 0x00, 0x7f, 0xa2, 0xff, 0x00, 0x7f,
    0xa7, 0x00, 0x04, 0x01, 0x03, 0x07, 0x0f, 0x0f, 0x98, 0x1f, 0x04, 0x0f, 0xcf, 0xc7, 0xc3, 0xc1,
    0x90, 0xc0, 0x04, 0xc1, 0xc3, 0xc7, 0xcf, 0x0f, 0x98, 0x1f, 0x04, 0x0f, 0x0f, 0x07, 0x03, 0x01,
    0xff, 0x00, 0x93, 0x00,
};

static const uint8_t s_anim_thinking_f08[] = {
    0xd9, 0x00, 0x00, 0xe0, 0x82, 0xf0, 0x00, 0xe0, 0x83, 0x00, 0x02, 0x40, 0xe0, 0x40, 0x84, 0x00,
    0x02, 0x40, 0xe0, 0x40, 0xa7, 0x00, 0x03, 0x80, 0xc0, 0xe0, 0xe0, 0x98, 0xf0, 0x03, 0xe0, 0xe0,
    0xc0, 0x80, 0x92, 0x00, 0x03, 0x80, 0xc0, 0xe0, 0xe0, 0x8c, 0xf0, 0x82, 0xf1, 0x88, 0xf0, 0x03,
    0xe0, 0xe0, 0xc0, 0x80, 0xa8, 0x00, 0x00, 0xfc, 0x98, 0xff, 0x84, 0x7f, 0x84, 0xff, 0x00, 0xfc,
    0x8e, 0x00, 0x00, 0xfc, 0x98, 0xff, 0x84, 0x7f, 0x84, 0xff, 0x00, 0xfc, 0xa6, 0x00, 0x96, 0xff,
    0x01, 0x83, 0x01, 0x86, 0x00, 0x01, 0x01, 0x83, 0x82, 0xff, 0x8e, 0x00, 0x96, 0xff, 0x01, 0x83,
    0x01, 0x86, 0x00, 0x01, 0x01, 0x83, 0x82, 0xff, 0xa6, 0x00, 0x98, 0xff, 0x00, 0xfe, 0x84, 0xfc,
    0x00, 0xfe, 0x84, 0xff, 0x8e, 0x00, 0x98, 0xff, 0x00, 0xfe, 0x84, 0xfc, 0x00, 0xfe, 0x84, 0xff,
    0xa6, 0x00, 0x00, 0x7f, 0xa2, 0xff, 0x00, 0x7f, 0x8e, 0x00, 0x00, 0x7f, 0xa2, 0xff, 0x00, 0x7f,
    0xa7, 0x00, 0x04, 0x01, 0x03, 0x07, 0x0f, 0x0f, 0x98, 0x1f, 0x04, 0x0f, 0xcf, 0xc7, 0xc3, 0xc1,
    0x90, 0xc0, 0x04, 0xc1, 0xc3, 0xc7, 0xcf, 0x0f, 0x98, 0x1f, 0x04, 0x0f, 0x0f, 0x07, 0x03, 0x01,
    0xff, 0x00, 0x93, 0x00,
};

static const uint8_t s_anim_thinking_f09[] = {
    0xd9, 0x00, 0x00, 0xe0, 0x82, 0xf0, 0x00, 0xe0, 0x83, 0x00, 0x02, 0x40, 0xe0, 0x40, 0x84, 0x00,
    0x02, 0x40, 0xe0, 0x40, 0xa7, 0x00, 0x03, 0x80, 0xc0, 0xe0, 0xe0, 0x98, 0xf0, 0x03, 0xe0, 0xe0,
    0xc0, 0x80, 0x92, 0x00, 0x03, 0x80, 0xc0, 0xe0, 0xe0, 0x8c, 0xf0, 0x82, 0xf1, 0x88, 0xf0, 0x03,
    0xe0, 0xe0, 0xc0, 0x80, 0xa8, 0x00, 0x00, 0xfc, 0x98, 0xff, 0x84, 0x7f, 0x84, 0xff, 0x00, 0xfc,
    0x8e, 0x00, 0x00, 0xfc, 0x98, 0xff, 0x84, 0x7f, 0x84, 0xff, 0x00, 0xfc, 0xa6, 0x00, 0x96, 0xff,
    0x01, 0x83, 0x01, 0x86, 0x00, 0x01, 0x01, 0x83, 0x82, 0xff, 0x8e, 0x00, 0x96, 0xff, 0x01, 0x83,
    0x01, 0x86, 0x00, 0x01, 0x01, 0x83, 0x82, 0xff, 0xa6, 0x00, 0x98, 0xff, 0x00, 0xfe, 0x84, 0xfc,
    0x00, 0xfe, 0x84, 0xff, 0x8e, 0x00, 0x98, 0xff, 0x00, 0xfe, 0x84, 0xfc, 0x00, 0xfe, 0x84, 0xff,
    0xa6, 0x00, 0x00, 0x7f, 0xa2, 0xff, 0x00, 0x7f, 0x8e, 0x00, 0x00, 0x7f, 0xa2, 0xff, 0x00, 0x7f,
    0xa7, 0x00, 0x04, 0x01, 0x03, 0x07, 0x0f, 0x0f, 0x98, 0x1f, 0x04, 0x0f, 0xcf, 0xc7, 0xc3, 0xc1,
    0x90, 0xc0, 0x04, 0xc1, 0xc3, 0xc7, 0xcf, 0x0f, 0x98, 0x1f, 0x04, 0x0f, 0x0f, 0x07, 0x03, 0x01,
    0xff, 0x00, 0x93, 0x00,
};

static const uint8_t s_anim_thinking_f10[] = {
    0xd9, 0x00, 0x00, 0xe0, 0x82, 0xf0, 0x00, 0xe0, 0x82, 0x00, 0x00, 0xe0, 0x82, 0xf0, 0x00, 0xe0,
    0x83, 0x00, 0x02, 0x40, 0xe0, 0x40, 0xa7, 0x00, 0x03, 0x80, 0xc0, 0xe0, 0xe0, 0x98, 0xf0, 0x03,
    0xe0, 0xe0, 0xc0, 0x80, 0x92, 0x00, 0x03, 0x80, 0xc0, 0xe0, 0xe0, 0x8c, 0xf0, 0x82, 0xf1, 0x84,
    0xf0, 0x82, 0xf1, 0x04, 0xf0, 0xe0, 0xe0, 0xc0, 0x80, 0xa8, 0x00, 0x00, 0xfc, 0x98, 0xff, 0x84,
    0x7f, 0x84, 0xff, 0x00, 0xfc, 0x8e, 0x00, 0x00, 0xfc, 0x98, 0xff, 0x84, 0x7f, 0x84, 0xff, 0x00,
    0xfc, 0xa6, 0x00, 0x96, 0xff, 0x01, 0x83, 0x01, 0x86, 0x00, 0x01, 0x01, 0x83, 0x82, 0xff, 0x8e,
    0x00, 0x96, 0xff, 0x01, 0x83, 0x01, 0x86, 0x00, 0x01, 0x01, 0x83, 0x82, 0xff, 0xa6, 0x00, 0x98,
    0xff, 0x00, 0xfe, 0x84, 0xfc, 0x00, 0xfe, 0x84, 0xff, 0x8e, 0x00, 0x98, 0xff, 0x00, 0xfe, 0x84,
    0xfc, 0x00, 0xfe, 0x84, 0xff, 0xa6, 0x00, 0x00, 0x7f, 0xa2, 0xff, 0x00, 0x7f, 0x8e, 0x00, 0x00,
    0x7f, 0xa2, 0xff, 0x00, 0x7f, 0xa7, 0x00, 0x04, 0x01, 0x03, 0x07, 0x0f, 0x0f, 0x98, 0x1f, 0x04,
    0x0f, 0xcf, 0xc7, 0xc3, 0xc1, 0x90, 0xc0, 0x04, 0xc1, 0xc3, 0xc7, 0xcf, 0x0f, 0x98, 0x1f, 0x04,
    0x0f, 0x0f, 0x07, 0x03, 0x01, 0xff, 0x00, 0x93, 0x00,
};

static const uint8_t s_anim_thinking_f11[] = {
    0xd9, 0x00, 0x00, 0xe0, 0x82, 0xf0, 0x00, 0xe0, 0x82, 0x00, 0x00, 0xe0, 0x82, 0xf0, 0x00, 0xe0,
    0x83, 0x00, 0x02, 0x40, 0xe0, 0x40, 0xa7, 0x00, 0x03, 0x80, 0xc0, 0xe0, 0xe0, 0x98, 0xf0, 0x03,
    0xe0, 0xe0, 0xc0, 0x80, 0x92, 0x00, 0x03, 0x80, 0xc0, 0xe0, 0xe0, 0x8c, 0xf0, 0x82, 0xf1, 0x84,
    0xf0, 0x82, 0xf1, 0x04, 0xf0, 0xe0, 0xe0, 0xc0, 0x80, 0xa8, 0x00, 0x00, 0xfc, 0x98, 0xff, 0x84,
    0x7f, 0x84, 0xff, 0x00, 0xfc, 0x8e, 0x00, 0x00, 0xfc, 0x98, 0xff, 0x84, 0x7f, 0x84, 0xff, 0x00,
    0xfc, 0xa6, 0x00, 0x96, 0xff, 0x01, 0x83, 0x01, 0x86, 0x00, 0x01, 0x01, 0x83, 0x82, 0xff, 0x8e,
    0x00, 0x96, 0xff, 0x01, 0x83, 0x01, 0x86, 0x00, 0x01, 0x01, 0x83, 0x82, 0xff, 0xa6, 0x00, 0x98,
    0xff, 0x00, 0xfe, 0x84, 0xfc, 0x00, 0xfe, 0x84, 0xff, 0x8e, 0x00, 0x98, 0xff, 0x00, 0xfe, 0x84,
    0xfc, 0x00, 0xfe, 0x84, 0xff, 0xa6, 0x00, 0x00, 0x7f, 0xa2, 0xff, 0x00, 0x7f, 0x8e, 0x00, 0x00,
    0x7f, 0xa2, 0xff, 0x00, 0x7f, 0xa7, 0x00, 0x04, 0x01, 0x03, 0x07, 0x0f, 0x0f, 0x98, 0x1f, 0x04,
    0x0f, 0xcf, 0xc7, 0xc3, 0xc1, 0x90, 0xc0, 0x04, 0xc1, 0xc3, 0xc7, 0xcf, 0x0f, 0x98, 0x1f, 0x04,
    0x0f, 0x0f, 0x07, 0x03, 0x01, 0xff, 0x00, 0x93, 0x00,
};

static const uint8_t s_anim_thinking_f12[] = {
    0xd9, 0x00, 0x00, 0xe0, 0x82, 0xf0, 0x00, 0xe0, 0x82, 0x00, 0x00, 0xe0, 0x82, 0xf0, 0x00, 0xe0,
    0x83, 0x00, 0x02, 0x40, 0xe0, 0x40, 0xa7, 0x00, 0x03, 0x80, 0xc0, 0xe0, 0xe0, 0x98, 0xf0, 0x03,
    0xe0, 0xe0, 0xc0, 0x80, 0x92, 0x00, 0x03, 0x80, 0xc0, 0xe0, 0xe0, 0x8c, 0xf0, 0x82, 0xf1, 0x84,
    0xf0, 0x82, 0xf1, 0x04, 0xf0, 0xe0, 0xe0, 0xc0, 0x80, 0xa8, 0x00, 0x00, 0xfc, 0x98, 0xff, 0x84,
    0x7f, 0x84, 0xff, 0x00, 0xfc, 0x8e, 0x00, 0x00, 0xfc, 0x98, 0xff, 0x84, 0x7f, 0x84, 0xff, 0x00,
    0xfc, 0xa6, 0x00, 0x96, 0xff, 0x01, 0x83, 0x01, 0x86, 0x00, 0x01, 0x01, 0x83, 0x82, 0xff, 0x8e,
    0x00, 0x96, 0xff, 0x01, 0x83, 0x01, 0x86, 0x00, 0x01, 0x01, 0x83, 0x82, 0xff, 0xa6, 0x00, 0x98,
    0xff, 0x00, 0xfe, 0x84, 0xfc, 0x00, 0xfe, 0x84, 0xff, 0x8e, 0x00, 0x98, 0xff, 0x00, 0xfe, 0x84,
    0xfc, 0x00, 0xfe, 0x84, 0xff, 0xa6, 0x00, 0x00, 0x7f, 0xa2, 0xff, 0x00, 0x7f, 0x8e, 0x00, 0x00,
    0x7f, 0xa2, 0xff, 0x00, 0x7f, 0xa7, 0x00, 0x04, 0x01, 0x03, 0x07, 0x0f, 0x0f, 0x98, 0x1f, 0x04,
    0x0f, 0xcf, 0xc7, 0xc3, 0xc1, 0x90, 0xc0, 0x04, 0xc1, 0xc3, 0xc7, 0xcf, 0x0f, 0x98, 0x1f, 0x04,
    0x0f, 0x0f, 0x07, 0x03, 0x01, 0xff, 0x00, 0x93, 0x00,
};

static const uint8_t s_anim_thinking_f13[] = {
    0xd9, 0x00, 0x00, 0xe0, 0x82, 0xf0, 0x00, 0xe0, 0x82, 0x00, 0x00, 0xe0, 0x82, 0xf0, 0x00, 0xe0,
    0x83, 0x00, 0x02, 0x40, 0xe0, 0x40, 0xa7, 0x00, 0x03, 0x80, 0xc0, 0xe0, 0xe0, 0x98, 0xf0, 0x03,
    0xe0, 0xe0, 0xc0, 0x80, 0x92, 0x00, 0x03, 0x80, 0xc0, 0xe0, 0xe0, 0x8c, 0xf0, 0x82, 0xf1, 0x84,
    0xf0, 0x82, 0xf1, 0x04, 0xf0, 0xe0, 0xe0, 0xc0, 0x80, 0xa8, 0x00, 0x00, 0xfc, 0x98, 0xff, 0x84,
    0x7f, 0x84, 0xff, 0x00, 0xfc, 0x8e, 0x00, 0x00, 0xfc, 0x98, 0xff, 0x84, 0x7f, 0x84, 0xff, 0x00,
    0xfc, 0xa6, 0x00, 0x96, 0xff, 0x01, 0x83, 0x01, 0x86, 0x00, 0x01, 0x01, 0x83, 0x82, 0xff, 0x8e,
    0x00, 0x96, 0xff, 0x01, 0x83, 0x01, 0x86, 0x00, 0x01, 0x01, 0x83, 0x82, 0xff, 0xa6, 0x00, 0x98,
    0xff, 0x00, 0xfe, 0x84, 0xfc, 0x00, 0xfe, 0x84, 0xff, 0x8e, 0x00, 0x98, 0xff, 0x00, 0xfe, 0x84,
    0xfc, 0x00, 0xfe, 0x84, 0xff, 0xa6, 0x00, 0x00, 0x7f, 0xa2, 0xff, 0x00, 0x7f, 0x8e, 0x00, 0x00,
    0x7f, 0xa2, 0xff, 0x00, 0x7f, 0xa7, 0x00, 0x04, 0x01, 0x03, 0x07, 0x0f, 0x0f, 0x98, 0x1f, 0x04,
    0x0f, 0xcf, 0xc7, 0xc3, 0xc1, 0x90, 0xc0, 0x04, 0xc1, 0xc3, 0xc7, 0xcf, 0x0f, 0x98, 0x1f, 0x04,
    0x0f, 0x0f, 0x07, 0x03, 0x01, 0xff, 0x00, 0x93, 0x00,
};

static const uint8_t s_anim_thinking_f14[] = {
    0xd9, 0x00, 0x00, 0xe0, 0x82, 0xf0, 0x00, 0xe0, 0x82, 0x00, 0x00, 0xe0, 0x82, 0xf0, 0x00, 0xe0,
    0x82, 0x00, 0x00, 0xe0, 0x82, 0xf0, 0x00, 0xe0, 0xa6, 0x00, 0x03, 0x80, 0xc0, 0xe0, 0xe0, 0x98,
    0xf0, 0x03, 0xe0, 0xe0, 0xc0, 0x80, 0x92, 0x00, 0x03, 0x80, 0xc0, 0xe0, 0xe0, 0x8c, 0xf0, 0x82,
    0xf1, 0x84, 0xf0, 0x82, 0xf1, 0x04, 0xf0, 0xe0, 0xe0, 0xc0, 0x80, 0x82, 0x01, 0xa5, 0x00, 0x00,
    0xfc, 0x98, 0xff, 0x84, 0x7f, 0x84, 0xff, 0x00, 0xfc, 0x8e, 0x00, 0x00, 0xfc, 0x98, 0xff, 0x84,
    0x7f, 0x84, 0xff, 0x00, 0xfc, 0xa6, 0x00, 0x96, 0xff, 0x01, 0x83, 0x01, 0x86, 0x00, 0x01, 0x01,
    0x83, 0x82, 0xff, 0x8e, 0x00, 0x96, 0xff, 0x01, 0x83, 0x01, 0x86, 0x00, 0x01, 0x01, 0x83, 0x82,
    0xff, 0xa6, 0x00, 0x98, 0xff, 0x00, 0xfe, 0x84, 0xfc, 0x00, 0xfe, 0x84, 0xff, 0x8e, 0x00, 0x98,
    0xff, 0x00, 0xfe, 0x84, 0xfc, 0x00, 0xfe, 0x84, 0xff, 0xa6, 0x00, 0x00, 0x7f, 0xa2, 0xff, 0x00,
    0x7f, 0x8e, 0x00, 0x00, 0x7f, 0xa2, 0xff, 0x00, 0x7f, 0xa7, 0x00, 0x04, 0x01, 0x03, 0x07, 0x0f,
    0x0f, 0x98, 0x1f, 0x04, 0x0f, 0xcf, 0xc7, 0xc3, 0xc1, 0x90, 0xc0, 0x04, 0xc1, 0xc3, 0xc7, 0xcf,
    0x0f, 0x98, 0x1f, 0x04, 0x0f, 0x0f, 0x07, 0x03, 0x01, 0xff, 0x00, 0x93, 0x00,
};

static const uint8_t s_anim_thinking_f15[] = {
    0xd9, 0x00, 0x00, 0xe0, 0x82, 0xf0, 0x00, 0xe0, 0x82, 0x00, 0x00, 0xe0, 0x82, 0xf0, 0x00, 0xe0,
    0x82, 0x00, 0x00, 0xe0, 0x82, 0xf0, 0x00, 0xe0, 0xa6, 0x00, 0x03, 0x80, 0xc0, 0xe0, 0xe0, 0x98,
    0xf0, 0x03, 0xe0, 0xe0, 0xc0, 0x80, 0x92, 0x00, 0x03, 0x80, 0xc0, 0xe0, 0xe0, 0x8c, 0xf0, 0x82,
    0xf1, 0x84, 0xf0, 0x82, 0xf1, 0x04, 0xf0, 0xe0, 0xe0, 0xc0, 0x80, 0x82, 0x01, 0xa5, 0x00, 0x00,
    0xfc, 0x98, 0xff, 0x84, 0x7f, 0x84, 0xff, 0x00, 0xfc, 0x8e, 0x00, 0x00, 0xfc, 0x98, 0xff, 0x84,
    0x7f, 0x84, 0xff, 0x00, 0xfc, 0xa6, 0x00, 0x96, 0xff, 0x01, 0x83, 0x01, 0x86, 0x00, 0x01, 0x01,
    0x83, 0x82, 0xff, 0x8e, 0x00, 0x96, 0xff, 0x01, 0x83, 0x01, 0x86, 0x00, 0x01, 0x01, 0x83, 0x82,
    0xff, 0xa6, 0x00, 0x98, 0xff, 0x00, 0xfe, 0x84, 0xfc, 0x00, 0xfe, 0x84, 0xff, 0x8e, 0x00, 0x98,
    0xff, 0x00, 0xfe, 0x84, 0xfc, 0x00, 0xfe, 0x84, 0xff, 0xa6, 0x00, 0x00, 0x7f, 0xa2, 0xff, 0x00,
    0x7f, 0x8e, 0x00, 0x00, 0x7f, 0xa2, 0xff, 0x00, 0x7f, 0xa7, 0x00, 0x04, 0x01, 0x03, 0x07, 0x0f,
    0x0f, 0x98, 0x1f, 0x04, 0x0f, 0xcf, 0xc7, 0xc3, 0xc1, 0x90, 0xc0, 0x04, 0xc1, 0xc3, 0xc7, 0xcf,
    0x0f, 0x98, 0x1f, 0x04, 0x0f, 0x0f, 0x07, 0x03, 0x01, 0xff, 0x00, 0x93, 0x00,
};

static const uint8_t s_anim_thinking_f16[] = {
    0xd9, 0x00, 0x00, 0xe0, 0x82, 0xf0, 0x00, 0xe0, 0x82, 0x00, 0x00, 0xe0, 0x82, 0xf0, 0x00, 0xe0,
    0x82, 0x00, 0x00, 0xe0, 0x82, 0xf0, 0x00, 0xe0, 0xa6, 0x00, 0x03, 0x80, 0xc0, 0xe0, 0xe0, 0x98,
    0xf0, 0x03, 0xe0, 0xe0, 0xc0, 0x80, 0x92, 0x00, 0x03, 0x80, 0xc0, 0xe0, 0xe0, 0x8c, 0xf0, 0x82,
    0xf1, 0x84, 0xf0, 0x82, 0xf1, 0x04, 0xf0, 0xe0, 0xe0, 0xc0, 0x80, 0x82, 0x01, 0xa5, 0x00, 0x00,
    0xfc, 0x98, 0xff, 0x84, 0x7f, 0x84, 0xff, 0x00, 0xfc, 0x8e, 0x00, 0x00, 0xfc, 0x98, 0xff, 0x84,
    0x7f, 0x84, 0xff, 0x00, 0xfc, 0xa6, 0x00, 0x96, 0xff, 0x01, 0x83, 0x01, 0x86, 0x00, 0x01, 0x01,
    0x83, 0x82, 0xff, 0x8e, 0x00, 0x96, 0xff, 0x01, 0x83, 0x01, 0x86, 0x00, 0x01, 0x01, 0x83, 0x82,
    0xff, 0xa6, 0x00, 0x98, 0xff, 0x00, 0xfe, 0x84, 0xfc, 0x00, 0xfe, 0x84, 0xff, 0x8e, 0x00, 0x98,
    0xff, 0x00, 0xfe, 0x84, 0xfc, 0x00, 0xfe, 0x84, 0xff, 0xa6, 0x00, 0x00, 0x7f, 0xa2, 0xff, 0x00,
    0x7f, 0x8e, 0x00, 0x00, 0x7f, 0xa2, 0xff, 0x00, 0x7f, 0xa7, 0x00, 0x04, 0x01, 0x03, 0x07, 0x0f,
    0x0f, 0x98, 0x1f, 0x04, 0x0f, 0xcf, 0xc7, 0xc3, 0xc1, 0x90, 0xc0, 0x04, 0xc1, 0xc3, 0xc7, 0xcf,
    0x0f, 0x98, 0x1f, 0x04, 0x0f, 0x0f, 0x07, 0x03, 0x01, 0xff, 0x00, 0x93, 0x00,
};

static const uint8_t s_anim_thinking_f17[] = {
    0xd9, 0x00, 0x00, 0xe0, 0x82, 0xf0, 0x00, 0xe0, 0x82, 0x00, 0x00, 0xe0, 0x82, 0xf0, 0x00, 0xe0,
    0x82, 0x00, 0x00, 0xe0, 0x82, 0xf0, 0x00, 0xe0, 0xa6, 0x00, 0x03, 0x80, 0xc0, 0xe0, 0xe0, 0x98,
    0xf0, 0x03, 0xe0, 0xe0, 0xc0, 0x80, 0x92, 0x00, 0x03, 0x80, 0xc0, 0xe0, 0xe0, 0x8c, 0xf0, 0x82,
    0xf1, 0x84, 0xf0, 0x82, 0xf1, 0x04, 0xf0, 0xe0, 0xe0, 0xc0, 0x80, 0x82, 0x01, 0xa5, 0x00, 0x00,
    0xfc, 0x98, 0xff, 0x84, 0x7f, 0x84, 0xff, 0x00, 0xfc, 0x8e, 0x00, 0x00, 0xfc, 0x98, 0xff, 0x84,
    0x7f, 0x84, 0xff, 0x00, 0xfc, 0xa6, 0x00, 0x96, 0xff, 0x01, 0x83, 0x01, 0x86, 0x00, 0x01, 0x01,
    0x83, 0x82, 0xff, 0x8e, 0x00, 0x96, 0xff, 0x01, 0x83, 0x01, 0x86, 0x00, 0x01, 0x01, 0x83, 0x82,
    0xff, 0xa6, 0x00, 0x98, 0xff, 0x00, 0xfe, 0x84, 0xfc, 0x00, 0xfe, 0x84, 0xff, 0x8e, 0x00, 0x98,
    0xff, 0x00, 0xfe, 0x84, 0xfc, 0x00, 0xfe, 0x84, 0xff, 0xa6, 0x00, 0x00, 0x7f, 0xa2, 0xff, 0x00,
    0x7f, 0x8e, 0x00, 0x00, 0x7f, 0xa2, 0xff, 0x00, 0x7f, 0xa7, 0x00, 0x04, 0x01, 0x03, 0x07, 0x0f,
    0x0f, 0x98, 0x1f, 0x04, 0x0f, 0xcf, 0xc7, 0xc3, 0xc1, 0x90, 0xc0, 0x04, 0xc1, 0xc3, 0xc7, 0xcf,
    0x0f, 0x98, 0x1f, 0x04, 0x0f, 0x0f, 0x07, 0x03, 0x01, 0xff, 0x00, 0x93, 0x00,
};

static const uint8_t s_anim_thinking_f18[] = {
    0xd9, 0x00, 0x00, 0xe0, 0x82, 0xf0, 0x00, 0xe0, 0x82, 0x00, 0x00, 0xe0, 0x82, 0xf0, 0x00, 0xe0,
    0x82, 0x00, 0x00, 0xe0, 0x82, 0xf0, 0x00, 0xe0, 0xa6, 0x00, 0x03, 0x80, 0xc0, 0xe0, 0xe0, 0x98,
    0xf0, 0x03, 0xe0, 0xe0, 0xc0, 0x80, 0x92, 0x00, 0x03, 0x80, 0xc0, 0xe0, 0xe0, 0x8c, 0xf0, 0x82,
    0xf1, 0x84, 0xf0, 0x82, 0xf1, 0x04, 0xf0, 0xe0, 0xe0, 0xc0, 0x80, 0x82, 0x01, 0xa5, 0x00, 0x00,
    0xfc, 0x98, 0xff, 0x84, 0x7f, 0x84, 0xff, 0x00, 0xfc, 0x8e, 0x00, 0x00, 0xfc, 0x98, 0xff, 0x84,
    0x7f, 0x84, 0xff, 0x00, 0xfc, 0xa6, 0x00, 0x96, 0xff, 0x01, 0x83, 0x01, 0x86, 0x00, 0x01, 0x01,
    0x83, 0x82, 0xff, 0x8e, 0x00, 0x96, 0xff, 0x01, 0x83, 0x01, 0x86, 0x00, 0x01, 0x01, 0x83, 0x82,
    0xff, 0xa6, 0x00, 0x98, 0xff, 0x00, 0xfe, 0x84, 0xfc, 0x00, 0xfe, 0x84, 0xff, 0x8e, 0x00, 0x98,
    0xff, 0x00, 0xfe, 0x84, 0xfc, 0x00, 0xfe, 0x84, 0xff, 0xa6, 0x00, 0x00, 0x7f, 0xa2, 0xff, 0x00,
    0x7f, 0x8e, 0x00, 0x00, 0x7f, 0xa2, 0xff, 0x00, 0x7f, 0xa7, 0x00, 0x04, 0x01, 0x03, 0x07, 0x0f,
    0x0f, 0x98, 0x1f, 0x04, 0x0f, 0xcf, 0xc7, 0xc3, 0xc1, 0x90, 0xc0, 0x04, 0xc1, 0xc3, 0xc7, 0xcf,
    0x0f, 0x98, 0x1f, 0x04, 0x0f, 0x0f, 0x07, 0x03, 0x01, 0xff, 0x00, 0x93, 0x00,
};

static const uint8_t s_anim_thinking_f19[] = {
    0xd9, 0x00, 0x00, 0xe0, 0x82, 0xf0, 0x00, 0xe0, 0x82, 0x00, 0x00, 0xe0, 0x82, 0xf0, 0x00, 0xe0,
    0x82, 0x00, 0x00, 0xe0, 0x82, 0xf0, 0x00, 0xe0, 0xa6, 0x00, 0x03, 0x80, 0xc0, 0xe0, 0xe0, 0x98,
    0xf0, 0x03, 0xe0, 0xe0, 0xc0, 0x80, 0x92, 0x00, 0x03, 0x80, 0xc0, 0xe0, 0xe0, 0x8c, 0xf0, 0x82,
    0xf1, 0x84, 0xf0, 0x82, 0xf1, 0x04, 0xf0, 0xe0, 0xe0, 0xc0, 0x80, 0x82, 0x01, 0xa5, 0x00, 0x00,
    0xfc, 0x98, 0xff, 0x84, 0x7f, 0x84, 0xff, 0x00, 0xfc, 0x8e, 0x00, 0x00, 0xfc, 0x98, 0xff, 0x84,
    0x7f, 0x84, 0xff, 0x00, 0xfc, 0xa6, 0x00, 0x96, 0xff, 0x01, 0x83, 0x01, 0x86, 0x00, 0x01, 0x01,
    0x83, 0x82, 0xff, 0x8e, 0x00, 0x96, 0xff, 0x01, 0x83, 0x01, 0x86, 0x00, 0x01, 0x01, 0x83, 0x82,
    0xff, 0xa6, 0x00, 0x98, 0xff, 0x00, 0xfe, 0x84, 0xfc, 0x00, 0xfe, 0x84, 0xff, 0x8e, 0x00, 0x98,
    0xff, 0x00, 0xfe, 0x84, 0xfc, 0x00, 0xfe, 0x84, 0xff, 0xa6, 0x00, 0x00, 0x7f, 0xa2, 0xff, 0x00,
    0x7f, 0x8e, 0x00, 0x00, 0x7f, 0xa2, 0xff, 0x00, 0x7f, 0xa7, 0x00, 0x04, 0x01, 0x03, 0x07, 0x0f,
    0x0f, 0x98, 0x1f, 0x04, 0x0f, 0xcf, 0xc7, 0xc3, 0xc1, 0x90, 0xc0, 0x04, 0xc1, 0xc3, 0xc7, 0xcf,
    0x0f, 0x98, 0x1f, 0x04, 0x0f, 0x0f, 0x07, 0x03, 0x01, 0xff, 0x00, 0x93, 0x00,
};

static const uint8_t s_anim_thinking_f20[] = {
    0xd9, 0x00, 0x00, 0xe0, 0x82, 0xf0, 0x00, 0xe0, 0x82, 0x00, 0x00, 0xe0, 0x82, 0xf0, 0x00, 0xe0,
    0x82, 0x00, 0x00, 0xe0, 0x82, 0xf0, 0x00, 0xe0, 0xa6, 0x00, 0x03, 0x80, 0xc0, 0xe0, 0xe0, 0x98,
    0xf0, 0x03, 0xe0, 0xe0, 0xc0, 0x80, 0x92, 0x00, 0x03, 0x80, 0xc0, 0xe0, 0xe0, 0x8c, 0xf0, 0x82,
    0xf1, 0x84, 0xf0, 0x82, 0xf1, 0x04, 0xf0, 0xe0, 0xe0, 0xc0, 0x80, 0x82, 0x01, 0xa5, 0x00, 0x00,
    0xfc, 0x98, 0xff, 0x84, 0x7f, 0x84, 0xff, 0x00, 0xfc, 0x8e, 0x00, 0x00, 0xfc, 0x98, 0xff, 0x84,
    0x7f, 0x84, 0xff, 0x00, 0xfc, 0xa6, 0x00, 0x96, 0xff, 0x01, 0x83, 0x01, 0x86, 0x00, 0x01, 0x01,
    0x83, 0x82, 0xff, 0x8e, 0x00, 0x96, 0xff, 0x01, 0x83, 0x01, 0x86, 0x00, 0x01, 0x01, 0x83, 0x82,
    0xff, 0xa6, 0x00, 0x98, 0xff, 0x00, 0xfe, 0x84, 0xfc, 0x00, 0xfe, 0x84, 0xff, 0x8e, 0x00, 0x98,
    0xff, 0x00, 0xfe, 0x84, 0xfc, 0x00, 0xfe, 0x84, 0xff, 0xa6, 0x00, 0x00, 0x7f, 0xa2, 0xff, 0x00,
    0x7f, 0x8e, 0x00, 0x00, 0x7f, 0xa2, 0xff, 0x00, 0x7f, 0xa7, 0x00, 0x04, 0x01, 0x03, 0x07, 0x0f,
    0x0f, 0x98, 0x1f, 0x04, 0x0f, 0xcf, 0xc7, 0xc3, 0xc1, 0x90, 0xc0, 0x04, 0xc1, 0xc3, 0xc7, 0xcf,
    0x0f, 0x98, 0x1f, 0x04, 0x0f, 0x0f, 0x07, 0x03, 0x01, 0xff, 0x00, 0x93, 0x00,
};

static const uint8_t s_anim_thinking_f21[] = {
    0xd9, 0x00, 0x00, 0xe0, 0x82, 0xf0, 0x00, 0xe0, 0x82, 0x00, 0x00, 0xe0, 0x82, 0xf0, 0x00, 0xe0,
    0x82, 0x00, 0x00, 0xe0, 0x82, 0xf0, 0x00, 0xe0, 0xa6, 0x00, 0x03, 0x80, 0xc0, 0xe0, 0xe0, 0x98,
    0xf0, 0x03, 0xe0, 0xe0, 0xc0, 0x80, 0x92, 0x00, 0x03, 0x80, 0xc0, 0xe0, 0xe0, 0x8c, 0xf0, 0x82,
    0xf1, 0x84, 0xf0, 0x82, 0xf1, 0x04, 0xf0, 0xe0, 0xe0, 0xc0, 0x80, 0x82, 0x01, 0xa5, 0x00, 0x00,
    0xfc, 0x98, 0xff, 0x84, 0x7f, 0x84, 0xff, 0x00, 0xfc, 0x8e, 0x00, 0x00, 0xfc, 0x98, 0xff, 0x84,
    0x7f, 0x84, 0xff, 0x00, 0xfc, 0xa6, 0x00, 0x96, 0xff, 0x01, 0x83, 0x01, 0x86, 0x00, 0x01, 0x01,
    0x83, 0x82, 0xff, 0x8e, 0x00, 0x96, 0xff, 0x01, 0x83, 0x01, 0x86, 0x00, 0x01, 0x01, 0x83, 0x82,
    0xff, 0xa6, 0x00, 0x98, 0xff, 0x00, 0xfe, 0x84, 0xfc, 0x00, 0xfe, 0x84, 0xff, 0x8e, 0x00, 0x98,
    0xff, 0x00, 0xfe, 0x84, 0xfc, 0x00, 0xfe, 0x84, 0xff, 0xa6, 0x00, 0x00, 0x7f, 0xa2, 0xff, 0x00,
    0x7f, 0x8e, 0x00, 0x00, 0x7f, 0xa2, 0xff, 0x00, 0x7f, 0xa7, 0x00, 0x04, 0x01, 0x03, 0x07, 0x0f,
    0x0f, 0x98, 0x1f, 0x04, 0x0f, 0xcf, 0xc7, 0xc3, 0xc1, 0x90, 0xc0, 0x04, 0xc1, 0xc3, 0xc7, 0xcf,
    0x0f, 0x98, 0x1f, 0x04, 0x0f, 0x0f, 0x07, 0x03, 0x01, 0xff, 0x00, 0x93, 0x00,
};

static const uint8_t s_anim_thinking_f22[] = {
    0xd9, 0x00, 0x00, 0xe0, 0x82, 0xf0, 0x00, 0xe0, 0x82, 0x00, 0x00, 0xe0, 0x82, 0xf0, 0x00, 0xe0,
    0x82, 0x00, 0x00, 0xe0, 0x82, 0xf0, 0x00, 0xe0, 0xa6, 0x00, 0x03, 0x80, 0xc0, 0xe0, 0xe0, 0x98,
    0xf0, 0x03, 0xe0, 0xe0, 0xc0, 0x80, 0x92, 0x00, 0x03, 0x80, 0xc0, 0xe0, 0xe0, 0x8c, 0xf0, 0x82,
    0xf1, 0x84, 0xf0, 0x82, 0xf1, 0x04, 0xf0, 0xe0, 0xe0, 0xc0, 0x80, 0x82, 0x01, 0xa5, 0x00, 0x00,
    0xfc, 0x98, 0xff, 0x84, 0x7f, 0x84, 0xff, 0x00, 0xfc, 0x8e, 0x00, 0x00, 0xfc, 0x98, 0xff, 0x84,
    0x7f, 0x84, 0xff, 0x00, 0xfc, 0xa6, 0x00, 0x96, 0xff, 0x01, 0x83, 0x01, 0x86, 0x00, 0x01, 0x01,
    0x83, 0x82, 0xff, 0x8e, 0x00, 0x96, 0xff, 0x01, 0x83, 0x01, 0x86, 0x00, 0x01, 0x01, 0x83, 0x82,
    0xff, 0xa6, 0x00, 0x98, 0xff, 0x00, 0xfe, 0x84, 0xfc, 0x00, 0xfe, 0x84, 0xff, 0x8e, 0x00, 0x98,
    0xff, 0x00, 0xfe, 0x84, 0xfc, 0x00, 0xfe, 0x84, 0xff, 0xa6, 0x00, 0x00, 0x7f, 0xa2, 0xff, 0x00,
    0x7f, 0x8e, 0x00, 0x00, 0x7f, 0xa2, 0xff, 0x00, 0x7f, 0xa7, 0x00, 0x04, 0x01, 0x03, 0x07, 0x0f,
    0x0f, 0x98, 0x1f, 0x04, 0x0f, 0xcf, 0xc7, 0xc3, 0xc1, 0x90, 0xc0, 0x04, 0xc1, 0xc3, 0xc7, 0xcf,
    0x0f, 0x98, 0x1f, 0x04, 0x0f, 0x0f, 0x07, 0x03, 0x01, 0xff, 0x00, 0x93, 0x00,
};

static const uint8_t s_anim_thinking_f23[] = {
    0xd9, 0x00, 0x00, 0xe0, 0x82, 0xf0, 0x00, 0xe0, 0x82, 0x00, 0x00, 0xe0, 0x82, 0xf0, 0x00, 0xe0,
    0x83, 0x00, 0x02, 0x40, 0xe0, 0x40, 0xa7, 0x00, 0x03, 0x80, 0xc0, 0xe0, 0xe0, 0x98, 0xf0, 0x03,
    0xe0, 0xe0, 0xc0, 0x80, 0x92, 0x00, 0x03, 0x80, 0xc0, 0xe0, 0xe0, 0x8c, 0xf0, 0x82, 0xf1, 0x84,
    0xf0, 0x82, 0xf1, 0x04, 0xf0, 0xe0, 0xe0, 0xc0, 0x80, 0xa8, 0x00, 0x00, 0xfc, 0x98, 0xff, 0x84,
    0x7f, 0x84, 0xff, 0x00, 0xfc, 0x8e, 0x00, 0x00, 0xfc, 0x98, 0xff, 0x84, 0x7f, 0x84, 0xff, 0x00,
    0xfc, 0xa6, 0x00, 0x96, 0xff, 0x01, 0x83, 0x01, 0x86, 0x00, 0x01, 0x01, 0x83, 0x82, 0xff, 0x8e,
    0x00, 0x96, 0xff, 0x01, 0x83, 0x01, 0x86, 0x00, 0x01, 0x01, 0x83, 0x82, 0xff, 0xa6, 0x00, 0x98,
    0xff, 0x00, 0xfe, 0x84, 0xfc, 0x00, 0xfe, 0x84, 0xff, 0x8e, 0x00, 0x98, 0xff, 0x00, 0xfe, 0x84,
    0xfc, 0x00, 0xfe, 0x84, 0xff, 0xa6, 0x00, 0x00, 0x7f, 0xa2, 0xff, 0x00, 0x7f, 0x8e, 0x00, 0x00,
    0x7f, 0xa2, 0xff, 0x00, 0x7f, 0xa7, 0x00, 0x04, 0x01, 0x03, 0x07, 0x0f, 0x0f, 0x98, 0x1f, 0x04,
    0x0f, 0xcf, 0xc7, 0xc3, 0xc1, 0x90, 0xc0, 0x04, 0xc1, 0xc3, 0xc7, 0xcf, 0x0f, 0x98, 0x1f, 0x04,
    0x0f, 0x0f, 0x07, 0x03, 0x01, 0xff, 0x00, 0x93, 0x00,
};

static const uint8_t s_anim_thinking_f24[] = {
    0xd9, 0x00, 0x00, 0xe0, 0x82, 0xf0, 0x00, 0xe0, 0x82, 0x00, 0x00, 0xe0, 0x82, 0xf0, 0x00, 0xe0,
    0x83, 0x00, 0x02, 0x40, 0xe0, 0x40, 0xa7, 0x00, 0x03, 0x80, 0xc0, 0xe0, 0xe0, 0x98, 0xf0, 0x03,
    0xe0, 0xe0, 0xc0, 0x80, 0x92, 0x00, 0x03, 0x80, 0xc0, 0xe0, 0xe0, 0x8c, 0xf0, 0x82, 0xf1, 0x84,
    0xf0, 0x82, 0xf1, 0x04, 0xf0, 0xe0, 0xe0, 0xc0, 0x80, 0xa8, 0x00, 0x00, 0xfc, 0x98, 0xff, 0x84,
    0x7f, 0x84, 0xff, 0x00, 0xfc, 0x8e, 0x00, 0x00, 0xfc, 0x98, 0xff, 0x84, 0x7f, 0x84, 0xff, 0x00,
    0xfc, 0xa6, 0x00, 0x96, 0xff, 0x01, 0x83, 0x01, 0x86, 0x00, 0x01, 0x01, 0x83, 0x82, 0xff, 0x8e,
    0x00, 0x96, 0xff, 0x01, 0x83, 0x01, 0x86, 0x00, 0x01, 0x01, 0x83, 0x82, 0xff, 0xa6, 0x00, 0x98,
    0xff, 0x00, 0xfe, 0x84, 0xfc, 0x00, 0xfe, 0x84, 0xff, 0x8e, 0x00, 0x98, 0xff, 0x00, 0xfe, 0x84,
    0xfc, 0x00, 0xfe, 0x84, 0xff, 0xa6, 0x00, 0x00, 0x7f, 0xa2, 0xff, 0x00, 0x7f, 0x8e, 0x00, 0x00,
    0x7f, 0xa2, 0xff, 0x00, 0x7f, 0xa7, 0x00, 0x04, 0x01, 0x03, 0x07, 0x0f, 0x0f, 0x98, 0x1f, 0x04,
    0x0f, 0xcf, 0xc7, 0xc3, 0xc1, 0x90, 0xc0, 0x04, 0xc1, 0xc3, 0xc7, 0xcf, 0x0f, 0x98, 0x1f, 0x04,
    0x0f, 0x0f, 0x07, 0x03, 0x01, 0xff, 0x00, 0x93, 0x00,
};

static const uint8_t s_anim_thinking_f25[] = {
    0xd9, 0x00, 0x00, 0xe0, 0x82, 0xf0, 0x00, 0xe0, 0x82, 0x00, 0x00, 0xe0, 0x82, 0xf0, 0x00, 0xe0,
    0x83, 0x00, 0x02, 0x40, 0xe0, 0x40, 0xa7, 0x00, 0x03, 0x80, 0xc0, 0xe0, 0xe0, 0x98, 0xf0, 0x03,
    0xe0, 0xe0, 0xc0, 0x80, 0x92, 0x00, 0x03, 0x80, 0xc0, 0xe0, 0xe0, 0x8c, 0xf0, 0x82, 0xf1, 0x84,
    0xf0, 0x82, 0xf1, 0x04, 0xf0, 0xe0, 0xe0, 0xc0, 0x80, 0xa8, 0x00, 0x00, 0xfc, 0x98, 0xff, 0x84,
    0x7f, 0x84, 0xff, 0x00, 0xfc, 0x8e, 0x00, 0x00, 0xfc, 0x98, 0xff, 0x84, 0x7f, 0x84, 0xff, 0x00,
    0xfc, 0xa6, 0x00, 0x96, 0xff, 0x01, 0x83, 0x01, 0x86, 0x00, 0x01, 0x01, 0x83, 0x82, 0xff, 0x8e,
    0x00, 0x96, 0xff, 0x01, 0x83, 0x01, 0x86, 0x00, 0x01, 0x01, 0x83, 0x82, 0xff, 0xa6, 0x00, 0x98,
    0xff, 0x00, 0xfe, 0x84, 0xfc, 0x00, 0xfe, 0x84, 0xff, 0x8e, 0x00, 0x98, 0xff, 0x00, 0xfe, 0x84,
    0xfc, 0x00, 0xfe, 0x84, 0xff, 0xa6, 0x00, 0x00, 0x7f, 0xa2, 0xff, 0x00, 0x7f, 0x8e, 0x00, 0x00,
    0x7f, 0xa2, 0xff, 0x00, 0x7f, 0xa7, 0x00, 0x04, 0x01, 0x03, 0x07, 0x0f, 0x0f, 0x98, 0x1f, 0x04,
    0x0f, 0xcf, 0xc7, 0xc3, 0xc1, 0x90, 0xc0, 0x04, 0xc1, 0xc3, 0xc7, 0xcf, 0x0f, 0x98, 0x1f, 0x04,
    0x0f, 0x0f, 0x07, 0x03, 0x01, 0xff, 0x00, 0x93, 0x00,
};

static const uint8_t s_anim_thinking_f26[] = {
    0xd9, 0x00, 0x00, 0xe0, 0x82, 0xf0, 0x00, 0xe0, 0x82, 0x00, 0x00, 0xe0, 0x82, 0xf0, 0x00, 0xe0,
    0x83, 0x00, 0x02, 0x40, 0xe0, 0x40, 0xa7, 0x00, 0x03, 0x80, 0xc0, 0xe0, 0xe0, 0x98, 0xf0, 0x03,
    0xe0, 0xe0, 0xc0, 0x80, 0x92, 0x00, 0x03, 0x80, 0xc0, 0xe0, 0xe0, 0x8c, 0xf0, 0x82, 0xf1, 0x84,
    0xf0, 0x82, 0xf1, 0x04, 0xf0, 0xe0, 0xe0, 0xc0, 0x80, 0xa8, 0x00, 0x00, 0xfc, 0x98, 0xff, 0x84,
    0x7f, 0x84, 0xff, 0x00, 0xfc, 0x8e, 0x00, 0x00, 0xfc, 0x98, 0xff, 0x84, 0x7f, 0x84, 0xff, 0x00,
    0xfc, 0xa6, 0x00, 0x96, 0xff, 0x01, 0x83, 0x01, 0x86, 0x00, 0x01, 0x01, 0x83, 0x82, 0xff, 0x8e,
    0x00, 0x96, 0xff, 0x01, 0x83, 0x01, 0x86, 0x00, 0x01, 0x01, 0x83, 0x82, 0xff, 0xa6, 0x00, 0x98,
    0xff, 0x00, 0xfe, 0x84, 0xfc, 0x00, 0xfe, 0x84, 0xff, 0x8e, 0x00, 0x98, 0xff, 0x00, 0xfe, 0x84,
    0xfc, 0x00, 0xfe, 0x84, 0xff, 0xa6, 0x00, 0x00, 0x7f, 0xa2, 0xff, 0x00, 0x7f, 0x8e, 0x00, 0x00,
    0x7f, 0xa2, 0xff, 0x00, 0x7f, 0xa7, 0x00, 0x04, 0x01, 0x03, 0x07, 0x0f, 0x0f, 0x98, 0x1f, 0x04,
    0x0f, 0xcf, 0xc7, 0xc3, 0xc1, 0x90, 0xc0, 0x04, 0xc1, 0xc3, 0xc7, 0xcf, 0x0f, 0x98, 0x1f, 0x04,
    0x0f, 0x0f, 0x07, 0x03, 0x01, 0xff, 0x00, 0x93, 0x00,
};

static const uint8_t s_anim_thinking_f27[] = {
    0xd9, 0x00, 0x00, 0xe0, 0x82, 0xf0, 0x00, 0xe0, 0x83, 0x00, 0x02, 0x40, 0xe0, 0x40, 0x84, 0x00,
    0x02, 0x40, 0xe0, 0x40, 0xa7, 0x00, 0x03, 0x80, 0xc0, 0xe0, 0xe0, 0x98, 0xf0, 0x03, 0xe0, 0xe0,
    0xc0, 0x80, 0x92, 0x00, 0x03, 0x80, 0xc0, 0xe0, 0xe0, 0x8c, 0xf0, 0x82, 0xf1, 0x88, 0xf0, 0x03,
    0xe0, 0xe0, 0xc0, 0x80, 0xa8, 0x00, 0x00, 0xfc, 0x98, 0xff, 0x84, 0x7f, 0x84, 0xff, 0x00, 0xfc,
    0x8e, 0x00, 0x00, 0xfc, 0x98, 0xff, 0x84, 0x7f, 0x84, 0xff, 0x00, 0xfc, 0xa6, 0x00, 0x96, 0xff,
    0x01, 0x83, 0x01, 0x86, 0x00, 0x01, 0x01, 0x83, 0x82, 0xff, 0x8e, 0x00, 0x96, 0xff, 0x01, 0x83,
    0x01, 0x86, 0x00, 0x01, 0x01, 0x83, 0x82, 0xff, 0xa6, 0x00, 0x98, 0xff, 0x00, 0xfe, 0x84, 0xfc,
    0x00, 0xfe, 0x84, 0xff, 0x8e, 0x00, 0x98, 0xff, 0x00, 0xfe, 0x84, 0xfc, 0x00, 0xfe, 0x84, 0xff,
    0xa6, 0x00, 0x00, 0x7f, 0xa2, 0xff, 0x00, 0x7f, 0x8e, 0x00, 0x00, 0x7f, 0xa2, 0xff, 0x00, 0x7f,
    0xa7, 0x00, 0x04, 0x01, 0x03, 0x07, 0x0f, 0x0f, 0x98, 0x1f, 0x04, 0x0f, 0xcf, 0xc7, 0xc3, 0xc1,
    0x90, 0xc0, 0x04, 0xc1, 0xc3, 0xc7, 0xcf, 0x0f, 0x98, 0x1f, 0x04, 0x0f, 0x0f, 0x07, 0x03, 0x01,
    0xff, 0x00, 0x93, 0x00,
};

static const uint8_t s_anim_thinking_f28[] = {
    0xd9, 0x00, 0x00, 0xe0, 0x82, 0xf0, 0x00, 0xe0, 0x83, 0x00, 0x02, 0x40, 0xe0, 0x40, 0x84, 0x00,
    0x02, 0x40, 0xe0, 0x40, 0xa7, 0x00, 0x03, 0x80, 0xc0, 0xe0, 0xe0, 0x98, 0xf0, 0x03, 0xe0, 0xe0,
    0xc0, 0x80, 0x92, 0x00, 0x03, 0x80, 0xc0, 0xe0, 0xe0, 0x8c, 0xf0, 0x82, 0xf1, 0x88, 0xf0, 0x03,
    0xe0, 0xe0, 0xc0, 0x80, 0xa8, 0x00, 0x00, 0xfc, 0x98, 0xff, 0x84, 0x7f, 0x84, 0xff, 0x00, 0xfc,
    0x8e, 0x00, 0x00, 0xfc, 0x98, 0xff, 0x84, 0x7f, 0x84, 0xff, 0x00, 0xfc, 0xa6, 0x00, 0x96, 0xff,
    0x01, 0x83, 0x01, 0x86, 0x00, 0x01, 0x01, 0x83, 0x82, 0xff, 0x8e, 0x00, 0x96, 0xff, 0x01, 0x83,
    0x01, 0x86, 0x00, 0x01, 0x01, 0x83, 0x82, 0xff, 0xa6, 0x00, 0x98, 0xff, 0x00, 0xfe, 0x84, 0xfc,
    0x00, 0xfe, 0x84, 0xff, 0x8e, 0x00, 0x98, 0xff, 0x00, 0xfe, 0x84, 0xfc, 0x00, 0xfe, 0x84, 0xff,
    0xa6, 0x00, 0x00, 0x7f, 0xa2, 0xff, 0x00, 0x7f, 0x8e, 0x00, 0x00, 0x7f, 0xa2, 0xff, 0x00, 0x7f,
    0xa7, 0x00, 0x04, 0x01, 0x03, 0x07, 0x0f, 0x0f, 0x98, 0x1f, 0x04, 0x0f, 0xcf, 0xc7, 0xc3, 0xc1,
    0x90, 0xc0, 0x04, 0xc1, 0xc3, 0xc7, 0xcf, 0x0f, 0x98, 0x1f, 0x04, 0x0f, 0x0f, 0x07, 0x03, 0x01,
    0xff, 0x00, 0x93, 0x00,
};

static const uint8_t s_anim_thinking_f29[] = {
    0xd9, 0x00, 0x00, 0xe0, 0x82, 0xf0, 0x00, 0xe0, 0x83, 0x00, 0x02, 0x40, 0xe0, 0x40, 0x84, 0x00,
    0x02, 0x40, 0xe0, 0x40, 0xa7, 0x00, 0x03, 0x80, 0xc0, 0xe0, 0xe0, 0x98, 0xf0, 0x03, 0xe0, 0xe0,
    0xc0, 0x80, 0x92, 0x00, 0x03, 0x80, 0xc0, 0xe0, 0xe0, 0x8c, 0xf0, 0x82, 0xf1, 0x88, 0xf0, 0x03,
    0xe0, 0xe0, 0xc0, 0x80, 0xa8, 0x00, 0x00, 0xfc, 0x98, 0xff, 0x84, 0x7f, 0x84, 0xff, 0x00, 0xfc,
    0x8e, 0x00, 0x00, 0xfc, 0x98, 0xff, 0x84, 0x7f, 0x84, 0xff, 0x00, 0xfc, 0xa6, 0x00, 0x96, 0xff,
    0x01, 0x83, 0x01, 0x86, 0x00, 0x01, 0x01, 0x83, 0x82, 0xff, 0x8e, 0x00, 0x96, 0xff, 0x01, 0x83,
    0x01, 0x86, 0x00, 0x01, 0x01, 0x83, 0x82, 0xff, 0xa6, 0x00, 0x98, 0xff, 0x00, 0xfe, 0x84, 0xfc,
    0x00, 0xfe, 0x84, 0xff, 0x8e, 0x00, 0x98, 0xff, 0x00, 0xfe, 0x84, 0xfc, 0x00, 0xfe, 0x84, 0xff,
    0xa6, 0x00, 0x00, 0x7f, 0xa2, 0xff, 0x00, 0x7f, 0x8e, 0x00, 0x00, 0x7f, 0xa2, 0xff, 0x00, 0x7f,
    0xa7, 0x00, 0x04, 0x01, 0x03, 0x07, 0x0f, 0x0f, 0x98, 0x1f, 0x04, 0x0f, 0xcf, 0xc7, 0xc3, 0xc1,
    0x90, 0xc0, 0x04, 0xc1, 0xc3, 0xc7, 0xcf, 0x0f, 0x98, 0x1f, 0x04, 0x0f, 0x0f, 0x07, 0x03, 0x01,
    0xff, 0x00, 0x93, 0x00,
};

static const uint8_t s_anim_thinking_f30[] = {
    0xd9, 0x00, 0x00, 0xe0, 0x82, 0xf0, 0x00, 0xe0, 0x83, 0x00, 0x02, 0x40, 0xe0, 0x40, 0x84, 0x00,
    0x02, 0x40, 0xe0, 0x40, 0xa7, 0x00, 0x03, 0x80, 0xc0, 0xe0, 0xe0, 0x98, 0xf0, 0x03, 0xe0, 0xe0,
    0xc0, 0x80, 0x92, 0x00, 0x03, 0x80, 0xc0, 0xe0, 0xe0, 0x8c, 0xf0, 0x82, 0xf1, 0x88, 0xf0, 0x03,
    0xe0, 0xe0, 0xc0, 0x80, 0xa8, 0x00, 0x00, 0xfc, 0x98, 0xff, 0x84, 0x7f, 0x84, 0xff, 0x00, 0xfc,
    0x8e, 0x00, 0x00, 0xfc, 0x98, 0xff, 0x84, 0x7f, 0x84, 0xff, 0x00, 0xfc, 0xa6, 0x00, 0x96, 0xff,
    0x01, 0x83, 0x01, 0x86, 0x00, 0x01, 0x01, 0x83, 0x82, 0xff, 0x8e, 0x00, 0x96, 0xff, 0x01, 0x83,
    0x01, 0x86, 0x00, 0x01, 0x01, 0x83, 0x82, 0xff, 0xa6, 0x00, 0x98, 0xff, 0x00, 0xfe, 0x84, 0xfc,
    0x00, 0xfe, 0x84, 0xff, 0x8e, 0x00, 0x98, 0xff, 0x00, 0xfe, 0x84, 0xfc, 0x00, 0xfe, 0x84, 0xff,
    0xa6, 0x00, 0x00, 0x7f, 0xa2, 0xff, 0x00, 0x7f, 0x8e, 0x00, 0x00, 0x7f, 0xa2, 0xff, 0x00, 0x7f,
    0xa7, 0x00, 0x04, 0x01, 0x03, 0x07, 0x0f, 0x0f, 0x98, 0x1f, 0x04, 0x0f, 0xcf, 0xc7, 0xc3, 0xc1,
    0x90, 0xc0, 0x04, 0xc1, 0xc3, 0xc7, 0xcf, 0x0f, 0x98, 0x1f, 0x04, 0x0f, 0x0f, 0x07, 0x03, 0x01,
    0xff, 0x00, 0x93, 0x00,
};

static const uint8_t s_anim_thinking_f31[] = {
    0xd9, 0x00, 0x00, 0xe0, 0x82, 0xf0, 0x00, 0xe0, 0x83, 0x00, 0x02, 0x40, 0xe0, 0x40, 0x84, 0x00,
    0x02, 0x40, 0xe0, 0x40, 0xa7, 0x00, 0x03, 0x80, 0xc0, 0xe0, 0xe0, 0x98, 0xf0, 0x03, 0xe0, 0xe0,
    0xc0, 0x80, 0x92, 0x00, 0x03, 0x80, 0xc0, 0xe0, 0xe0, 0x8c, 0xf0, 0x82, 0xf1, 0x88, 0xf0, 0x03,
    0xe0, 0xe0, 0xc0, 0x80, 0xa8, 0x00, 0x00, 0xfc, 0x98, 0xff, 0x84, 0x7f, 0x84, 0xff, 0x00, 0xfc,
    0x8e, 0x00, 0x00, 0xfc, 0x98, 0xff, 0x84, 0x7f, 0x84, 0xff, 0x00, 0xfc, 0xa6, 0x00, 0x96, 0xff,
    0x01, 0x83, 0x01, 0x86, 0x00, 0x01, 0x01, 0x83, 0x82, 0xff, 0x8e, 0x00, 0x96, 0xff, 0x01, 0x83,
    0x01, 0x86, 0x00, 0x01, 0x01, 0x83, 0x82, 0xff, 0xa6, 0x00, 0x98, 0xff, 0x00, 0xfe, 0x84, 0xfc,
    0x00, 0xfe, 0x84, 0xff, 0x8e, 0x00, 0x98, 0xff, 0x00, 0xfe, 0x84, 0xfc, 0x00, 0xfe, 0x84, 0xff,
    0xa6, 0x00, 0x00, 0x7f, 0xa2, 0xff, 0x00, 0x7f, 0x8e, 0x00, 0x00, 0x7f, 0xa2, 0xff, 0x00, 0x7f,
    0xa7, 0x00, 0x04, 0x01, 0x03, 0x07, 0x0f, 0x0f, 0x98, 0x1f, 0x04, 0x0f, 0xcf, 0xc7, 0xc3, 0xc1,
    0x90, 0xc0, 0x04, 0xc1, 0xc3, 0xc7, 0xcf, 0x0f, 0x98, 0x1f, 0x04, 0x0f, 0x0f, 0x07, 0x03, 0x01,
    0xff, 0x00, 0x93, 0x00,
};

static const uint8_t s_anim_thinking_f32[] = {
    0xda, 0x00, 0x02, 0x40, 0xe0, 0x40, 0x84, 0x00, 0x02, 0x40, 0xe0, 0x40, 0x84, 0x00, 0x02, 0x40,
    0xe0, 0x40, 0xa7, 0x00, 0x03, 0x80, 0xc0, 0xe0, 0xe0, 0x98, 0xf0, 0x03, 0xe0, 0xe0, 0xc0, 0x80,
    0x92, 0x00, 0x03, 0x80, 0xc0, 0xe0, 0xe0, 0x98, 0xf0, 0x03, 0xe0, 0xe0, 0xc0, 0x80, 0xa8, 0x00,
    0x00, 0xfc, 0x98, 0xff, 0x84, 0x7f, 0x84, 0xff, 0x00, 0xfc, 0x8e, 0x00, 0x00, 0xfc, 0x98, 0xff,
    0x84, 0x7f, 0x84, 0xff, 0x00, 0xfc, 0xa6, 0x00, 0x96, 0xff, 0x01, 0x83, 0x01, 0x86, 0x00, 0x01,
    0x01, 0x83, 0x82, 0xff, 0x8e, 0x00, 0x96, 0xff, 0x01, 0x83, 0x01, 0x86, 0x00, 0x01, 0x01, 0x83,
    0x82, 0xff, 0xa6, 0x00, 0x98, 0xff, 0x00, 0xfe, 0x84, 0xfc, 0x00, 0xfe, 0x84, 0xff, 0x8e, 0x00,
    0x98, 0xff, 0x00, 0xfe, 0x84, 0xfc, 0x00, 0xfe, 0x84, 0xff, 0xa6, 0x00, 0x00, 0x7f, 0xa2, 0xff,
    0x00, 0x7f, 0x8e, 0x00, 0x00, 0x7f, 0xa2, 0xff, 0x00, 0x7f, 0xa7, 0x00, 0x04, 0x01, 0x03, 0x07,
    0x0f, 0x0f, 0x98, 0x1f, 0x04, 0x0f, 0xcf, 0xc7, 0xc3, 0xc1, 0x90, 0xc0, 0x04, 0xc1, 0xc3, 0xc7,
    0xcf, 0x0f, 0x98, 0x1f, 0x04, 0x0f, 0x0f, 0x07, 0x03, 0x01, 0xff, 0x00, 0x93, 0x00,
};

static const uint8_t s_anim_thinking_f33[] = {
    0xda, 0x00, 0x02, 0x40, 0xe0, 0x40, 0x84, 0x00, 0x02, 0x40, 0xe0, 0x40, 0x84, 0x00, 0x02, 0x40,
    0xe0, 0x40, 0xa7, 0x00, 0x03, 0x80, 0xc0, 0xe0, 0xe0, 0x98, 0xf0, 0x03, 0xe0, 0xe0, 0xc0, 0x80,
    0x92, 0x00, 0x03, 0x80, 0xc0, 0xe0, 0xe0, 0x98, 0xf0, 0x03, 0xe0, 0xe0, 0xc0, 0x80, 0xa8, 0x00,
    0x00, 0xfc, 0x98, 0xff, 0x84, 0x7f, 0x84, 0xff, 0x00, 0xfc, 0x8e, 0x00, 0x00, 0xfc, 0x98, 0xff,
    0x84, 0x7f, 0x84, 0xff, 0x00, 0xfc, 0xa6, 0x00, 0x96, 0xff, 0x01, 0x83, 0x01, 0x86, 0x00, 0x01,
    0x01, 0x83, 0x82, 0xff, 0x8e, 0x00, 0x96, 0xff, 0x01, 0x83, 0x01, 0x86, 0x00, 0x01, 0x01, 0x83,
    0x82, 0xff, 0xa6, 0x00, 0x98, 0xff, 0x00, 0xfe, 0x84, 0xfc, 0x00, 0xfe, 0x84, 0xff, 0x8e, 0x00,
    0x98, 0xff, 0x00, 0xfe, 0x84, 0xfc, 0x00, 0xfe, 0x84, 0xff, 0xa6, 0x00, 0x00, 0x7f, 0xa2, 0xff,
    0x00, 0x7f, 0x8e, 0x00, 0x00, 0x7f, 0xa2, 0xff, 0x00, 0x7f, 0xa7, 0x00, 0x04, 0x01, 0x03, 0x07,
    0x0f, 0x0f, 0x98, 0x1f, 0x04, 0x0f, 0xcf, 0xc7, 0xc3, 0xc1, 0x90, 0xc0, 0x04, 0xc1, 0xc3, 0xc7,
    0xcf, 0x0f, 0x98, 0x1f, 0x04, 0x0f, 0x0f, 0x07, 0x03, 0x01, 0xff, 0x00, 0x93, 0x00,
};

static const uint8_t s_anim_thinking_f34[] = {
    0xda, 0x00, 0x02, 0x40, 0xe0, 0x40, 0x84, 0x00, 0x02, 0x40, 0xe0, 0x40, 0x84, 0x00, 0x02, 0x40,
    0xe0, 0x40, 0xa7, 0x00, 0x03, 0x80, 0xc0, 0xe0, 0xe0, 0x98, 0xf0, 0x03, 0xe0, 0xe0, 0xc0, 0x80,
    0x92, 0x00, 0x03, 0x80, 0xc0, 0xe0, 0xe0, 0x98, 0xf0, 0x03, 0xe0, 0xe0, 0xc0, 0x80, 0xa8, 0x00,
    0x00, 0xfc, 0x98, 0xff, 0x84, 0x7f, 0x84, 0xff, 0x00, 0xfc, 0x8e, 0x00, 0x00, 0xfc, 0x98, 0xff,
    0x84, 0x7f, 0x84, 0xff, 0x00, 0xfc, 0xa6, 0x00, 0x96, 0xff, 0x01, 0x83, 0x01, 0x86, 0x00, 0x01,
    0x01, 0x83, 0x82, 0xff, 0x8e, 0x00, 0x96, 0xff, 0x01, 0x83, 0x01, 0x86, 0x00, 0x01, 0x01, 0x83,
    0x82, 0xff, 0xa6, 0x00, 0x98, 0xff, 0x00, 0xfe, 0x84, 0xfc, 0x00, 0xfe, 0x84, 0xff, 0x8e, 0x00,
    0x98, 0xff, 0x00, 0xfe, 0x84, 0xfc, 0x00, 0xfe, 0x84, 0xff, 0xa6, 0x00, 0x00, 0x7f, 0xa2, 0xff,
    0x00, 0x7f, 0x8e, 0x00, 0x00, 0x7f, 0xa2, 0xff, 0x00, 0x7f, 0xa7, 0x00, 0x04, 0x01, 0x03, 0x07,
    0x0f, 0x0f, 0x98, 0x1f, 0x04, 0x0f, 0xcf, 0xc7, 0xc3, 0xc1, 0x90, 0xc0, 0x04, 0xc1, 0xc3, 0xc7,
    0xcf, 0x0f, 0x98, 0x1f, 0x04, 0x0f, 0x0f, 0x07, 0x03, 0x01, 0xff, 0x00, 0x93, 0x00,
};

static const uint8_t s_anim_thinking_f35[] = {
    0xda, 0x00, 0x02, 0x40, 0xe0, 0x40, 0x84, 0x00, 0x02, 0x40, 0xe0, 0x40, 0x84, 0x00, 0x02, 0x40,
    0xe0, 0x40, 0xa7, 0x00, 0x03, 0x80, 0xc0, 0xe0, 0xe0, 0x98, 0xf0, 0x03, 0xe0, 0xe0, 0xc0, 0x80,
    0x92, 0x00, 0x03, 0x80, 0xc0, 0xe0, 0xe0, 0x98, 0xf0, 0x03, 0xe0, 0xe0, 0xc0, 0x80, 0xa8, 0x00,
    0x00, 0xfc, 0x98, 0xff, 0x84, 0x7f, 0x84, 0xff, 0x00, 0xfc, 0x8e, 0x00, 0x00, 0xfc, 0x98, 0xff,
    0x84, 0x7f, 0x84, 0xff, 0x00, 0xfc, 0xa6, 0x00, 0x96, 0xff, 0x01, 0x83, 0x01, 0x86, 0x00, 0x01,
    0x01, 0x83, 0x82, 0xff, 0x8e, 0x00, 0x96, 0xff, 0x01, 0x83, 0x01, 0x86, 0x00, 0x01, 0x01, 0x83,
    0x82, 0xff, 0xa6, 0x00, 0x98, 0xff, 0x00, 0xfe, 0x84, 0xfc, 0x00, 0xfe, 0x84, 0xff, 0x8e, 0x00,
    0x98, 0xff, 0x00, 0xfe, 0x84, 0xfc, 0x00, 0xfe, 0x84, 0xff, 0xa6, 0x00, 0x00, 0x7f, 0xa2, 0xff,
    0x00, 0x7f, 0x8e, 0x00, 0x00, 0x7f, 0xa2, 0xff, 0x00, 0x7f, 0xa7, 0x00, 0x04, 0x01, 0x03, 0x07,
    0x0f, 0x0f, 0x98, 0x1f, 0x04, 0x0f, 0xcf, 0xc7, 0xc3, 0xc1, 0x90, 0xc0, 0x04, 0xc1, 0xc3, 0xc7,
    0xcf, 0x0f, 0x98, 0x1f, 0x04, 0x0f, 0x0f, 0x07, 0x03, 0x01, 0xff, 0x00, 0x93, 0x00,
};

static const uint8_t *const s_anim_thinking_frames[36] = {
    s_anim_thinking_f00,
    s_anim_thinking_f01,
    s_anim_thinking_f02,
    s_anim_thinking_f03,
    s_anim_thinking_f04,
    s_anim_thinking_f05,
    s_anim_thinking_f06,
    s_anim_thinking_f07,
    s_anim_thinking_f08,
    s_anim_thinking_f09,
    s_anim_thinking_f10,
    s_anim_thinking_f11,
    s_anim_thinking_f12,
    s_anim_thinking_f13,
    s_anim_thinking_f14,
    s_anim_thinking_f15,
    s_anim_thinking_f16,
    s_anim_thinking_f17,
    s_anim_thinking_f18,
    s_anim_thinking_f19,
    s_anim_thinking_f20,
    s_anim_thinking_f21,
    s_anim_thinking_f22,
    s_anim_thinking_f23,
    s_anim_thinking_f24,
    s_anim_thinking_f25,
    s_anim_thinking_f26,
    s_anim_thinking_f27,
    s_anim_thinking_f28,
    s_anim_thinking_f29,
    s_anim_thinking_f30,
    s_anim_thinking_f31,
    s_anim_thinking_f32,
    s_anim_thinking_f33,
    s_anim_thinking_f34,
    s_anim_thinking_f35,
};

static const uint16_t s_anim_thinking_sizes[36] = {
    174, 174, 174, 174, 174, 180, 180, 180,
    180, 180, 185, 185, 185, 185, 189, 189,
    189, 189, 189, 189, 189, 189, 189, 185,
    185, 185, 185, 180, 180, 180, 180, 180,
    174, 174, 174, 174,
};

static const uint8_t s_anim_excited_f00[] = {
    0x95, 0x00, 0x01, 0xc0, 0x40, 0x8d, 0xc0, 0x8c, 0xe0, 0x03, 0xa0, 0xa0, 0x20, 0x30, 0x92, 0x00,
    0x03, 0x30, 0x20, 0xa0, 0xa0, 0x8c, 0xe0, 0x8d, 0xc0, 0x01, 0x40, 0xc0, 0xa8, 0x00, 0x02, 0xf0,
    0xfc, 0xfe, 0x9e, 0xff, 0x02, 0xfe, 0xfc, 0xf0, 0x8e, 0x00, 0x02, 0xf0, 0xfc, 0xfe, 0x9e, 0xff,
    0x02, 0xfe, 0xfc, 0xf0, 0xa6, 0x00, 0xa4, 0xff, 0x8e, 0x00, 0xa4, 0xff, 0xa6, 0x00, 0x8b, 0xff,
    0x03, 0x3f, 0x1f, 0x0f, 0x07, 0x84, 0x03, 0x03, 0x07, 0x0f, 0x1f, 0x3f, 0x8b, 0xff, 0x8e, 0x00,
    0x8b, 0xff, 0x03, 0x3f, 0x1f, 0x0f, 0x07, 0x84, 0x03, 0x03, 0x07, 0x0f, 0x1f, 0x3f, 0x8b, 0xff,
    0xa6, 0x00, 0x8b, 0xff, 0x03, 0xf8, 0xf0, 0xe0, 0xc0, 0x84, 0x80, 0x03, 0xc0, 0xe0, 0xf0, 0xf8,
    0x8b, 0xff, 0x8e, 0x00, 0x8b, 0xff, 0x03, 0xf8, 0xf0, 0xe0, 0xc0, 0x84, 0x80, 0x03, 0xc0, 0xe0,
    0xf0, 0xf8, 0x8b, 0xff, 0xa6, 0x00, 0xa4, 0xff, 0x8e, 0x00, 0xa4, 0xff, 0xa6, 0x00, 0x01, 0x1f,
    0x7f, 0xa0, 0xff, 0x06, 0x7f, 0x1f, 0x00, 0x70, 0xfc, 0xfe, 0xfe, 0x84, 0xff, 0x06, 0xfe, 0xfe,
    0xfc, 0x70, 0x00, 0x1f, 0x7f, 0xa0, 0xff, 0x01, 0x7f, 0x1f, 0xa9, 0x00, 0x02, 0x01, 0x03, 0x03,
    0x98, 0x07, 0x02, 0x03, 0x03, 0x01, 0x84, 0x00, 0x02, 0x01, 0x03, 0x03, 0x84, 0x07, 0x02, 0x03,
    0x03, 0x01, 0x84, 0x00, 0x02, 0x01, 0x03, 0x03, 0x98, 0x07, 0x02, 0x03, 0x03, 0x01, 0x95, 0x00,
};

static const uint8_t s_anim_excited_f01[] = {
    0x95, 0x00, 0x01, 0xc0, 0x40, 0x8d, 0xc0, 0x8c, 0xe0, 0x03, 0xa0, 0xa0, 0x20, 0x30, 0x92, 0x00,
    0x03, 0x30, 0x20, 0xa0, 0xa0, 0x8c, 0xe0, 0x8d, 0xc0, 0x01, 0x40, 0xc0, 0xa8, 0x00, 0x02, 0xf0,
    0xfc, 0xfe, 0x9e, 0xff, 0x02, 0xfe, 0xfc, 0xf0, 0x8e, 0x00, 0x02, 0xf0, 0xfc, 0xfe, 0x9e, 0xff,
    0x02, 0xfe, 0xfc, 0xf0, 0xa6, 0x00, 0xa4, 0xff, 0x8e, 0x00, 0xa4, 0xff, 0xa6, 0x00, 0x8b, 0xff,
    0x03, 0x3f, 0x1f, 0x0f, 0x07, 0x84, 0x03, 0x03, 0x07, 0x0f, 0x1f, 0x3f, 0x8b, 0xff, 0x8e, 0x00,
    0x8b, 0xff, 0x03, 0x3f, 0x1f, 0x0f, 0x07, 0x84, 0x03, 0x03, 0x07, 0x0f, 0x1f, 0x3f, 0x8b, 0xff,
    0xa6, 0x00, 0x8b, 0xff, 0x03, 0xf8, 0xf0, 0xe0, 0xc0, 0x84, 0x80, 0x03, 0xc0, 0xe0, 0xf0, 0xf8,
    0x8b, 0xff, 0x8e, 0x00, 0x8b, 0xff, 0x03, 0xf8, 0xf0, 0xe0, 0xc0, 0x84, 0x80, 0x03, 0xc0, 0xe0,
    0xf0, 0xf8, 0x8b, 0xff, 0xa6, 0x00, 0xa4, 0xff, 0x8e, 0x00, 0xa4, 0xff, 0xa6, 0x00, 0x01, 0x1f,
    0x7f, 0xa0, 0xff, 0x06, 0x7f, 0x1f, 0x00, 0x70, 0xfc, 0xfe, 0xfe, 0x84, 0xff, 0x06, 0xfe, 0xfe,
    0xfc, 0x70, 0x00, 0x1f, 0x7f, 0xa0, 0xff, 0x01, 0x7f, 0x1f, 0xa9, 0x00, 0x02, 0x01, 0x03, 0x03,
    0x98, 0x07, 0x02, 0x03, 0x03, 0x01, 0x84, 0x00, 0x02, 0x01, 0x03, 0x03, 0x84, 0x07, 0x02, 0x03,
    0x03, 0x01, 0x84, 0x00, 0x02, 0x01, 0x03, 0x03, 0x98, 0x07, 0x02, 0x03, 0x03, 0x01, 0x95, 0x00,
};

static const uint8_t s_anim_excited_f02[] = {
    0x95, 0x00, 0x01, 0xc0, 0x40, 0x8d, 0xc0, 0x8c, 0xe0, 0x03, 0xa0, 0xa0, 0x20, 0x30, 0x92, 0x00,
    0x03, 0x30, 0x20, 0xa0, 0xa0, 0x8c, 0xe0, 0x8d, 0xc0, 0x01, 0x40, 0xc0, 0xa8, 0x00, 0x02, 0xf0,
    0xfc, 0xfe, 0x9e, 0xff, 0x02, 0xfe, 0xfc, 0xf0, 0x8e, 0x00, 0x02, 0xf0, 0xfc, 0xfe, 0x9e, 0xff,
    0x02, 0xfe, 0xfc, 0xf0, 0xa6, 0x00, 0xa4, 0xff, 0x8e, 0x00, 0xa4, 0xff, 0xa6, 0x00, 0x8b, 0xff,
    0x03, 0x3f, 0x1f, 0x0f, 0x07, 0x84, 0x03, 0x03, 0x07, 0x0f, 0x1f, 0x3f, 0x8b, 0xff, 0x8e, 0x00,
    0x8b, 0xff, 0x03, 0x3f, 0x1f, 0x0f, 0x07, 0x84, 0x03, 0x03, 0x07, 0x0f, 0x1f, 0x3f, 0x8b, 0xff,
    0xa6, 0x00, 0x8b, 0xff, 0x03, 0xf8, 0xf0, 0xe0, 0xc0, 0x84, 0x80, 0x03, 0xc0, 0xe0, 0xf0, 0xf8,
    0x8b, 0xff, 0x8e, 0x00, 0x8b, 0xff, 0x03, 0xf8, 0xf0, 0xe0, 0xc0, 0x84, 0x80, 0x03, 0xc0, 0xe0,
    0xf0, 0xf8, 0x8b, 0xff, 0xa6, 0x00, 0xa4, 0xff, 0x8e, 0x00, 0xa4, 0xff, 0xa6, 0x00, 0x01, 0x1f,
    0x7f, 0xa0, 0xff, 0x06, 0x7f, 0x1f, 0x00, 0x70, 0xfc, 0xfe, 0xfe, 0x84, 0xff, 0x06, 0xfe, 0xfe,
    0xfc, 0x70, 0x00, 0x1f, 0x7f, 0xa0, 0xff, 0x01, 0x7f, 0x1f, 0xa9, 0x00, 0x02, 0x01, 0x03, 0x03,
    0x98, 0x07, 0x02, 0x03, 0x03, 0x01, 0x84, 0x00, 0x02, 0x01, 0x03, 0x03, 0x84, 0x07, 0x02, 0x03,
    0x03, 0x01, 0x84, 0x00, 0x02, 0x01, 0x03, 0x03, 0x98, 0x07, 0x02, 0x03, 0x03, 0x01, 0x95, 0x00,
};

static const uint8_t s_anim_excited_f03[] = {
    0x95, 0x00, 0x01, 0xc0, 0x40, 0x8d, 0xc0, 0x8c, 0xe0, 0x03, 0xa0, 0xa0, 0x20, 0x30, 0x92, 0x00,
    0x03, 0x30, 0x20, 0xa0, 0xa0, 0x8c, 0xe0, 0x8d, 0xc0, 0x01, 0x40, 0xc0, 0xa8, 0x00, 0x02, 0xf0,
    0xfc, 0xfe, 0x9e, 0xff, 0x02, 0xfe, 0xfc, 0xf0, 0x8e, 0x00, 0x02, 0xf0, 0xfc, 0xfe, 0x9e, 0xff,
    0x02, 0xfe, 0xfc, 0xf0, 0xa6, 0x00, 0xa4, 0xff, 0x8e, 0x00, 0xa4, 0xff, 0xa6, 0x00, 0x8b, 0xff,
    0x03, 0x3f, 0x1f, 0x0f, 0x07, 0x84, 0x03, 0x03, 0x07, 0x0f, 0x1f, 0x3f, 0x8b, 0xff, 0x8e, 0x00,
    0x8b, 0xff, 0x03, 0x3f, 0x1f, 0x0f, 0x07, 0x84, 0x03, 0x03, 0x07, 0x0f, 0x1f, 0x3f, 0x8b, 0xff,
    0xa6, 0x00, 0x8b, 0xff, 0x03, 0xf8, 0xf0, 0xe0, 0xc0, 0x84, 0x80, 0x03, 0xc0, 0xe0, 0xf0, 0xf8,
    0x8b, 0xff, 0x8e, 0x00, 0x8b, 0xff, 0x03, 0xf8, 0xf0, 0xe0, 0xc0, 0x84, 0x80, 0x03, 0xc0, 0xe0,
    0xf0, 0xf8, 0x8b, 0xff, 0xa6, 0x00, 0xa4, 0xff, 0x8e, 0x00, 0xa4, 0xff, 0xa6, 0x00, 0x01, 0x1f,
    0x7f, 0xa0, 0xff, 0x06, 0x7f, 0x1f, 0x00, 0x70, 0xfc, 0xfe, 0xfe, 0x84, 0xff, 0x06, 0xfe, 0xfe,
    0xfc, 0x70, 0x00, 0x1f, 0x7f, 0xa0, 0xff, 0x01, 0x7f, 0x1f, 0xa9, 0x00, 0x02, 0x01, 0x03, 0x03,
    0x98, 0x07, 0x02, 0x03, 0x03, 0x01, 0x84, 0x00, 0x02, 0x01, 0x03, 0x03, 0x84, 0x07, 0x02, 0x03,
    0x03, 0x01, 0x84, 0x00, 0x02, 0x01, 0x03, 0x03, 0x98, 0x07, 0x02, 0x03, 0x03, 0x01, 0x95, 0x00,
};

static const uint8_t s_anim_excited_f04[] = {
    0x95, 0x00, 0x01, 0xc0, 0x40, 0x8d, 0xc0, 0x8c, 0xe0, 0x03, 0xa0, 0xa0, 0x20, 0x30, 0x92, 0x00,
    0x03, 0x30, 0x20, 0xa0, 0xa0, 0x8c, 0xe0, 0x8d, 0xc0, 0x01, 0x40, 0xc0, 0xa8, 0x00, 0x02, 0xf0,
    0xfc, 0xfe, 0x9e, 0xff, 0x02, 0xfe, 0xfc, 0xf0, 0x8e, 0x00, 0x02, 0xf0, 0xfc, 0xfe, 0x9e, 0xff,
    0x02, 0xfe, 0xfc, 0xf0, 0xa6, 0x00, 0xa4, 0xff, 0x8e, 0x00, 0xa4, 0xff, 0xa6, 0x00, 0x8b, 0xff,
    0x03, 0x3f, 0x1f, 0x0f, 0x07, 0x84, 0x03, 0x03, 0x07, 0x0f, 0x1f, 0x3f, 0x8b, 0xff, 0x8e, 0x00,
    0x8b, 0xff, 0x03, 0x3f, 0x1f, 0x0f, 0x07, 0x84, 0x03, 0x03, 0x07, 0x0f, 0x1f, 0x3f, 0x8b, 0xff,
    0xa6, 0x00, 0x8b, 0xff, 0x03, 0xf8, 0xf0, 0xe0, 0xc0, 0x84, 0x80, 0x03, 0xc0, 0xe0, 0xf0, 0xf8,
    0x8b, 0xff, 0x8e, 0x00, 0x8b, 0xff, 0x03, 0xf8, 0xf0, 0xe0, 0xc0, 0x84, 0x80, 0x03, 0xc0, 0xe0,
    0xf0, 0xf8, 0x8b, 0xff, 0xa6, 0x00, 0xa4, 0xff, 0x8e, 0x00, 0xa4, 0xff, 0xa6, 0x00, 0x01, 0x1f,
    0x7f, 0xa0, 0xff, 0x06, 0x7f, 0x1f, 0x00, 0x70, 0xfc, 0xfe, 0xfe, 0x84, 0xff, 0x06, 0xfe, 0xfe,
    0xfc, 0x70, 0x00, 0x1f, 0x7f, 0xa0, 0xff, 0x01, 0x7f, 0x1f, 0xa9, 0x00, 0x02, 0x01, 0x03, 0x03,
    0x98, 0x07, 0x02, 0x03, 0x03, 0x01, 0x84, 0x00, 0x02, 0x01, 0x03, 0x03, 0x84, 0x07, 0x02, 0x03,
    0x03, 0x01, 0x84, 0x00, 0x02, 0x01, 0x03, 0x03, 0x98, 0x07, 0x02, 0x03, 0x03, 0x01, 0x95, 0x00,
};

static const uint8_t s_anim_excited_f05[] = {
    0x95, 0x00, 0x83, 0xe0, 0x9a, 0xf0, 0x01, 0xd0, 0x98, 0x92, 0x00, 0x01, 0x98, 0xd0, 0x9a, 0xf0,
    0x83, 0xe0, 0xa8, 0x00, 0x00, 0xfc, 0xa2, 0xff, 0x00, 0xfc, 0x8e, 0x00, 0x00, 0xfc, 0xa2, 0xff,
    0x00, 0xfc, 0xa6, 0x00, 0xa4, 0xff, 0x8e, 0x00, 0xa4, 0xff, 0xa6, 0x00, 0x8b, 0xff, 0x03, 0x1f,
    0x0f, 0x07, 0x03, 0x84, 0x01, 0x03, 0x03, 0x07, 0x0f, 0x1f, 0x8b, 0xff, 0x8e, 0x00, 0x8b, 0xff,
    0x03, 0x1f, 0x0f, 0x07, 0x03, 0x84, 0x01, 0x03, 0x03, 0x07, 0x0f, 0x1f, 0x8b, 0xff, 0xa6, 0x00,
    0x8b, 0xff, 0x03, 0xfc, 0xf8, 0xf0, 0xe0, 0x84, 0xc0, 0x03, 0xe0, 0xf0, 0xf8, 0xfc, 0x8b, 0xff,
    0x8e, 0x00, 0x8b, 0xff, 0x03, 0xfc, 0xf8, 0xf0, 0xe0, 0x84, 0xc0, 0x03, 0xe0, 0xf0, 0xf8, 0xfc,
    0x8b, 0xff, 0xa6, 0x00, 0xa4, 0xff, 0x84, 0x00, 0x84, 0x80, 0x84, 0x00, 0xa4, 0xff, 0xa6, 0x00,
    0x01, 0x1f, 0x7f, 0xa0, 0xff, 0x04, 0x7f, 0x1f, 0x78, 0xfc, 0xfe, 0x88, 0xff, 0x04, 0xfe, 0xfc,
    0x78, 0x1f, 0x7f, 0xa0, 0xff, 0x01, 0x7f, 0x1f, 0xa9, 0x00, 0x02, 0x01, 0x03, 0x03, 0x98, 0x07,
    0x02, 0x03, 0x03, 0x01, 0x84, 0x00, 0x02, 0x01, 0x03, 0x03, 0x84, 0x07, 0x02, 0x03, 0x03, 0x01,
    0x84, 0x00, 0x02, 0x01, 0x03, 0x03, 0x98, 0x07, 0x02, 0x03, 0x03, 0x01, 0x95, 0x00,
};

static const uint8_t s_anim_excited_f06[] = {
    0x95, 0x00, 0x83, 0xe0, 0x9a, 0xf0, 0x01, 0xd0, 0x98, 0x92, 0x00, 0x01, 0x98, 0xd0, 0x9a, 0xf0,
    0x83, 0xe0, 0xa8, 0x00, 0x00, 0xfc, 0xa2, 0xff, 0x00, 0xfc, 0x8e, 0x00, 0x00, 0xfc, 0xa2, 0xff,
    0x00, 0xfc, 0xa6, 0x00, 0xa4, 0xff, 0x8e, 0x00, 0xa4, 0xff, 0xa6, 0x00, 0x8b, 0xff, 0x03, 0x1f,
    0x0f, 0x07, 0x03, 0x84, 0x01, 0x03, 0x03, 0x07, 0x0f, 0x1f, 0x8b, 0xff, 0x8e, 0x00, 0x8b, 0xff,
    0x03, 0x1f, 0x0f, 0x07, 0x03, 0x84, 0x01, 0x03, 0x03, 0x07, 0x0f, 0x1f, 0x8b, 0xff, 0xa6, 0x00,
    0x8b, 0xff, 0x03, 0xfc, 0xf8, 0xf0, 0xe0, 0x84, 0xc0, 0x03, 0xe0, 0xf0, 0xf8, 0xfc, 0x8b, 0xff,
    0x8e, 0x00, 0x8b, 0xff, 0x03, 0xfc, 0xf8, 0xf0, 0xe0, 0x84, 0xc0, 0x03, 0xe0, 0xf0, 0xf8, 0xfc,
    0x8b, 0xff, 0xa6, 0x00, 0xa4, 0xff, 0x84, 0x00, 0x84, 0x80, 0x84, 0x00, 0xa4, 0xff, 0xa6, 0x00,
    0x01, 0x1f, 0x7f, 0xa0, 0xff, 0x04, 0x7f, 0x1f, 0x78, 0xfc, 0xfe, 0x88, 0xff, 0x04, 0xfe, 0xfc,
    0x78, 0x1f, 0x7f, 0xa0, 0xff, 0x01, 0x7f, 0x1f, 0xa9, 0x00, 0x02, 0x01, 0x03, 0x03, 0x98, 0x07,
    0x02, 0x03, 0x03, 0x01, 0x84, 0x00, 0x02, 0x01, 0x03, 0x03, 0x84, 0x07, 0x02, 0x03, 0x03, 0x01,
    0x84, 0x00, 0x02, 0x01, 0x03, 0x03, 0x98, 0x07, 0x02, 0x03, 0x03, 0x01, 0x95, 0x00,
};

static const uint8_t s_anim_excited_f07[] = {
    0x95, 0x00, 0x83, 0xe0, 0x9a, 0xf0, 0x01, 0xd0, 0x98, 0x92, 0x00, 0x01, 0x98, 0xd0, 0x9a, 0xf0,
    0x83, 0xe0, 0xa8, 0x00, 0x00, 0xfc, 0xa2, 0xff, 0x00, 0xfc, 0x8e, 0x00, 0x00, 0xfc, 0xa2, 0xff,
    0x00, 0xfc, 0xa6, 0x00, 0xa4, 0xff, 0x8e, 0x00, 0xa4, 0xff, 0xa6, 0x00, 0x8b, 0xff, 0x03, 0x1f,
    0x0f, 0x07, 0x03, 0x84, 0x01, 0x03, 0x03, 0x07, 0x0f, 0x1f, 0x8b, 0xff, 0x8e, 0x00, 0x8b, 0xff,
    0x03, 0x1f, 0x0f, 0x07, 0x03, 0x84, 0x01, 0x03, 0x03, 0x07, 0x0f, 0x1f, 0x8b, 0xff, 0xa6, 0x00,
    0x8b, 0xff, 0x03, 0xfc, 0xf8, 0xf0, 0xe0, 0x84, 0xc0, 0x03, 0xe0, 0xf0, 0xf8, 0xfc, 0x8b, 0xff,
    0x8e, 0x00, 0x8b, 0xff, 0x03, 0xfc, 0xf8, 0xf0, 0xe0, 0x84, 0xc0, 0x03, 0xe0, 0xf0, 0xf8, 0xfc,
    0x8b, 0xff, 0xa6, 0x00, 0xa4, 0xff, 0x84, 0x00, 0x84, 0x80, 0x84, 0x00, 0xa4, 0xff, 0xa6, 0x00,
    0x01, 0x1f, 0x7f, 0xa0, 0xff, 0x04, 0x7f, 0x1f, 0x78, 0xfc, 0xfe, 0x88, 0xff, 0x04, 0xfe, 0xfc,
    0x78, 0x1f, 0x7f, 0xa0, 0xff, 0x01, 0x7f, 0x1f, 0xa9, 0x00, 0x02, 0x01, 0x03, 0x03, 0x98, 0x07,
    0x02, 0x03, 0x03, 0x01, 0x84, 0x00, 0x02, 0x01, 0x03, 0x03, 0x84, 0x07, 0x02, 0x03, 0x03, 0x01,
    0x84, 0x00, 0x02, 0x01, 0x03, 0x03, 0x98, 0x07, 0x02, 0x03, 0x03, 0x01, 0x95, 0x00,
};

static const uint8_t s_anim_excited_f08[] = {
    0x94, 0x00, 0x04, 0xc0, 0xe0, 0xf0, 0xf8, 0xf8, 0x98, 0xfc, 0x04, 0xf8, 0xf8, 0xf0, 0xf8, 0xc0,
    0x90, 0x00, 0x04, 0xc0, 0xf8, 0xf0, 0xf8, 0xf8, 0x98, 0xfc, 0x04, 0xf8, 0xf8, 0xf0, 0xe0, 0xc0,
    0xa7, 0x00, 0xa4, 0xff, 0x8e, 0x00, 0xa4, 0xff, 0xa6, 0x00, 0xa4, 0xff, 0x8e, 0x00, 0xa4, 0xff,
    0xa6, 0x00, 0x8b, 0xff, 0x03, 0x0f, 0x07, 0x03, 0x01, 0x84, 0x00, 0x03, 0x01, 0x03, 0x07, 0x0f,
    0x8b, 0xff, 0x8e, 0x00, 0x8b, 0xff, 0x03, 0x0f, 0x07, 0x03, 0x01, 0x84, 0x00, 0x03, 0x01, 0x03,
    0x07, 0x0f, 0x8b, 0xff, 0xa6, 0x00, 0x8b, 0xff, 0x03, 0xfe, 0xfc, 0xf8, 0xf0, 0x84, 0xe0, 0x03,
    0xf0, 0xf8, 0xfc, 0xfe, 0x8b, 0xff, 0x8e, 0x00, 0x8b, 0xff, 0x03, 0xfe, 0xfc, 0xf8, 0xf0, 0x84,
    0xe0, 0x03, 0xf0, 0xf8, 0xfc, 0xfe, 0x8b, 0xff, 0xa6, 0x00, 0xa4, 0xff, 0x84, 0x00, 0x84, 0x80,
    0x84, 0x00, 0xa4, 0xff, 0xa6, 0x00, 0x01, 0x1f, 0x7f, 0xa0, 0xff, 0x04, 0x7f, 0x1f, 0x78, 0xfc,
    0xfe, 0x88, 0xff, 0x04, 0xfe, 0xfc, 0x78, 0x1f, 0x7f, 0xa0, 0xff, 0x01, 0x7f, 0x1f, 0xa9, 0x00,
    0x02, 0x01, 0x03, 0x03, 0x98, 0x07, 0x02, 0x03, 0x03, 0x01, 0x84, 0x00, 0x02, 0x01, 0x03, 0x03,
    0x84, 0x07, 0x02, 0x03, 0x03, 0x01, 0x84, 0x00, 0x02, 0x01, 0x03, 0x03, 0x98, 0x07, 0x02, 0x03,
    0x03, 0x01, 0x95, 0x00,
};

static const uint8_t s_anim_excited_f09[] = {
    0x94, 0x00, 0x04, 0xc0, 0xe0, 0xf0, 0xf8, 0xf8, 0x98, 0xfc, 0x04, 0xf8, 0xf8, 0xf0, 0xf8, 0xc0,
    0x90, 0x00, 0x04, 0xc0, 0xf8, 0xf0, 0xf8, 0xf8, 0x98, 0xfc, 0x04, 0xf8, 0xf8, 0xf0, 0xe0, 0xc0,
    0xa7, 0x00, 0xa4, 0xff, 0x8e, 0x00, 0xa4, 0xff, 0xa6, 0x00, 0xa4, 0xff, 0x8e, 0x00, 0xa4, 0xff,
    0xa6, 0x00, 0x8b, 0xff, 0x03, 0x0f, 0x07, 0x03, 0x01, 0x84, 0x00, 0x03, 0x01, 0x03, 0x07, 0x0f,
    0x8b, 0xff, 0x8e, 0x00, 0x8b, 0xff, 0x03, 0x0f, 0x07, 0x03, 0x01, 0x84, 0x00, 0x03, 0x01, 0x03,
    0x07, 0x0f, 0x8b, 0xff, 0xa6, 0x00, 0x8b, 0xff, 0x03, 0xfe, 0xfc, 0xf8, 0xf0, 0x84, 0xe0, 0x03,
    0xf0, 0xf8, 0xfc, 0xfe, 0x8b, 0xff, 0x8e, 0x00, 0x8b, 0xff, 0x03, 0xfe, 0xfc, 0xf8, 0xf0, 0x84,
    0xe0, 0x03, 0xf0, 0xf8, 0xfc, 0xfe, 0x8b, 0xff, 0xa6, 0x00, 0xa4, 0xff, 0x84, 0x00, 0x84, 0x80,
    0x84, 0x00, 0xa4, 0xff, 0xa6, 0x00, 0x01, 0x1f, 0x7f, 0xa0, 0xff, 0x04, 0x7f, 0x1f, 0x78, 0xfc,
    0xfe, 0x88, 0xff, 0x04, 0xfe, 0xfc, 0x78, 0x1f, 0x7f, 0xa0, 0xff, 0x01, 0x7f, 0x1f, 0xa9, 0x00,
    0x02, 0x01, 0x03, 0x03, 0x98, 0x07, 0x02, 0x03, 0x03, 0x01, 0x84, 0x00, 0x02, 0x01, 0x03, 0x03,
    0x84, 0x07, 0x02, 0x03, 0x03, 0x01, 0x84, 0x00, 0x02, 0x01, 0x03, 0x03, 0x98, 0x07, 0x02, 0x03,
    0x03, 0x01, 0x95, 0x00,
};

static const uint8_t s_anim_excited_f10[] = {
    0x94, 0x00, 0x04, 0xc0, 0xf0, 0xf0, 0xf8, 0xf8, 0x98, 0xfc, 0x82, 0xf8, 0x01, 0xec, 0xc0, 0x90,
    0x00, 0x01, 0xc0, 0xec, 0x82, 0xf8, 0x98, 0xfc, 0x04, 0xf8, 0xf8, 0xf0, 0xf0, 0xc0, 0xa7, 0x00,
    0xa4, 0xff, 0x8e, 0x00, 0xa4, 0xff, 0xa6, 0x00, 0xa4, 0xff, 0x8e, 0x00, 0xa4, 0xff, 0xa6, 0x00,
    0x8b, 0xff, 0x03, 0x0f, 0x07, 0x03, 0x01, 0x84, 0x00, 0x03, 0x01, 0x03, 0x07, 0x0f, 0x8b, 0xff,
    0x8e, 0x00, 0x8b, 0xff, 0x03, 0x0f, 0x07, 0x03, 0x01, 0x84, 0x00, 0x03, 0x01, 0x03, 0x07, 0x0f,
    0x8b, 0xff, 0xa6, 0x00, 0x8b, 0xff, 0x03, 0xfe, 0xfc, 0xf8, 0xf0, 0x84, 0xe0, 0x03, 0xf0, 0xf8,
    0xfc, 0xfe, 0x8b, 0xff, 0x8e, 0x00, 0x8b, 0xff, 0x03, 0xfe, 0xfc, 0xf8, 0xf0, 0x84, 0xe0, 0x03,
    0xf0, 0xf8, 0xfc, 0xfe, 0x8b, 0xff, 0xa6, 0x00, 0xa4, 0xff, 0x03, 0x00, 0x00, 0x80, 0x80, 0x86,
    0xc0, 0x03, 0x80, 0x80, 0x00, 0x00, 0xa4, 0xff, 0xa6, 0x00, 0x01, 0x1f, 0x7f, 0xa0, 0xff, 0x02,
    0x7f, 0x7f, 0xfe, 0x8c, 0xff, 0x02, 0xfe, 0x7f, 0x7f, 0xa0, 0xff, 0x01, 0x7f, 0x1f, 0xa9, 0x00,
    0x02, 0x01, 0x03, 0x03, 0x98, 0x07, 0x02, 0x03, 0x03, 0x01, 0x82, 0x00, 0x03, 0x01, 0x03, 0x07,
    0x07, 0x86, 0x0f, 0x03, 0x07, 0x07, 0x03, 0x01, 0x82, 0x00, 0x02, 0x01, 0x03, 0x03, 0x98, 0x07,
    0x02, 0x03, 0x03, 0x01, 0x95, 0x00,
};

static const uint8_t s_anim_excited_f11[] = {
    0x93, 0x00, 0x05, 0xc0, 0xf0, 0xf8, 0xfc, 0xfe, 0xfe, 0x98, 0xff, 0x05, 0xfe, 0xfe, 0xfc, 0xfc,
    0xf0, 0xc0, 0x8e, 0x00, 0x05, 0xc0, 0xf0, 0xfc, 0xfc, 0xfe, 0xfe, 0x98, 0xff, 0x05, 0xfe, 0xfe,
    0xfc, 0xf8, 0xf0, 0xc0, 0xa6, 0x00, 0xa4, 0xff, 0x8e, 0x00, 0xa4, 0xff, 0xa6, 0x00, 0x8f, 0xff,
    0x84, 0x7f, 0x8f, 0xff, 0x8e, 0x00, 0x8f, 0xff, 0x84, 0x7f, 0x8f, 0xff, 0xa6, 0x00, 0x8b, 0xff,
    0x02, 0x07, 0x03, 0x01, 0x86, 0x00, 0x02, 0x01, 0x03, 0x07, 0x8b, 0xff, 0x8e, 0x00, 0x8b, 0xff,
    0x02, 0x07, 0x03, 0x01, 0x86, 0x00, 0x02, 0x01, 0x03, 0x07, 0x8b, 0xff, 0xa6, 0x00, 0x8c, 0xff,
    0x02, 0xfe, 0xfc, 0xf8, 0x84, 0xf0, 0x02, 0xf8, 0xfc, 0xfe, 0x8c, 0xff, 0x8e, 0x00, 0x8c, 0xff,
    0x02, 0xfe, 0xfc, 0xf8, 0x84, 0xf0, 0x02, 0xf8, 0xfc, 0xfe, 0x8c, 0xff, 0xa6, 0x00, 0xa4, 0xff,
    0x03, 0x00, 0x00, 0x80, 0x80, 0x86, 0xc0, 0x03, 0x80, 0x80, 0x00, 0x00, 0xa4, 0xff, 0xa6, 0x00,
    0x01, 0x1f, 0x7f, 0xa0, 0xff, 0x02, 0x7f, 0x7f, 0xfe, 0x8c, 0xff, 0x02, 0xfe, 0x7f, 0x7f, 0xa0,
    0xff, 0x01, 0x7f, 0x1f, 0xa9, 0x00, 0x02, 0x01, 0x03, 0x03, 0x98, 0x07, 0x02, 0x03, 0x03, 0x01,
    0x82, 0x00, 0x03, 0x01, 0x03, 0x07, 0x07, 0x86, 0x0f, 0x03, 0x07, 0x07, 0x03, 0x01, 0x82, 0x00,
    0x02, 0x01, 0x03, 0x03, 0x98, 0x07, 0x02, 0x03, 0x03, 0x01, 0x95, 0x00,
};

static const uint8_t s_anim_excited_f12[] = {
    0x93, 0x00, 0x05, 0xc0, 0xf0, 0xf8, 0xfc, 0xfe, 0xfe, 0x98, 0xff, 0x05, 0xfe, 0xfe, 0xfc, 0xfc,
    0xf0, 0xc0, 0x8e, 0x00, 0x05, 0xc0, 0xf0, 0xfc, 0xfc, 0xfe, 0xfe, 0x98, 0xff, 0x05, 0xfe, 0xfe,
    0xfc, 0xf8, 0xf0, 0xc0, 0xa6, 0x00, 0xa4, 0xff, 0x8e, 0x00, 0xa4, 0xff, 0xa6, 0x00, 0x8f, 0xff,
    0x84, 0x7f, 0x8f, 0xff, 0x8e, 0x00, 0x8f, 0xff, 0x84, 0x7f, 0x8f, 0xff, 0xa6, 0x00, 0x8b, 0xff,
    0x02, 0x07, 0x03, 0x01, 0x86, 0x00, 0x02, 0x01, 0x03, 0x07, 0x8b, 0xff, 0x8e, 0x00, 0x8b, 0xff,
    0x02, 0x07, 0x03, 0x01, 0x86, 0x00, 0x02, 0x01, 0x03, 0x07, 0x8b, 0xff, 0xa6, 0x00, 0x8c, 0xff,
    0x02, 0xfe, 0xfc, 0xf8, 0x84, 0xf0, 0x02, 0xf8, 0xfc, 0xfe, 0x8c, 0xff, 0x8e, 0x00, 0x8c, 0xff,
    0x02, 0xfe, 0xfc, 0xf8, 0x84, 0xf0, 0x02, 0xf8, 0xfc, 0xfe, 0x8c, 0xff, 0xa6, 0x00, 0xa4, 0xff,
    0x03, 0x00, 0x00, 0x80, 0x80, 0x86, 0xc0, 0x03, 0x80, 0x80, 0x00, 0x00, 0xa4, 0xff, 0xa6, 0x00,
    0x01, 0x1f, 0x7f, 0xa0, 0xff, 0x02, 0x7f, 0x7f, 0xfe, 0x8c, 0xff, 0x02, 0xfe, 0x7f, 0x7f, 0xa0,
    0xff, 0x01, 0x7f, 0x1f, 0xa9, 0x00, 0x02, 0x01, 0x03, 0x03, 0x98, 0x07, 0x02, 0x03, 0x03, 0x01,
    0x82, 0x00, 0x03, 0x01, 0x03, 0x07, 0x07, 0x86, 0x0f, 0x03, 0x07, 0x07, 0x03, 0x01, 0x82, 0x00,
    0x02, 0x01, 0x03, 0x03, 0x98, 0x07, 0x02, 0x03, 0x03, 0x01, 0x95, 0x00,
};

static const uint8_t s_anim_excited_f13[] = {
    0x93, 0x00, 0x05, 0xc0, 0xf0, 0xf8, 0xfc, 0xfe, 0xfe, 0x98, 0xff, 0x05, 0xfe, 0xfe, 0xfc, 0xfc,
    0xf0, 0xc0, 0x8e, 0x00, 0x05, 0xc0, 0xf0, 0xfc, 0xfc, 0xfe, 0xfe, 0x98, 0xff, 0x05, 0xfe, 0xfe,
    0xfc, 0xf8, 0xf0, 0xc0, 0xa6, 0x00, 0xa4, 0xff, 0x8e, 0x00, 0xa4, 0xff, 0xa6, 0x00, 0x8f, 0xff,
    0x84, 0x7f, 0x8f, 0xff, 0x8e, 0x00, 0x8f, 0xff, 0x84, 0x7f, 0x8f, 0xff, 0xa6, 0x00, 0x8b, 0xff,
    0x02, 0x07, 0x03, 0x01, 0x86, 0x00, 0x02, 0x01, 0x03, 0x07, 0x8b, 0xff, 0x8e, 0x00, 0x8b, 0xff,
    0x02, 0x07, 0x03, 0x01, 0x86, 0x00, 0x02, 0x01, 0x03, 0x07, 0x8b, 0xff, 0xa6, 0x00, 0x8c, 0xff,
    0x02, 0xfe, 0xfc, 0xf8, 0x84, 0xf0, 0x02, 0xf8, 0xfc, 0xfe, 0x8c, 0xff, 0x8e, 0x00, 0x8c, 0xff,
    0x02, 0xfe, 0xfc, 0xf8, 0x84, 0xf0, 0x02, 0xf8, 0xfc, 0xfe, 0x8c, 0xff, 0xa6, 0x00, 0xa4, 0xff,
    0x03, 0x00, 0x00, 0x80, 0x80, 0x86, 0xc0, 0x03, 0x80, 0x80, 0x00, 0x00, 0xa4, 0xff, 0xa6, 0x00,
    0x01, 0x1f, 0x7f, 0xa0, 0xff, 0x02, 0x7f, 0x7f, 0xfe, 0x8c, 0xff, 0x02, 0xfe, 0x7f, 0x7f, 0xa0,
    0xff, 0x01, 0x7f, 0x1f, 0xa9, 0x00, 0x02, 0x01, 0x03, 0x03, 0x98, 0x07, 0x02, 0x03, 0x03, 0x01,
    0x82, 0x00, 0x03, 0x01, 0x03, 0x07, 0x07, 0x86, 0x0f, 0x03, 0x07, 0x07, 0x03, 0x01, 0x82, 0x00,
    0x02, 0x01, 0x03, 0x03, 0x98, 0x07, 0x02, 0x03, 0x03, 0x01, 0x95, 0x00,
};

static const uint8_t s_anim_excited_f14[] = {
    0x93, 0x00, 0x02, 0xf0, 0xfc, 0xfe, 0x9e, 0xff, 0x02, 0xfe, 0xfc, 0xf0, 0x8e, 0x00, 0x02, 0xf0,
    0xfc, 0xfe, 0x9e, 0xff, 0x02, 0xfe, 0xfc, 0xf0, 0xa6, 0x00, 0xa4, 0xff, 0x8e, 0x00, 0xa4, 0xff,
    0xa6, 0x00, 0x8e, 0xff, 0x00, 0x7f, 0x84, 0x3f, 0x00, 0x7f, 0x8e, 0xff, 0x8e, 0x00, 0x8e, 0xff,
    0x00, 0x7f, 0x84, 0x3f, 0x00, 0x7f, 0x8e, 0xff, 0xa6, 0x00, 0x8b, 0xff, 0x01, 0x83, 0x01, 0x88,
    0x00, 0x01, 0x01, 0x83, 0x8b, 0xff, 0x8e, 0x00, 0x8b, 0xff, 0x01, 0x83, 0x01, 0x88, 0x00, 0x01,
    0x01, 0x83, 0x8b, 0xff, 0xa6, 0x00, 0x8d, 0xff, 0x01, 0xfe, 0xfc, 0x84, 0xf8, 0x01, 0xfc, 0xfe,
    0x8d, 0xff, 0x8e, 0x00, 0x8d, 0xff, 0x01, 0xfe, 0xfc, 0x84, 0xf8, 0x01, 0xfc, 0xfe, 0x8d, 0xff,
    0xa6, 0x00, 0xa4, 0xff, 0x03, 0x00, 0x80, 0xc0, 0xc0, 0x86, 0xe0, 0x03, 0xc0, 0xc0, 0x80, 0x00,
    0xa4, 0xff, 0xa6, 0x00, 0x01, 0x1f, 0x7f, 0xa0, 0xff, 0x00, 0x7f, 0x90, 0xff, 0x00, 0x7f, 0xa0,
    0xff, 0x01, 0x7f, 0x1f, 0xa9, 0x00, 0x02, 0x01, 0x03, 0x03, 0x98, 0x07, 0x02, 0x03, 0x03, 0x01,
    0x82, 0x00, 0x03, 0x01, 0x03, 0x07, 0x07, 0x86, 0x0f, 0x03, 0x07, 0x07, 0x03, 0x01, 0x82, 0x00,
    0x02, 0x01, 0x03, 0x03, 0x98, 0x07, 0x02, 0x03, 0x03, 0x01, 0x95, 0x00,
};

static const uint8_t s_anim_excited_f15[] = {
    0x93, 0x00, 0x02, 0xf0, 0xfc, 0xfe, 0x9e, 0xff, 0x02, 0xfe, 0xfc, 0xf0, 0x8e, 0x00, 0x02, 0xf0,
    0xfc, 0xfe, 0x9e, 0xff, 0x02, 0xfe, 0xfc, 0xf0, 0xa6, 0x00, 0xa4, 0xff, 0x8e, 0x00, 0xa4, 0xff,
    0xa6, 0x00, 0x8e, 0xff, 0x00, 0x7f, 0x84, 0x3f, 0x00, 0x7f, 0x8e, 0xff, 0x8e, 0x00, 0x8e, 0xff,
    0x00, 0x7f, 0x84, 0x3f, 0x00, 0x7f, 0x8e, 0xff, 0xa6, 0x00, 0x8b, 0xff, 0x01, 0x83, 0x01, 0x88,
    0x00, 0x01, 0x01, 0x83, 0x8b, 0xff, 0x8e, 0x00, 0x8b, 0xff, 0x01, 0x83, 0x01, 0x88, 0x00, 0x01,
    0x01, 0x83, 0x8b, 0xff, 0xa6, 0x00, 0x8d, 0xff, 0x01, 0xfe, 0xfc, 0x84, 0xf8, 0x01, 0xfc, 0xfe,
    0x8d, 0xff, 0x8e, 0x00, 0x8d, 0xff, 0x01, 0xfe, 0xfc, 0x84, 0xf8, 0x01, 0xfc, 0xfe, 0x8d, 0xff,
    0xa6, 0x00, 0xa4, 0xff, 0x03, 0x00, 0x80, 0xc0, 0xc0, 0x86, 0xe0, 0x03, 0xc0, 0xc0, 0x80, 0x00,
    0xa4, 0xff, 0xa6, 0x00, 0x01, 0x1f, 0x7f, 0xa0, 0xff, 0x00, 0x7f, 0x90, 0xff, 0x00, 0x7f, 0xa0,
    0xff, 0x01, 0x7f, 0x1f, 0xa9, 0x00, 0x02, 0x01, 0x03, 0x03, 0x98, 0x07, 0x02, 0x03, 0x03, 0x01,
    0x82, 0x00, 0x03, 0x01, 0x03, 0x07, 0x07, 0x86, 0x0f, 0x03, 0x07, 0x07, 0x03, 0x01, 0x82, 0x00,
    0x02, 0x01, 0x03, 0x03, 0x98, 0x07, 0x02, 0x03, 0x03, 0x01, 0x95, 0x00,
};

static const uint8_t s_anim_excited_f16[] = {
    0x93, 0x00, 0x02, 0xf0, 0xfc, 0xfe, 0x9e, 0xff, 0x02, 0xfe, 0xfc, 0xf0, 0x8e, 0x00, 0x02, 0xf0,
    0xfc, 0xfe, 0x9e, 0xff, 0x02, 0xfe, 0xfc, 0xf0, 0xa6, 0x00, 0xa4, 0xff, 0x8e, 0x00, 0xa4, 0xff,
    0xa6, 0x00, 0x8e, 0xff, 0x00, 0x7f, 0x84, 0x3f, 0x00, 0x7f, 0x8e, 0xff, 0x8e, 0x00, 0x8e, 0xff,
    0x00, 0x7f, 0x84, 0x3f, 0x00, 0x7f, 0x8e, 0xff, 0xa6, 0x00, 0x8b, 0xff, 0x01, 0x83, 0x01, 0x88,
    0x00, 0x01, 0x01, 0x83, 0x8b, 0xff, 0x8e, 0x00, 0x8b, 0xff, 0x01, 0x83, 0x01, 0x88, 0x00, 0x01,
    0x01, 0x83, 0x8b, 0xff, 0xa6, 0x00, 0x8d, 0xff, 0x01, 0xfe, 0xfc, 0x84, 0xf8, 0x01, 0xfc, 0xfe,
    0x8d, 0xff, 0x8e, 0x00, 0x8d, 0xff, 0x01, 0xfe, 0xfc, 0x84, 0xf8, 0x01, 0xfc, 0xfe, 0x8d, 0xff,
    0xa6, 0x00, 0xa4, 0xff, 0x03, 0x00, 0x80, 0xc0, 0xc0, 0x86, 0xe0, 0x03, 0xc0, 0xc0, 0x80, 0x00,
    0xa4, 0xff, 0xa6, 0x00, 0x01, 0x1f, 0x7f, 0xa0, 0xff, 0x00, 0x7f, 0x90, 0xff, 0x00, 0x7f, 0xa0,
    0xff, 0x01, 0x7f, 0x1f, 0xa9, 0x00, 0x02, 0x01, 0x03, 0x03, 0x98, 0x07, 0x02, 0x03, 0x03, 0x01,
    0x82, 0x00, 0x03, 0x01, 0x03, 0x07, 0x07, 0x86, 0x0f, 0x03, 0x07, 0x07, 0x03, 0x01, 0x82, 0x00,
    0x02, 0x01, 0x03, 0x03, 0x98, 0x07, 0x02, 0x03, 0x03, 0x01, 0x95, 0x00,
};

static const uint8_t s_anim_excited_f17[] = {
    0x93, 0x00, 0x02, 0xf0, 0xfc, 0xfe, 0x9e, 0xff, 0x02, 0xfe, 0xfc, 0xf0, 0x8e, 0x00, 0x02, 0xf0,
    0xfc, 0xfe, 0x9e, 0xff, 0x02, 0xfe, 0xfc, 0xf0, 0xa6, 0x00, 0xa4, 0xff, 0x8e, 0x00, 0xa4, 0xff,
    0xa6, 0x00, 0x8e, 0xff, 0x00, 0x7f, 0x84, 0x3f, 0x00, 0x7f, 0x8e, 0xff, 0x8e, 0x00, 0x8e, 0xff,
    0x00, 0x7f, 0x84, 0x3f, 0x00, 0x7f, 0x8e, 0xff, 0xa6, 0x00, 0x8b, 0xff, 0x01, 0x83, 0x01, 0x88,
    0x00, 0x01, 0x01, 0x83, 0x8b, 0xff, 0x8e, 0x00, 0x8b, 0xff, 0x01, 0x83, 0x01, 0x88, 0x00, 0x01,
    0x01, 0x83, 0x8b, 0xff, 0xa6, 0x00, 0x8d, 0xff, 0x01, 0xfe, 0xfc, 0x84, 0xf8, 0x01, 0xfc, 0xfe,
    0x8d, 0xff, 0x8e, 0x00, 0x8d, 0xff, 0x01, 0xfe, 0xfc, 0x84, 0xf8, 0x01, 0xfc, 0xfe, 0x8d, 0xff,
    0xa6, 0x00, 0xa4, 0xff, 0x03, 0x00, 0x80, 0xc0, 0xc0, 0x86, 0xe0, 0x03, 0xc0, 0xc0, 0x80, 0x00,
    0xa4, 0xff, 0xa6, 0x00, 0x01, 0x1f, 0x7f, 0xa0, 0xff, 0x00, 0x7f, 0x90, 0xff, 0x00, 0x7f, 0xa0,
    0xff, 0x01, 0x7f, 0x1f, 0xa9, 0x00, 0x02, 0x01, 0x03, 0x03, 0x98, 0x07, 0x02, 0x03, 0x03, 0x01,
    0x82, 0x00, 0x03, 0x01, 0x03, 0x07, 0x07, 0x86, 0x0f, 0x03, 0x07, 0x07, 0x03, 0x01, 0x82, 0x00,
    0x02, 0x01, 0x03, 0x03, 0x98, 0x07, 0x02, 0x03, 0x03, 0x01, 0x95, 0x00,
};

static const uint8_t s_anim_excited_f18[] = {
    0x93, 0x00, 0x02, 0xf0, 0xfc, 0xfe, 0x9e, 0xff, 0x02, 0xfe, 0xfc, 0xf0, 0x8e, 0x00, 0x02, 0xf0,
    0xfc, 0xfe, 0x9e, 0xff, 0x02, 0xfe, 0xfc, 0xf0, 0xa6, 0x00, 0xa4, 0xff, 0x8e, 0x00, 0xa4, 0xff,
    0xa6, 0x00, 0x8e, 0xff, 0x00, 0x7f, 0x84, 0x3f, 0x00, 0x7f, 0x8e, 0xff, 0x8e, 0x00, 0x8e, 0xff,
    0x00, 0x7f, 0x84, 0x3f, 0x00, 0x7f, 0x8e, 0xff, 0xa6, 0x00, 0x8b, 0xff, 0x01, 0x83, 0x01, 0x88,
    0x00, 0x01, 0x01, 0x83, 0x8b, 0xff, 0x8e, 0x00, 0x8b, 0xff, 0x01, 0x83, 0x01, 0x88, 0x00, 0x01,
    0x01, 0x83, 0x8b, 0xff, 0xa6, 0x00, 0x8d, 0xff, 0x01, 0xfe, 0xfc, 0x84, 0xf8, 0x01, 0xfc, 0xfe,
    0x8d, 0xff, 0x8e, 0x00, 0x8d, 0xff, 0x01, 0xfe, 0xfc, 0x84, 0xf8, 0x01, 0xfc, 0xfe, 0x8d, 0xff,
    0xa6, 0x00, 0xa4, 0xff, 0x03, 0x00, 0x80, 0xc0, 0xc0, 0x86, 0xe0, 0x03, 0xc0, 0xc0, 0x80, 0x00,
    0xa4, 0xff, 0xa6, 0x00, 0x01, 0x1f, 0x7f, 0xa0, 0xff, 0x00, 0x7f, 0x90, 0xff, 0x00, 0x7f, 0xa0,
    0xff, 0x01, 0x7f, 0x1f, 0xa9, 0x00, 0x02, 0x01, 0x03, 0x03, 0x98, 0x07, 0x02, 0x03, 0x03, 0x01,
    0x82, 0x00, 0x03, 0x01, 0x03, 0x07, 0x07, 0x86, 0x0f, 0x03, 0x07, 0x07, 0x03, 0x01, 0x82, 0x00,
    0x02, 0x01, 0x03, 0x03, 0x98, 0x07, 0x02, 0x03, 0x03, 0x01, 0x95, 0x00,
};

static const uint8_t s_anim_excited_f19[] = {
    0x93, 0x00, 0x02, 0xf0, 0xfc, 0xfe, 0x9e, 0xff, 0x02, 0xfe, 0xfc, 0xf0, 0x8e, 0x00, 0x02, 0xf0,
    0xfc, 0xfe, 0x9e, 0xff, 0x02, 0xfe, 0xfc, 0xf0, 0xa6, 0x00, 0xa4, 0xff, 0x8e, 0x00, 0xa4, 0xff,
    0xa6, 0x00, 0x8e, 0xff, 0x00, 0x7f, 0x84, 0x3f, 0x00, 0x7f, 0x8e, 0xff, 0x8e, 0x00, 0x8e, 0xff,
    0x00, 0x7f, 0x84, 0x3f, 0x00, 0x7f, 0x8e, 0xff, 0xa6, 0x00, 0x8b, 0xff, 0x01, 0x83, 0x01, 0x88,
    0x00, 0x01, 0x01, 0x83, 0x8b, 0xff, 0x8e, 0x00, 0x8b, 0xff, 0x01, 0x83, 0x01, 0x88, 0x00, 0x01,
    0x01, 0x83, 0x8b, 0xff, 0xa6, 0x00, 0x8d, 0xff, 0x01, 0xfe, 0xfc, 0x84, 0xf8, 0x01, 0xfc, 0xfe,
    0x8d, 0xff, 0x8e, 0x00, 0x8d, 0xff, 0x01, 0xfe, 0xfc, 0x84, 0xf8, 0x01, 0xfc, 0xfe, 0x8d, 0xff,
    0xa6, 0x00, 0xa4, 0xff, 0x03, 0x00, 0x80, 0xc0, 0xc0, 0x86, 0xe0, 0x03, 0xc0, 0xc0, 0x80, 0x00,
    0xa4, 0xff, 0xa6, 0x00, 0x01, 0x1f, 0x7f, 0xa0, 0xff, 0x00, 0x7f, 0x90, 0xff, 0x00, 0x7f, 0xa0,
    0xff, 0x01, 0x7f, 0x1f, 0xa9, 0x00, 0x02, 0x01, 0x03, 0x03, 0x98, 0x07, 0x02, 0x03, 0x03, 0x01,
    0x82, 0x00, 0x03, 0x01, 0x03, 0x07, 0x07, 0x86, 0x0f, 0x03, 0x07, 0x07, 0x03, 0x01, 0x82, 0x00,
    0x02, 0x01, 0x03, 0x03, 0x98, 0x07, 0x02, 0x03, 0x03, 0x01, 0x95, 0x00,
};

static const uint8_t s_anim_excited_f20[] = {
    0x93, 0x00, 0x02, 0xf0, 0xfc, 0xfe, 0x9e, 0xff, 0x02, 0xfe, 0xfc, 0xf0, 0x8e, 0x00, 0x02, 0xf0,
    0xfc, 0xfe, 0x9e, 0xff, 0x02, 0xfe, 0xfc, 0xf0, 0xa6, 0x00, 0xa4, 0xff, 0x8e, 0x00, 0xa4, 0xff,
    0xa6, 0x00, 0x8e, 0xff, 0x00, 0x7f, 0x84, 0x3f, 0x00, 0x7f, 0x8e, 0xff, 0x8e, 0x00, 0x8e, 0xff,
    0x00, 0x7f, 0x84, 0x3f, 0x00, 0x7f, 0x8e, 0xff, 0xa6, 0x00, 0x8b, 0xff, 0x01, 0x83, 0x01, 0x88,
    0x00, 0x01, 0x01, 0x83, 0x8b, 0xff, 0x8e, 0x00, 0x8b, 0xff, 0x01, 0x83, 0x01, 0x88, 0x00, 0x01,
    0x01, 0x83, 0x8b, 0xff, 0xa6, 0x00, 0x8d, 0xff, 0x01, 0xfe, 0xfc, 0x84, 0xf8, 0x01, 0xfc, 0xfe,
    0x8d, 0xff, 0x8e, 0x00, 0x8d, 0xff, 0x01, 0xfe, 0xfc, 0x84, 0xf8, 0x01, 0xfc, 0xfe, 0x8d, 0xff,
    0xa6, 0x00, 0xa4, 0xff, 0x03, 0x00, 0x80, 0xc0, 0xc0, 0x86, 0xe0, 0x03, 0xc0, 0xc0, 0x80, 0x00,
    0xa4, 0xff, 0xa6, 0x00, 0x01, 0x1f, 0x7f, 0xa0, 0xff, 0x00, 0x7f, 0x90, 0xff, 0x00, 0x7f, 0xa0,
    0xff, 0x01, 0x7f, 0x1f, 0xa9, 0x00, 0x02, 0x01, 0x03, 0x03, 0x98, 0x07, 0x02, 0x03, 0x03, 0x01,
    0x82, 0x00, 0x03, 0x01, 0x03, 0x07, 0x07, 0x86, 0x0f, 0x03, 0x07, 0x07, 0x03, 0x01, 0x82, 0x00,
    0x02, 0x01, 0x03, 0x03, 0x98, 0x07, 0x02, 0x03, 0x03, 0x01, 0x95, 0x00,
};

static const uint8_t s_anim_excited_f21[] = {
    0x93, 0x00, 0x02, 0xf0, 0xfc, 0xfe, 0x9e, 0xff, 0x02, 0xfe, 0xfc, 0xf0, 0x8e, 0x00, 0x02, 0xf0,
    0xfc, 0xfe, 0x9e, 0xff, 0x02, 0xfe, 0xfc, 0xf0, 0xa6, 0x00, 0xa4, 0xff, 0x8e, 0x00, 0xa4, 0xff,
    0xa6, 0x00, 0x8e, 0xff, 0x00, 0x7f, 0x84, 0x3f, 0x00, 0x7f, 0x8e, 0xff, 0x8e, 0x00, 0x8e, 0xff,
    0x00, 0x7f, 0x84, 0x3f, 0x00, 0x7f, 0x8e, 0xff, 0xa6, 0x00, 0x8b, 0xff, 0x01, 0x83, 0x01, 0x88,
    0x00, 0x01, 0x01, 0x83, 0x8b, 0xff, 0x8e, 0x00, 0x8b, 0xff, 0x01, 0x83, 0x01, 0x88, 0x00, 0x01,
    0x01, 0x83, 0x8b, 0xff, 0xa6, 0x00, 0x8d, 0xff, 0x01, 0xfe, 0xfc, 0x84, 0xf8, 0x01, 0xfc, 0xfe,
    0x8d, 0xff, 0x8e, 0x00, 0x8d, 0xff, 0x01, 0xfe, 0xfc, 0x84, 0xf8, 0x01, 0xfc, 0xfe, 0x8d, 0xff,
    0xa6, 0x00, 0xa4, 0xff, 0x03, 0x00, 0x80, 0xc0, 0xc0, 0x86, 0xe0, 0x03, 0xc0, 0xc0, 0x80, 0x00,
    0xa4, 0xff, 0xa6, 0x00, 0x01, 0x1f, 0x7f, 0xa0, 0xff, 0x00, 0x7f, 0x90, 0xff, 0x00, 0x7f, 0xa0,
    0xff, 0x01, 0x7f, 0x1f, 0xa9, 0x00, 0x02, 0x01, 0x03, 0x03, 0x98, 0x07, 0x02, 0x03, 0x03, 0x01,
    0x82, 0x00, 0x03, 0x01, 0x03, 0x07, 0x07, 0x86, 0x0f, 0x03, 0x07, 0x07, 0x03, 0x01, 0x82, 0x00,
    0x02, 0x01, 0x03, 0x03, 0x98, 0x07, 0x02, 0x03, 0x03, 0x01, 0x95, 0x00,
};

static const uint8_t s_anim_excited_f22[] = {
    0x93, 0x00, 0x02, 0xf0, 0xfc, 0xfe, 0x9e, 0xff, 0x02, 0xfe, 0xfc, 0xf0, 0x8e, 0x00, 0x02, 0xf0,
    0xfc, 0xfe, 0x9e, 0xff, 0x02, 0xfe, 0xfc, 0xf0, 0xa6, 0x00, 0xa4, 0xff, 0x8e, 0x00, 0xa4, 0xff,
    0xa6, 0x00, 0x8e, 0xff, 0x00, 0x7f, 0x84, 0x3f, 0x00, 0x7f, 0x8e, 0xff, 0x8e, 0x00, 0x8e, 0xff,
    0x00, 0x7f, 0x84, 0x3f, 0x00, 0x7f, 0x8e, 0xff, 0xa6, 0x00, 0x8b, 0xff, 0x01, 0x83, 0x01, 0x88,
    0x00, 0x01, 0x01, 0x83, 0x8b, 0xff, 0x8e, 0x00, 0x8b, 0xff, 0x01, 0x83, 0x01, 0x88, 0x00, 0x01,
    0x01, 0x83, 0x8b, 0xff, 0xa6, 0x00, 0x8d, 0xff, 0x01, 0xfe, 0xfc, 0x84, 0xf8, 0x01, 0xfc, 0xfe,
    0x8d, 0xff, 0x8e, 0x00, 0x8d, 0xff, 0x01, 0xfe, 0xfc, 0x84, 0xf8, 0x01, 0xfc, 0xfe, 0x8d, 0xff,
    0xa6, 0x00, 0xa4, 0xff, 0x03, 0x00, 0x80, 0xc0, 0xc0, 0x86, 0xe0, 0x03, 0xc0, 0xc0, 0x80, 0x00,
    0xa4, 0xff, 0xa6, 0x00, 0x01, 0x1f, 0x7f, 0xa0, 0xff, 0x00, 0x7f, 0x90, 0xff, 0x00, 0x7f, 0xa0,
    0xff, 0x01, 0x7f, 0x1f, 0xa9, 0x00, 0x02, 0x01, 0x03, 0x03, 0x98, 0x07, 0x02, 0x03, 0x03, 0x01,
    0x82, 0x00, 0x03, 0x01, 0x03, 0x07, 0x07, 0x86, 0x0f, 0x03, 0x07, 0x07, 0x03, 0x01, 0x82, 0x00,
    0x02, 0x01, 0x03, 0x03, 0x98, 0x07, 0x02, 0x03, 0x03, 0x01, 0x95, 0x00,
};

static const uint8_t s_anim_excited_f23[] = {
    0x93, 0x00, 0x05, 0xc0, 0xf0, 0xf8, 0xfc, 0xfe, 0xfe, 0x98, 0xff, 0x05, 0xfe, 0xfe, 0xfc, 0xfc,
    0xf0, 0xc0, 0x8e, 0x00, 0x05, 0xc0, 0xf0, 0xfc, 0xfc, 0xfe, 0xfe, 0x98, 0xff, 0x05, 0xfe, 0xfe,
    0xfc, 0xf8, 0xf0, 0xc0, 0xa6, 0x00, 0xa4, 0xff, 0x8e, 0x00, 0xa4, 0xff, 0xa6, 0x00, 0x8f, 0xff,
    0x84, 0x7f, 0x8f, 0xff, 0x8e, 0x00, 0x8f, 0xff, 0x84, 0x7f, 0x8f, 0xff, 0xa6, 0x00, 0x8b, 0xff,
    0x02, 0x07, 0x03, 0x01, 0x86, 0x00, 0x02, 0x01, 0x03, 0x07, 0x8b, 0xff, 0x8e, 0x00, 0x8b, 0xff,
    0x02, 0x07, 0x03, 0x01, 0x86, 0x00, 0x02, 0x01, 0x03, 0x07, 0x8b, 0xff, 0xa6, 0x00, 0x8c, 0xff,
    0x02, 0xfe, 0xfc, 0xf8, 0x84, 0xf0, 0x02, 0xf8, 0xfc, 0xfe, 0x8c, 0xff, 0x8e, 0x00, 0x8c, 0xff,
    0x02, 0xfe, 0xfc, 0xf8, 0x84, 0xf0, 0x02, 0xf8, 0xfc, 0xfe, 0x8c, 0xff, 0xa6, 0x00, 0xa4, 0xff,
    0x03, 0x00, 0x00, 0x80, 0x80, 0x86, 0xc0, 0x03, 0x80, 0x80, 0x00, 0x00, 0xa4, 0xff, 0xa6, 0x00,
    0x01, 0x1f, 0x7f, 0xa0, 0xff, 0x02, 0x7f, 0x7f, 0xfe, 0x8c, 0xff, 0x02, 0xfe, 0x7f, 0x7f, 0xa0,
    0xff, 0x01, 0x7f, 0x1f, 0xa9, 0x00, 0x02, 0x01, 0x03, 0x03, 0x98, 0x07, 0x02, 0x03, 0x03, 0x01,
    0x82, 0x00, 0x03, 0x01, 0x03, 0x07, 0x07, 0x86, 0x0f, 0x03, 0x07, 0x07, 0x03, 0x01, 0x82, 0x00,
    0x02, 0x01, 0x03, 0x03, 0x98, 0x07, 0x02, 0x03, 0x03, 0x01, 0x95, 0x00,
};

static const uint8_t s_anim_excited_f24[] = {
    0x93, 0x00, 0x05, 0xc0, 0xf0, 0xf8, 0xfc, 0xfe, 0xfe, 0x98, 0xff, 0x05, 0xfe, 0xfe, 0xfc, 0xfc,
    0xf0, 0xc0, 0x8e, 0x00, 0x05, 0xc0, 0xf0, 0xfc, 0xfc, 0xfe, 0xfe, 0x98, 0xff, 0x05, 0xfe, 0xfe,
    0xfc, 0xf8, 0xf0, 0xc0, 0xa6, 0x00, 0xa4, 0xff, 0x8e, 0x00, 0xa4, 0xff, 0xa6, 0x00, 0x8f, 0xff,
    0x84, 0x7f, 0x8f, 0xff, 0x8e, 0x00, 0x8f, 0xff, 0x84, 0x7f, 0x8f, 0xff, 0xa6, 0x00, 0x8b, 0xff,
    0x02, 0x07, 0x03, 0x01, 0x86, 0x00, 0x02, 0x01, 0x03, 0x07, 0x8b, 0xff, 0x8e, 0x00, 0x8b, 0xff,
    0x02, 0x07, 0x03, 0x01, 0x86, 0x00, 0x02, 0x01, 0x03, 0x07, 0x8b, 0xff, 0xa6, 0x00, 0x8c, 0xff,
    0x02, 0xfe, 0xfc, 0xf8, 0x84, 0xf0, 0x02, 0xf8, 0xfc, 0xfe, 0x8c, 0xff, 0x8e, 0x00, 0x8c, 0xff,
    0x02, 0xfe, 0xfc, 0xf8, 0x84, 0xf0, 0x02, 0xf8, 0xfc, 0xfe, 0x8c, 0xff, 0xa6, 0x00, 0xa4, 0xff,
    0x03, 0x00, 0x00, 0x80, 0x80, 0x86, 0xc0, 0x03, 0x80, 0x80, 0x00, 0x00, 0xa4, 0xff, 0xa6, 0x00,
    0x01, 0x1f, 0x7f, 0xa0, 0xff, 0x02, 0x7f, 0x7f, 0xfe, 0x8c, 0xff, 0x02, 0xfe, 0x7f, 0x7f, 0xa0,
    0xff, 0x01, 0x7f, 0x1f, 0xa9, 0x00, 0x02, 0x01, 0x03, 0x03, 0x98, 0x07, 0x02, 0x03, 0x03, 0x01,
    0x82, 0x00, 0x03, 0x01, 0x03, 0x07, 0x07, 0x86, 0x0f, 0x03, 0x07, 0x07, 0x03, 0x01, 0x82, 0x00,
    0x02, 0x01, 0x03, 0x03, 0x98, 0x07, 0x02, 0x03, 0x03, 0x01, 0x95, 0x00,
};

static const uint8_t s_anim_excited_f25[] = {
    0x93, 0x00, 0x05, 0xc0, 0xf0, 0xf8, 0xfc, 0xfe, 0xfe, 0x98, 0xff, 0x05, 0xfe, 0xfe, 0xfc, 0xfc,
    0xf0, 0xc0, 0x8e, 0x00, 0x05, 0xc0, 0xf0, 0xfc, 0xfc, 0xfe, 0xfe, 0x98, 0xff, 0x05, 0xfe, 0xfe,
    0xfc, 0xf8, 0xf0, 0xc0, 0xa6, 0x00, 0xa4, 0xff, 0x8e, 0x00, 0xa4, 0xff, 0xa6, 0x00, 0x8f, 0xff,
    0x84, 0x7f, 0x8f, 0xff, 0x8e, 0x00, 0x8f, 0xff, 0x84, 0x7f, 0x8f, 0xff, 0xa6, 0x00, 0x8b, 0xff,
    0x02, 0x07, 0x03, 0x01, 0x86, 0x00, 0x02, 0x01, 0x03, 0x07, 0x8b, 0xff, 0x8e, 0x00, 0x8b, 0xff,
    0x02, 0x07, 0x03, 0x01, 0x86, 0x00, 0x02, 0x01, 0x03, 0x07, 0x8b, 0xff, 0xa6, 0x00, 0x8c, 0xff,
    0x02, 0xfe, 0xfc, 0xf8, 0x84, 0xf0, 0x02, 0xf8, 0xfc, 0xfe, 0x8c, 0xff, 0x8e, 0x00, 0x8c, 0xff,
    0x02, 0xfe, 0xfc, 0xf8, 0x84, 0xf0, 0x02, 0xf8, 0xfc, 0xfe, 0x8c, 0xff, 0xa6, 0x00, 0xa4, 0xff,
    0x03, 0x00, 0x00, 0x80, 0x80, 0x86, 0xc0, 0x03, 0x80, 0x80, 0x00, 0x00, 0xa4, 0xff, 0xa6, 0x00,
    0x01, 0x1f, 0x7f, 0xa0, 0xff, 0x02, 0x7f, 0x7f, 0xfe, 0x8c, 0xff, 0x02, 0xfe, 0x7f, 0x7f, 0xa0,
    0xff, 0x01, 0x7f, 0x1f, 0xa9, 0x00, 0x02, 0x01, 0x03, 0x03, 0x98, 0x07, 0x02, 0x03, 0x03, 0x01,
    0x82, 0x00, 0x03, 0x01, 0x03, 0x07, 0x07, 0x86, 0x0f, 0x03, 0x07, 0x07, 0x03, 0x01, 0x82, 0x00,
    0x02, 0x01, 0x03, 0x03, 0x98, 0x07, 0x02, 0x03, 0x03, 0x01, 0x95, 0x00,
};

static const uint8_t s_anim_excited_f26[] = {
    0x94, 0x00, 0x04, 0xc0, 0xf0, 0xf0, 0xf8, 0xf8, 0x98, 0xfc, 0x82, 0xf8, 0x01, 0xec, 0xc0, 0x90,
    0x00, 0x01, 0xc0, 0xec, 0x82, 0xf8, 0x98, 0xfc, 0x04, 0xf8, 0xf8, 0xf0, 0xf0, 0xc0, 0xa7, 0x00,
    0xa4, 0xff, 0x8e, 0x00, 0xa4, 0xff, 0xa6, 0x00, 0xa4, 0xff, 0x8e, 0x00, 0xa4, 0xff, 0xa6, 0x00,
    0x8b, 0xff, 0x03, 0x0f, 0x07, 0x03, 0x01, 0x84, 0x00, 0x03, 0x01, 0x03, 0x07, 0x0f, 0x8b, 0xff,
    0x8e, 0x00, 0x8b, 0xff, 0x03, 0x0f, 0x07, 0x03, 0x01, 0x84, 0x00, 0x03, 0x01, 0x03, 0x07, 0x0f,
    0x8b, 0xff, 0xa6, 0x00, 0x8b, 0xff, 0x03, 0xfe, 0xfc, 0xf8, 0xf0, 0x84, 0xe0, 0x03, 0xf0, 0xf8,
    0xfc, 0xfe, 0x8b, 0xff, 0x8e, 0x00, 0x8b, 0xff, 0x03, 0xfe, 0xfc, 0xf8, 0xf0, 0x84, 0xe0, 0x03,
    0xf0, 0xf8, 0xfc, 0xfe, 0x8b, 0xff, 0xa6, 0x00, 0xa4, 0xff, 0x03, 0x00, 0x00, 0x80, 0x80, 0x86,
    0xc0, 0x03, 0x80, 0x80, 0x00, 0x00, 0xa4, 0xff, 0xa6, 0x00, 0x01, 0x1f, 0x7f, 0xa0, 0xff, 0x02,
    0x7f, 0x7f, 0xfe, 0x8c, 0xff, 0x02, 0xfe, 0x7f, 0x7f, 0xa0, 0xff, 0x01, 0x7f, 0x1f, 0xa9, 0x00,
    0x02, 0x01, 0x03, 0x03, 0x98, 0x07, 0x02, 0x03, 0x03, 0x01, 0x82, 0x00, 0x03, 0x01, 0x03, 0x07,
    0x07, 0x86, 0x0f, 0x03, 0x07, 0x07, 0x03, 0x01, 0x82, 0x00, 0x02, 0x01, 0x03, 0x03, 0x98, 0x07,
    0x02, 0x03, 0x03, 0x01, 0x95, 0x00,
};

static const uint8_t s_anim_excited_f27[] = {
    0x94, 0x00, 0x04, 0xc0, 0xe0, 0xf0, 0xf8, 0xf8, 0x98, 0xfc, 0x04, 0xf8, 0xf8, 0xf0, 0xf8, 0xc0,
    0x90, 0x00, 0x04, 0xc0, 0xf8, 0xf0, 0xf8, 0xf8, 0x98, 0xfc, 0x04, 0xf8, 0xf8, 0xf0, 0xe0, 0xc0,
    0xa7, 0x00, 0xa4, 0xff, 0x8e, 0x00, 0xa4, 0xff, 0xa6, 0x00, 0xa4, 0xff, 0x8e, 0x00, 0xa4, 0xff,
    0xa6, 0x00, 0x8b, 0xff, 0x03, 0x0f, 0x07, 0x03, 0x01, 0x84, 0x00, 0x03, 0x01, 0x03, 0x07, 0x0f,
    0x8b, 0xff, 0x8e, 0x00, 0x8b, 0xff, 0x03, 0x0f, 0x07, 0x03, 0x01, 0x84, 0x00, 0x03, 0x01, 0x03,
    0x07, 0x0f, 0x8b, 0xff, 0xa6, 0x00, 0x8b, 0xff, 0x03, 0xfe, 0xfc, 0xf8, 0xf0, 0x84, 0xe0, 0x03,
    0xf0, 0xf8, 0xfc, 0xfe, 0x8b, 0xff, 0x8e, 0x00, 0x8b, 0xff, 0x03, 0xfe, 0xfc, 0xf8, 0xf0, 0x84,
    0xe0, 0x03, 0xf0, 0xf8, 0xfc, 0xfe, 0x8b, 0xff, 0xa6, 0x00, 0xa4, 0xff, 0x84, 0x00, 0x84, 0x80,
    0x84, 0x00, 0xa4, 0xff, 0xa6, 0x00, 0x01, 0x1f, 0x7f, 0xa0, 0xff, 0x04, 0x7f, 0x1f, 0x78, 0xfc,
    0xfe, 0x88, 0xff, 0x04, 0xfe, 0xfc, 0x78, 0x1f, 0x7f, 0xa0, 0xff, 0x01, 0x7f, 0x1f, 0xa9, 0x00,
    0x02, 0x01, 0x03, 0x03, 0x98, 0x07, 0x02, 0x03, 0x03, 0x01, 0x84, 0x00, 0x02, 0x01, 0x03, 0x03,
    0x84, 0x07, 0x02, 0x03, 0x03, 0x01, 0x84, 0x00, 0x02, 0x01, 0x03, 0x03, 0x98, 0x07, 0x02, 0x03,
    0x03, 0x01, 0x95, 0x00,
};

static const uint8_t s_anim_excited_f28[] = {
    0x94, 0x00, 0x04, 0xc0, 0xe0, 0xf0, 0xf8, 0xf8, 0x98, 0xfc, 0x04, 0xf8, 0xf8, 0xf0, 0xf8, 0xc0,
    0x90, 0x00, 0x04, 0xc0, 0xf8, 0xf0, 0xf8, 0xf8, 0x98, 0xfc, 0x04, 0xf8, 0xf8, 0xf0, 0xe0, 0xc0,
    0xa7, 0x00, 0xa4, 0xff, 0x8e, 0x00, 0xa4, 0xff, 0xa6, 0x00, 0xa4, 0xff, 0x8e, 0x00, 0xa4, 0xff,
    0xa6, 0x00, 0x8b, 0xff, 0x03, 0x0f, 0x07, 0x03, 0x01, 0x84, 0x00, 0x03, 0x01, 0x03, 0x07, 0x0f,
    0x8b, 0xff, 0x8e, 0x00, 0x8b, 0xff, 0x03, 0x0f, 0x07, 0x03, 0x01, 0x84, 0x00, 0x03, 0x01, 0x03,
    0x07, 0x0f, 0x8b, 0xff, 0xa6, 0x00, 0x8b, 0xff, 0x03, 0xfe, 0xfc, 0xf8, 0xf0, 0x84, 0xe0, 0x03,
    0xf0, 0xf8, 0xfc, 0xfe, 0x8b, 0xff, 0x8e, 0x00, 0x8b, 0xff, 0x03, 0xfe, 0xfc, 0xf8, 0xf0, 0x84,
    0xe0, 0x03, 0xf0, 0xf8, 0xfc, 0xfe, 0x8b, 0xff, 0xa6, 0x00, 0xa4, 0xff, 0x84, 0x00, 0x84, 0x80,
    0x84, 0x00, 0xa4, 0xff, 0xa6, 0x00, 0x01, 0x1f, 0x7f, 0xa0, 0xff, 0x04, 0x7f, 0x1f, 0x78, 0xfc,
    0xfe, 0x88, 0xff, 0x04, 0xfe, 0xfc, 0x78, 0x1f, 0x7f, 0xa0, 0xff, 0x01, 0x7f, 0x1f, 0xa9, 0x00,
    0x02, 0x01, 0x03, 0x03, 0x98, 0x07, 0x02, 0x03, 0x03, 0x01, 0x84, 0x00, 0x02, 0x01, 0x03, 0x03,
    0x84, 0x07, 0x02, 0x03, 0x03, 0x01, 0x84, 0x00, 0x02, 0x01, 0x03, 0x03, 0x98, 0x07, 0x02, 0x03,
    0x03, 0x01, 0x95, 0x00,
};

static const uint8_t s_anim_excited_f29[] = {
    0x95, 0x00, 0x83, 0xe0, 0x9a, 0xf0, 0x01, 0xd0, 0x98, 0x92, 0x00, 0x01, 0x98, 0xd0, 0x9a, 0xf0,
    0x83, 0xe0, 0xa8, 0x00, 0x00, 0xfc, 0xa2, 0xff, 0x00, 0xfc, 0x8e, 0x00, 0x00, 0xfc, 0xa2, 0xff,
    0x00, 0xfc, 0xa6, 0x00, 0xa4, 0xff, 0x8e, 0x00, 0xa4, 0xff, 0xa6, 0x00, 0x8b, 0xff, 0x03, 0x1f,
    0x0f, 0x07, 0x03, 0x84, 0x01, 0x03, 0x03, 0x07, 0x0f, 0x1f, 0x8b, 0xff, 0x8e, 0x00, 0x8b, 0xff,
    0x03, 0x1f, 0x0f, 0x07, 0x03, 0x84, 0x01, 0x03, 0x03, 0x07, 0x0f, 0x1f, 0x8b, 0xff, 0xa6, 0x00,
    0x8b, 0xff, 0x03, 0xfc, 0xf8, 0xf0, 0xe0, 0x84, 0xc0, 0x03, 0xe0, 0xf0, 0xf8, 0xfc, 0x8b, 0xff,
    0x8e, 0x00, 0x8b, 0xff, 0x03, 0xfc, 0xf8, 0xf0, 0xe0, 0x84, 0xc0, 0x03, 0xe0, 0xf0, 0xf8, 0xfc,
    0x8b, 0xff, 0xa6, 0x00, 0xa4, 0xff, 0x84, 0x00, 0x84, 0x80, 0x84, 0x00, 0xa4, 0xff, 0xa6, 0x00,
    0x01, 0x1f, 0x7f, 0xa0, 0xff, 0x04, 0x7f, 0x1f, 0x78, 0xfc, 0xfe, 0x88, 0xff, 0x04, 0xfe, 0xfc,
    0x78, 0x1f, 0x7f, 0xa0, 0xff, 0x01, 0x7f, 0x1f, 0xa9, 0x00, 0x02, 0x01, 0x03, 0x03, 0x98, 0x07,
    0x02, 0x03, 0x03, 0x01, 0x84, 0x00, 0x02, 0x01, 0x03, 0x03, 0x84, 0x07, 0x02, 0x03, 0x03, 0x01,
    0x84, 0x00, 0x02, 0x01, 0x03, 0x03, 0x98, 0x07, 0x02, 0x03, 0x03, 0x01, 0x95, 0x00,
};

static const uint8_t s_anim_excited_f30[] = {
    0x95, 0x00, 0x83, 0xe0, 0x9a, 0xf0, 0x01, 0xd0, 0x98, 0x92, 0x00, 0x01, 0x98, 0xd0, 0x9a, 0xf0,
    0x83, 0xe0, 0xa8, 0x00, 0x00, 0xfc, 0xa2, 0xff, 0x00, 0xfc, 0x8e, 0x00, 0x00, 0xfc, 0xa2, 0xff,
    0x00, 0xfc, 0xa6, 0x00, 0xa4, 0xff, 0x8e, 0x00, 0xa4, 0xff, 0xa6, 0x00, 0x8b, 0xff, 0x03, 0x1f,
    0x0f, 0x07, 0x03, 0x84, 0x01, 0x03, 0x03, 0x07, 0x0f, 0x1f, 0x8b, 0xff, 0x8e, 0x00, 0x8b, 0xff,
    0x03, 0x1f, 0x0f, 0x07, 0x03, 0x84, 0x01, 0x03, 0x03, 0x07, 0x0f, 0x1f, 0x8b, 0xff, 0xa6, 0x00,
    0x8b, 0xff, 0x03, 0xfc, 0xf8, 0xf0, 0xe0, 0x84, 0xc0, 0x03, 0xe0, 0xf0, 0xf8, 0xfc, 0x8b, 0xff,
    0x8e, 0x00, 0x8b, 0xff, 0x03, 0xfc, 0xf8, 0xf0, 0xe0, 0x84, 0xc0, 0x03, 0xe0, 0xf0, 0xf8, 0xfc,
    0x8b, 0xff, 0xa6, 0x00, 0xa4, 0xff, 0x84, 0x00, 0x84, 0x80, 0x84, 0x00, 0xa4, 0xff, 0xa6, 0x00,
    0x01, 0x1f, 0x7f, 0xa0, 0xff, 0x04, 0x7f, 0x1f, 0x78, 0xfc, 0xfe, 0x88, 0xff, 0x04, 0xfe, 0xfc,
    0x78, 0x1f, 0x7f, 0xa0, 0xff, 0x01, 0x7f, 0x1f, 0xa9, 0x00, 0x02, 0x01, 0x03, 0x03, 0x98, 0x07,
    0x02, 0x03, 0x03, 0x01, 0x84, 0x00, 0x02, 0x01, 0x03, 0x03, 0x84, 0x07, 0x02, 0x03, 0x03, 0x01,
    0x84, 0x00, 0x02, 0x01, 0x03, 0x03, 0x98, 0x07, 0x02, 0x03, 0x03, 0x01, 0x95, 0x00,
};

static const uint8_t s_anim_excited_f31[] = {
    0x95, 0x00, 0x83, 0xe0, 0x9a, 0xf0, 0x01, 0xd0, 0x98, 0x92, 0x00, 0x01, 0x98, 0xd0, 0x9a, 0xf0,
    0x83, 0xe0, 0xa8, 0x00, 0x00, 0xfc, 0xa2, 0xff, 0x00, 0xfc, 0x8e, 0x00, 0x00, 0xfc, 0xa2, 0xff,
    0x00, 0xfc, 0xa6, 0x00, 0xa4, 0xff, 0x8e, 0x00, 0xa4, 0xff, 0xa6, 0x00, 0x8b, 0xff, 0x03, 0x1f,
    0x0f, 0x07, 0x03, 0x84, 0x01, 0x03, 0x03, 0x07, 0x0f, 0x1f, 0x8b, 0xff, 0x8e, 0x00, 0x8b, 0xff,
    0x03, 0x1f, 0x0f, 0x07, 0x03, 0x84, 0x01, 0x03, 0x03, 0x07, 0x0f, 0x1f, 0x8b, 0xff, 0xa6, 0x00,
    0x8b, 0xff, 0x03, 0xfc, 0xf8, 0xf0, 0xe0, 0x84, 0xc0, 0x03, 0xe0, 0xf0, 0xf8, 0xfc, 0x8b, 0xff,
    0x8e, 0x00, 0x8b, 0xff, 0x03, 0xfc, 0xf8, 0xf0, 0xe0, 0x84, 0xc0, 0x03, 0xe0, 0xf0, 0xf8, 0xfc,
    0x8b, 0xff, 0xa6, 0x00, 0xa4, 0xff, 0x84, 0x00, 0x84, 0x80, 0x84, 0x00, 0xa4, 0xff, 0xa6, 0x00,
    0x01, 0x1f, 0x7f, 0xa0, 0xff, 0x04, 0x7f, 0x1f, 0x78, 0xfc, 0xfe, 0x88, 0xff, 0x04, 0xfe, 0xfc,
    0x78, 0x1f, 0x7f, 0xa0, 0xff, 0x01, 0x7f, 0x1f, 0xa9, 0x00, 0x02, 0x01, 0x03, 0x03, 0x98, 0x07,
    0x02, 0x03, 0x03, 0x01, 0x84, 0x00, 0x02, 0x01, 0x03, 0x03, 0x84, 0x07, 0x02, 0x03, 0x03, 0x01,
    0x84, 0x00, 0x02, 0x01, 0x03, 0x03, 0x98, 0x07, 0x02, 0x03, 0x03, 0x01, 0x95, 0x00,
};

static const uint8_t s_anim_excited_f32[] = {
    0x95, 0x00, 0x01, 0xc0, 0x40, 0x8d, 0xc0, 0x8c, 0xe0, 0x03, 0xa0, 0xa0, 0x20, 0x30, 0x92, 0x00,
    0x03, 0x30, 0x20, 0xa0, 0xa0, 0x8c, 0xe0, 0x8d, 0xc0, 0x01, 0x40, 0xc0, 0xa8, 0x00, 0x02, 0xf0,
    0xfc, 0xfe, 0x9e, 0xff, 0x02, 0xfe, 0xfc, 0xf0, 0x8e, 0x00, 0x02, 0xf0, 0xfc, 0xfe, 0x9e, 0xff,
    0x02, 0xfe, 0xfc, 0xf0, 0xa6, 0x00, 0xa4, 0xff, 0x8e, 0x00, 0xa4, 0xff, 0xa6, 0x00, 0x8b, 0xff,
    0x03, 0x3f, 0x1f, 0x0f, 0x07, 0x84, 0x03, 0x03, 0x07, 0x0f, 0x1f, 0x3f, 0x8b, 0xff, 0x8e, 0x00,
    0x8b, 0xff, 0x03, 0x3f, 0x1f, 0x0f, 0x07, 0x84, 0x03, 0x03, 0x07, 0x0f, 0x1f, 0x3f, 0x8b, 0xff,
    0xa6, 0x00, 0x8b, 0xff, 0x03, 0xf8, 0xf0, 0xe0, 0xc0, 0x84, 0x80, 0x03, 0xc0, 0xe0, 0xf0, 0xf8,
    0x8b, 0xff, 0x8e, 0x00, 0x8b, 0xff, 0x03, 0xf8, 0xf0, 0xe0, 0xc0, 0x84, 0x80, 0x03, 0xc0, 0xe0,
    0xf0, 0xf8, 0x8b, 0xff, 0xa6, 0x00, 0xa4, 0xff, 0x8e, 0x00, 0xa4, 0xff, 0xa6, 0x00, 0x01, 0x1f,
    0x7f, 0xa0, 0xff, 0x06, 0x7f, 0x1f, 0x00, 0x70, 0xfc, 0xfe, 0xfe, 0x84, 0xff, 0x06, 0xfe, 0xfe,
    0xfc, 0x70, 0x00, 0x1f, 0x7f, 0xa0, 0xff, 0x01, 0x7f, 0x1f, 0xa9, 0x00, 0x02, 0x01, 0x03, 0x03,
    0x98, 0x07, 0x02, 0x03, 0x03, 0x01, 0x84, 0x00, 0x02, 0x01, 0x03, 0x03, 0x84, 0x07, 0x02, 0x03,
    0x03, 0x01, 0x84, 0x00, 0x02, 0x01, 0x03, 0x03, 0x98, 0x07, 0x02, 0x03, 0x03, 0x01, 0x95, 0x00,
};

static const uint8_t s_anim_excited_f33[] = {
    0x95, 0x00, 0x01, 0xc0, 0x40, 0x8d, 0xc0, 0x8c, 0xe0, 0x03, 0xa0, 0xa0, 0x20, 0x30, 0x92, 0x00,
    0x03, 0x30, 0x20, 0xa0, 0xa0, 0x8c, 0xe0, 0x8d, 0xc0, 0x01, 0x40, 0xc0, 0xa8, 0x00, 0x02, 0xf0,
    0xfc, 0xfe, 0x9e, 0xff, 0x02, 0xfe, 0xfc, 0xf0, 0x8e, 0x00, 0x02, 0xf0, 0xfc, 0xfe, 0x9e, 0xff,
    0x02, 0xfe, 0xfc, 0xf0, 0xa6, 0x00, 0xa4, 0xff, 0x8e, 0x00, 0xa4, 0xff, 0xa6, 0x00, 0x8b, 0xff,
    0x03, 0x3f, 0x1f, 0x0f, 0x07, 0x84, 0x03, 0x03, 0x07, 0x0f, 0x1f, 0x3f, 0x8b, 0xff, 0x8e, 0x00,
    0x8b, 0xff, 0x03, 0x3f, 0x1f, 0x0f, 0x07, 0x84, 0x03, 0x03, 0x07, 0x0f, 0x1f, 0x3f, 0x8b, 0xff,
    0xa6, 0x00, 0x8b, 0xff, 0x03, 0xf8, 0xf0, 0xe0, 0xc0, 0x84, 0x80, 0x03, 0xc0, 0xe0, 0xf0, 0xf8,
    0x8b, 0xff, 0x8e, 0x00, 0x8b, 0xff, 0x03, 0xf8, 0xf0, 0xe0, 0xc0, 0x84, 0x80, 0x03, 0xc0, 0xe0,
    0xf0, 0xf8, 0x8b, 0xff, 0xa6, 0x00, 0xa4, 0xff, 0x8e, 0x00, 0xa4, 0xff, 0xa6, 0x00, 0x01, 0x1f,
    0x7f, 0xa0, 0xff, 0x06, 0x7f, 0x1f, 0x00, 0x70, 0xfc, 0xfe, 0xfe, 0x84, 0xff, 0x06, 0xfe, 0xfe,
    0xfc, 0x70, 0x00, 0x1f, 0x7f, 0xa0, 0xff, 0x01, 0x7f, 0x1f, 0xa9, 0x00, 0x02, 0x01, 0x03, 0x03,
    0x98, 0x07, 0x02, 0x03, 0x03, 0x01, 0x84, 0x00, 0x02, 0x01, 0x03, 0x03, 0x84, 0x07, 0x02, 0x03,
    0x03, 0x01, 0x84, 0x00, 0x02, 0x01, 0x03, 0x03, 0x98, 0x07, 0x02, 0x03, 0x03, 0x01, 0x95, 0x00,
};

static const uint8_t s_anim_excited_f34[] = {
    0x95, 0x00, 0x01, 0xc0, 0x40, 0x8d, 0xc0, 0x8c, 0xe0, 0x03, 0xa0, 0xa0, 0x20, 0x30, 0x92, 0x00,
    0x03, 0x30, 0x20, 0xa0, 0xa0, 0x8c, 0xe0, 0x8d, 0xc0, 0x01, 0x40, 0xc0, 0xa8, 0x00, 0x02, 0xf0,
    0xfc, 0xfe, 0x9e, 0xff, 0x02, 0xfe, 0xfc, 0xf0, 0x8e, 0x00, 0x02, 0xf0, 0xfc, 0xfe, 0x9e, 0xff,
    0x02, 0xfe, 0xfc, 0xf0, 0xa6, 0x00, 0xa4, 0xff, 0x8e, 0x00, 0xa4, 0xff, 0xa6, 0x00, 0x8b, 0xff,
    0x03, 0x3f, 0x1f, 0x0f, 0x07, 0x84, 0x03, 0x03, 0x07, 0x0f, 0x1f, 0x3f, 0x8b, 0xff, 0x8e, 0x00,
    0x8b, 0xff, 0x03, 0x3f, 0x1f, 0x0f, 0x07, 0x84, 0x03, 0x03, 0x07, 0x0f, 0x1f, 0x3f, 0x8b, 0xff,
    0xa6, 0x00, 0x8b, 0xff, 0x03, 0xf8, 0xf0, 0xe0, 0xc0, 0x84, 0x80, 0x03, 0xc0, 0xe0, 0xf0, 0xf8,
    0x8b, 0xff, 0x8e, 0x00, 0x8b, 0xff, 0x03, 0xf8, 0xf0, 0xe0, 0xc0, 0x84, 0x80, 0x03, 0xc0, 0xe0,
    0xf0, 0xf8, 0x8b, 0xff, 0xa6, 0x00, 0xa4, 0xff, 0x8e, 0x00, 0xa4, 0xff, 0xa6, 0x00, 0x01, 0x1f,
    0x7f, 0xa0, 0xff, 0x06, 0x7f, 0x1f, 0x00, 0x70, 0xfc, 0xfe, 0xfe, 0x84, 0xff, 0x06, 0xfe, 0xfe,
    0xfc, 0x70, 0x00, 0x1f, 0x7f, 0xa0, 0xff, 0x01, 0x7f, 0x1f, 0xa9, 0x00, 0x02, 0x01, 0x03, 0x03,
    0x98, 0x07, 0x02, 0x03, 0x03, 0x01, 0x84, 0x00, 0x02, 0x01, 0x03, 0x03, 0x84, 0x07, 0x02, 0x03,
    0x03, 0x01, 0x84, 0x00, 0x02, 0x01, 0x03, 0x03, 0x98, 0x07, 0x02, 0x03, 0x03, 0x01, 0x95, 0x00,
};

static const uint8_t s_anim_excited_f35[] = {
    0x95, 0x00, 0x01, 0xc0, 0x40, 0x8d, 0xc0, 0x8c, 0xe0, 0x03, 0xa0, 0xa0, 0x20, 0x30, 0x92, 0x00,
    0x03, 0x30, 0x20, 0xa0, 0xa0, 0x8c, 0xe0, 0x8d, 0xc0, 0x01, 0x40, 0xc0, 0xa8, 0x00, 0x02, 0xf0,
    0xfc, 0xfe, 0x9e, 0xff, 0x02, 0xfe, 0xfc, 0xf0, 0x8e, 0x00, 0x02, 0xf0, 0xfc, 0xfe, 0x9e, 0xff,
    0x02, 0xfe, 0xfc, 0xf0, 0xa6, 0x00, 0xa4, 0xff, 0x8e, 0x00, 0xa4, 0xff, 0xa6, 0x00, 0x8b, 0xff,
    0x03, 0x3f, 0x1f, 0x0f, 0x07, 0x84, 0x03, 0x03, 0x07, 0x0f, 0x1f, 0x3f, 0x8b, 0xff, 0x8e, 0x00,
    0x8b, 0xff, 0x03, 0x3f, 0x1f, 0x0f, 0x07, 0x84, 0x03, 0x03, 0x07, 0x0f, 0x1f, 0x3f, 0x8b, 0xff,
    0xa6, 0x00, 0x8b, 0xff, 0x03, 0xf8, 0xf0, 0xe0, 0xc0, 0x84, 0x80, 0x03, 0xc0, 0xe0, 0xf0, 0xf8,
    0x8b, 0xff, 0x8e, 0x00, 0x8b, 0xff, 0x03, 0xf8, 0xf0, 0xe0, 0xc0, 0x84, 0x80, 0x03, 0xc0, 0xe0,
    0xf0, 0xf8, 0x8b, 0xff, 0xa6, 0x00, 0xa4, 0xff, 0x8e, 0x00, 0xa4, 0xff, 0xa6, 0x00, 0x01, 0x1f,
    0x7f, 0xa0, 0xff, 0x06, 0x7f, 0x1f, 0x00, 0x70, 0xfc, 0xfe, 0xfe, 0x84, 0xff, 0x06, 0xfe, 0xfe,
    0xfc, 0x70, 0x00, 0x1f, 0x7f, 0xa0, 0xff, 0x01, 0x7f, 0x1f, 0xa9, 0x00, 0x02, 0x01, 0x03, 0x03,
    0x98, 0x07, 0x02, 0x03, 0x03, 0x01, 0x84, 0x00, 0x02, 0x01, 0x03, 0x03, 0x84, 0x07, 0x02, 0x03,
    0x03, 0x01, 0x84, 0x00, 0x02, 0x01, 0x03, 0x03, 0x98, 0x07, 0x02, 0x03, 0x03, 0x01, 0x95, 0x00,
};

static const uint8_t *const s_anim_excited_frames[36] = {
    s_anim_excited_f00,
    s_anim_excited_f01,
    s_anim_excited_f02,
    s_anim_excited_f03,
    s_anim_excited_f04,
    s_anim_excited_f05,
    s_anim_excited_f06,
    s_anim_excited_f07,
    s_anim_excited_f08,
    s_anim_excited_f09,
    s_anim_excited_f10,
    s_anim_excited_f11,
    s_anim_excited_f12,
    s_anim_excited_f13,
    s_anim_excited_f14,
    s_anim_excited_f15,
    s_anim_excited_f16,
    s_anim_excited_f17,
    s_anim_excited_f18,
    s_anim_excited_f19,
    s_anim_excited_f20,
    s_anim_excited_f21,
    s_anim_excited_f22,
    s_anim_excited_f23,
    s_anim_excited_f24,
    s_anim_excited_f25,
    s_anim_excited_f26,
    s_anim_excited_f27,
    s_anim_excited_f28,
    s_anim_excited_f29,
    s_anim_excited_f30,
    s_anim_excited_f31,
    s_anim_excited_f32,
    s_anim_excited_f33,
    s_anim_excited_f34,
    s_anim_excited_f35,
};

static const uint16_t s_anim_excited_sizes[36] = {
    208, 208, 208, 208, 208, 190, 190, 190,
    196, 196, 198, 204, 204, 204, 188, 188,
    188, 188, 188, 188, 188, 188, 188, 204,
    204, 204, 198, 196, 196, 190, 190, 190,
    208, 208, 208, 208,
};

static const uint8_t s_anim_wink_f00[] = {
    0xff, 0x00, 0xc9, 0x00, 0x03, 0x80, 0xc0, 0xe0, 0xe0, 0x98, 0xf0, 0x03, 0xe0, 0xe0, 0xc0, 0x80,
    0xdc, 0x00, 0x00, 0xfc, 0xa2, 0xff, 0x00, 0xfc, 0xa8, 0x00, 0xa0, 0x80, 0x90, 0x00, 0x8c, 0xff,
    0x02, 0x3f, 0x1f, 0x0f, 0x84, 0x07, 0x02, 0x0f, 0x1f, 0x3f, 0x8c, 0xff, 0xa8, 0x00, 0xa0, 0x03,
    0x90, 0x00, 0x8c, 0xff, 0x02, 0xf8, 0xf0, 0xe0, 0x84, 0xc0, 0x02, 0xe0, 0xf0, 0xf8, 0x8c, 0xff,
    0xda, 0x00, 0x00, 0x7f, 0xa2, 0xff, 0x00, 0x7f, 0xc0, 0x00, 0x00, 0xc0, 0x82, 0x80, 0x96, 0x00,
    0x05, 0x01, 0x03, 0x07, 0x0f, 0x0f, 0x1f, 0x82, 0x9f, 0x00, 0xdf, 0x93, 0x1f, 0x04, 0x0f, 0x0f,
    0x07, 0x03, 0x01, 0xc4, 0x00, 0x04, 0x01, 0x01, 0x03, 0x02, 0x02, 0x94, 0x06, 0x04, 0x02, 0x02,
    0x03, 0x01, 0x01, 0xaf, 0x00,
};

static const uint8_t s_anim_wink_f01[] = {
    0xff, 0x00, 0xc9, 0x00, 0x03, 0x80, 0xc0, 0xe0, 0xe0, 0x98, 0xf0, 0x03, 0xe0, 0xe0, 0xc0, 0x80,
    0xdc, 0x00, 0x00, 0xfc, 0xa2, 0xff, 0x00, 0xfc, 0xa8, 0x00, 0xa0, 0x80, 0x90, 0x00, 0x8c, 0xff,
    0x02, 0x3f, 0x1f, 0x0f, 0x84, 0x07, 0x02, 0x0f, 0x1f, 0x3f, 0x8c, 0xff, 0xa8, 0x00, 0xa0, 0x03,
    0x90, 0x00, 0x8c, 0xff, 0x02, 0xf8, 0xf0, 0xe0, 0x84, 0xc0, 0x02, 0xe0, 0xf0, 0xf8, 0x8c, 0xff,
    0xda, 0x00, 0x00, 0x7f, 0xa2, 0xff, 0x00, 0x7f, 0xc0, 0x00, 0x00, 0xc0, 0x82, 0x80, 0x96, 0x00,
    0x05, 0x01, 0x03, 0x07, 0x0f, 0x0f, 0x1f, 0x82, 0x9f, 0x00, 0xdf, 0x93, 0x1f, 0x04, 0x0f, 0x0f,
    0x07, 0x03, 0x01, 0xc4, 0x00, 0x04, 0x01, 0x01, 0x03, 0x02, 0x02, 0x94, 0x06, 0x04, 0x02, 0x02,
    0x03, 0x01, 0x01, 0xaf, 0x00,
};

static const uint8_t s_anim_wink_f02[] = {
    0xff, 0x00, 0xc9, 0x00, 0x03, 0x80, 0xc0, 0xe0, 0xe0, 0x98, 0xf0, 0x03, 0xe0, 0xe0, 0xc0, 0x80,
    0xdc, 0x00, 0x00, 0xfc, 0xa2, 0xff, 0x00, 0xfc, 0xa8, 0x00, 0xa0, 0x80, 0x90, 0x00, 0x8c, 0xff,
    0x02, 0x3f, 0x1f, 0x0f, 0x84, 0x07, 0x02, 0x0f, 0x1f, 0x3f, 0x8c, 0xff, 0xa8, 0x00, 0xa0, 0x03,
    0x90, 0x00, 0x8c, 0xff, 0x02, 0xf8, 0xf0, 0xe0, 0x84, 0xc0, 0x02, 0xe0, 0xf0, 0xf8, 0x8c, 0xff,
    0xda, 0x00, 0x00, 0x7f, 0xa2, 0xff, 0x00, 0x7f, 0xc0, 0x00, 0x00, 0xc0, 0x82, 0x80, 0x96, 0x00,
    0x05, 0x01, 0x03, 0x07, 0x0f, 0x0f, 0x1f, 0x82, 0x9f, 0x00, 0xdf, 0x93, 0x1f, 0x04, 0x0f, 0x0f,
    0x07, 0x03, 0x01, 0xc4, 0x00, 0x04, 0x01, 0x01, 0x03, 0x02, 0x02, 0x94, 0x06, 0x04, 0x02, 0x02,
    0x03, 0x01, 0x01, 0xaf, 0x00,
};

static const uint8_t s_anim_wink_f03[] = {
    0xff, 0x00, 0xc9, 0x00, 0x03, 0x80, 0xc0, 0xe0, 0xe0, 0x98, 0xf0, 0x03, 0xe0, 0xe0, 0xc0, 0x80,
    0xdc, 0x00, 0x00, 0xfc, 0xa2, 0xff, 0x00, 0xfc, 0xa8, 0x00, 0xa0, 0x80, 0x90, 0x00, 0x8c, 0xff,
    0x02, 0x3f, 0x1f, 0x0f, 0x84, 0x07, 0x02, 0x0f, 0x1f, 0x3f, 0x8c, 0xff, 0xa8, 0x00, 0xa0, 0x03,
    0x90, 0x00, 0x8c, 0xff, 0x02, 0xf8, 0xf0, 0xe0, 0x84, 0xc0, 0x02, 0xe0, 0xf0, 0xf8, 0x8c, 0xff,
    0xda, 0x00, 0x00, 0x7f, 0xa2, 0xff, 0x00, 0x7f, 0xc0, 0x00, 0x00, 0xc0, 0x82, 0x80, 0x96, 0x00,
    0x05, 0x01, 0x03, 0x07, 0x0f, 0x0f, 0x1f, 0x82, 0x9f, 0x00, 0xdf, 0x93, 0x1f, 0x04, 0x0f, 0x0f,
    0x07, 0x03, 0x01, 0xc4, 0x00, 0x04, 0x01, 0x01, 0x03, 0x02, 0x02, 0x94, 0x06, 0x04, 0x02, 0x02,
    0x03, 0x01, 0x01, 0xaf, 0x00,
};

static const uint8_t s_anim_wink_f04[] = {
    0xff, 0x00, 0xc9, 0x00, 0x03, 0x80, 0xc0, 0xe0, 0xe0, 0x98, 0xf0, 0x03, 0xe0, 0xe0, 0xc0, 0x80,
    0xdc, 0x00, 0x00, 0xfc, 0xa2, 0xff, 0x00, 0xfc, 0xa8, 0x00, 0xa0, 0x80, 0x90, 0x00, 0x8c, 0xff,
    0x02, 0x3f, 0x1f, 0x0f, 0x84, 0x07, 0x02, 0x0f, 0x1f, 0x3f, 0x8c, 0xff, 0xa8, 0x00, 0xa0, 0x03,
    0x90, 0x00, 0x8c, 0xff, 0x02, 0xf8, 0xf0, 0xe0, 0x84, 0xc0, 0x02, 0xe0, 0xf0, 0xf8, 0x8c, 0xff,
    0xda, 0x00, 0x00, 0x7f, 0xa2, 0xff, 0x00, 0x7f, 0xc0, 0x00, 0x00, 0xc0, 0x82, 0x80, 0x96, 0x00,
    0x05, 0x01, 0x03, 0x07, 0x0f, 0x0f, 0x1f, 0x82, 0x9f, 0x00, 0xdf, 0x93, 0x1f, 0x04, 0x0f, 0x0f,
    0x07, 0x03, 0x01, 0xc4, 0x00, 0x04, 0x01, 0x01, 0x03, 0x02, 0x02, 0x94, 0x06, 0x04, 0x02, 0x02,
    0x03, 0x01, 0x01, 0xaf, 0x00,
};

static const uint8_t s_anim_wink_f05[] = {
    0xff, 0x00, 0xc9, 0x00, 0x03, 0x80, 0xc0, 0xe0, 0xe0, 0x98, 0xf0, 0x03, 0xe0, 0xe0, 0xc0, 0x80,
    0xdc, 0x00, 0x00, 0xfc, 0xa2, 0xff, 0x00, 0xfc, 0xa8, 0x00, 0xa0, 0x80, 0x90, 0x00, 0x8c, 0xff,
    0x02, 0x3f, 0x1f, 0x0f, 0x84, 0x07, 0x02, 0x0f, 0x1f, 0x3f, 0x8c, 0xff, 0xa8, 0x00, 0xa0, 0x03,
    0x90, 0x00, 0x8c, 0xff, 0x02, 0xf8, 0xf0, 0xe0, 0x84, 0xc0, 0x02, 0xe0, 0xf0, 0xf8, 0x8c, 0xff,
    0xda, 0x00, 0x00, 0x7f, 0xa2, 0xff, 0x00, 0x7f, 0xc0, 0x00, 0x00, 0xc0, 0x82, 0x80, 0x96, 0x00,
    0x05, 0x01, 0x03, 0x07, 0x0f, 0x0f, 0x1f, 0x82, 0x9f, 0x00, 0xdf, 0x93, 0x1f, 0x04, 0x0f, 0x0f,
    0x07, 0x03, 0x01, 0xc4, 0x00, 0x04, 0x01, 0x01, 0x03, 0x02, 0x02, 0x94, 0x06, 0x04, 0x02, 0x02,
    0x03, 0x01, 0x01, 0xaf, 0x00,
};

static const uint8_t s_anim_wink_f06[] = {
    0xff, 0x00, 0xc9, 0x00, 0x03, 0x80, 0xc0, 0xe0, 0xe0, 0x98, 0xf0, 0x03, 0xe0, 0xe0, 0xc0, 0x80,
    0xdc, 0x00, 0x00, 0xfc, 0xa2, 0xff, 0x00, 0xfc, 0xa8, 0x00, 0xa0, 0x80, 0x90, 0x00, 0x8c, 0xff,
    0x02, 0x3f, 0x1f, 0x0f, 0x84, 0x07, 0x02, 0x0f, 0x1f, 0x3f, 0x8c, 0xff, 0xa8, 0x00, 0xa0, 0x03,
    0x90, 0x00, 0x8c, 0xff, 0x02, 0xf8, 0xf0, 0xe0, 0x84, 0xc0, 0x02, 0xe0, 0xf0, 0xf8, 0x8c, 0xff,
    0xda, 0x00, 0x00, 0x7f, 0xa2, 0xff, 0x00, 0x7f, 0xc0, 0x00, 0x00, 0xc0, 0x82, 0x80, 0x96, 0x00,
    0x05, 0x01, 0x03, 0x07, 0x0f, 0x0f, 0x1f, 0x82, 0x9f, 0x00, 0xdf, 0x93, 0x1f, 0x04, 0x0f, 0x0f,
    0x07, 0x03, 0x01, 0xc4, 0x00, 0x04, 0x01, 0x01, 0x03, 0x02, 0x02, 0x94, 0x06, 0x04, 0x02, 0x02,
    0x03, 0x01, 0x01, 0xaf, 0x00,
};

static const uint8_t s_anim_wink_f07[] = {
    0xff, 0x00, 0xca, 0x00, 0x02, 0x80, 0xc0, 0xc0, 0x98, 0xe0, 0x02, 0xc0, 0xc0, 0x80, 0xdd, 0x00,
    0x01, 0xf8, 0xfe, 0xa0, 0xff, 0x01, 0xfe, 0xf8, 0xda, 0x00, 0x8c, 0xff, 0x02, 0x7f, 0x3f, 0x1f,
    0x84, 0x0f, 0x02, 0x1f, 0x3f, 0x7f, 0x8c, 0xff, 0xa8, 0x00, 0xa0, 0x07, 0x90, 0x00, 0x8c, 0xff,
    0x02, 0xf0, 0xe0, 0xc0, 0x84, 0x80, 0x02, 0xc0, 0xe0, 0xf0, 0x8c, 0xff, 0xda, 0x00, 0xa4, 0xff,
    0xc0, 0x00, 0x00, 0xc0, 0x82, 0x80, 0x96, 0x00, 0x05, 0x03, 0x07, 0x0f, 0x1f, 0x1f, 0x3f, 0x82,
    0xbf, 0x00, 0xff, 0x93, 0x3f, 0x04, 0x1f, 0x1f, 0x0f, 0x07, 0x03, 0xc4, 0x00, 0x04, 0x01, 0x01,
    0x03, 0x02, 0x02, 0x94, 0x06, 0x04, 0x02, 0x02, 0x03, 0x01, 0x01, 0xaf, 0x00,
};

static const uint8_t s_anim_wink_f08[] = {
    0xff, 0x00, 0xca, 0x00, 0x02, 0x80, 0xc0, 0xc0, 0x98, 0xe0, 0x02, 0xc0, 0xc0, 0x80, 0xdd, 0x00,
    0x01, 0xf8, 0xfe, 0xa0, 0xff, 0x01, 0xfe, 0xf8, 0xda, 0x00, 0x8c, 0xff, 0x02, 0x7f, 0x3f, 0x1f,
    0x84, 0x0f, 0x02, 0x1f, 0x3f, 0x7f, 0x8c, 0xff, 0xa8, 0x00, 0xa0, 0x07, 0x90, 0x00, 0x8c, 0xff,
    0x02, 0xf0, 0xe0, 0xc0, 0x84, 0x80, 0x02, 0xc0, 0xe0, 0xf0, 0x8c, 0xff, 0xda, 0x00, 0xa4, 0xff,
    0xc0, 0x00, 0x00, 0xc0, 0x82, 0x80, 0x96, 0x00, 0x05, 0x03, 0x07, 0x0f, 0x1f, 0x1f, 0x3f, 0x82,
    0xbf, 0x00, 0xff, 0x93, 0x3f, 0x04, 0x1f, 0x1f, 0x0f, 0x07, 0x03, 0xc4, 0x00, 0x04, 0x01, 0x01,
    0x03, 0x02, 0x02, 0x94, 0x06, 0x04, 0x02, 0x02, 0x03, 0x01, 0x01, 0xaf, 0x00,
};

static const uint8_t s_anim_wink_f09[] = {
    0xff, 0x00, 0xca, 0x00, 0x02, 0x80, 0xc0, 0xc0, 0x98, 0xe0, 0x02, 0xc0, 0xc0, 0x80, 0xdd, 0x00,
    0x01, 0xf8, 0xfe, 0xa0, 0xff, 0x01, 0xfe, 0xf8, 0xda, 0x00, 0x8c, 0xff, 0x02, 0x7f, 0x3f, 0x1f,
    0x84, 0x0f, 0x02, 0x1f, 0x3f, 0x7f, 0x8c, 0xff, 0xa8, 0x00, 0xa0, 0x07, 0x90, 0x00, 0x8c, 0xff,
    0x02, 0xf0, 0xe0, 0xc0, 0x84, 0x80, 0x02, 0xc0, 0xe0, 0xf0, 0x8c, 0xff, 0xda, 0x00, 0xa4, 0xff,
    0xc0, 0x00, 0x00, 0xc0, 0x82, 0x80, 0x96, 0x00, 0x05, 0x03, 0x07, 0x0f, 0x1f, 0x1f, 0x3f, 0x82,
    0xbf, 0x00, 0xff, 0x93, 0x3f, 0x04, 0x1f, 0x1f, 0x0f, 0x07, 0x03, 0xc4, 0x00, 0x04, 0x01, 0x01,
    0x03, 0x02, 0x02, 0x94, 0x06, 0x04, 0x02, 0x02, 0x03, 0x01, 0x01, 0xaf, 0x00,
};

static const uint8_t s_anim_wink_f10[] = {
    0xff, 0x00, 0xca, 0x00, 0x02, 0x80, 0xc0, 0xc0, 0x98, 0xe0, 0x02, 0xc0, 0xc0, 0x80, 0xdd, 0x00,
    0x01, 0xf8, 0xfe, 0xa0, 0xff, 0x01, 0xfe, 0xf8, 0xda, 0x00, 0x8c, 0xff, 0x02, 0x7f, 0x3f, 0x1f,
    0x84, 0x0f, 0x02, 0x1f, 0x3f, 0x7f, 0x8c, 0xff, 0xa8, 0x00, 0xa0, 0x07, 0x90, 0x00, 0x8c, 0xff,
    0x02, 0xf0, 0xe0, 0xc0, 0x84, 0x80, 0x02, 0xc0, 0xe0, 0xf0, 0x8c, 0xff, 0xda, 0x00, 0xa4, 0xff,
    0xc0, 0x00, 0x00, 0xc0, 0x82, 0x80, 0x96, 0x00, 0x05, 0x03, 0x07, 0x0f, 0x1f, 0x1f, 0x3f, 0x82,
    0xbf, 0x00, 0xff, 0x93, 0x3f, 0x04, 0x1f, 0x1f, 0x0f, 0x07, 0x03, 0xc4, 0x00, 0x04, 0x01, 0x01,
    0x03, 0x02, 0x02, 0x94, 0x06, 0x04, 0x02, 0x02, 0x03, 0x01, 0x01, 0xaf, 0x00,
};

static const uint8_t s_anim_wink_f11[] = {
    0xff, 0x00, 0xca, 0x00, 0x02, 0x80, 0xc0, 0xc0, 0x98, 0xe0, 0x02, 0xc0, 0xc0, 0x80, 0xdd, 0x00,
    0x01, 0xf8, 0xfe, 0xa0, 0xff, 0x01, 0xfe, 0xf8, 0xda, 0x00, 0x8c, 0xff, 0x02, 0x7f, 0x3f, 0x1f,
    0x84, 0x0f, 0x02, 0x1f, 0x3f, 0x7f, 0x8c, 0xff, 0xa8, 0x00, 0xa0, 0x07, 0x90, 0x00, 0x8c, 0xff,
    0x02, 0xf0, 0xe0, 0xc0, 0x84, 0x80, 0x02, 0xc0, 0xe0, 0xf0, 0x8c, 0xff, 0xda, 0x00, 0xa4, 0xff,
    0xc0, 0x00, 0x00, 0xc0, 0x82, 0x80, 0x96, 0x00, 0x05, 0x03, 0x07, 0x0f, 0x1f, 0x1f, 0x3f, 0x82,
    0xbf, 0x00, 0xff, 0x93, 0x3f, 0x04, 0x1f, 0x1f, 0x0f, 0x07, 0x03, 0xc4, 0x00, 0x04, 0x01, 0x01,
    0x03, 0x02, 0x02, 0x94, 0x06, 0x04, 0x02, 0x02, 0x03, 0x01, 0x01, 0xaf, 0x00,
};

static const uint8_t s_anim_wink_f12[] = {
    0xff, 0x00, 0xca, 0x00, 0x02, 0x80, 0xc0, 0xc0, 0x98, 0xe0, 0x02, 0xc0, 0xc0, 0x80, 0xdd, 0x00,
    0x01, 0xf8, 0xfe, 0xa0, 0xff, 0x01, 0xfe, 0xf8, 0xda, 0x00, 0x8c, 0xff, 0x02, 0x7f, 0x3f, 0x1f,
    0x84, 0x0f, 0x02, 0x1f, 0x3f, 0x7f, 0x8c, 0xff, 0xa8, 0x00, 0xa0, 0x07, 0x90, 0x00, 0x8c, 0xff,
    0x02, 0xf0, 0xe0, 0xc0, 0x84, 0x80, 0x02, 0xc0, 0xe0, 0xf0, 0x8c, 0xff, 0xda, 0x00, 0xa4, 0xff,
    0xc0, 0x00, 0x00, 0xc0, 0x82, 0x80, 0x96, 0x00, 0x05, 0x03, 0x07, 0x0f, 0x1f, 0x1f, 0x3f, 0x82,
    0xbf, 0x00, 0xff, 0x93, 0x3f, 0x04, 0x1f, 0x1f, 0x0f, 0x07, 0x03, 0xc4, 0x00, 0x04, 0x01, 0x01,
    0x03, 0x02, 0x02, 0x94, 0x06, 0x04, 0x02, 0x02, 0x03, 0x01, 0x01, 0xaf, 0x00,
};

static const uint8_t s_anim_wink_f13[] = {
    0xff, 0x00, 0xcb, 0x00, 0x01, 0x80, 0x80, 0x98, 0xc0, 0x01, 0x80, 0x80, 0xde, 0x00, 0x02, 0xf0,
    0xfc, 0xfe, 0x9e, 0xff, 0x02, 0xfe, 0xfc, 0xf0, 0xda, 0x00, 0x8d, 0xff, 0x01, 0x7f, 0x3f, 0x84,
    0x1f, 0x01, 0x3f, 0x7f, 0x8d, 0xff, 0xa8, 0x00, 0xa0, 0x0e, 0x90, 0x00, 0x8c, 0xff, 0x02, 0xe0,
    0xc0, 0x80, 0x84, 0x00, 0x02, 0x80, 0xc0, 0xe0, 0x8c, 0xff, 0xda, 0x00, 0xa4, 0xff, 0xc0, 0x00,
    0x00, 0xc0, 0x82, 0x80, 0x95, 0x00, 0x06, 0x01, 0x07, 0x0f, 0x1f, 0x3f, 0x3f, 0x7f, 0x83, 0xff,
    0x93, 0x7f, 0x05, 0x3f, 0x3f, 0x1f, 0x0f, 0x07, 0x01, 0xc3, 0x00, 0x04, 0x01, 0x01, 0x03, 0x02,
    0x02, 0x94, 0x06, 0x04, 0x02, 0x02, 0x03, 0x01, 0x01, 0xaf, 0x00,
};

static const uint8_t s_anim_wink_f14[] = {
    0xff, 0x00, 0xcb, 0x00, 0x01, 0x80, 0x80, 0x98, 0xc0, 0x01, 0x80, 0x80, 0xde, 0x00, 0x02, 0xf0,
    0xfc, 0xfe, 0x9e, 0xff, 0x02, 0xfe, 0xfc, 0xf0, 0xda, 0x00, 0x8d, 0xff, 0x01, 0x7f, 0x3f, 0x84,
    0x1f, 0x01, 0x3f, 0x7f, 0x8d, 0xff, 0xa8, 0x00, 0xa0, 0x0e, 0x90, 0x00, 0x8c, 0xff, 0x02, 0xe0,
    0xc0, 0x80, 0x84, 0x00, 0x02, 0x80, 0xc0, 0xe0, 0x8c, 0xff, 0xda, 0x00, 0xa4, 0xff, 0xc0, 0x00,
    0x00, 0xc0, 0x82, 0x80, 0x95, 0x00, 0x06, 0x01, 0x07, 0x0f, 0x1f, 0x3f, 0x3f, 0x7f, 0x83, 0xff,
    0x93, 0x7f, 0x05, 0x3f, 0x3f, 0x1f, 0x0f, 0x07, 0x01, 0xc3, 0x00, 0x04, 0x01, 0x01, 0x03, 0x02,
    0x02, 0x94, 0x06, 0x04, 0x02, 0x02, 0x03, 0x01, 0x01, 0xaf, 0x00,
};

static const uint8_t s_anim_wink_f15[] = {
    0xff, 0x00, 0xcb, 0x00, 0x01, 0x80, 0x80, 0x98, 0xc0, 0x01, 0x80, 0x80, 0xde, 0x00, 0x02, 0xf0,
    0xfc, 0xfe, 0x9e, 0xff, 0x02, 0xfe, 0xfc, 0xf0, 0xda, 0x00, 0x8d, 0xff, 0x01, 0x7f, 0x3f, 0x84,
    0x1f, 0x01, 0x3f, 0x7f, 0x8d, 0xff, 0xa8, 0x00, 0xa0, 0x0e, 0x90, 0x00, 0x8c, 0xff, 0x02, 0xe0,
    0xc0, 0x80, 0x84, 0x00, 0x02, 0x80, 0xc0, 0xe0, 0x8c, 0xff, 0xda, 0x00, 0xa4, 0xff, 0xc0, 0x00,
    0x00, 0xc0, 0x82, 0x80, 0x95, 0x00, 0x06, 0x01, 0x07, 0x0f, 0x1f, 0x3f, 0x3f, 0x7f, 0x83, 0xff,
    0x93, 0x7f, 0x05, 0x3f, 0x3f, 0x1f, 0x0f, 0x07, 0x01, 0xc3, 0x00, 0x04, 0x01, 0x01, 0x03, 0x02,
    0x02, 0x94, 0x06, 0x04, 0x02, 0x02, 0x03, 0x01, 0x01, 0xaf, 0x00,
};

static const uint8_t s_anim_wink_f16[] = {
    0xff, 0x00, 0xcb, 0x00, 0x01, 0x80, 0x80, 0x98, 0xc0, 0x01, 0x80, 0x80, 0xde, 0x00, 0x02, 0xf0,
    0xfc, 0xfe, 0x9e, 0xff, 0x02, 0xfe, 0xfc, 0xf0, 0xda, 0x00, 0x8d, 0xff, 0x01, 0x7f, 0x3f, 0x84,
    0x1f, 0x01, 0x3f, 0x7f, 0x8d, 0xff, 0xa8, 0x00, 0xa0, 0x0e, 0x90, 0x00, 0x8c, 0xff, 0x02, 0xe0,
    0xc0, 0x80, 0x84, 0x00, 0x02, 0x80, 0xc0, 0xe0, 0x8c, 0xff, 0xda, 0x00, 0xa4, 0xff, 0xc0, 0x00,
    0x00, 0xc0, 0x82, 0x80, 0x95, 0x00, 0x06, 0x01, 0x07, 0x0f, 0x1f, 0x3f, 0x3f, 0x7f, 0x83, 0xff,
    0x93, 0x7f, 0x05, 0x3f, 0x3f, 0x1f, 0x0f, 0x07, 0x01, 0xc3, 0x00, 0x04, 0x01, 0x01, 0x03, 0x02,
    0x02, 0x94, 0x06, 0x04, 0x02, 0x02, 0x03, 0x01, 0x01, 0xaf, 0x00,
};

static const uint8_t s_anim_wink_f17[] = {
    0xff, 0x00, 0xcb, 0x00, 0x01, 0x80, 0x80, 0x98, 0xc0, 0x01, 0x80, 0x80, 0xde, 0x00, 0x02, 0xf0,
    0xfc, 0xfe, 0x9e, 0xff, 0x02, 0xfe, 0xfc, 0xf0, 0xda, 0x00, 0x8d, 0xff, 0x01, 0x7f, 0x3f, 0x84,
    0x1f, 0x01, 0x3f, 0x7f, 0x8d, 0xff, 0xa8, 0x00, 0xa0, 0x0e, 0x90, 0x00, 0x8c, 0xff, 0x02, 0xe0,
    0xc0, 0x80, 0x84, 0x00, 0x02, 0x80, 0xc0, 0xe0, 0x8c, 0xff, 0xda, 0x00, 0xa4, 0xff, 0xc0, 0x00,
    0x00, 0xc0, 0x82, 0x80, 0x95, 0x00, 0x06, 0x01, 0x07, 0x0f, 0x1f, 0x3f, 0x3f, 0x7f, 0x83, 0xff,
    0x93, 0x7f, 0x05, 0x3f, 0x3f, 0x1f, 0x0f, 0x07, 0x01, 0xc3, 0x00, 0x04, 0x01, 0x01, 0x03, 0x02,
    0x02, 0x94, 0x06, 0x04, 0x02, 0x02, 0x03, 0x01, 0x01, 0xaf, 0x00,
};

static const uint8_t s_anim_wink_f18[] = {
    0xff, 0x00, 0xcb, 0x00, 0x01, 0x80, 0x80, 0x98, 0xc0, 0x01, 0x80, 0x80, 0xde, 0x00, 0x02, 0xf0,
    0xfc, 0xfe, 0x9e, 0xff, 0x02, 0xfe, 0xfc, 0xf0, 0xda, 0x00, 0x8d, 0xff, 0x01, 0x7f, 0x3f, 0x84,
    0x1f, 0x01, 0x3f, 0x7f, 0x8d, 0xff, 0xa8, 0x00, 0xa0, 0x0e, 0x90, 0x00, 0x8c, 0xff, 0x02, 0xe0,
    0xc0, 0x80, 0x84, 0x00, 0x02, 0x80, 0xc0, 0xe0, 0x8c, 0xff, 0xda, 0x00, 0xa4, 0xff, 0xc0, 0x00,
    0x00, 0xc0, 0x82, 0x80, 0x95, 0x00, 0x06, 0x01, 0x07, 0x0f, 0x1f, 0x3f, 0x3f, 0x7f, 0x83, 0xff,
    0x93, 0x7f, 0x05, 0x3f, 0x3f, 0x1f, 0x0f, 0x07, 0x01, 0xc3, 0x00, 0x04, 0x01, 0x01, 0x03, 0x02,
    0x02, 0x94, 0x06, 0x04, 0x02, 0x02, 0x03, 0x01, 0x01, 0xaf, 0x00,
};

static const uint8_t s_anim_wink_f19[] = {
    0xff, 0x00, 0xcb, 0x00, 0x01, 0x80, 0x80, 0x98, 0xc0, 0x01, 0x80, 0x80, 0xde, 0x00, 0x02, 0xf0,
    0xfc, 0xfe, 0x9e, 0xff, 0x02, 0xfe, 0xfc, 0xf0, 0xda, 0x00, 0x8d, 0xff, 0x01, 0x7f, 0x3f, 0x84,
    0x1f, 0x01, 0x3f, 0x7f, 0x8d, 0xff, 0xa8, 0x00, 0xa0, 0x0e, 0x90, 0x00, 0x8c, 0xff, 0x02, 0xe0,
    0xc0, 0x80, 0x84, 0x00, 0x02, 0x80, 0xc0, 0xe0, 0x8c, 0xff, 0xda, 0x00, 0xa4, 0xff, 0xc0, 0x00,
    0x00, 0xc0, 0x82, 0x80, 0x95, 0x00, 0x06, 0x01, 0x07, 0x0f, 0x1f, 0x3f, 0x3f, 0x7f, 0x83, 0xff,
    0x93, 0x7f, 0x05, 0x3f, 0x3f, 0x1f, 0x0f, 0x07, 0x01, 0xc3, 0x00, 0x04, 0x01, 0x01, 0x03, 0x02,
    0x02, 0x94, 0x06, 0x04, 0x02, 0x02, 0x03, 0x01, 0x01, 0xaf, 0x00,
};

static const uint8_t s_anim_wink_f20[] = {
    0xff, 0x00, 0xcb, 0x00, 0x01, 0x80, 0x80, 0x98, 0xc0, 0x01, 0x80, 0x80, 0xde, 0x00, 0x02, 0xf0,
    0xfc, 0xfe, 0x9e, 0xff, 0x02, 0xfe, 0xfc, 0xf0, 0xda, 0x00, 0x8d, 0xff, 0x01, 0x7f, 0x3f, 0x84,
    0x1f, 0x01, 0x3f, 0x7f, 0x8d, 0xff, 0xa8, 0x00, 0xa0, 0x0e, 0x90, 0x00, 0x8c, 0xff, 0x02, 0xe0,
    0xc0, 0x80, 0x84, 0x00, 0x02, 0x80, 0xc0, 0xe0, 0x8c, 0xff, 0xda, 0x00, 0xa4, 0xff, 0xc0, 0x00,
    0x00, 0xc0, 0x82, 0x80, 0x95, 0x00, 0x06, 0x01, 0x07, 0x0f, 0x1f, 0x3f, 0x3f, 0x7f, 0x83, 0xff,
    0x93, 0x7f, 0x05, 0x3f, 0x3f, 0x1f, 0x0f, 0x07, 0x01, 0xc3, 0x00, 0x04, 0x01, 0x01, 0x03, 0x02,
    0x02, 0x94, 0x06, 0x04, 0x02, 0x02, 0x03, 0x01, 0x01, 0xaf, 0x00,
};

static const uint8_t s_anim_wink_f21[] = {
    0xff, 0x00, 0xcb, 0x00, 0x01, 0x80, 0x80, 0x98, 0xc0, 0x01, 0x80, 0x80, 0xde, 0x00, 0x02, 0xf0,
    0xfc, 0xfe, 0x9e, 0xff, 0x02, 0xfe, 0xfc, 0xf0, 0xda, 0x00, 0x8d, 0xff, 0x01, 0x7f, 0x3f, 0x84,
    0x1f, 0x01, 0x3f, 0x7f, 0x8d, 0xff, 0xa8, 0x00, 0xa0, 0x0e, 0x90, 0x00, 0x8c, 0xff, 0x02, 0xe0,
    0xc0, 0x80, 0x84, 0x00, 0x02, 0x80, 0xc0, 0xe0, 0x8c, 0xff, 0xda, 0x00, 0xa4, 0xff, 0xc0, 0x00,
    0x00, 0xc0, 0x82, 0x80, 0x95, 0x00, 0x06, 0x01, 0x07, 0x0f, 0x1f, 0x3f, 0x3f, 0x7f, 0x83, 0xff,
    0x93, 0x7f, 0x05, 0x3f, 0x3f, 0x1f, 0x0f, 0x07, 0x01, 0xc3, 0x00, 0x04, 0x01, 0x01, 0x03, 0x02,
    0x02, 0x94, 0x06, 0x04, 0x02, 0x02, 0x03, 0x01, 0x01, 0xaf, 0x00,
};

static const uint8_t s_anim_wink_f22[] = {
    0xff, 0x00, 0xcb, 0x00, 0x01, 0x80, 0x80, 0x98, 0xc0, 0x01, 0x80, 0x80, 0xde, 0x00, 0x02, 0xf0,
    0xfc, 0xfe, 0x9e, 0xff, 0x02, 0xfe, 0xfc, 0xf0, 0xda, 0x00, 0x8d, 0xff, 0x01, 0x7f, 0x3f, 0x84,
    0x1f, 0x01, 0x3f, 0x7f, 0x8d, 0xff, 0xa8, 0x00, 0xa0, 0x0e, 0x90, 0x00, 0x8c, 0xff, 0x02, 0xe0,
    0xc0, 0x80, 0x84, 0x00, 0x02, 0x80, 0xc0, 0xe0, 0x8c, 0xff, 0xda, 0x00, 0xa4, 0xff, 0xc0, 0x00,
    0x00, 0xc0, 0x82, 0x80, 0x95, 0x00, 0x06, 0x01, 0x07, 0x0f, 0x1f, 0x3f, 0x3f, 0x7f, 0x83, 0xff,
    0x93, 0x7f, 0x05, 0x3f, 0x3f, 0x1f, 0x0f, 0x07, 0x01, 0xc3, 0x00, 0x04, 0x01, 0x01, 0x03, 0x02,
    0x02, 0x94, 0x06, 0x04, 0x02, 0x02, 0x03, 0x01, 0x01, 0xaf, 0x00,
};

static const uint8_t s_anim_wink_f23[] = {
    0xff, 0x00, 0xcb, 0x00, 0x01, 0x80, 0x80, 0x98, 0xc0, 0x01, 0x80, 0x80, 0xde, 0x00, 0x02, 0xf0,
    0xfc, 0xfe, 0x9e, 0xff, 0x02, 0xfe, 0xfc, 0xf0, 0xda, 0x00, 0x8d, 0xff, 0x01, 0x7f, 0x3f, 0x84,
    0x1f, 0x01, 0x3f, 0x7f, 0x8d, 0xff, 0xa8, 0x00, 0xa0, 0x0e, 0x90, 0x00, 0x8c, 0xff, 0x02, 0xe0,
    0xc0, 0x80, 0x84, 0x00, 0x02, 0x80, 0xc0, 0xe0, 0x8c, 0xff, 0xda, 0x00, 0xa4, 0xff, 0xc0, 0x00,
    0x00, 0xc0, 0x82, 0x80, 0x95, 0x00, 0x06, 0x01, 0x07, 0x0f, 0x1f, 0x3f, 0x3f, 0x7f, 0x83, 0xff,
    0x93, 0x7f, 0x05, 0x3f, 0x3f, 0x1f, 0x0f, 0x07, 0x01, 0xc3, 0x00, 0x04, 0x01, 0x01, 0x03, 0x02,
    0x02, 0x94, 0x06, 0x04, 0x02, 0x02, 0x03, 0x01, 0x01, 0xaf, 0x00,
};

static const uint8_t s_anim_wink_f24[] = {
    0xff, 0x00, 0xcb, 0x00, 0x01, 0x80, 0x80, 0x98, 0xc0, 0x01, 0x80, 0x80, 0xde, 0x00, 0x02, 0xf0,
    0xfc, 0xfe, 0x9e, 0xff, 0x02, 0xfe, 0xfc, 0xf0, 0xda, 0x00, 0x8d, 0xff, 0x01, 0x7f, 0x3f, 0x84,
    0x1f, 0x01, 0x3f, 0x7f, 0x8d, 0xff, 0xa8, 0x00, 0xa0, 0x0e, 0x90, 0x00, 0x8c, 0xff, 0x02, 0xe0,
    0xc0, 0x80, 0x84, 0x00, 0x02, 0x80, 0xc0, 0xe0, 0x8c, 0xff, 0xda, 0x00, 0xa4, 0xff, 0xc0, 0x00,
    0x00, 0xc0, 0x82, 0x80, 0x95, 0x00, 0x06, 0x01, 0x07, 0x0f, 0x1f, 0x3f, 0x3f, 0x7f, 0x83, 0xff,
    0x93, 0x7f, 0x05, 0x3f, 0x3f, 0x1f, 0x0f, 0x07, 0x01, 0xc3, 0x00, 0x04, 0x01, 0x01, 0x03, 0x02,
    0x02, 0x94, 0x06, 0x04, 0x02, 0x02, 0x03, 0x01, 0x01, 0xaf, 0x00,
};

static const uint8_t s_anim_wink_f25[] = {
    0xff, 0x00, 0xca, 0x00, 0x02, 0x80, 0xc0, 0xc0, 0x98, 0xe0, 0x02, 0xc0, 0xc0, 0x80, 0xdd, 0x00,
    0x01, 0xf8, 0xfe, 0xa0, 0xff, 0x01, 0xfe, 0xf8, 0xda, 0x00, 0x8c, 0xff, 0x02, 0x7f, 0x3f, 0x1f,
    0x84, 0x0f, 0x02, 0x1f, 0x3f, 0x7f, 0x8c, 0xff, 0xa8, 0x00, 0xa0, 0x07, 0x90, 0x00, 0x8c, 0xff,
    0x02, 0xf0, 0xe0, 0xc0, 0x84, 0x80, 0x02, 0xc0, 0xe0, 0xf0, 0x8c, 0xff, 0xda, 0x00, 0xa4, 0xff,
    0xc0, 0x00, 0x00, 0xc0, 0x82, 0x80, 0x96, 0x00, 0x05, 0x03, 0x07, 0x0f, 0x1f, 0x1f, 0x3f, 0x82,
    0xbf, 0x00, 0xff, 0x93, 0x3f, 0x04, 0x1f, 0x1f, 0x0f, 0x07, 0x03, 0xc4, 0x00, 0x04, 0x01, 0x01,
    0x03, 0x02, 0x02, 0x94, 0x06, 0x04, 0x02, 0x02, 0x03, 0x01, 0x01, 0xaf, 0x00,
};

static const uint8_t s_anim_wink_f26[] = {
    0xff, 0x00, 0xca, 0x00, 0x02, 0x80, 0xc0, 0xc0, 0x98, 0xe0, 0x02, 0xc0, 0xc0, 0x80, 0xdd, 0x00,
    0x01, 0xf8, 0xfe, 0xa0, 0xff, 0x01, 0xfe, 0xf8, 0xda, 0x00, 0x8c, 0xff, 0x02, 0x7f, 0x3f, 0x1f,
    0x84, 0x0f, 0x02, 0x1f, 0x3f, 0x7f, 0x8c, 0xff, 0xa8, 0x00, 0xa0, 0x07, 0x90, 0x00, 0x8c, 0xff,
    0x02, 0xf0, 0xe0, 0xc0, 0x84, 0x80, 0x02, 0xc0, 0xe0, 0xf0, 0x8c, 0xff, 0xda, 0x00, 0xa4, 0xff,
    0xc0, 0x00, 0x00, 0xc0, 0x82, 0x80, 0x96, 0x00, 0x05, 0x03, 0x07, 0x0f, 0x1f, 0x1f, 0x3f, 0x82,
    0xbf, 0x00, 0xff, 0x93, 0x3f, 0x04, 0x1f, 0x1f, 0x0f, 0x07, 0x03, 0xc4, 0x00, 0x04, 0x01, 0x01,
    0x03, 0x02, 0x02, 0x94, 0x06, 0x04, 0x02, 0x02, 0x03, 0x01, 0x01, 0xaf, 0x00,
};

static const uint8_t s_anim_wink_f27[] = {
    0xff, 0x00, 0xca, 0x00, 0x02, 0x80, 0xc0, 0xc0, 0x98, 0xe0, 0x02, 0xc0, 0xc0, 0x80, 0xdd, 0x00,
    0x01, 0xf8, 0xfe, 0xa0, 0xff, 0x01, 0xfe, 0xf8, 0xda, 0x00, 0x8c, 0xff, 0x02, 0x7f, 0x3f, 0x1f,
    0x84, 0x0f, 0x02, 0x1f, 0x3f, 0x7f, 0x8c, 0xff, 0xa8, 0x00, 0xa0, 0x07, 0x90, 0x00, 0x8c, 0xff,
    0x02, 0xf0, 0xe0, 0xc0, 0x84, 0x80, 0x02, 0xc0, 0xe0, 0xf0, 0x8c, 0xff, 0xda, 0x00, 0xa4, 0xff,
    0xc0, 0x00, 0x00, 0xc0, 0x82, 0x80, 0x96, 0x00, 0x05, 0x03, 0x07, 0x0f, 0x1f, 0x1f, 0x3f, 0x82,
    0xbf, 0x00, 0xff, 0x93, 0x3f, 0x04, 0x1f, 0x1f, 0x0f, 0x07, 0x03, 0xc4, 0x00, 0x04, 0x01, 0x01,
    0x03, 0x02, 0x02, 0x94, 0x06, 0x04, 0x02, 0x02, 0x03, 0x01, 0x01, 0xaf, 0x00,
};

static const uint8_t s_anim_wink_f28[] = {
    0xff, 0x00, 0xca, 0x00, 0x02, 0x80, 0xc0, 0xc0, 0x98, 0xe0, 0x02, 0xc0, 0xc0, 0x80, 0xdd, 0x00,
    0x01, 0xf8, 0xfe, 0xa0, 0xff, 0x01, 0xfe, 0xf8, 0xda, 0x00, 0x8c, 0xff, 0x02, 0x7f, 0x3f, 0x1f,
    0x84, 0x0f, 0x02, 0x1f, 0x3f, 0x7f, 0x8c, 0xff, 0xa8, 0x00, 0xa0, 0x07, 0x90, 0x00, 0x8c, 0xff,
    0x02, 0xf0, 0xe0, 0xc0, 0x84, 0x80, 0x02, 0xc0, 0xe0, 0xf0, 0x8c, 0xff, 0xda, 0x00, 0xa4, 0xff,
    0xc0, 0x00, 0x00, 0xc0, 0x82, 0x80, 0x96, 0x00, 0x05, 0x03, 0x07, 0x0f, 0x1f, 0x1f, 0x3f, 0x82,
    0xbf, 0x00, 0xff, 0x93, 0x3f, 0x04, 0x1f, 0x1f, 0x0f, 0x07, 0x03, 0xc4, 0x00, 0x04, 0x01, 0x01,
    0x03, 0x02, 0x02, 0x94, 0x06, 0x04, 0x02, 0x02, 0x03, 0x01, 0x01, 0xaf, 0x00,
};

static const uint8_t s_anim_wink_f29[] = {
    0xff, 0x00, 0xca, 0x00, 0x02, 0x80, 0xc0, 0xc0, 0x98, 0xe0, 0x02, 0xc0, 0xc0, 0x80, 0xdd, 0x00,
    0x01, 0xf8, 0xfe, 0xa0, 0xff, 0x01, 0xfe, 0xf8, 0xda, 0x00, 0x8c, 0xff, 0x02, 0x7f, 0x3f, 0x1f,
    0x84, 0x0f, 0x02, 0x1f, 0x3f, 0x7f, 0x8c, 0xff, 0xa8, 0x00, 0xa0, 0x07, 0x90, 0x00, 0x8c, 0xff,
    0x02, 0xf0, 0xe0, 0xc0, 0x84, 0x80, 0x02, 0xc0, 0xe0, 0xf0, 0x8c, 0xff, 0xda, 0x00, 0xa4, 0xff,
    0xc0, 0x00, 0x00, 0xc0, 0x82, 0x80, 0x96, 0x00, 0x05, 0x03, 0x07, 0x0f, 0x1f, 0x1f, 0x3f, 0x82,
    0xbf, 0x00, 0xff, 0x93, 0x3f, 0x04, 0x1f, 0x1f, 0x0f, 0x07, 0x03, 0xc4, 0x00, 0x04, 0x01, 0x01,
    0x03, 0x02, 0x02, 0x94, 0x06, 0x04, 0x02, 0x02, 0x03, 0x01, 0x01, 0xaf, 0x00,
};

static const uint8_t s_anim_wink_f30[] = {
    0xff, 0x00, 0xc9, 0x00, 0x03, 0x80, 0xc0, 0xe0, 0xe0, 0x98, 0xf0, 0x03, 0xe0, 0xe0, 0xc0, 0x80,
    0xdc, 0x00, 0x00, 0xfc, 0xa2, 0xff, 0x00, 0xfc, 0xa8, 0x00, 0xa0, 0x80, 0x90, 0x00, 0x8c, 0xff,
    0x02, 0x3f, 0x1f, 0x0f, 0x84, 0x07, 0x02, 0x0f, 0x1f, 0x3f, 0x8c, 0xff, 0xa8, 0x00, 0xa0, 0x03,
    0x90, 0x00, 0x8c, 0xff, 0x02, 0xf8, 0xf0, 0xe0, 0x84, 0xc0, 0x02, 0xe0, 0xf0, 0xf8, 0x8c, 0xff,
    0xda, 0x00, 0x00, 0x7f, 0xa2, 0xff, 0x00, 0x7f, 0xc0, 0x00, 0x00, 0xc0, 0x82, 0x80, 0x96, 0x00,
    0x05, 0x01, 0x03, 0x07, 0x0f, 0x0f, 0x1f, 0x82, 0x9f, 0x00, 0xdf, 0x93, 0x1f, 0x04, 0x0f, 0x0f,
    0x07, 0x03, 0x01, 0xc4, 0x00, 0x04, 0x01, 0x01, 0x03, 0x02, 0x02, 0x94, 0x06, 0x04, 0x02, 0x02,
    0x03, 0x01, 0x01, 0xaf, 0x00,
};

static const uint8_t s_anim_wink_f31[] = {
    0xff, 0x00, 0xc9, 0x00, 0x03, 0x80, 0xc0, 0xe0, 0xe0, 0x98, 0xf0, 0x03, 0xe0, 0xe0, 0xc0, 0x80,
    0xdc, 0x00, 0x00, 0xfc, 0xa2, 0xff, 0x00, 0xfc, 0xa8, 0x00, 0xa0, 0x80, 0x90, 0x00, 0x8c, 0xff,
    0x02, 0x3f, 0x1f, 0x0f, 0x84, 0x07, 0x02, 0x0f, 0x1f, 0x3f, 0x8c, 0xff, 0xa8, 0x00, 0xa0, 0x03,
    0x90, 0x00, 0x8c, 0xff, 0x02, 0xf8, 0xf0, 0xe0, 0x84, 0xc0, 0x02, 0xe0, 0xf0, 0xf8, 0x8c, 0xff,
    0xda, 0x00, 0x00, 0x7f, 0xa2, 0xff, 0x00, 0x7f, 0xc0, 0x00, 0x00, 0xc0, 0x82, 0x80, 0x96, 0x00,
    0x05, 0x01, 0x03, 0x07, 0x0f, 0x0f, 0x1f, 0x82, 0x9f, 0x00, 0xdf, 0x93, 0x1f, 0x04, 0x0f, 0x0f,
    0x07, 0x03, 0x01, 0xc4, 0x00, 0x04, 0x01, 0x01, 0x03, 0x02, 0x02, 0x94, 0x06, 0x04, 0x02, 0x02,
    0x03, 0x01, 0x01, 0xaf, 0x00,
};

static const uint8_t s_anim_wink_f32[] = {
    0xff, 0x00, 0xc9, 0x00, 0x03, 0x80, 0xc0, 0xe0, 0xe0, 0x98, 0xf0, 0x03, 0xe0, 0xe0, 0xc0, 0x80,
    0xdc, 0x00, 0x00, 0xfc, 0xa2, 0xff, 0x00, 0xfc, 0xa8, 0x00, 0xa0, 0x80, 0x90, 0x00, 0x8c, 0xff,
    0x02, 0x3f, 0x1f, 0x0f, 0x84, 0x07, 0x02, 0x0f, 0x1f, 0x3f, 0x8c, 0xff, 0xa8, 0x00, 0xa0, 0x03,
    0x90, 0x00, 0x8c, 0xff, 0x02, 0xf8, 0xf0, 0xe0, 0x84, 0xc0, 0x02, 0xe0, 0xf0, 0xf8, 0x8c, 0xff,
    0xda, 0x00, 0x00, 0x7f, 0xa2, 0xff, 0x00, 0x7f, 0xc0, 0x00, 0x00, 0xc0, 0x82, 0x80, 0x96, 0x00,
    0x05, 0x01, 0x03, 0x07, 0x0f, 0x0f, 0x1f, 0x82, 0x9f, 0x00, 0xdf, 0x93, 0x1f, 0x04, 0x0f, 0x0f,
    0x07, 0x03, 0x01, 0xc4, 0x00, 0x04, 0x01, 0x01, 0x03, 0x02, 0x02, 0x94, 0x06, 0x04, 0x02, 0x02,
    0x03, 0x01, 0x01, 0xaf, 0x00,
};

static const uint8_t s_anim_wink_f33[] = {
    0xff, 0x00, 0xc9, 0x00, 0x03, 0x80, 0xc0, 0xe0, 0xe0, 0x98, 0xf0, 0x03, 0xe0, 0xe0, 0xc0, 0x80,
    0xdc, 0x00, 0x00, 0xfc, 0xa2, 0xff, 0x00, 0xfc, 0xa8, 0x00, 0xa0, 0x80, 0x90, 0x00, 0x8c, 0xff,
    0x02, 0x3f, 0x1f, 0x0f, 0x84, 0x07, 0x02, 0x0f, 0x1f, 0x3f, 0x8c, 0xff, 0xa8, 0x00, 0xa0, 0x03,
    0x90, 0x00, 0x8c, 0xff, 0x02, 0xf8, 0xf0, 0xe0, 0x84, 0xc0, 0x02, 0xe0, 0xf0, 0xf8, 0x8c, 0xff,
    0xda, 0x00, 0x00, 0x7f, 0xa2, 0xff, 0x00, 0x7f, 0xc0, 0x00, 0x00, 0xc0, 0x82, 0x80, 0x96, 0x00,
    0x05, 0x01, 0x03, 0x07, 0x0f, 0x0f, 0x1f, 0x82, 0x9f, 0x00, 0xdf, 0x93, 0x1f, 0x04, 0x0f, 0x0f,
    0x07, 0x03, 0x01, 0xc4, 0x00, 0x04, 0x01, 0x01, 0x03, 0x02, 0x02, 0x94, 0x06, 0x04, 0x02, 0x02,
    0x03, 0x01, 0x01, 0xaf, 0x00,
};

static const uint8_t s_anim_wink_f34[] = {
    0xff, 0x00, 0xc9, 0x00, 0x03, 0x80, 0xc0, 0xe0, 0xe0, 0x98, 0xf0, 0x03, 0xe0, 0xe0, 0xc0, 0x80,
    0xdc, 0x00, 0x00, 0xfc, 0xa2, 0xff, 0x00, 0xfc, 0xa8, 0x00, 0xa0, 0x80, 0x90, 0x00, 0x8c, 0xff,
    0x02, 0x3f, 0x1f, 0x0f, 0x84, 0x07, 0x02, 0x0f, 0x1f, 0x3f, 0x8c, 0xff, 0xa8, 0x00, 0xa0, 0x03,
    0x90, 0x00, 0x8c, 0xff, 0x02, 0xf8, 0xf0, 0xe0, 0x84, 0xc0, 0x02, 0xe0, 0xf0, 0xf8, 0x8c, 0xff,
    0xda, 0x00, 0x00, 0x7f, 0xa2, 0xff, 0x00, 0x7f, 0xc0, 0x00, 0x00, 0xc0, 0x82, 0x80, 0x96, 0x00,
    0x05, 0x01, 0x03, 0x07, 0x0f, 0x0f, 0x1f, 0x82, 0x9f, 0x00, 0xdf, 0x93, 0x1f, 0x04, 0x0f, 0x0f,
    0x07, 0x03, 0x01, 0xc4, 0x00, 0x04, 0x01, 0x01, 0x03, 0x02, 0x02, 0x94, 0x06, 0x04, 0x02, 0x02,
    0x03, 0x01, 0x01, 0xaf, 0x00,
};

static const uint8_t s_anim_wink_f35[] = {
    0xff, 0x00, 0xc9, 0x00, 0x03, 0x80, 0xc0, 0xe0, 0xe0, 0x98, 0xf0, 0x03, 0xe0, 0xe0, 0xc0, 0x80,
    0xdc, 0x00, 0x00, 0xfc, 0xa2, 0xff, 0x00, 0xfc, 0xa8, 0x00, 0xa0, 0x80, 0x90, 0x00, 0x8c, 0xff,
    0x02, 0x3f, 0x1f, 0x0f, 0x84, 0x07, 0x02, 0x0f, 0x1f, 0x3f, 0x8c, 0xff, 0xa8, 0x00, 0xa0, 0x03,
    0x90, 0x00, 0x8c, 0xff, 0x02, 0xf8, 0xf0, 0xe0, 0x84, 0xc0, 0x02, 0xe0, 0xf0, 0xf8, 0x8c, 0xff,
    0xda, 0x00, 0x00, 0x7f, 0xa2, 0xff, 0x00, 0x7f, 0xc0, 0x00, 0x00, 0xc0, 0x82, 0x80, 0x96, 0x00,
    0x05, 0x01, 0x03, 0x07, 0x0f, 0x0f, 0x1f, 0x82, 0x9f, 0x00, 0xdf, 0x93, 0x1f, 0x04, 0x0f, 0x0f,
    0x07, 0x03, 0x01, 0xc4, 0x00, 0x04, 0x01, 0x01, 0x03, 0x02, 0x02, 0x94, 0x06, 0x04, 0x02, 0x02,
    0x03, 0x01, 0x01, 0xaf, 0x00,
};

static const uint8_t *const s_anim_wink_frames[36] = {
    s_anim_wink_f00,
    s_anim_wink_f01,
    s_anim_wink_f02,
    s_anim_wink_f03,
    s_anim_wink_f04,
    s_anim_wink_f05,
    s_anim_wink_f06,
    s_anim_wink_f07,
    s_anim_wink_f08,
    s_anim_wink_f09,
    s_anim_wink_f10,
    s_anim_wink_f11,
    s_anim_wink_f12,
    s_anim_wink_f13,
    s_anim_wink_f14,
    s_anim_wink_f15,
    s_anim_wink_f16,
    s_anim_wink_f17,
    s_anim_wink_f18,
    s_anim_wink_f19,
    s_anim_wink_f20,
    s_anim_wink_f21,
    s_anim_wink_f22,
    s_anim_wink_f23,
    s_anim_wink_f24,
    s_anim_wink_f25,
    s_anim_wink_f26,
    s_anim_wink_f27,
    s_anim_wink_f28,
    s_anim_wink_f29,
    s_anim_wink_f30,
    s_anim_wink_f31,
    s_anim_wink_f32,
    s_anim_wink_f33,
    s_anim_wink_f34,
    s_anim_wink_f35,
};

static const uint16_t s_anim_wink_sizes[36] = {
    117, 117, 117, 117, 117, 117, 117, 109,
    109, 109, 109, 109, 109, 107, 107, 107,
    107, 107, 107, 107, 107, 107, 107, 107,
    107, 109, 109, 109, 109, 109, 117, 117,
    117, 117, 117, 117,
};

static const uint8_t s_anim_yawn_f00[] = {
    0xff, 0x00, 0x95, 0x00, 0x03, 0x80, 0xc0, 0xe0, 0xe0, 0x98, 0xf0, 0x03, 0xe0, 0xe0, 0xc0, 0x80,
    0x92, 0x00, 0x03, 0x80, 0xc0, 0xe0, 0xe0, 0x98, 0xf0, 0x03, 0xe0, 0xe0, 0xc0, 0x80, 0xa8, 0x00,
    0x00, 0xfc, 0xa2, 0xff, 0x00, 0xfc, 0x8e, 0x00, 0x00, 0xfc, 0xa2, 0xff, 0x00, 0xfc, 0xa6, 0x00,
    0x8d, 0xff, 0x02, 0x7f, 0x1f, 0x1f, 0x82, 0x0f, 0x02, 0x1f, 0x1f, 0x7f, 0x8d, 0xff, 0x8e, 0x00,
    0x8d, 0xff, 0x02, 0x7f, 0x1f, 0x1f, 0x82, 0x0f, 0x02, 0x1f, 0x1f, 0x7f, 0x8d, 0xff, 0xa6, 0x00,
    0x8d, 0xff, 0x02, 0xfc, 0xf0, 0xf0, 0x82, 0xe0, 0x02, 0xf0, 0xf0, 0xfc, 0x8d, 0xff, 0x8e, 0x00,
    0x8d, 0xff, 0x02, 0xfc, 0xf0, 0xf0, 0x82, 0xe0, 0x02, 0xf0, 0xf0, 0xfc, 0x8d, 0xff, 0xa6, 0x00,
    0x00, 0x7f, 0xa2, 0xff, 0x00, 0x7f, 0x8e, 0x00, 0x00, 0x7f, 0xa2, 0xff, 0x00, 0x7f, 0xa7, 0x00,
    0x04, 0x01, 0x03, 0x07, 0x0f, 0x0f, 0x98, 0x1f, 0x04, 0x0f, 0x0f, 0x07, 0x03, 0x01, 0x84, 0x00,
    0x01, 0x60, 0xf0, 0x82, 0xf8, 0x01, 0xf0, 0x60, 0x84, 0x00, 0x04, 0x01, 0x03, 0x07, 0x0f, 0x0f,
    0x98, 0x1f, 0x04, 0x0f, 0x0f, 0x07, 0x03, 0x01, 0xd2, 0x00, 0x82, 0x01, 0xbd, 0x00,
};

static const uint8_t s_anim_yawn_f01[] = {
    0xff, 0x00, 0x96, 0x00, 0x02, 0x80, 0xc0, 0xc0, 0x98, 0xe0, 0x02, 0xc0, 0xc0, 0x80, 0x94, 0x00,
    0x02, 0x80, 0xc0, 0xc0, 0x98, 0xe0, 0x02, 0xc0, 0xc0, 0x80, 0xa9, 0x00, 0x01, 0xf8, 0xfe, 0xa0,
    0xff, 0x01, 0xfe, 0xf8, 0x8e, 0x00, 0x01, 0xf8, 0xfe, 0xa0, 0xff, 0x01, 0xfe, 0xf8, 0xa6, 0x00,
    0x8d, 0xff, 0x02, 0x7f, 0x1f, 0x1f, 0x82, 0x0f, 0x02, 0x1f, 0x1f, 0x7f, 0x8d, 0xff, 0x8e, 0x00,
    0x8d, 0xff, 0x02, 0x7f, 0x1f, 0x1f, 0x82, 0x0f, 0x02, 0x1f, 0x1f, 0x7f, 0x8d, 0xff, 0xa6, 0x00,
    0x8d, 0xff, 0x02, 0xfc, 0xf0, 0xf0, 0x82, 0xe0, 0x02, 0xf0, 0xf0, 0xfc, 0x8d, 0xff, 0x8e, 0x00,
    0x8d, 0xff, 0x02, 0xfc, 0xf0, 0xf0, 0x82, 0xe0, 0x02, 0xf0, 0xf0, 0xfc, 0x8d, 0xff, 0xa6, 0x00,
    0x00, 0x3f, 0xa2, 0xff, 0x00, 0x3f, 0x8e, 0x00, 0x00, 0x3f, 0xa2, 0xff, 0x00, 0x3f, 0xa8, 0x00,
    0x03, 0x01, 0x03, 0x07, 0x07, 0x98, 0x0f, 0x03, 0x07, 0x07, 0x03, 0x01, 0x84, 0x00, 0x02, 0xf0,
    0xf8, 0xf8, 0x82, 0xfc, 0x02, 0xf8, 0xf8, 0xf0, 0x84, 0x00, 0x03, 0x01, 0x03, 0x07, 0x07, 0x98,
    0x0f, 0x03, 0x07, 0x07, 0x03, 0x01, 0xd1, 0x00, 0x01, 0x01, 0x01, 0x82, 0x03, 0x01, 0x01, 0x01,
    0xbb, 0x00,
};

static const uint8_t s_anim_yawn_f02[] = {
    0xff, 0x00, 0x96, 0x00, 0x02, 0x80, 0xc0, 0xc0, 0x98, 0xe0, 0x02, 0xc0, 0xc0, 0x80, 0x94, 0x00,
    0x02, 0x80, 0xc0, 0xc0, 0x98, 0xe0, 0x02, 0xc0, 0xc0, 0x80, 0xa9, 0x00, 0x01, 0xf8, 0xfe, 0xa0,
    0xff, 0x01, 0xfe, 0xf8, 0x8e, 0x00, 0x01, 0xf8, 0xfe, 0xa0, 0xff, 0x01, 0xfe, 0xf8, 0xa6, 0x00,
    0x8d, 0xff, 0x02, 0x7f, 0x1f, 0x1f, 0x82, 0x0f, 0x02, 0x1f, 0x1f, 0x7f, 0x8d, 0xff, 0x8e, 0x00,
    0x8d, 0xff, 0x02, 0x7f, 0x1f, 0x1f, 0x82, 0x0f, 0x02, 0x1f, 0x1f, 0x7f, 0x8d, 0xff, 0xa6, 0x00,
    0x8d, 0xff, 0x02, 0xfc, 0xf0, 0xf0, 0x82, 0xe0, 0x02, 0xf0, 0xf0, 0xfc, 0x8d, 0xff, 0x8e, 0x00,
    0x8d, 0xff, 0x02, 0xfc, 0xf0, 0xf0, 0x82, 0xe0, 0x02, 0xf0, 0xf0, 0xfc, 0x8d, 0xff, 0xa6, 0x00,
    0x00, 0x3f, 0xa2, 0xff, 0x00, 0x3f, 0x8e, 0x00, 0x00, 0x3f, 0xa2, 0xff, 0x00, 0x3f, 0xa8, 0x00,
    0x03, 0x01, 0x03, 0x07, 0x07, 0x98, 0x0f, 0x03, 0x07, 0x07, 0x03, 0x01, 0x84, 0x00, 0x02, 0xf0,
    0xf8, 0xf8, 0x82, 0xfc, 0x02, 0xf8, 0xf8, 0xf0, 0x84, 0x00, 0x03, 0x01, 0x03, 0x07, 0x07, 0x98,
    0x0f, 0x03, 0x07, 0x07, 0x03, 0x01, 0xd1, 0x00, 0x01, 0x01, 0x01, 0x82, 0x03, 0x01, 0x01, 0x01,
    0xbb, 0x00,
};

static const uint8_t s_anim_yawn_f03[] = {
    0xff, 0x00, 0x97, 0x00, 0x01, 0x80, 0x80, 0x98, 0xc0, 0x01, 0x80, 0x80, 0x96, 0x00, 0x01, 0x80,
    0x80, 0x98, 0xc0, 0x01, 0x80, 0x80, 0xaa, 0x00, 0x02, 0xf0, 0xfc, 0xfe, 0x9e, 0xff, 0x02, 0xfe,
    0xfc, 0xf0, 0x8e, 0x00, 0x02, 0xf0, 0xfc, 0xfe, 0x9e, 0xff, 0x02, 0xfe, 0xfc, 0xf0, 0xa6, 0x00,
    0x8d, 0xff, 0x02, 0x7f, 0x1f, 0x1f, 0x82, 0x0f, 0x02, 0x1f, 0x1f, 0x7f, 0x8d, 0xff, 0x8e, 0x00,
    0x8d, 0xff, 0x02, 0x7f, 0x1f, 0x1f, 0x82, 0x0f, 0x02, 0x1f, 0x1f, 0x7f, 0x8d, 0xff, 0xa6, 0x00,
    0x8d, 0xff, 0x02, 0xfc, 0xf0, 0xf0, 0x82, 0xe0, 0x02, 0xf0, 0xf0, 0xfc, 0x8d, 0xff, 0x8e, 0x00,
    0x8d, 0xff, 0x02, 0xfc, 0xf0, 0xf0, 0x82, 0xe0, 0x02, 0xf0, 0xf0, 0xfc, 0x8d, 0xff, 0xa6, 0x00,
    0x01, 0x1f, 0x7f, 0xa0, 0xff, 0x01, 0x7f, 0x1f, 0x8e, 0x00, 0x01, 0x1f, 0x7f, 0xa0, 0xff, 0x01,
    0x7f, 0x1f, 0xa9, 0x00, 0x02, 0x01, 0x03, 0x03, 0x98, 0x07, 0x02, 0x03, 0x03, 0x01, 0x84, 0x00,
    0x02, 0x70, 0xf8, 0xfc, 0x84, 0xfe, 0x02, 0xfc, 0xf8, 0x70, 0x84, 0x00, 0x02, 0x01, 0x03, 0x03,
    0x98, 0x07, 0x02, 0x03, 0x03, 0x01, 0xd2, 0x00, 0x00, 0x01, 0x84, 0x03, 0x00, 0x01, 0xbb, 0x00,
};

static const uint8_t s_anim_yawn_f04[] = {
    0xff, 0x00, 0x99, 0x00, 0x98, 0x80, 0x9a, 0x00, 0x98, 0x80, 0xac, 0x00, 0x03, 0xe0, 0xf8, 0xfc,
    0xfe, 0x9c, 0xff, 0x03, 0xfe, 0xfc, 0xf8, 0xe0, 0x8e, 0x00, 0x03, 0xe0, 0xf8, 0xfc, 0xfe, 0x9c,
    0xff, 0x03, 0xfe, 0xfc, 0xf8, 0xe0, 0xa6, 0x00, 0x8d, 0xff, 0x02, 0x7f, 0x1f, 0x1f, 0x82, 0x0f,
    0x02, 0x1f, 0x1f, 0x7f, 0x8d, 0xff, 0x8e, 0x00, 0x8d, 0xff, 0x02, 0x7f, 0x1f, 0x1f, 0x82, 0x0f,
    0x02, 0x1f, 0x1f, 0x7f, 0x8d, 0xff, 0xa6, 0x00, 0x8d, 0xff, 0x02, 0xfc, 0xf0, 0xf0, 0x82, 0xe0,
    0x02, 0xf0, 0xf0, 0xfc, 0x8d, 0xff, 0x8e, 0x00, 0x8d, 0xff, 0x02, 0xfc, 0xf0, 0xf0, 0x82, 0xe0,
    0x02, 0xf0, 0xf0, 0xfc, 0x8d, 0xff, 0xa6, 0x00, 0x02, 0x0f, 0x3f, 0x7f, 0x9e, 0xff, 0x02, 0x7f,
    0x3f, 0x0f, 0x8e, 0x00, 0x02, 0x0f, 0x3f, 0x7f, 0x9e, 0xff, 0x02, 0x7f, 0x3f, 0x0f, 0xaa, 0x00,
    0x01, 0x01, 0x01, 0x98, 0x03, 0x01, 0x01, 0x01, 0x84, 0x00, 0x03, 0x70, 0xfc, 0xfe, 0xfe, 0x84,
    0xff, 0x03, 0xfe, 0xfe, 0xfc, 0x70, 0x84, 0x00, 0x01, 0x01, 0x01, 0x98, 0x03, 0x01, 0x01, 0x01,
    0xd1, 0x00, 0x02, 0x01, 0x03, 0x03, 0x84, 0x07, 0x02, 0x03, 0x03, 0x01, 0xb9, 0x00,
};

static const uint8_t s_anim_yawn_f05[] = {
    0xff, 0x00, 0xff, 0x00, 0x93, 0x00, 0x05, 0xc0, 0xf0, 0xf8, 0xfc, 0xfe, 0xfe, 0x98, 0xff, 0x05,
    0xfe, 0xfe, 0xfc, 0xf8, 0xf0, 0xc0, 0x8e, 0x00, 0x05, 0xc0, 0xf0, 0xf8, 0xfc, 0xfe, 0xfe, 0x98,
    0xff, 0x05, 0xfe, 0xfe, 0xfc, 0xf8, 0xf0, 0xc0, 0xa6, 0x00, 0x8d, 0xff, 0x02, 0x7f, 0x1f, 0x1f,
    0x82, 0x0f, 0x02, 0x1f, 0x1f, 0x7f, 0x8d, 0xff, 0x8e, 0x00, 0x8d, 0xff, 0x02, 0x7f, 0x1f, 0x1f,
    0x82, 0x0f, 0x02, 0x1f, 0x1f, 0x7f, 0x8d, 0xff, 0xa6, 0x00, 0x8d, 0xff, 0x02, 0xfc, 0xf0, 0xf0,
    0x82, 0xe0, 0x02, 0xf0, 0xf0, 0xfc, 0x8d, 0xff, 0x8e, 0x00, 0x8d, 0xff, 0x02, 0xfc, 0xf0, 0xf0,
    0x82, 0xe0, 0x02, 0xf0, 0xf0, 0xfc, 0x8d, 0xff, 0xa6, 0x00, 0x03, 0x07, 0x1f, 0x3f, 0x7f, 0x9c,
    0xff, 0x03, 0x7f, 0x3f, 0x1f, 0x07, 0x84, 0x00, 0x84, 0x80, 0x84, 0x00, 0x03, 0x07, 0x1f, 0x3f,
    0x7f, 0x9c, 0xff, 0x03, 0x7f, 0x3f, 0x1f, 0x07, 0xac, 0x00, 0x98, 0x01, 0x85, 0x00, 0x02, 0x78,
    0xfc, 0xfe, 0x88, 0xff, 0x02, 0xfe, 0xfc, 0x78, 0x85, 0x00, 0x98, 0x01, 0xd3, 0x00, 0x02, 0x01,
    0x03, 0x03, 0x84, 0x07, 0x02, 0x03, 0x03, 0x01, 0xb9, 0x00,
};

static const uint8_t s_anim_yawn_f06[] = {
    0xff, 0x00, 0xff, 0x00, 0x93, 0x00, 0x05, 0xc0, 0xf0, 0xf8, 0xfc, 0xfe, 0xfe, 0x98, 0xff, 0x05,
    0xfe, 0xfe, 0xfc, 0xf8, 0xf0, 0xc0, 0x8e, 0x00, 0x05, 0xc0, 0xf0, 0xf8, 0xfc, 0xfe, 0xfe, 0x98,
    0xff, 0x05, 0xfe, 0xfe, 0xfc, 0xf8, 0xf0, 0xc0, 0xa6, 0x00, 0x8d, 0xff, 0x02, 0x7f, 0x1f, 0x1f,
    0x82, 0x0f, 0x02, 0x1f, 0x1f, 0x7f, 0x8d, 0xff, 0x8e, 0x00, 0x8d, 0xff, 0x02, 0x7f, 0x1f, 0x1f,
    0x82, 0x0f, 0x02, 0x1f, 0x1f, 0x7f, 0x8d, 0xff, 0xa6, 0x00, 0x8d, 0xff, 0x02, 0xfc, 0xf0, 0xf0,
    0x82, 0xe0, 0x02, 0xf0, 0xf0, 0xfc, 0x8d, 0xff, 0x8e, 0x00, 0x8d, 0xff, 0x02, 0xfc, 0xf0, 0xf0,
    0x82, 0xe0, 0x02, 0xf0, 0xf0, 0xfc, 0x8d, 0xff, 0xa6, 0x00, 0x03, 0x07, 0x1f, 0x3f, 0x7f, 0x9c,
    0xff, 0x03, 0x7f, 0x3f, 0x1f, 0x07, 0x84, 0x00, 0x84, 0x80, 0x84, 0x00, 0x03, 0x07, 0x1f, 0x3f,
    0x7f, 0x9c, 0xff, 0x03, 0x7f, 0x3f, 0x1f, 0x07, 0xac, 0x00, 0x98, 0x01, 0x85, 0x00, 0x02, 0x78,
    0xfc, 0xfe, 0x88, 0xff, 0x02, 0xfe, 0xfc, 0x78, 0x85, 0x00, 0x98, 0x01, 0xd3, 0x00, 0x02, 0x01,
    0x03, 0x03, 0x84, 0x07, 0x02, 0x03, 0x03, 0x01, 0xb9, 0x00,
};

static const uint8_t s_anim_yawn_f07[] = {
    0xff, 0x00, 0xff, 0x00, 0x93, 0x00, 0x05, 0x80, 0xe0, 0xf0, 0xf8, 0xfc, 0xfc, 0x98, 0xfe, 0x05,
    0xfc, 0xfc, 0xf8, 0xf0, 0xe0, 0x80, 0x8e, 0x00, 0x05, 0x80, 0xe0, 0xf0, 0xf8, 0xfc, 0xfc, 0x98,
    0xfe, 0x05, 0xfc, 0xfc, 0xf8, 0xf0, 0xe0, 0x80, 0xa6, 0x00, 0x8d, 0xff, 0x02, 0x7f, 0x1f, 0x1f,
    0x82, 0x0f, 0x02, 0x1f, 0x1f, 0x7f, 0x8d, 0xff, 0x8e, 0x00, 0x8d, 0xff, 0x02, 0x7f, 0x1f, 0x1f,
    0x82, 0x0f, 0x02, 0x1f, 0x1f, 0x7f, 0x8d, 0xff, 0xa6, 0x00, 0x8d, 0xff, 0x02, 0xfc, 0xf0, 0xf0,
    0x82, 0xe0, 0x02, 0xf0, 0xf0, 0xfc, 0x8d, 0xff, 0x8e, 0x00, 0x8d, 0xff, 0x02, 0xfc, 0xf0, 0xf0,
    0x82, 0xe0, 0x02, 0xf0, 0xf0, 0xfc, 0x8d, 0xff, 0xa6, 0x00, 0x05, 0x03, 0x0f, 0x1f, 0x3f, 0x7f,
    0x7f, 0x98, 0xff, 0x09, 0x7f, 0x7f, 0x3f, 0x1f, 0x0f, 0x03, 0x00, 0x00, 0x80, 0x80, 0x86, 0xc0,
    0x09, 0x80, 0x80, 0x00, 0x00, 0x03, 0x0f, 0x1f, 0x3f, 0x7f, 0x7f, 0x98, 0xff, 0x05, 0x7f, 0x7f,
    0x3f, 0x1f, 0x0f, 0x03, 0xca, 0x00, 0x01, 0x78, 0xfe, 0x8c, 0xff, 0x01, 0xfe, 0x78, 0xef, 0x00,
    0x03, 0x01, 0x03, 0x07, 0x07, 0x86, 0x0f, 0x03, 0x07, 0x07, 0x03, 0x01, 0xb7, 0x00,
};

static const uint8_t s_anim_yawn_f08[] = {
    0xff, 0x00, 0xff, 0x00, 0x94, 0x00, 0x04, 0xc0, 0xe0, 0xf0, 0xf8, 0xf8, 0x98, 0xfc, 0x04, 0xf8,
    0xf8, 0xf0, 0xe0, 0xc0, 0x90, 0x00, 0x04, 0xc0, 0xe0, 0xf0, 0xf8, 0xf8, 0x98, 0xfc, 0x04, 0xf8,
    0xf8, 0xf0, 0xe0, 0xc0, 0xa7, 0x00, 0x8d, 0xff, 0x02, 0x7f, 0x1f, 0x1f, 0x82, 0x0f, 0x02, 0x1f,
    0x1f, 0x7f, 0x8d, 0xff, 0x8e, 0x00, 0x8d, 0xff, 0x02, 0x7f, 0x1f, 0x1f, 0x82, 0x0f, 0x02, 0x1f,
    0x1f, 0x7f, 0x8d, 0xff, 0xa6, 0x00, 0x8d, 0xff, 0x02, 0xfc, 0xf0, 0xf0, 0x82, 0xe0, 0x02, 0xf0,
    0xf0, 0xfc, 0x8d, 0xff, 0x8e, 0x00, 0x8d, 0xff, 0x02, 0xfc, 0xf0, 0xf0, 0x82, 0xe0, 0x02, 0xf0,
    0xf0, 0xfc, 0x8d, 0xff, 0xa6, 0x00, 0x05, 0x01, 0x07, 0x0f, 0x1f, 0x3f, 0x3f, 0x98, 0x7f, 0x09,
    0x3f, 0x3f, 0x1f, 0x0f, 0x07, 0x01, 0x00, 0x80, 0xc0, 0xc0, 0x86, 0xe0, 0x09, 0xc0, 0xc0, 0x80,
    0x00, 0x01, 0x07, 0x0f, 0x1f, 0x3f, 0x3f, 0x98, 0x7f, 0x05, 0x3f, 0x3f, 0x1f, 0x0f, 0x07, 0x01,
    0xc9, 0x00, 0x01, 0x7c, 0xfe, 0x8e, 0xff, 0x01, 0xfe, 0x7c, 0xee, 0x00, 0x03, 0x01, 0x03, 0x07,
    0x07, 0x86, 0x0f, 0x03, 0x07, 0x07, 0x03, 0x01, 0xb7, 0x00,
};

static const uint8_t s_anim_yawn_f09[] = {
    0xff, 0x00, 0xff, 0x00, 0x94, 0x00, 0x04, 0x80, 0xc0, 0xe0, 0xf0, 0xf0, 0x98, 0xf8, 0x04, 0xf0,
    0xf0, 0xe0, 0xc0, 0x80, 0x90, 0x00, 0x04, 0x80, 0xc0, 0xe0, 0xf0, 0xf0, 0x98, 0xf8, 0x04, 0xf0,
    0xf0, 0xe0, 0xc0, 0x80, 0xa7, 0x00, 0x00, 0xfe, 0x8c, 0xff, 0x02, 0x7f, 0x1f, 0x1f, 0x82, 0x0f,
    0x02, 0x1f, 0x1f, 0x7f, 0x8c, 0xff, 0x00, 0xfe, 0x8e, 0x00, 0x00, 0xfe, 0x8c, 0xff, 0x02, 0x7f,
    0x1f, 0x1f, 0x82, 0x0f, 0x02, 0x1f, 0x1f, 0x7f, 0x8c, 0xff, 0x00, 0xfe, 0xa6, 0x00, 0x8d, 0xff,
    0x02, 0xfc, 0xf0, 0xf0, 0x82, 0xe0, 0x02, 0xf0, 0xf0, 0xfc, 0x8d, 0xff, 0x8e, 0x00, 0x8d, 0xff,
    0x02, 0xfc, 0xf0, 0xf0, 0x82, 0xe0, 0x02, 0xf0, 0xf0, 0xfc, 0x8d, 0xff, 0xa7, 0x00, 0x04, 0x03,
    0x07, 0x0f, 0x1f, 0x1f, 0x98, 0x3f, 0x09, 0x1f, 0x1f, 0x0f, 0x07, 0x03, 0x80, 0xc0, 0xc0, 0xe0,
    0xe0, 0x86, 0xf0, 0x09, 0xe0, 0xe0, 0xc0, 0xc0, 0x80, 0x03, 0x07, 0x0f, 0x1f, 0x1f, 0x98, 0x3f,
    0x04, 0x1f, 0x1f, 0x0f, 0x07, 0x03, 0xc9, 0x00, 0x00, 0x7c, 0x92, 0xff, 0x00, 0x7c, 0xeb, 0x00,
    0x05, 0x01, 0x03, 0x07, 0x07, 0x0f, 0x0f, 0x86, 0x1f, 0x05, 0x0f, 0x0f, 0x07, 0x07, 0x03, 0x01,
    0xb5, 0x00,
};

static const uint8_t s_anim_yawn_f10[] = {
    0xff, 0x00, 0xff, 0x00, 0x94, 0x00, 0x04, 0x80, 0xc0, 0xe0, 0xf0, 0xf0, 0x98, 0xf8, 0x04, 0xf0,
    0xf0, 0xe0, 0xc0, 0x80, 0x90, 0x00, 0x04, 0x80, 0xc0, 0xe0, 0xf0, 0xf0, 0x98, 0xf8, 0x04, 0xf0,
    0xf0, 0xe0, 0xc0, 0x80, 0xa7, 0x00, 0x00, 0xfe, 0x8c, 0xff, 0x02, 0x7f, 0x1f, 0x1f, 0x82, 0x0f,
    0x02, 0x1f, 0x1f, 0x7f, 0x8c, 0xff, 0x00, 0xfe, 0x8e, 0x00, 0x00, 0xfe, 0x8c, 0xff, 0x02, 0x7f,
    0x1f, 0x1f, 0x82, 0x0f, 0x02, 0x1f, 0x1f, 0x7f, 0x8c, 0xff, 0x00, 0xfe, 0xa6, 0x00, 0x8d, 0xff,
    0x02, 0xfc, 0xf0, 0xf0, 0x82, 0xe0, 0x02, 0xf0, 0xf0, 0xfc, 0x8d, 0xff, 0x8e, 0x00, 0x8d, 0xff,
    0x02, 0xfc, 0xf0, 0xf0, 0x82, 0xe0, 0x02, 0xf0, 0xf0, 0xfc, 0x8d, 0xff, 0xa7, 0x00, 0x04, 0x03,
    0x07, 0x0f, 0x1f, 0x1f, 0x98, 0x3f, 0x09, 0x1f, 0x1f, 0x0f, 0x07, 0x03, 0x80, 0xc0, 0xc0, 0xe0,
    0xe0, 0x86, 0xf0, 0x09, 0xe0, 0xe0, 0xc0, 0xc0, 0x80, 0x03, 0x07, 0x0f, 0x1f, 0x1f, 0x98, 0x3f,
    0x04, 0x1f, 0x1f, 0x0f, 0x07, 0x03, 0xc9, 0x00, 0x00, 0x7c, 0x92, 0xff, 0x00, 0x7c, 0xeb, 0x00,
    0x05, 0x01, 0x03, 0x07, 0x07, 0x0f, 0x0f, 0x86, 0x1f, 0x05, 0x0f, 0x0f, 0x07, 0x07, 0x03, 0x01,
    0xb5, 0x00,
};

static const uint8_t s_anim_yawn_f11[] = {
    0xff, 0x00, 0xff, 0x00, 0x95, 0x00, 0x03, 0x80, 0xc0, 0xe0, 0xe0, 0x98, 0xf0, 0x03, 0xe0, 0xe0,
    0xc0, 0x80, 0x92, 0x00, 0x03, 0x80, 0xc0, 0xe0, 0xe0, 0x98, 0xf0, 0x03, 0xe0, 0xe0, 0xc0, 0x80,
    0xa8, 0x00, 0x00, 0xfc, 0x8c, 0xff, 0x02, 0x7f, 0x1f, 0x1f, 0x82, 0x0f, 0x02, 0x1f, 0x1f, 0x7f,
    0x8c, 0xff, 0x00, 0xfc, 0x8e, 0x00, 0x00, 0xfc, 0x8c, 0xff, 0x02, 0x7f, 0x1f, 0x1f, 0x82, 0x0f,
    0x02, 0x1f, 0x1f, 0x7f, 0x8c, 0xff, 0x00, 0xfc, 0xa6, 0x00, 0x00, 0x7f, 0x8c, 0xff, 0x02, 0xfc,
    0xf0, 0xf0, 0x82, 0xe0, 0x02, 0xf0, 0xf0, 0xfc, 0x8c, 0xff, 0x00, 0x7f, 0x8e, 0x00, 0x00, 0x7f,
    0x8c, 0xff, 0x02, 0xfc, 0xf0, 0xf0, 0x82, 0xe0, 0x02, 0xf0, 0xf0, 0xfc, 0x8c, 0xff, 0x00, 0x7f,
    0xa7, 0x00, 0x04, 0x01, 0x03, 0x07, 0x0f, 0x0f, 0x98, 0x1f, 0x06, 0x0f, 0x0f, 0x07, 0x03, 0x81,
    0xc0, 0xe0, 0x82, 0xf0, 0x86, 0xf8, 0x82, 0xf0, 0x06, 0xe0, 0xc0, 0x81, 0x03, 0x07, 0x0f, 0x0f,
    0x98, 0x1f, 0x04, 0x0f, 0x0f, 0x07, 0x03, 0x01, 0xc8, 0x00, 0x00, 0x7e, 0x94, 0xff, 0x00, 0x7e,
    0xea, 0x00, 0x02, 0x01, 0x03, 0x07, 0x82, 0x0f, 0x86, 0x1f, 0x82, 0x0f, 0x02, 0x07, 0x03, 0x01,
    0xb5, 0x00,
};

static const uint8_t s_anim_yawn_f12[] = {
    0xff, 0x00, 0xff, 0x00, 0x95, 0x00, 0x03, 0x80, 0xc0, 0xe0, 0xe0, 0x98, 0xf0, 0x03, 0xe0, 0xe0,
    0xc0, 0x80, 0x92, 0x00, 0x03, 0x80, 0xc0, 0xe0, 0xe0, 0x98, 0xf0, 0x03, 0xe0, 0xe0, 0xc0, 0x80,
    0xa8, 0x00, 0x00, 0xfc, 0x8c, 0xff, 0x02, 0x7f, 0x1f, 0x1f, 0x82, 0x0f, 0x02, 0x1f, 0x1f, 0x7f,
    0x8c, 0xff, 0x00, 0xfc, 0x8e, 0x00, 0x00, 0xfc, 0x8c, 0xff, 0x02, 0x7f, 0x1f, 0x1f, 0x82, 0x0f,
    0x02, 0x1f, 0x1f, 0x7f, 0x8c, 0xff, 0x00, 0xfc, 0xa6, 0x00, 0x00, 0x7f, 0x8c, 0xff, 0x02, 0xfc,
    0xf0, 0xf0, 0x82, 0xe0, 0x02, 0xf0, 0xf0, 0xfc, 0x8c, 0xff, 0x00, 0x7f, 0x8e, 0x00, 0x00, 0x7f,
    0x8c, 0xff, 0x02, 0xfc, 0xf0, 0xf0, 0x82, 0xe0, 0x02, 0xf0, 0xf0, 0xfc, 0x8c, 0xff, 0x00, 0x7f,
    0xa7, 0x00, 0x04, 0x01, 0x03, 0x07, 0x0f, 0x0f, 0x98, 0x1f, 0x06, 0x0f, 0x0f, 0x07, 0x03, 0x81,
    0xc0, 0xe0, 0x82, 0xf0, 0x86, 0xf8, 0x82, 0xf0, 0x06, 0xe0, 0xc0, 0x81, 0x03, 0x07, 0x0f, 0x0f,
    0x98, 0x1f, 0x04, 0x0f, 0x0f, 0x07, 0x03, 0x01, 0xc8, 0x00, 0x00, 0x7e, 0x94, 0xff, 0x00, 0x7e,
    0xea, 0x00, 0x02, 0x01, 0x03, 0x07, 0x82, 0x0f, 0x86, 0x1f, 0x82, 0x0f, 0x02, 0x07, 0x03, 0x01,
    0xb5, 0x00,
};

static const uint8_t s_anim_yawn_f13[] = {
    0xff, 0x00, 0xff, 0x00, 0x94, 0x00, 0x04, 0x80, 0xc0, 0xe0, 0xf0, 0xf0, 0x98, 0xf8, 0x04, 0xf0,
    0xf0, 0xe0, 0xc0, 0x80, 0x90, 0x00, 0x04, 0x80, 0xc0, 0xe0, 0xf0, 0xf0, 0x98, 0xf8, 0x04, 0xf0,
    0xf0, 0xe0, 0xc0, 0x80, 0xa7, 0x00, 0x00, 0xfe, 0x8c, 0xff, 0x02, 0x7f, 0x1f, 0x1f, 0x82, 0x0f,
    0x02, 0x1f, 0x1f, 0x7f, 0x8c, 0xff, 0x00, 0xfe, 0x8e, 0x00, 0x00, 0xfe, 0x8c, 0xff, 0x02, 0x7f,
    0x1f, 0x1f, 0x82, 0x0f, 0x02, 0x1f, 0x1f, 0x7f, 0x8c, 0xff, 0x00, 0xfe, 0xa6, 0x00, 0x8d, 0xff,
    0x02, 0xfc, 0xf0, 0xf0, 0x82, 0xe0, 0x02, 0xf0, 0xf0, 0xfc, 0x8d, 0xff, 0x8e, 0x00, 0x8d, 0xff,
    0x02, 0xfc, 0xf0, 0xf0, 0x82, 0xe0, 0x02, 0xf0, 0xf0, 0xfc, 0x8d, 0xff, 0xa7, 0x00, 0x04, 0x03,
    0x07, 0x0f, 0x1f, 0x1f, 0x98, 0x3f, 0x06, 0x1f, 0x1f, 0x0f, 0x07, 0x83, 0xc0, 0xe0, 0x82, 0xf0,
    0x86, 0xf8, 0x82, 0xf0, 0x06, 0xe0, 0xc0, 0x83, 0x07, 0x0f, 0x1f, 0x1f, 0x98, 0x3f, 0x04, 0x1f,
    0x1f, 0x0f, 0x07, 0x03, 0xc8, 0x00, 0x00, 0x7e, 0x94, 0xff, 0x00, 0x7e, 0xea, 0x00, 0x02, 0x01,
    0x03, 0x07, 0x82, 0x0f, 0x86, 0x1f, 0x82, 0x0f, 0x02, 0x07, 0x03, 0x01, 0xb5, 0x00,
};

static const uint8_t s_anim_yawn_f14[] = {
    0xff, 0x00, 0xff, 0x00, 0x94, 0x00, 0x04, 0xc0, 0xe0, 0xf0, 0xf8, 0xf8, 0x98, 0xfc, 0x04, 0xf8,
    0xf8, 0xf0, 0xe0, 0xc0, 0x90, 0x00, 0x04, 0xc0, 0xe0, 0xf0, 0xf8, 0xf8, 0x98, 0xfc, 0x04, 0xf8,
    0xf8, 0xf0, 0xe0, 0xc0, 0xa7, 0x00, 0x8d, 0xff, 0x02, 0x7f, 0x1f, 0x1f, 0x82, 0x0f, 0x02, 0x1f,
    0x1f, 0x7f, 0x8d, 0xff, 0x8e, 0x00, 0x8d, 0xff, 0x02, 0x7f, 0x1f, 0x1f, 0x82, 0x0f, 0x02, 0x1f,
    0x1f, 0x7f, 0x8d, 0xff, 0xa6, 0x00, 0x8d, 0xff, 0x02, 0xfc, 0xf0, 0xf0, 0x82, 0xe0, 0x02, 0xf0,
    0xf0, 0xfc, 0x8d, 0xff, 0x8e, 0x00, 0x8d, 0xff, 0x02, 0xfc, 0xf0, 0xf0, 0x82, 0xe0, 0x02, 0xf0,
    0xf0, 0xfc, 0x8d, 0xff, 0xa6, 0x00, 0x05, 0x01, 0x07, 0x0f, 0x1f, 0x3f, 0x3f, 0x98, 0x7f, 0x06,
    0x3f, 0x3f, 0x1f, 0x0f, 0x87, 0xc1, 0xe0, 0x82, 0xf0, 0x86, 0xf8, 0x82, 0xf0, 0x06, 0xe0, 0xc1,
    0x87, 0x0f, 0x1f, 0x3f, 0x3f, 0x98, 0x7f, 0x05, 0x3f, 0x3f, 0x1f, 0x0f, 0x07, 0x01, 0xc7, 0x00,
    0x00, 0x7e, 0x94, 0xff, 0x00, 0x7e, 0xea, 0x00, 0x02, 0x01, 0x03, 0x07, 0x82, 0x0f, 0x86, 0x1f,
    0x82, 0x0f, 0x02, 0x07, 0x03, 0x01, 0xb5, 0x00,
};

static const uint8_t s_anim_yawn_f15[] = {
    0xff, 0x00, 0xff, 0x00, 0x93, 0x00, 0x05, 0xc0, 0xf0, 0xf8, 0xfc, 0xfe, 0xfe, 0x98, 0xff, 0x05,
    0xfe, 0xfe, 0xfc, 0xf8, 0xf0, 0xc0, 0x8e, 0x00, 0x05, 0xc0, 0xf0, 0xf8, 0xfc, 0xfe, 0xfe, 0x98,
    0xff, 0x05, 0xfe, 0xfe, 0xfc, 0xf8, 0xf0, 0xc0, 0xa6, 0x00, 0x8d, 0xff, 0x02, 0x7f, 0x1f, 0x1f,
    0x82, 0x0f, 0x02, 0x1f, 0x1f, 0x7f, 0x8d, 0xff, 0x8e, 0x00, 0x8d, 0xff, 0x02, 0x7f, 0x1f, 0x1f,
    0x82, 0x0f, 0x02, 0x1f, 0x1f, 0x7f, 0x8d, 0xff, 0xa6, 0x00, 0x8d, 0xff, 0x02, 0xfc, 0xf0, 0xf0,
    0x82, 0xe0, 0x02, 0xf0, 0xf0, 0xfc, 0x8d, 0xff, 0x8e, 0x00, 0x8d, 0xff, 0x02, 0xfc, 0xf0, 0xf0,
    0x82, 0xe0, 0x02, 0xf0, 0xf0, 0xfc, 0x8d, 0xff, 0xa6, 0x00, 0x03, 0x07, 0x1f, 0x3f, 0x7f, 0x9c,
    0xff, 0x04, 0x7f, 0x3f, 0x9f, 0xc7, 0xe0, 0x82, 0xf0, 0x86, 0xf8, 0x82, 0xf0, 0x04, 0xe0, 0xc7,
    0x9f, 0x3f, 0x7f, 0x9c, 0xff, 0x03, 0x7f, 0x3f, 0x1f, 0x07, 0xac, 0x00, 0x98, 0x01, 0x02, 0x00,
    0x00, 0x7e, 0x94, 0xff, 0x02, 0x7e, 0x00, 0x00, 0x98, 0x01, 0xcf, 0x00, 0x02, 0x01, 0x03, 0x07,
    0x82, 0x0f, 0x86, 0x1f, 0x82, 0x0f, 0x02, 0x07, 0x03, 0x01, 0xb5, 0x00,
};

static const uint8_t s_anim_yawn_f16[] = {
    0xff, 0x00, 0x99, 0x00, 0x98, 0x80, 0x9a, 0x00, 0x98, 0x80, 0xac, 0x00, 0x03, 0xe0, 0xf8, 0xfc,
    0xfe, 0x9c, 0xff, 0x03, 0xfe, 0xfc, 0xf8, 0xe0, 0x8e, 0x00, 0x03, 0xe0, 0xf8, 0xfc, 0xfe, 0x9c,
    0xff, 0x03, 0xfe, 0xfc, 0xf8, 0xe0, 0xa6, 0x00, 0x8d, 0xff, 0x02, 0x7f, 0x1f, 0x1f, 0x82, 0x0f,
    0x02, 0x1f, 0x1f, 0x7f, 0x8d, 0xff, 0x8e, 0x00, 0x8d, 0xff, 0x02, 0x7f, 0x1f, 0x1f, 0x82, 0x0f,
    0x02, 0x1f, 0x1f, 0x7f, 0x8d, 0xff, 0xa6, 0x00, 0x8d, 0xff, 0x02, 0xfc, 0xf0, 0xf0, 0x82, 0xe0,
    0x02, 0xf0, 0xf0, 0xfc, 0x8d, 0xff, 0x8e, 0x00, 0x8d, 0xff, 0x02, 0xfc, 0xf0, 0xf0, 0x82, 0xe0,
    0x02, 0xf0, 0xf0, 0xfc, 0x8d, 0xff, 0xa6, 0x00, 0x02, 0x0f, 0x3f, 0x7f, 0x9e, 0xff, 0x03, 0x7f,
    0xbf, 0xcf, 0xe0, 0x82, 0xf0, 0x86, 0xf8, 0x82, 0xf0, 0x03, 0xe0, 0xcf, 0xbf, 0x7f, 0x9e, 0xff,
    0x02, 0x7f, 0x3f, 0x0f, 0xaa, 0x00, 0x01, 0x01, 0x01, 0x98, 0x03, 0x02, 0x01, 0x01, 0x7e, 0x94,
    0xff, 0x02, 0x7e, 0x01, 0x01, 0x98, 0x03, 0x01, 0x01, 0x01, 0xcd, 0x00, 0x02, 0x01, 0x03, 0x07,
    0x82, 0x0f, 0x86, 0x1f, 0x82, 0x0f, 0x02, 0x07, 0x03, 0x01, 0xb5, 0x00,
};

static const uint8_t s_anim_yawn_f17[] = {
    0xff, 0x00, 0x97, 0x00, 0x01, 0x80, 0x80, 0x98, 0xc0, 0x01, 0x80, 0x80, 0x96, 0x00, 0x01, 0x80,
    0x80, 0x98, 0xc0, 0x01, 0x80, 0x80, 0xaa, 0x00, 0x02, 0xf0, 0xfc, 0xfe, 0x9e, 0xff, 0x02, 0xfe,
    0xfc, 0xf0, 0x8e, 0x00, 0x02, 0xf0, 0xfc, 0xfe, 0x9e, 0xff, 0x02, 0xfe, 0xfc, 0xf0, 0xa6, 0x00,
    0x8d, 0xff, 0x02, 0x7f, 0x1f, 0x1f, 0x82, 0x0f, 0x02, 0x1f, 0x1f, 0x7f, 0x8d, 0xff, 0x8e, 0x00,
    0x8d, 0xff, 0x02, 0x7f, 0x1f, 0x1f, 0x82, 0x0f, 0x02, 0x1f, 0x1f, 0x7f, 0x8d, 0xff, 0xa6, 0x00,
    0x8d, 0xff, 0x02, 0xfc, 0xf0, 0xf0, 0x82, 0xe0, 0x02, 0xf0, 0xf0, 0xfc, 0x8d, 0xff, 0x8e, 0x00,
    0x8d, 0xff, 0x02, 0xfc, 0xf0, 0xf0, 0x82, 0xe0, 0x02, 0xf0, 0xf0, 0xfc, 0x8d, 0xff, 0xa6, 0x00,
    0x01, 0x1f, 0x7f, 0xa1, 0xff, 0x01, 0xdf, 0xe0, 0x82, 0xf0, 0x86, 0xf8, 0x82, 0xf0, 0x01, 0xe0,
    0xdf, 0xa1, 0xff, 0x01, 0x7f, 0x1f, 0xa9, 0x00, 0x02, 0x01, 0x03, 0x03, 0x98, 0x07, 0x02, 0x03,
    0x03, 0x7f, 0x94, 0xff, 0x02, 0x7f, 0x03, 0x03, 0x98, 0x07, 0x02, 0x03, 0x03, 0x01, 0xcc, 0x00,
    0x02, 0x01, 0x03, 0x07, 0x82, 0x0f, 0x86, 0x1f, 0x82, 0x0f, 0x02, 0x07, 0x03, 0x01, 0xb5, 0x00,
};

static const uint8_t s_anim_yawn_f18[] = {
    0xff, 0x00, 0x97, 0x00, 0x01, 0x80, 0x80, 0x98, 0xc0, 0x01, 0x80, 0x80, 0x96, 0x00, 0x01, 0x80,
    0x80, 0x98, 0xc0, 0x01, 0x80, 0x80, 0xaa, 0x00, 0x02, 0xf0, 0xfc, 0xfe, 0x9e, 0xff, 0x02, 0xfe,
    0xfc, 0xf0, 0x8e, 0x00, 0x02, 0xf0, 0xfc, 0xfe, 0x9e, 0xff, 0x02, 0xfe, 0xfc, 0xf0, 0xa6, 0x00,
    0x8d, 0xff, 0x02, 0x7f, 0x1f, 0x1f, 0x82, 0x0f, 0x02, 0x1f, 0x1f, 0x7f, 0x8d, 0xff, 0x8e, 0x00,
    0x8d, 0xff, 0x02, 0x7f, 0x1f, 0x1f, 0x82, 0x0f, 0x02, 0x1f, 0x1f, 0x7f, 0x8d, 0xff, 0xa6, 0x00,
    0x8d, 0xff, 0x02, 0xfc, 0xf0, 0xf0, 0x82, 0xe0, 0x02, 0xf0, 0xf0, 0xfc, 0x8d, 0xff, 0x8e, 0x00,
    0x8d, 0xff, 0x02, 0xfc, 0xf0, 0xf0, 0x82, 0xe0, 0x02, 0xf0, 0xf0, 0xfc, 0x8d, 0xff, 0xa6, 0x00,
    0x01, 0x1f, 0x7f, 0xa1, 0xff, 0x01, 0xdf, 0xe0, 0x82, 0xf0, 0x86, 0xf8, 0x82, 0xf0, 0x01, 0xe0,
    0xdf, 0xa1, 0xff, 0x01, 0x7f, 0x1f, 0xa9, 0x00, 0x02, 0x01, 0x03, 0x03, 0x98, 0x07, 0x02, 0x03,
    0x03, 0x7f, 0x94, 0xff, 0x02, 0x7f, 0x03, 0x03, 0x98, 0x07, 0x02, 0x03, 0x03, 0x01, 0xcc, 0x00,
    0x02, 0x01, 0x03, 0x07, 0x82, 0x0f, 0x86, 0x1f, 0x82, 0x0f, 0x02, 0x07, 0x03, 0x01, 0xb5, 0x00,
};

static const uint8_t s_anim_yawn_f19[] = {
    0xff, 0x00, 0x97, 0x00, 0x01, 0x80, 0x80, 0x98, 0xc0, 0x01, 0x80, 0x80, 0x96, 0x00, 0x01, 0x80,
    0x80, 0x98, 0xc0, 0x01, 0x80, 0x80, 0xaa, 0x00, 0x02, 0xf0, 0xfc, 0xfe, 0x9e, 0xff, 0x02, 0xfe,
    0xfc, 0xf0, 0x8e, 0x00, 0x02, 0xf0, 0xfc, 0xfe, 0x9e, 0xff, 0x02, 0xfe, 0xfc, 0xf0, 0xa6, 0x00,
    0x8d, 0xff, 0x02, 0x7f, 0x1f, 0x1f, 0x82, 0x0f, 0x02, 0x1f, 0x1f, 0x7f, 0x8d, 0xff, 0x8e, 0x00,
    0x8d, 0xff, 0x02, 0x7f, 0x1f, 0x1f, 0x82, 0x0f, 0x02, 0x1f, 0x1f, 0x7f, 0x8d, 0xff, 0xa6, 0x00,
    0x8d, 0xff, 0x02, 0xfc, 0xf0, 0xf0, 0x82, 0xe0, 0x02, 0xf0, 0xf0, 0xfc, 0x8d, 0xff, 0x8e, 0x00,
    0x8d, 0xff, 0x02, 0xfc, 0xf0, 0xf0, 0x82, 0xe0, 0x02, 0xf0, 0xf0, 0xfc, 0x8d, 0xff, 0xa6, 0x00,
    0x01, 0x1f, 0x7f, 0xa1, 0xff, 0x01, 0xdf, 0xe0, 0x82, 0xf0, 0x86, 0xf8, 0x82, 0xf0, 0x01, 0xe0,
    0xdf, 0xa1, 0xff, 0x01, 0x7f, 0x1f, 0xa9, 0x00, 0x02, 0x01, 0x03, 0x03, 0x98, 0x07, 0x02, 0x03,
    0x03, 0x7f, 0x94, 0xff, 0x02, 0x7f, 0x03, 0x03, 0x98, 0x07, 0x02, 0x03, 0x03, 0x01, 0xcc, 0x00,
    0x02, 0x01, 0x03, 0x07, 0x82, 0x0f, 0x86, 0x1f, 0x82, 0x0f, 0x02, 0x07, 0x03, 0x01, 0xb5, 0x00,
};

static const uint8_t s_anim_yawn_f20[] = {
    0xff, 0x00, 0x99, 0x00, 0x98, 0x80, 0x9a, 0x00, 0x98, 0x80, 0xac, 0x00, 0x03, 0xe0, 0xf8, 0xfc,
    0xfe, 0x9c, 0xff, 0x03, 0xfe, 0xfc, 0xf8, 0xe0, 0x8e, 0x00, 0x03, 0xe0, 0xf8, 0xfc, 0xfe, 0x9c,
    0xff, 0x03, 0xfe, 0xfc, 0xf8, 0xe0, 0xa6, 0x00, 0x8d, 0xff, 0x02, 0x7f, 0x1f, 0x1f, 0x82, 0x0f,
    0x02, 0x1f, 0x1f, 0x7f, 0x8d, 0xff, 0x8e, 0x00, 0x8d, 0xff, 0x02, 0x7f, 0x1f, 0x1f, 0x82, 0x0f,
    0x02, 0x1f, 0x1f, 0x7f, 0x8d, 0xff, 0xa6, 0x00, 0x8d, 0xff, 0x02, 0xfc, 0xf0, 0xf0, 0x82, 0xe0,
    0x02, 0xf0, 0xf0, 0xfc, 0x8d, 0xff, 0x8e, 0x00, 0x8d, 0xff, 0x02, 0xfc, 0xf0, 0xf0, 0x82, 0xe0,
    0x02, 0xf0, 0xf0, 0xfc, 0x8d, 0xff, 0xa6, 0x00, 0x02, 0x0f, 0x3f, 0x7f, 0x9e, 0xff, 0x03, 0x7f,
    0xbf, 0xcf, 0xe0, 0x82, 0xf0, 0x86, 0xf8, 0x82, 0xf0, 0x03, 0xe0, 0xcf, 0xbf, 0x7f, 0x9e, 0xff,
    0x02, 0x7f, 0x3f, 0x0f, 0xaa, 0x00, 0x01, 0x01, 0x01, 0x98, 0x03, 0x02, 0x01, 0x01, 0x7e, 0x94,
    0xff, 0x02, 0x7e, 0x01, 0x01, 0x98, 0x03, 0x01, 0x01, 0x01, 0xcd, 0x00, 0x02, 0x01, 0x03, 0x07,
    0x82, 0x0f, 0x86, 0x1f, 0x82, 0x0f, 0x02, 0x07, 0x03, 0x01, 0xb5, 0x00,
};

static const uint8_t s_anim_yawn_f21[] = {
    0xff, 0x00, 0xff, 0x00, 0x93, 0x00, 0x05, 0xc0, 0xf0, 0xf8, 0xfc, 0xfe, 0xfe, 0x98, 0xff, 0x05,
    0xfe, 0xfe, 0xfc, 0xf8, 0xf0, 0xc0, 0x8e, 0x00, 0x05, 0xc0, 0xf0, 0xf8, 0xfc, 0xfe, 0xfe, 0x98,
    0xff, 0x05, 0xfe, 0xfe, 0xfc, 0xf8, 0xf0, 0xc0, 0xa6, 0x00, 0x8d, 0xff, 0x02, 0x7f, 0x1f, 0x1f,
    0x82, 0x0f, 0x02, 0x1f, 0x1f, 0x7f, 0x8d, 0xff, 0x8e, 0x00, 0x8d, 0xff, 0x02, 0x7f, 0x1f, 0x1f,
    0x82, 0x0f, 0x02, 0x1f, 0x1f, 0x7f, 0x8d, 0xff, 0xa6, 0x00, 0x8d, 0xff, 0x02, 0xfc, 0xf0, 0xf0,
    0x82, 0xe0, 0x02, 0xf0, 0xf0, 0xfc, 0x8d, 0xff, 0x8e, 0x00, 0x8d, 0xff, 0x02, 0xfc, 0xf0, 0xf0,
    0x82, 0xe0, 0x02, 0xf0, 0xf0, 0xfc, 0x8d, 0xff, 0xa6, 0x00, 0x03, 0x07, 0x1f, 0x3f, 0x7f, 0x9c,
    0xff, 0x04, 0x7f, 0x3f, 0x9f, 0xc7, 0xe0, 0x82, 0xf0, 0x86, 0xf8, 0x82, 0xf0, 0x04, 0xe0, 0xc7,
    0x9f, 0x3f, 0x7f, 0x9c, 0xff, 0x03, 0x7f, 0x3f, 0x1f, 0x07, 0xac, 0x00, 0x98, 0x01, 0x02, 0x00,
    0x00, 0x7e, 0x94, 0xff, 0x02, 0x7e, 0x00, 0x00, 0x98, 0x01, 0xcf, 0x00, 0x02, 0x01, 0x03, 0x07,
    0x82, 0x0f, 0x86, 0x1f, 0x82, 0x0f, 0x02, 0x07, 0x03, 0x01, 0xb5, 0x00,
};

static const uint8_t s_anim_yawn_f22[] = {
    0xff, 0x00, 0xff, 0x00, 0x94, 0x00, 0x04, 0xc0, 0xe0, 0xf0, 0xf8, 0xf8, 0x98, 0xfc, 0x04, 0xf8,
    0xf8, 0xf0, 0xe0, 0xc0, 0x90, 0x00, 0x04, 0xc0, 0xe0, 0xf0, 0xf8, 0xf8, 0x98, 0xfc, 0x04, 0xf8,
    0xf8, 0xf0, 0xe0, 0xc0, 0xa7, 0x00, 0x8d, 0xff, 0x02, 0x7f, 0x1f, 0x1f, 0x82, 0x0f, 0x02, 0x1f,
    0x1f, 0x7f, 0x8d, 0xff, 0x8e, 0x00, 0x8d, 0xff, 0x02, 0x7f, 0x1f, 0x1f, 0x82, 0x0f, 0x02, 0x1f,
    0x1f, 0x7f, 0x8d, 0xff, 0xa6, 0x00, 0x8d, 0xff, 0x02, 0xfc, 0xf0, 0xf0, 0x82, 0xe0, 0x02, 0xf0,
    0xf0, 0xfc, 0x8d, 0xff, 0x8e, 0x00, 0x8d, 0xff, 0x02, 0xfc, 0xf0, 0xf0, 0x82, 0xe0, 0x02, 0xf0,
    0xf0, 0xfc, 0x8d, 0xff, 0xa6, 0x00, 0x05, 0x01, 0x07, 0x0f, 0x1f, 0x3f, 0x3f, 0x98, 0x7f, 0x06,
    0x3f, 0x3f, 0x1f, 0x0f, 0x87, 0xc1, 0xe0, 0x82, 0xf0, 0x86, 0xf8, 0x82, 0xf0, 0x06, 0xe0, 0xc1,
    0x87, 0x0f, 0x1f, 0x3f, 0x3f, 0x98, 0x7f, 0x05, 0x3f, 0x3f, 0x1f, 0x0f, 0x07, 0x01, 0xc7, 0x00,
    0x00, 0x7e, 0x94, 0xff, 0x00, 0x7e, 0xea, 0x00, 0x02, 0x01, 0x03, 0x07, 0x82, 0x0f, 0x86, 0x1f,
    0x82, 0x0f, 0x02, 0x07, 0x03, 0x01, 0xb5, 0x00,
};

static const uint8_t s_anim_yawn_f23[] = {
    0xff, 0x00, 0xff, 0x00, 0x94, 0x00, 0x04, 0x80, 0xc0, 0xe0, 0xf0, 0xf0, 0x98, 0xf8, 0x04, 0xf0,
    0xf0, 0xe0, 0xc0, 0x80, 0x90, 0x00, 0x04, 0x80, 0xc0, 0xe0, 0xf0, 0xf0, 0x98, 0xf8, 0x04, 0xf0,
    0xf0, 0xe0, 0xc0, 0x80, 0xa7, 0x00, 0x00, 0xfe, 0x8c, 0xff, 0x02, 0x7f, 0x1f, 0x1f, 0x82, 0x0f,
    0x02, 0x1f, 0x1f, 0x7f, 0x8c, 0xff, 0x00, 0xfe, 0x8e, 0x00, 0x00, 0xfe, 0x8c, 0xff, 0x02, 0x7f,
    0x1f, 0x1f, 0x82, 0x0f, 0x02, 0x1f, 0x1f, 0x7f, 0x8c, 0xff, 0x00, 0xfe, 0xa6, 0x00, 0x8d, 0xff,
    0x02, 0xfc, 0xf0, 0xf0, 0x82, 0xe0, 0x02, 0xf0, 0xf0, 0xfc, 0x8d, 0xff, 0x8e, 0x00, 0x8d, 0xff,
    0x02, 0xfc, 0xf0, 0xf0, 0x82, 0xe0, 0x02, 0xf0, 0xf0, 0xfc, 0x8d, 0xff, 0xa7, 0x00, 0x04, 0x03,
    0x07, 0x0f, 0x1f, 0x1f, 0x98, 0x3f, 0x06, 0x1f, 0x1f, 0x0f, 0x07, 0x83, 0xc0, 0xe0, 0x82, 0xf0,
    0x86, 0xf8, 0x82, 0xf0, 0x06, 0xe0, 0xc0, 0x83, 0x07, 0x0f, 0x1f, 0x1f, 0x98, 0x3f, 0x04, 0x1f,
    0x1f, 0x0f, 0x07, 0x03, 0xc8, 0x00, 0x00, 0x7e, 0x94, 0xff, 0x00, 0x7e, 0xea, 0x00, 0x02, 0x01,
    0x03, 0x07, 0x82, 0x0f, 0x86, 0x1f, 0x82, 0x0f, 0x02, 0x07, 0x03, 0x01, 0xb5, 0x00,
};

static const uint8_t s_anim_yawn_f24[] = {
    0xff, 0x00, 0xff, 0x00, 0x95, 0x00, 0x03, 0x80, 0xc0, 0xe0, 0xe0, 0x98, 0xf0, 0x03, 0xe0, 0xe0,
    0xc0, 0x80, 0x92, 0x00, 0x03, 0x80, 0xc0, 0xe0, 0xe0, 0x98, 0xf0, 0x03, 0xe0, 0xe0, 0xc0, 0x80,
    0xa8, 0x00, 0x00, 0xfc, 0x8c, 0xff, 0x02, 0x7f, 0x1f, 0x1f, 0x82, 0x0f, 0x02, 0x1f, 0x1f, 0x7f,
    0x8c, 0xff, 0x00, 0xfc, 0x8e, 0x00, 0x00, 0xfc, 0x8c, 0xff, 0x02, 0x7f, 0x1f, 0x1f, 0x82, 0x0f,
    0x02, 0x1f, 0x1f, 0x7f, 0x8c, 0xff, 0x00, 0xfc, 0xa6, 0x00, 0x00, 0x7f, 0x8c, 0xff, 0x02, 0xfc,
    0xf0, 0xf0, 0x82, 0xe0, 0x02, 0xf0, 0xf0, 0xfc, 0x8c, 0xff, 0x00, 0x7f, 0x8e, 0x00, 0x00, 0x7f,
    0x8c, 0xff, 0x02, 0xfc, 0xf0, 0xf0, 0x82, 0xe0, 0x02, 0xf0, 0xf0, 0xfc, 0x8c, 0xff, 0x00, 0x7f,
    0xa7, 0x00, 0x04, 0x01, 0x03, 0x07, 0x0f, 0x0f, 0x98, 0x1f, 0x06, 0x0f, 0x0f, 0x07, 0x03, 0x81,
    0xc0, 0xe0, 0x82, 0xf0, 0x86, 0xf8, 0x82, 0xf0, 0x06, 0xe0, 0xc0, 0x81, 0x03, 0x07, 0x0f, 0x0f,
    0x98, 0x1f, 0x04, 0x0f, 0x0f, 0x07, 0x03, 0x01, 0xc8, 0x00, 0x00, 0x7e, 0x94, 0xff, 0x00, 0x7e,
    0xea, 0x00, 0x02, 0x01, 0x03, 0x07, 0x82, 0x0f, 0x86, 0x1f, 0x82, 0x0f, 0x02, 0x07, 0x03, 0x01,
    0xb5, 0x00,
};

static const uint8_t s_anim_yawn_f25[] = {
    0xff, 0x00, 0xff, 0x00, 0x95, 0x00, 0x03, 0x80, 0xc0, 0xe0, 0xe0, 0x98, 0xf0, 0x03, 0xe0, 0xe0,
    0xc0, 0x80, 0x92, 0x00, 0x03, 0x80, 0xc0, 0xe0, 0xe0, 0x98, 0xf0, 0x03, 0xe0, 0xe0, 0xc0, 0x80,
    0xa8, 0x00, 0x00, 0xfc, 0x8c, 0xff, 0x02, 0x7f, 0x1f, 0x1f, 0x82, 0x0f, 0x02, 0x1f, 0x1f, 0x7f,
    0x8c, 0xff, 0x00, 0xfc, 0x8e, 0x00, 0x00, 0xfc, 0x8c, 0xff, 0x02, 0x7f, 0x1f, 0x1f, 0x82, 0x0f,
    0x02, 0x1f, 0x1f, 0x7f, 0x8c, 0xff, 0x00, 0xfc, 0xa6, 0x00, 0x00, 0x7f, 0x8c, 0xff, 0x02, 0xfc,
    0xf0, 0xf0, 0x82, 0xe0, 0x02, 0xf0, 0xf0, 0xfc, 0x8c, 0xff, 0x00, 0x7f, 0x8e, 0x00, 0x00, 0x7f,
    0x8c, 0xff, 0x02, 0xfc, 0xf0, 0xf0, 0x82, 0xe0, 0x02, 0xf0, 0xf0, 0xfc, 0x8c, 0xff, 0x00, 0x7f,
    0xa7, 0x00, 0x04, 0x01, 0x03, 0x07, 0x0f, 0x0f, 0x98, 0x1f, 0x06, 0x0f, 0x0f, 0x07, 0x03, 0x81,
    0xc0, 0xe0, 0x82, 0xf0, 0x86, 0xf8, 0x82, 0xf0, 0x06, 0xe0, 0xc0, 0x81, 0x03, 0x07, 0x0f, 0x0f,
    0x98, 0x1f, 0x04, 0x0f, 0x0f, 0x07, 0x03, 0x01, 0xc8, 0x00, 0x00, 0x7e, 0x94, 0xff, 0x00, 0x7e,
    0xea, 0x00, 0x02, 0x01, 0x03, 0x07, 0x82, 0x0f, 0x86, 0x1f, 0x82, 0x0f, 0x02, 0x07, 0x03, 0x01,
    0xb5, 0x00,
};

static const uint8_t s_anim_yawn_f26[] = {
    0xff, 0x00, 0x97, 0x00, 0x01, 0x80, 0x80, 0x98, 0xc0, 0x01, 0x80, 0x80, 0x96, 0x00, 0x01, 0x80,
    0x80, 0x98, 0xc0, 0x01, 0x80, 0x80, 0xaa, 0x00, 0x02, 0xf0, 0xfc, 0xfe, 0x9e, 0xff, 0x02, 0xfe,
    0xfc, 0xf0, 0x8e, 0x00, 0x02, 0xf0, 0xfc, 0xfe, 0x9e, 0xff, 0x02, 0xfe, 0xfc, 0xf0, 0xa6, 0x00,
    0x8d, 0xff, 0x02, 0x7f, 0x1f, 0x1f, 0x82, 0x0f, 0x02, 0x1f, 0x1f, 0x7f, 0x8d, 0xff, 0x8e, 0x00,
    0x8d, 0xff, 0x02, 0x7f, 0x1f, 0x1f, 0x82, 0x0f, 0x02, 0x1f, 0x1f, 0x7f, 0x8d, 0xff, 0xa6, 0x00,
    0x8d, 0xff, 0x02, 0xfc, 0xf0, 0xf0, 0x82, 0xe0, 0x02, 0xf0, 0xf0, 0xfc, 0x8d, 0xff, 0x8e, 0x00,
    0x8d, 0xff, 0x02, 0xfc, 0xf0, 0xf0, 0x82, 0xe0, 0x02, 0xf0, 0xf0, 0xfc, 0x8d, 0xff, 0xa6, 0x00,
    0x01, 0x1f, 0x7f, 0xa0, 0xff, 0x05, 0x7f, 0x9f, 0xc0, 0xc0, 0xe0, 0xe0, 0x86, 0xf0, 0x05, 0xe0,
    0xe0, 0xc0, 0xc0, 0x9f, 0x7f, 0xa0, 0xff, 0x01, 0x7f, 0x1f, 0xa9, 0x00, 0x02, 0x01, 0x03, 0x03,
    0x98, 0x07, 0x03, 0x03, 0x03, 0x01, 0x7c, 0x92, 0xff, 0x03, 0x7c, 0x01, 0x03, 0x03, 0x98, 0x07,
    0x02, 0x03, 0x03, 0x01, 0xcc, 0x00, 0x05, 0x01, 0x03, 0x07, 0x07, 0x0f, 0x0f, 0x86, 0x1f, 0x05,
    0x0f, 0x0f, 0x07, 0x07, 0x03, 0x01, 0xb5, 0x00,
};

static const uint8_t s_anim_yawn_f27[] = {
    0xff, 0x00, 0x99, 0x00, 0x98, 0x80, 0x9a, 0x00, 0x98, 0x80, 0xac, 0x00, 0x03, 0xe0, 0xf8, 0xfc,
    0xfe, 0x9c, 0xff, 0x03, 0xfe, 0xfc, 0xf8, 0xe0, 0x8e, 0x00, 0x03, 0xe0, 0xf8, 0xfc, 0xfe, 0x9c,
    0xff, 0x03, 0xfe, 0xfc, 0xf8, 0xe0, 0xa6, 0x00, 0x8d, 0xff, 0x02, 0x7f, 0x1f, 0x1f, 0x82, 0x0f,
    0x02, 0x1f, 0x1f, 0x7f, 0x8d, 0xff, 0x8e, 0x00, 0x8d, 0xff, 0x02, 0x7f, 0x1f, 0x1f, 0x82, 0x0f,
    0x02, 0x1f, 0x1f, 0x7f, 0x8d, 0xff, 0xa6, 0x00, 0x8d, 0xff, 0x02, 0xfc, 0xf0, 0xf0, 0x82, 0xe0,
    0x02, 0xf0, 0xf0, 0xfc, 0x8d, 0xff, 0x8e, 0x00, 0x8d, 0xff, 0x02, 0xfc, 0xf0, 0xf0, 0x82, 0xe0,
    0x02, 0xf0, 0xf0, 0xfc, 0x8d, 0xff, 0xa6, 0x00, 0x02, 0x0f, 0x3f, 0x7f, 0x9e, 0xff, 0x06, 0x7f,
    0x3f, 0x8f, 0xc0, 0xc0, 0xe0, 0xe0, 0x86, 0xf0, 0x06, 0xe0, 0xe0, 0xc0, 0xc0, 0x8f, 0x3f, 0x7f,
    0x9e, 0xff, 0x02, 0x7f, 0x3f, 0x0f, 0xaa, 0x00, 0x01, 0x01, 0x01, 0x98, 0x03, 0x03, 0x01, 0x01,
    0x00, 0x7c, 0x92, 0xff, 0x03, 0x7c, 0x00, 0x01, 0x01, 0x98, 0x03, 0x01, 0x01, 0x01, 0xcd, 0x00,
    0x05, 0x01, 0x03, 0x07, 0x07, 0x0f, 0x0f, 0x86, 0x1f, 0x05, 0x0f, 0x0f, 0x07, 0x07, 0x03, 0x01,
    0xb5, 0x00,
};

static const uint8_t s_anim_yawn_f28[] = {
    0xff, 0x00, 0xff, 0x00, 0x93, 0x00, 0x05, 0xc0, 0xf0, 0xf8, 0xfc, 0xfe, 0xfe, 0x98, 0xff, 0x05,
    0xfe, 0xfe, 0xfc, 0xf8, 0xf0, 0xc0, 0x8e, 0x00, 0x05, 0xc0, 0xf0, 0xf8, 0xfc, 0xfe, 0xfe, 0x98,
    0xff, 0x05, 0xfe, 0xfe, 0xfc, 0xf8, 0xf0, 0xc0, 0xa6, 0x00, 0x8d, 0xff, 0x02, 0x7f, 0x1f, 0x1f,
    0x82, 0x0f, 0x02, 0x1f, 0x1f, 0x7f, 0x8d, 0xff, 0x8e, 0x00, 0x8d, 0xff, 0x02, 0x7f, 0x1f, 0x1f,
    0x82, 0x0f, 0x02, 0x1f, 0x1f, 0x7f, 0x8d, 0xff, 0xa6, 0x00, 0x8d, 0xff, 0x02, 0xfc, 0xf0, 0xf0,
    0x82, 0xe0, 0x02, 0xf0, 0xf0, 0xfc, 0x8d, 0xff, 0x8e, 0x00, 0x8d, 0xff, 0x02, 0xfc, 0xf0, 0xf0,
    0x82, 0xe0, 0x02, 0xf0, 0xf0, 0xfc, 0x8d, 0xff, 0xa6, 0x00, 0x03, 0x07, 0x1f, 0x3f, 0x7f, 0x9c,
    0xff, 0x07, 0x7f, 0x3f, 0x1f, 0x07, 0x00, 0x80, 0xc0, 0xc0, 0x86, 0xe0, 0x07, 0xc0, 0xc0, 0x80,
    0x00, 0x07, 0x1f, 0x3f, 0x7f, 0x9c, 0xff, 0x03, 0x7f, 0x3f, 0x1f, 0x07, 0xac, 0x00, 0x98, 0x01,
    0x83, 0x00, 0x01, 0x7c, 0xfe, 0x8e, 0xff, 0x01, 0xfe, 0x7c, 0x83, 0x00, 0x98, 0x01, 0xd1, 0x00,
    0x03, 0x01, 0x03, 0x07, 0x07, 0x86, 0x0f, 0x03, 0x07, 0x07, 0x03, 0x01, 0xb7, 0x00,
};

static const uint8_t s_anim_yawn_f29[] = {
    0xff, 0x00, 0xff, 0x00, 0x93, 0x00, 0x05, 0xc0, 0xf0, 0xf8, 0xfc, 0xfe, 0xfe, 0x98, 0xff, 0x05,
    0xfe, 0xfe, 0xfc, 0xf8, 0xf0, 0xc0, 0x8e, 0x00, 0x05, 0xc0, 0xf0, 0xf8, 0xfc, 0xfe, 0xfe, 0x98,
    0xff, 0x05, 0xfe, 0xfe, 0xfc, 0xf8, 0xf0, 0xc0, 0xa6, 0x00, 0x8d, 0xff, 0x02, 0x7f, 0x1f, 0x1f,
    0x82, 0x0f, 0x02, 0x1f, 0x1f, 0x7f, 0x8d, 0xff, 0x8e, 0x00, 0x8d, 0xff, 0x02, 0x7f, 0x1f, 0x1f,
    0x82, 0x0f, 0x02, 0x1f, 0x1f, 0x7f, 0x8d, 0xff, 0xa6, 0x00, 0x8d, 0xff, 0x02, 0xfc, 0xf0, 0xf0,
    0x82, 0xe0, 0x02, 0xf0, 0xf0, 0xfc, 0x8d, 0xff, 0x8e, 0x00, 0x8d, 0xff, 0x02, 0xfc, 0xf0, 0xf0,
    0x82, 0xe0, 0x02, 0xf0, 0xf0, 0xfc, 0x8d, 0xff, 0xa6, 0x00, 0x03, 0x07, 0x1f, 0x3f, 0x7f, 0x9c,
    0xff, 0x07, 0x7f, 0x3f, 0x1f, 0x07, 0x00, 0x00, 0x80, 0x80, 0x86, 0xc0, 0x07, 0x80, 0x80, 0x00,
    0x00, 0x07, 0x1f, 0x3f, 0x7f, 0x9c, 0xff, 0x03, 0x7f, 0x3f, 0x1f, 0x07, 0xac, 0x00, 0x98, 0x01,
    0x84, 0x00, 0x01, 0x78, 0xfe, 0x8c, 0xff, 0x01, 0xfe, 0x78, 0x84, 0x00, 0x98, 0x01, 0xd1, 0x00,
    0x03, 0x01, 0x03, 0x07, 0x07, 0x86, 0x0f, 0x03, 0x07, 0x07, 0x03, 0x01, 0xb7, 0x00,
};

static const uint8_t s_anim_yawn_f30[] = {
    0xff, 0x00, 0xff, 0x00, 0x93, 0x00, 0x05, 0x80, 0xe0, 0xf0, 0xf8, 0xfc, 0xfc, 0x98, 0xfe, 0x05,
    0xfc, 0xfc, 0xf8, 0xf0, 0xe0, 0x80, 0x8e, 0x00, 0x05, 0x80, 0xe0, 0xf0, 0xf8, 0xfc, 0xfc, 0x98,
    0xfe, 0x05, 0xfc, 0xfc, 0xf8, 0xf0, 0xe0, 0x80, 0xa6, 0x00, 0x8d, 0xff, 0x02, 0x7f, 0x1f, 0x1f,
    0x82, 0x0f, 0x02, 0x1f, 0x1f, 0x7f, 0x8d, 0xff, 0x8e, 0x00, 0x8d, 0xff, 0x02, 0x7f, 0x1f, 0x1f,
    0x82, 0x0f, 0x02, 0x1f, 0x1f, 0x7f, 0x8d, 0xff, 0xa6, 0x00, 0x8d, 0xff, 0x02, 0xfc, 0xf0, 0xf0,
    0x82, 0xe0, 0x02, 0xf0, 0xf0, 0xfc, 0x8d, 0xff, 0x8e, 0x00, 0x8d, 0xff, 0x02, 0xfc, 0xf0, 0xf0,
    0x82, 0xe0, 0x02, 0xf0, 0xf0, 0xfc, 0x8d, 0xff, 0xa6, 0x00, 0x05, 0x03, 0x0f, 0x1f, 0x3f, 0x7f,
    0x7f, 0x98, 0xff, 0x05, 0x7f, 0x7f, 0x3f, 0x1f, 0x0f, 0x03, 0x84, 0x00, 0x84, 0x80, 0x84, 0x00,
    0x05, 0x03, 0x0f, 0x1f, 0x3f, 0x7f, 0x7f, 0x98, 0xff, 0x05, 0x7f, 0x7f, 0x3f, 0x1f, 0x0f, 0x03,
    0xcb, 0x00, 0x02, 0x78, 0xfc, 0xfe, 0x88, 0xff, 0x02, 0xfe, 0xfc, 0x78, 0xf2, 0x00, 0x02, 0x01,
    0x03, 0x03, 0x84, 0x07, 0x02, 0x03, 0x03, 0x01, 0xb9, 0x00,
};

static const uint8_t s_anim_yawn_f31[] = {
    0xff, 0x00, 0xff, 0x00, 0x93, 0x00, 0x05, 0x80, 0xe0, 0xf0, 0xf8, 0xfc, 0xfc, 0x98, 0xfe, 0x05,
    0xfc, 0xfc, 0xf8, 0xf0, 0xe0, 0x80, 0x8e, 0x00, 0x05, 0x80, 0xe0, 0xf0, 0xf8, 0xfc, 0xfc, 0x98,
    0xfe, 0x05, 0xfc, 0xfc, 0xf8, 0xf0, 0xe0, 0x80, 0xa6, 0x00, 0x8d, 0xff, 0x02, 0x7f, 0x1f, 0x1f,
    0x82, 0x0f, 0x02, 0x1f, 0x1f, 0x7f, 0x8d, 0xff, 0x8e, 0x00, 0x8d, 0xff, 0x02, 0x7f, 0x1f, 0x1f,
    0x82, 0x0f, 0x02, 0x1f, 0x1f, 0x7f, 0x8d, 0xff, 0xa6, 0x00, 0x8d, 0xff, 0x02, 0xfc, 0xf0, 0xf0,
    0x82, 0xe0, 0x02, 0xf0, 0xf0, 0xfc, 0x8d, 0xff, 0x8e, 0x00, 0x8d, 0xff, 0x02, 0xfc, 0xf0, 0xf0,
    0x82, 0xe0, 0x02, 0xf0, 0xf0, 0xfc, 0x8d, 0xff, 0xa6, 0x00, 0x05, 0x03, 0x0f, 0x1f, 0x3f, 0x7f,
    0x7f, 0x98, 0xff, 0x05, 0x7f, 0x7f, 0x3f, 0x1f, 0x0f, 0x03, 0x84, 0x00, 0x84, 0x80, 0x84, 0x00,
    0x05, 0x03, 0x0f, 0x1f, 0x3f, 0x7f, 0x7f, 0x98, 0xff, 0x05, 0x7f, 0x7f, 0x3f, 0x1f, 0x0f, 0x03,
    0xcb, 0x00, 0x02, 0x78, 0xfc, 0xfe, 0x88, 0xff, 0x02, 0xfe, 0xfc, 0x78, 0xf2, 0x00, 0x02, 0x01,
    0x03, 0x03, 0x84, 0x07, 0x02, 0x03, 0x03, 0x01, 0xb9, 0x00,
};

static const uint8_t s_anim_yawn_f32[] = {
    0xff, 0x00, 0xff, 0x00, 0x94, 0x00, 0x04, 0xc0, 0xe0, 0xf0, 0xf8, 0xf8, 0x98, 0xfc, 0x04, 0xf8,
    0xf8, 0xf0, 0xe0, 0xc0, 0x90, 0x00, 0x04, 0xc0, 0xe0, 0xf0, 0xf8, 0xf8, 0x98, 0xfc, 0x04, 0xf8,
    0xf8, 0xf0, 0xe0, 0xc0, 0xa7, 0x00, 0x8d, 0xff, 0x02, 0x7f, 0x1f, 0x1f, 0x82, 0x0f, 0x02, 0x1f,
    0x1f, 0x7f, 0x8d, 0xff, 0x8e, 0x00, 0x8d, 0xff, 0x02, 0x7f, 0x1f, 0x1f, 0x82, 0x0f, 0x02, 0x1f,
    0x1f, 0x7f, 0x8d, 0xff, 0xa6, 0x00, 0x8d, 0xff, 0x02, 0xfc, 0xf0, 0xf0, 0x82, 0xe0, 0x02, 0xf0,
    0xf0, 0xfc, 0x8d, 0xff, 0x8e, 0x00, 0x8d, 0xff, 0x02, 0xfc, 0xf0, 0xf0, 0x82, 0xe0, 0x02, 0xf0,
    0xf0, 0xfc, 0x8d, 0xff, 0xa6, 0x00, 0x05, 0x01, 0x07, 0x0f, 0x1f, 0x3f, 0x3f, 0x98, 0x7f, 0x05,
    0x3f, 0x3f, 0x1f, 0x0f, 0x07, 0x01, 0x8e, 0x00, 0x05, 0x01, 0x07, 0x0f, 0x1f, 0x3f, 0x3f, 0x98,
    0x7f, 0x05, 0x3f, 0x3f, 0x1f, 0x0f, 0x07, 0x01, 0xcc, 0x00, 0x03, 0x70, 0xfc, 0xfe, 0xfe, 0x84,
    0xff, 0x03, 0xfe, 0xfe, 0xfc, 0x70, 0xf3, 0x00, 0x02, 0x01, 0x03, 0x03, 0x84, 0x07, 0x02, 0x03,
    0x03, 0x01, 0xb9, 0x00,
};

static const uint8_t s_anim_yawn_f33[] = {
    0xff, 0x00, 0xff, 0x00, 0x94, 0x00, 0x04, 0xc0, 0xe0, 0xf0, 0xf8, 0xf8, 0x98, 0xfc, 0x04, 0xf8,
    0xf8, 0xf0, 0xe0, 0xc0, 0x90, 0x00, 0x04, 0xc0, 0xe0, 0xf0, 0xf8, 0xf8, 0x98, 0xfc, 0x04, 0xf8,
    0xf8, 0xf0, 0xe0, 0xc0, 0xa7, 0x00, 0x8d, 0xff, 0x02, 0x7f, 0x1f, 0x1f, 0x82, 0x0f, 0x02, 0x1f,
    0x1f, 0x7f, 0x8d, 0xff, 0x8e, 0x00, 0x8d, 0xff, 0x02, 0x7f, 0x1f, 0x1f, 0x82, 0x0f, 0x02, 0x1f,
    0x1f, 0x7f, 0x8d, 0xff, 0xa6, 0x00, 0x8d, 0xff, 0x02, 0xfc, 0xf0, 0xf0, 0x82, 0xe0, 0x02, 0xf0,
    0xf0, 0xfc, 0x8d, 0xff, 0x8e, 0x00, 0x8d, 0xff, 0x02, 0xfc, 0xf0, 0xf0, 0x82, 0xe0, 0x02, 0xf0,
    0xf0, 0xfc, 0x8d, 0xff, 0xa6, 0x00, 0x05, 0x01, 0x07, 0x0f, 0x1f, 0x3f, 0x3f, 0x98, 0x7f, 0x05,
    0x3f, 0x3f, 0x1f, 0x0f, 0x07, 0x01, 0x8e, 0x00, 0x05, 0x01, 0x07, 0x0f, 0x1f, 0x3f, 0x3f, 0x98,
    0x7f, 0x05, 0x3f, 0x3f, 0x1f, 0x0f, 0x07, 0x01, 0xcd, 0x00, 0x02, 0x70, 0xf8, 0xfc, 0x84, 0xfe,
    0x02, 0xfc, 0xf8, 0x70, 0xf6, 0x00, 0x00, 0x01, 0x84, 0x03, 0x00, 0x01, 0xbb, 0x00,
};

static const uint8_t s_anim_yawn_f34[] = {
    0xff, 0x00, 0xff, 0x00, 0x94, 0x00, 0x04, 0x80, 0xc0, 0xe0, 0xf0, 0xf0, 0x98, 0xf8, 0x04, 0xf0,
    0xf0, 0xe0, 0xc0, 0x80, 0x90, 0x00, 0x04, 0x80, 0xc0, 0xe0, 0xf0, 0xf0, 0x98, 0xf8, 0x04, 0xf0,
    0xf0, 0xe0, 0xc0, 0x80, 0xa7, 0x00, 0x00, 0xfe, 0x8c, 0xff, 0x02, 0x7f, 0x1f, 0x1f, 0x82, 0x0f,
    0x02, 0x1f, 0x1f, 0x7f, 0x8c, 0xff, 0x00, 0xfe, 0x8e, 0x00, 0x00, 0xfe, 0x8c, 0xff, 0x02, 0x7f,
    0x1f, 0x1f, 0x82, 0x0f, 0x02, 0x1f, 0x1f, 0x7f, 0x8c, 0xff, 0x00, 0xfe, 0xa6, 0x00, 0x8d, 0xff,
    0x02, 0xfc, 0xf0, 0xf0, 0x82, 0xe0, 0x02, 0xf0, 0xf0, 0xfc, 0x8d, 0xff, 0x8e, 0x00, 0x8d, 0xff,
    0x02, 0xfc, 0xf0, 0xf0, 0x82, 0xe0, 0x02, 0xf0, 0xf0, 0xfc, 0x8d, 0xff, 0xa7, 0x00, 0x04, 0x03,
    0x07, 0x0f, 0x1f, 0x1f, 0x98, 0x3f, 0x04, 0x1f, 0x1f, 0x0f, 0x07, 0x03, 0x90, 0x00, 0x04, 0x03,
    0x07, 0x0f, 0x1f, 0x1f, 0x98, 0x3f, 0x04, 0x1f, 0x1f, 0x0f, 0x07, 0x03, 0xcf, 0x00, 0x02, 0xf0,
    0xf8, 0xf8, 0x82, 0xfc, 0x02, 0xf8, 0xf8, 0xf0, 0xf7, 0x00, 0x01, 0x01, 0x01, 0x82, 0x03, 0x01,
    0x01, 0x01, 0xbb, 0x00,
};

static const uint8_t s_anim_yawn_f35[] = {
    0xff, 0x00, 0xff, 0x00, 0x94, 0x00, 0x04, 0x80, 0xc0, 0xe0, 0xf0, 0xf0, 0x98, 0xf8, 0x04, 0xf0,
    0xf0, 0xe0, 0xc0, 0x80, 0x90, 0x00, 0x04, 0x80, 0xc0, 0xe0, 0xf0, 0xf0, 0x98, 0xf8, 0x04, 0xf0,
    0xf0, 0xe0, 0xc0, 0x80, 0xa7, 0x00, 0x00, 0xfe, 0x8c, 0xff, 0x02, 0x7f, 0x1f, 0x1f, 0x82, 0x0f,
    0x02, 0x1f, 0x1f, 0x7f, 0x8c, 0xff, 0x00, 0xfe, 0x8e, 0x00, 0x00, 0xfe, 0x8c, 0xff, 0x02, 0x7f,
    0x1f, 0x1f, 0x82, 0x0f, 0x02, 0x1f, 0x1f, 0x7f, 0x8c, 0xff, 0x00, 0xfe, 0xa6, 0x00, 0x8d, 0xff,
    0x02, 0xfc, 0xf0, 0xf0, 0x82, 0xe0, 0x02, 0xf0, 0xf0, 0xfc, 0x8d, 0xff, 0x8e, 0x00, 0x8d, 0xff,
    0x02, 0xfc, 0xf0, 0xf0, 0x82, 0xe0, 0x02, 0xf0, 0xf0, 0xfc, 0x8d, 0xff, 0xa7, 0x00, 0x04, 0x03,
    0x07, 0x0f, 0x1f, 0x1f, 0x98, 0x3f, 0x04, 0x1f, 0x1f, 0x0f, 0x07, 0x03, 0x90, 0x00, 0x04, 0x03,
    0x07, 0x0f, 0x1f, 0x1f, 0x98, 0x3f, 0x04, 0x1f, 0x1f, 0x0f, 0x07, 0x03, 0xcf, 0x00, 0x02, 0xf0,
    0xf8, 0xf8, 0x82, 0xfc, 0x02, 0xf8, 0xf8, 0xf0, 0xf7, 0x00, 0x01, 0x01, 0x01, 0x82, 0x03, 0x01,
    0x01, 0x01, 0xbb, 0x00,
};

static const uint8_t *const s_anim_yawn_frames[36] = {
    s_anim_yawn_f00,
    s_anim_yawn_f01,
    s_anim_yawn_f02,
    s_anim_yawn_f03,
    s_anim_yawn_f04,
    s_anim_yawn_f05,
    s_anim_yawn_f06,
    s_anim_yawn_f07,
    s_anim_yawn_f08,
    s_anim_yawn_f09,
    s_anim_yawn_f10,
    s_anim_yawn_f11,
    s_anim_yawn_f12,
    s_anim_yawn_f13,
    s_anim_yawn_f14,
    s_anim_yawn_f15,
    s_anim_yawn_f16,
    s_anim_yawn_f17,
    s_anim_yawn_f18,
    s_anim_yawn_f19,
    s_anim_yawn_f20,
    s_anim_yawn_f21,
    s_anim_yawn_f22,
    s_anim_yawn_f23,
    s_anim_yawn_f24,
    s_anim_yawn_f25,
    s_anim_yawn_f26,
    s_anim_yawn_f27,
    s_anim_yawn_f28,
    s_anim_yawn_f29,
    s_anim_yawn_f30,
    s_anim_yawn_f31,
    s_anim_yawn_f32,
    s_anim_yawn_f33,
    s_anim_yawn_f34,
    s_anim_yawn_f35,
};

static const uint16_t s_anim_yawn_sizes[36] = {
    174, 178, 178, 176, 174, 170, 170, 174,
    170, 178, 178, 178, 178, 174, 168, 172,
    172, 176, 176, 176, 172, 172, 168, 174,
    178, 178, 184, 178, 174, 174, 170, 170,
    164, 158, 164, 164,
};

static const uint8_t s_anim_confused_f00[] = {
    0xef, 0x00, 0x02, 0x80, 0xe0, 0x60, 0x82, 0x30, 0x02, 0x60, 0xe0, 0x80, 0xce, 0x00, 0x05, 0xc0,
    0xf0, 0xf8, 0xfc, 0xfe, 0xfe, 0x98, 0xff, 0x05, 0xfe, 0xfe, 0xfc, 0xf8, 0xf0, 0xc0, 0x82, 0x00,
    0x09, 0x01, 0x01, 0x00, 0x00, 0x10, 0x38, 0x1e, 0x0f, 0x03, 0x01, 0x9a, 0x00, 0x04, 0xc0, 0xe0,
    0xf0, 0xf8, 0xf8, 0x98, 0xfc, 0x04, 0xf8, 0xf8, 0xf0, 0xe0, 0xc0, 0x8f, 0x00, 0xa4, 0xff, 0x86,
    0x00, 0x00, 0x01, 0x9e, 0x00, 0x8c, 0xff, 0x02, 0x3f, 0x1f, 0x0f, 0x84, 0x07, 0x02, 0x0f, 0x1f,
    0x3f, 0x8c, 0xff, 0x8e, 0x00, 0x8c, 0xff, 0x02, 0x3f, 0x1f, 0x0f, 0x84, 0x07, 0x02, 0x0f, 0x1f,
    0x3f, 0x8c, 0xff, 0xa6, 0x00, 0x8c, 0xff, 0x02, 0xf8, 0xf0, 0xe0, 0x84, 0xc0, 0x02, 0xe0, 0xf0,
    0xf8, 0x8c, 0xff, 0x8e, 0x00, 0x8c, 0xff, 0x02, 0xf8, 0xf0, 0xe0, 0x84, 0xc0, 0x02, 0xe0, 0xf0,
    0xf8, 0x8c, 0xff, 0xa6, 0x00, 0x05, 0x01, 0x07, 0x0f, 0x1f, 0x3f, 0x3f, 0x98, 0x7f, 0x05, 0x3f,
    0x3f, 0x1f, 0x0f, 0x07, 0x01, 0x8e, 0x00, 0xa4, 0xff, 0xc6, 0x00, 0x93, 0xc0, 0x01, 0xc7, 0xdf,
    0x9e, 0xff, 0x03, 0x7f, 0x3f, 0x1f, 0x07, 0xe0, 0x00, 0x98, 0x01, 0x98, 0x00,
};

static const uint8_t s_anim_confused_f01[] = {
    0xef, 0x00, 0x02, 0x80, 0xe0, 0x60, 0x82, 0x30, 0x02, 0x60, 0xe0, 0x80, 0xce, 0x00, 0x05, 0xc0,
    0xf0, 0xf8, 0xfc, 0xfe, 0xfe, 0x98, 0xff, 0x05, 0xfe, 0xfe, 0xfc, 0xf8, 0xf0, 0xc0, 0x82, 0x00,
    0x09, 0x01, 0x01, 0x00, 0x00, 0x10, 0x38, 0x1e, 0x0f, 0x03, 0x01, 0x9a, 0x00, 0x04, 0xc0, 0xe0,
    0xf0, 0xf8, 0xf8, 0x98, 0xfc, 0x04, 0xf8, 0xf8, 0xf0, 0xe0, 0xc0, 0x8f, 0x00, 0xa4, 0xff, 0x86,
    0x00, 0x00, 0x01, 0x9e, 0x00, 0x8c, 0xff, 0x02, 0x3f, 0x1f, 0x0f, 0x84, 0x07, 0x02, 0x0f, 0x1f,
    0x3f, 0x8c, 0xff, 0x8e, 0x00, 0x8c, 0xff, 0x02, 0x3f, 0x1f, 0x0f, 0x84, 0x07, 0x02, 0x0f, 0x1f,
    0x3f, 0x8c, 0xff, 0xa6, 0x00, 0x8c, 0xff, 0x02, 0xf8, 0xf0, 0xe0, 0x84, 0xc0, 0x02, 0xe0, 0xf0,
    0xf8, 0x8c, 0xff, 0x8e, 0x00, 0x8c, 0xff, 0x02, 0xf8, 0xf0, 0xe0, 0x84, 0xc0, 0x02, 0xe0, 0xf0,
    0xf8, 0x8c, 0xff, 0xa6, 0x00, 0x05, 0x01, 0x07, 0x0f, 0x1f, 0x3f, 0x3f, 0x98, 0x7f, 0x05, 0x3f,
    0x3f, 0x1f, 0x0f, 0x07, 0x01, 0x8e, 0x00, 0xa4, 0xff, 0xc6, 0x00, 0x93, 0xc0, 0x01, 0xc7, 0xdf,
    0x9e, 0xff, 0x03, 0x7f, 0x3f, 0x1f, 0x07, 0xe0, 0x00, 0x98, 0x01, 0x98, 0x00,
};

static const uint8_t s_anim_confused_f02[] = {
    0xef, 0x00, 0x02, 0x80, 0xe0, 0x60, 0x82, 0x30, 0x02, 0x60, 0xe0, 0x80, 0xce, 0x00, 0x05, 0xc0,
    0xf0, 0xf8, 0xfc, 0xfe, 0xfe, 0x98, 0xff, 0x05, 0xfe, 0xfe, 0xfc, 0xf8, 0xf0, 0xc0, 0x82, 0x00,
    0x09, 0x01, 0x01, 0x00, 0x00, 0x10, 0x38, 0x1e, 0x0f, 0x03, 0x01, 0x9a, 0x00, 0x04, 0xc0, 0xe0,
    0xf0, 0xf8, 0xf8, 0x98, 0xfc, 0x04, 0xf8, 0xf8, 0xf0, 0xe0, 0xc0, 0x8f, 0x00, 0xa4, 0xff, 0x86,
    0x00, 0x00, 0x01, 0x9e, 0x00, 0x8c, 0xff, 0x02, 0x3f, 0x1f, 0x0f, 0x84, 0x07, 0x02, 0x0f, 0x1f,
    0x3f, 0x8c, 0xff, 0x8e, 0x00, 0x8c, 0xff, 0x02, 0x3f, 0x1f, 0x0f, 0x84, 0x07, 0x02, 0x0f, 0x1f,
    0x3f, 0x8c, 0xff, 0xa6, 0x00, 0x8c, 0xff, 0x02, 0xf8, 0xf0, 0xe0, 0x84, 0xc0, 0x02, 0xe0, 0xf0,
    0xf8, 0x8c, 0xff, 0x8e, 0x00, 0x8c, 0xff, 0x02, 0xf8, 0xf0, 0xe0, 0x84, 0xc0, 0x02, 0xe0, 0xf0,
    0xf8, 0x8c, 0xff, 0xa6, 0x00, 0x05, 0x01, 0x07, 0x0f, 0x1f, 0x3f, 0x3f, 0x98, 0x7f, 0x05, 0x3f,
    0x3f, 0x1f, 0x0f, 0x07, 0x01, 0x8e, 0x00, 0xa4, 0xff, 0xc6, 0x00, 0x93, 0xc0, 0x01, 0xc7, 0xdf,
    0x9e, 0xff, 0x03, 0x7f, 0x3f, 0x1f, 0x07, 0xe0, 0x00, 0x98, 0x01, 0x98, 0x00,
};

static const uint8_t s_anim_confused_f03[] = {
    0xef, 0x00, 0x02, 0x80, 0xe0, 0x60, 0x82, 0x30, 0x02, 0x60, 0xe0, 0x80, 0xce, 0x00, 0x05, 0xc0,
    0xf0, 0xf8, 0xfc, 0xfe, 0xfe, 0x98, 0xff, 0x05, 0xfe, 0xfe, 0xfc, 0xf8, 0xf0, 0xc0, 0x82, 0x00,
    0x09, 0x01, 0x01, 0x00, 0x00, 0x10, 0x38, 0x1e, 0x0f, 0x03, 0x01, 0x9a, 0x00, 0x04, 0xc0, 0xe0,
    0xf0, 0xf8, 0xf8, 0x98, 0xfc, 0x04, 0xf8, 0xf8, 0xf0, 0xe0, 0xc0, 0x8f, 0x00, 0xa4, 0xff, 0x86,
    0x00, 0x00, 0x01, 0x9e, 0x00, 0x8c, 0xff, 0x02, 0x3f, 0x1f, 0x0f, 0x84, 0x07, 0x02, 0x0f, 0x1f,
    0x3f, 0x8c, 0xff, 0x8e, 0x00, 0x8c, 0xff, 0x02, 0x3f, 0x1f, 0x0f, 0x84, 0x07, 0x02, 0x0f, 0x1f,
    0x3f, 0x8c, 0xff, 0xa6, 0x00, 0x8c, 0xff, 0x02, 0xf8, 0xf0, 0xe0, 0x84, 0xc0, 0x02, 0xe0, 0xf0,
    0xf8, 0x8c, 0xff, 0x8e, 0x00, 0x8c, 0xff, 0x02, 0xf8, 0xf0, 0xe0, 0x84, 0xc0, 0x02, 0xe0, 0xf0,
    0xf8, 0x8c, 0xff, 0xa6, 0x00, 0x05, 0x01, 0x07, 0x0f, 0x1f, 0x3f, 0x3f, 0x98, 0x7f, 0x05, 0x3f,
    0x3f, 0x1f, 0x0f, 0x07, 0x01, 0x8e, 0x00, 0xa4, 0xff, 0xc6, 0x00, 0x93, 0xc0, 0x01, 0xc7, 0xdf,
    0x9e, 0xff, 0x03, 0x7f, 0x3f, 0x1f, 0x07, 0xe0, 0x00, 0x98, 0x01, 0x98, 0x00,
};

static const uint8_t s_anim_confused_f04[] = {
    0xef, 0x00, 0x02, 0x80, 0xe0, 0x60, 0x82, 0x30, 0x02, 0x60, 0xe0, 0x80, 0xce, 0x00, 0x05, 0xc0,
    0xf0, 0xf8, 0xfc, 0xfe, 0xfe, 0x98, 0xff, 0x05, 0xfe, 0xfe, 0xfc, 0xf8, 0xf0, 0xc0, 0x82, 0x00,
    0x09, 0x01, 0x01, 0x00, 0x00, 0x10, 0x38, 0x1e, 0x0f, 0x03, 0x01, 0x9a, 0x00, 0x04, 0xc0, 0xe0,
    0xf0, 0xf8, 0xf8, 0x98, 0xfc, 0x04, 0xf8, 0xf8, 0xf0, 0xe0, 0xc0, 0x8f, 0x00, 0xa4, 0xff, 0x86,
    0x00, 0x00, 0x01, 0x9e, 0x00, 0x8c, 0xff, 0x02, 0x3f, 0x1f, 0x0f, 0x84, 0x07, 0x02, 0x0f, 0x1f,
    0x3f, 0x8c, 0xff, 0x8e, 0x00, 0x8c, 0xff, 0x02, 0x3f, 0x1f, 0x0f, 0x84, 0x07, 0x02, 0x0f, 0x1f,
    0x3f, 0x8c, 0xff, 0xa6, 0x00, 0x8c, 0xff, 0x02, 0xf8, 0xf0, 0xe0, 0x84, 0xc0, 0x02, 0xe0, 0xf0,
    0xf8, 0x8c, 0xff, 0x8e, 0x00, 0x8c, 0xff, 0x02, 0xf8, 0xf0, 0xe0, 0x84, 0xc0, 0x02, 0xe0, 0xf0,
    0xf8, 0x8c, 0xff, 0xa6, 0x00, 0x05, 0x01, 0x07, 0x0f, 0x1f, 0x3f, 0x3f, 0x98, 0x7f, 0x05, 0x3f,
    0x3f, 0x1f, 0x0f, 0x07, 0x01, 0x8e, 0x00, 0xa4, 0xff, 0xc6, 0x00, 0x93, 0xc0, 0x01, 0xc7, 0xdf,
    0x9e, 0xff, 0x03, 0x7f, 0x3f, 0x1f, 0x07, 0xe0, 0x00, 0x98, 0x01, 0x98, 0x00,
};

static const uint8_t s_anim_confused_f05[] = {
    0xcd, 0x00, 0x98, 0x80, 0x89, 0x00, 0x01, 0xc0, 0xc0, 0x82, 0x60, 0x01, 0xc0, 0xc0, 0xcf, 0x00,
    0x03, 0xe0, 0xf8, 0xfc, 0xfe, 0x9c, 0xff, 0x03, 0xfe, 0xfc, 0xf8, 0xe0, 0x82, 0x00, 0x09, 0x03,
    0x03, 0x00, 0x00, 0x20, 0x70, 0x3c, 0x1f, 0x07, 0x02, 0x9a, 0x00, 0x04, 0x80, 0xc0, 0xe0, 0xf0,
    0xf0, 0x98, 0xf8, 0x04, 0xf0, 0xf0, 0xe0, 0xc0, 0x80, 0x8f, 0x00, 0xa4, 0xff, 0x86, 0x00, 0x00,
    0x02, 0x9e, 0x00, 0x00, 0xfe, 0x8b, 0xff, 0x02, 0x7f, 0x3f, 0x1f, 0x84, 0x0f, 0x02, 0x1f, 0x3f,
    0x7f, 0x8b, 0xff, 0x00, 0xfe, 0x8e, 0x00, 0x8c, 0xff, 0x02, 0x1f, 0x0f, 0x07, 0x84, 0x03, 0x02,
    0x07, 0x0f, 0x1f, 0x8c, 0xff, 0xa6, 0x00, 0x8c, 0xff, 0x02, 0xf0, 0xe0, 0xc0, 0x84, 0x80, 0x02,
    0xc0, 0xe0, 0xf0, 0x8c, 0xff, 0x8e, 0x00, 0x8c, 0xff, 0x02, 0xfc, 0xf8, 0xf0, 0x84, 0xe0, 0x02,
    0xf0, 0xf8, 0xfc, 0x8c, 0xff, 0xa6, 0x00, 0x05, 0x03, 0x0f, 0x1f, 0x3f, 0x7f, 0x7f, 0x98, 0xff,
    0x05, 0x7f, 0x7f, 0x3f, 0x1f, 0x0f, 0x03, 0x8e, 0x00, 0xa4, 0xff, 0xc6, 0x00, 0x93, 0xc0, 0x05,
    0xc3, 0xcf, 0xdf, 0xff, 0xff, 0x7f, 0x98, 0xff, 0x05, 0x7f, 0x7f, 0x3f, 0x1f, 0x0f, 0x03, 0xff,
    0x00, 0x92, 0x00,
};

static const uint8_t s_anim_confused_f06[] = {
    0xcd, 0x00, 0x98, 0x80, 0x89, 0x00, 0x01, 0xc0, 0xc0, 0x82, 0x60, 0x01, 0xc0, 0xc0, 0xcf, 0x00,
    0x03, 0xe0, 0xf8, 0xfc, 0xfe, 0x9c, 0xff, 0x03, 0xfe, 0xfc, 0xf8, 0xe0, 0x82, 0x00, 0x09, 0x03,
    0x03, 0x00, 0x00, 0x20, 0x70, 0x3c, 0x1f, 0x07, 0x02, 0x9a, 0x00, 0x04, 0x80, 0xc0, 0xe0, 0xf0,
    0xf0, 0x98, 0xf8, 0x04, 0xf0, 0xf0, 0xe0, 0xc0, 0x80, 0x8f, 0x00, 0xa4, 0xff, 0x86, 0x00, 0x00,
    0x02, 0x9e, 0x00, 0x00, 0xfe, 0x8b, 0xff, 0x02, 0x7f, 0x3f, 0x1f, 0x84, 0x0f, 0x02, 0x1f, 0x3f,
    0x7f, 0x8b, 0xff, 0x00, 0xfe, 0x8e, 0x00, 0x8c, 0xff, 0x02, 0x1f, 0x0f, 0x07, 0x84, 0x03, 0x02,
    0x07, 0x0f, 0x1f, 0x8c, 0xff, 0xa6, 0x00, 0x8c, 0xff, 0x02, 0xf0, 0xe0, 0xc0, 0x84, 0x80, 0x02,
    0xc0, 0xe0, 0xf0, 0x8c, 0xff, 0x8e, 0x00, 0x8c, 0xff, 0x02, 0xfc, 0xf8, 0xf0, 0x84, 0xe0, 0x02,
    0xf0, 0xf8, 0xfc, 0x8c, 0xff, 0xa6, 0x00, 0x05, 0x03, 0x0f, 0x1f, 0x3f, 0x7f, 0x7f, 0x98, 0xff,
    0x05, 0x7f, 0x7f, 0x3f, 0x1f, 0x0f, 0x03, 0x8e, 0x00, 0xa4, 0xff, 0xc6, 0x00, 0x93, 0xc0, 0x05,
    0xc3, 0xcf, 0xdf, 0xff, 0xff, 0x7f, 0x98, 0xff, 0x05, 0x7f, 0x7f, 0x3f, 0x1f, 0x0f, 0x03, 0xff,
    0x00, 0x92, 0x00,
};

static const uint8_t s_anim_confused_f07[] = {
    0xcd, 0x00, 0x98, 0x80, 0x89, 0x00, 0x01, 0xc0, 0xc0, 0x82, 0x60, 0x01, 0xc0, 0xc0, 0xcf, 0x00,
    0x03, 0xe0, 0xf8, 0xfc, 0xfe, 0x9c, 0xff, 0x03, 0xfe, 0xfc, 0xf8, 0xe0, 0x82, 0x00, 0x09, 0x03,
    0x03, 0x00, 0x00, 0x20, 0x70, 0x3c, 0x1f, 0x07, 0x02, 0x9a, 0x00, 0x04, 0x80, 0xc0, 0xe0, 0xf0,
    0xf0, 0x98, 0xf8, 0x04, 0xf0, 0xf0, 0xe0, 0xc0, 0x80, 0x8f, 0x00, 0xa4, 0xff, 0x86, 0x00, 0x00,
    0x02, 0x9e, 0x00, 0x00, 0xfe, 0x8b, 0xff, 0x02, 0x7f, 0x3f, 0x1f, 0x84, 0x0f, 0x02, 0x1f, 0x3f,
    0x7f, 0x8b, 0xff, 0x00, 0xfe, 0x8e, 0x00, 0x8c, 0xff, 0x02, 0x1f, 0x0f, 0x07, 0x84, 0x03, 0x02,
    0x07, 0x0f, 0x1f, 0x8c, 0xff, 0xa6, 0x00, 0x8c, 0xff, 0x02, 0xf0, 0xe0, 0xc0, 0x84, 0x80, 0x02,
    0xc0, 0xe0, 0xf0, 0x8c, 0xff, 0x8e, 0x00, 0x8c, 0xff, 0x02, 0xfc, 0xf8, 0xf0, 0x84, 0xe0, 0x02,
    0xf0, 0xf8, 0xfc, 0x8c, 0xff, 0xa6, 0x00, 0x05, 0x03, 0x0f, 0x1f, 0x3f, 0x7f, 0x7f, 0x98, 0xff,
    0x05, 0x7f, 0x7f, 0x3f, 0x1f, 0x0f, 0x03, 0x8e, 0x00, 0xa4, 0xff, 0xc6, 0x00, 0x93, 0xc0, 0x05,
    0xc3, 0xcf, 0xdf, 0xff, 0xff, 0x7f, 0x98, 0xff, 0x05, 0x7f, 0x7f, 0x3f, 0x1f, 0x0f, 0x03, 0xff,
    0x00, 0x92, 0x00,
};

static const uint8_t s_anim_confused_f08[] = {
    0xcd, 0x00, 0x98, 0x80, 0x89, 0x00, 0x01, 0x80, 0x80, 0x82, 0xc0, 0x01, 0x80, 0x80, 0xcf, 0x00,
    0x03, 0xe0, 0xf8, 0xfc, 0xfe, 0x9c, 0xff, 0x03, 0xfe, 0xfc, 0xf8, 0xe0, 0x82, 0x00, 0x09, 0x06,
    0x07, 0x01, 0x00, 0x40, 0xe0, 0x79, 0x3f, 0x0e, 0x04, 0x9a, 0x00, 0x04, 0x80, 0xc0, 0xe0, 0xf0,
    0xf0, 0x98, 0xf8, 0x04, 0xf0, 0xf0, 0xe0, 0xc0, 0x80, 0x8f, 0x00, 0xa4, 0xff, 0x86, 0x00, 0x00,
    0x04, 0x9e, 0x00, 0x00, 0xfe, 0x8b, 0xff, 0x02, 0x7f, 0x3f, 0x1f, 0x84, 0x0f, 0x02, 0x1f, 0x3f,
    0x7f, 0x8b, 0xff, 0x00, 0xfe, 0x8e, 0x00, 0x8c, 0xff, 0x02, 0x1f, 0x0f, 0x07, 0x84, 0x03, 0x02,
    0x07, 0x0f, 0x1f, 0x8c, 0xff, 0xa6, 0x00, 0x8c, 0xff, 0x02, 0xf0, 0xe0, 0xc0, 0x84, 0x80, 0x02,
    0xc0, 0xe0, 0xf0, 0x8c, 0xff, 0x8e, 0x00, 0x8c, 0xff, 0x02, 0xfc, 0xf8, 0xf0, 0x84, 0xe0, 0x02,
    0xf0, 0xf8, 0xfc, 0x8c, 0xff, 0xa6, 0x00, 0x05, 0x03, 0x0f, 0x1f, 0x3f, 0x7f, 0x7f, 0x98, 0xff,
    0x05, 0x7f, 0x7f, 0x3f, 0x1f, 0x0f, 0x03, 0x8e, 0x00, 0xa4, 0xff, 0xc6, 0x00, 0x93, 0xc0, 0x05,
    0xc3, 0xcf, 0xdf, 0xff, 0xff, 0x7f, 0x98, 0xff, 0x05, 0x7f, 0x7f, 0x3f, 0x1f, 0x0f, 0x03, 0xff,
    0x00, 0x92, 0x00,
};

static const uint8_t s_anim_confused_f09[] = {
    0xcd, 0x00, 0x98, 0x80, 0x89, 0x00, 0x01, 0x80, 0x80, 0x82, 0xc0, 0x01, 0x80, 0x80, 0xcf, 0x00,
    0x03, 0xe0, 0xf8, 0xfc, 0xfe, 0x9c, 0xff, 0x03, 0xfe, 0xfc, 0xf8, 0xe0, 0x82, 0x00, 0x09, 0x06,
    0x07, 0x01, 0x00, 0x40, 0xe0, 0x79, 0x3f, 0x0e, 0x04, 0x9a, 0x00, 0x04, 0x80, 0xc0, 0xe0, 0xf0,
    0xf0, 0x98, 0xf8, 0x04, 0xf0, 0xf0, 0xe0, 0xc0, 0x80, 0x8f, 0x00, 0xa4, 0xff, 0x86, 0x00, 0x00,
    0x04, 0x9e, 0x00, 0x00, 0xfe, 0x8b, 0xff, 0x02, 0x7f, 0x3f, 0x1f, 0x84, 0x0f, 0x02, 0x1f, 0x3f,
    0x7f, 0x8b, 0xff, 0x00, 0xfe, 0x8e, 0x00, 0x8c, 0xff, 0x02, 0x1f, 0x0f, 0x07, 0x84, 0x03, 0x02,
    0x07, 0x0f, 0x1f, 0x8c, 0xff, 0xa6, 0x00, 0x8c, 0xff, 0x02, 0xf0, 0xe0, 0xc0, 0x84, 0x80, 0x02,
    0xc0, 0xe0, 0xf0, 0x8c, 0xff, 0x8e, 0x00, 0x8c, 0xff, 0x02, 0xfc, 0xf8, 0xf0, 0x84, 0xe0, 0x02,
    0xf0, 0xf8, 0xfc, 0x8c, 0xff, 0xa6, 0x00, 0x05, 0x03, 0x0f, 0x1f, 0x3f, 0x7f, 0x7f, 0x98, 0xff,
    0x05, 0x7f, 0x7f, 0x3f, 0x1f, 0x0f, 0x03, 0x8e, 0x00, 0xa4, 0xff, 0xc6, 0x00, 0x93, 0xc0, 0x05,
    0xc3, 0xcf, 0xdf, 0xff, 0xff, 0x7f, 0x98, 0xff, 0x05, 0x7f, 0x7f, 0x3f, 0x1f, 0x0f, 0x03, 0xff,
    0x00, 0x92, 0x00,
};

static const uint8_t s_anim_confused_f10[] = {
    0xcb, 0x00, 0x01, 0x80, 0x80, 0x98, 0xc0, 0x01, 0x80, 0x80, 0x87, 0x00, 0x01, 0x80, 0x80, 0x82,
    0xc0, 0x01, 0x80, 0x80, 0xcf, 0x00, 0x02, 0xf0, 0xfc, 0xfe, 0x9e, 0xff, 0x02, 0xfe, 0xfc, 0xf0,
    0x82, 0x00, 0x09, 0x06, 0x07, 0x01, 0x00, 0x40, 0xe0, 0x79, 0x3f, 0x0e, 0x04, 0x9b, 0x00, 0x03,
    0x80, 0xc0, 0xe0, 0xe0, 0x98, 0xf0, 0x03, 0xe0, 0xe0, 0xc0, 0x80, 0x90, 0x00, 0xa4, 0xff, 0x86,
    0x00, 0x00, 0x04, 0x9e, 0x00, 0x00, 0xfc, 0x8c, 0xff, 0x01, 0x7f, 0x3f, 0x84, 0x1f, 0x01, 0x3f,
    0x7f, 0x8c, 0xff, 0x00, 0xfc, 0x8e, 0x00, 0x8c, 0xff, 0x02, 0x0f, 0x07, 0x03, 0x84, 0x01, 0x02,
    0x03, 0x07, 0x0f, 0x8c, 0xff, 0xa6, 0x00, 0x8c, 0xff, 0x02, 0xe0, 0xc0, 0x80, 0x84, 0x00, 0x02,
    0x80, 0xc0, 0xe0, 0x8c, 0xff, 0x8e, 0x00, 0x8c, 0xff, 0x02, 0xfe, 0xfc, 0xf8, 0x84, 0xf0, 0x02,
    0xf8, 0xfc, 0xfe, 0x8c, 0xff, 0xa6, 0x00, 0x03, 0x07, 0x1f, 0x3f, 0x7f, 0x9c, 0xff, 0x03, 0x7f,
    0x3f, 0x1f, 0x07, 0x8e, 0x00, 0xa4, 0xff, 0xac, 0x00, 0x98, 0x01, 0x00, 0x00, 0x93, 0xc0, 0x05,
    0xc1, 0xc7, 0xcf, 0xdf, 0xff, 0x3f, 0x98, 0x7f, 0x05, 0x3f, 0x3f, 0x1f, 0x0f, 0x07, 0x01, 0xff,
    0x00, 0x92, 0x00,
};

static const uint8_t s_anim_confused_f11[] = {
    0xcb, 0x00, 0x01, 0x80, 0x80, 0x98, 0xc0, 0x01, 0x80, 0x80, 0x89, 0x00, 0x82, 0x80, 0xd1, 0x00,
    0x02, 0xf0, 0xfc, 0xfe, 0x9e, 0xff, 0x02, 0xfe, 0xfc, 0xf0, 0x82, 0x00, 0x09, 0x0c, 0x0f, 0x03,
    0x01, 0x81, 0xc1, 0xf3, 0x7f, 0x1c, 0x08, 0x9b, 0x00, 0x03, 0x80, 0xc0, 0xe0, 0xe0, 0x98, 0xf0,
    0x03, 0xe0, 0xe0, 0xc0, 0x80, 0x90, 0x00, 0xa4, 0xff, 0x86, 0x00, 0x01, 0x08, 0x01, 0x9d, 0x00,
    0x00, 0xfc, 0x8c, 0xff, 0x01, 0x7f, 0x3f, 0x84, 0x1f, 0x01, 0x3f, 0x7f, 0x8c, 0xff, 0x00, 0xfc,
    0x8e, 0x00, 0x8c, 0xff, 0x02, 0x0f, 0x07, 0x03, 0x84, 0x01, 0x02, 0x03, 0x07, 0x0f, 0x8c, 0xff,
    0xa6, 0x00, 0x8c, 0xff, 0x02, 0xe0, 0xc0, 0x80, 0x84, 0x00, 0x02, 0x80, 0xc0, 0xe0, 0x8c, 0xff,
    0x8e, 0x00, 0x8c, 0xff, 0x02, 0xfe, 0xfc, 0xf8, 0x84, 0xf0, 0x02, 0xf8, 0xfc, 0xfe, 0x8c, 0xff,
    0xa6, 0x00, 0x03, 0x07, 0x1f, 0x3f, 0x7f, 0x9c, 0xff, 0x03, 0x7f, 0x3f, 0x1f, 0x07, 0x8e, 0x00,
    0xa4, 0xff, 0xac, 0x00, 0x98, 0x01, 0x00, 0x00, 0x93, 0xc0, 0x05, 0xc1, 0xc7, 0xcf, 0xdf, 0xff,
    0x3f, 0x98, 0x7f, 0x05, 0x3f, 0x3f, 0x1f, 0x0f, 0x07, 0x01, 0xff, 0x00, 0x92, 0x00,
};

static const uint8_t s_anim_confused_f12[] = {
    0xcb, 0x00, 0x01, 0x80, 0x80, 0x98, 0xc0, 0x01, 0x80, 0x80, 0x89, 0x00, 0x82, 0x80, 0xd1, 0x00,
    0x02, 0xf0, 0xfc, 0xfe, 0x9e, 0xff, 0x02, 0xfe, 0xfc, 0xf0, 0x82, 0x00, 0x09, 0x0c, 0x0f, 0x03,
    0x01, 0x81, 0xc1, 0xf3, 0x7f, 0x1c, 0x08, 0x9b, 0x00, 0x03, 0x80, 0xc0, 0xe0, 0xe0, 0x98, 0xf0,
    0x03, 0xe0, 0xe0, 0xc0, 0x80, 0x90, 0x00, 0xa4, 0xff, 0x86, 0x00, 0x01, 0x08, 0x01, 0x9d, 0x00,
    0x00, 0xfc, 0x8c, 0xff, 0x01, 0x7f, 0x3f, 0x84, 0x1f, 0x01, 0x3f, 0x7f, 0x8c, 0xff, 0x00, 0xfc,
    0x8e, 0x00, 0x8c, 0xff, 0x02, 0x0f, 0x07, 0x03, 0x84, 0x01, 0x02, 0x03, 0x07, 0x0f, 0x8c, 0xff,
    0xa6, 0x00, 0x8c, 0xff, 0x02, 0xe0, 0xc0, 0x80, 0x84, 0x00, 0x02, 0x80, 0xc0, 0xe0, 0x8c, 0xff,
    0x8e, 0x00, 0x8c, 0xff, 0x02, 0xfe, 0xfc, 0xf8, 0x84, 0xf0, 0x02, 0xf8, 0xfc, 0xfe, 0x8c, 0xff,
    0xa6, 0x00, 0x03, 0x07, 0x1f, 0x3f, 0x7f, 0x9c, 0xff, 0x03, 0x7f, 0x3f, 0x1f, 0x07, 0x8e, 0x00,
    0xa4, 0xff, 0xac, 0x00, 0x98, 0x01, 0x00, 0x00, 0x93, 0xc0, 0x05, 0xc1, 0xc7, 0xcf, 0xdf, 0xff,
    0x3f, 0x98, 0x7f, 0x05, 0x3f, 0x3f, 0x1f, 0x0f, 0x07, 0x01, 0xff, 0x00, 0x92, 0x00,
};

static const uint8_t s_anim_confused_f13[] = {
    0xcb, 0x00, 0x01, 0x80, 0x80, 0x98, 0xc0, 0x01, 0x80, 0x80, 0x89, 0x00, 0x82, 0x80, 0xd1, 0x00,
    0x02, 0xf0, 0xfc, 0xfe, 0x9e, 0xff, 0x02, 0xfe, 0xfc, 0xf0, 0x82, 0x00, 0x09, 0x0c, 0x0f, 0x03,
    0x01, 0x81, 0xc1, 0xf3, 0x7f, 0x1c, 0x08, 0x9b, 0x00, 0x03, 0x80, 0xc0, 0xe0, 0xe0, 0x98, 0xf0,
    0x03, 0xe0, 0xe0, 0xc0, 0x80, 0x90, 0x00, 0xa4, 0xff, 0x86, 0x00, 0x01, 0x08, 0x01, 0x9d, 0x00,
    0x00, 0xfc, 0x8c, 0xff, 0x01, 0x7f, 0x3f, 0x84, 0x1f, 0x01, 0x3f, 0x7f, 0x8c, 0xff, 0x00, 0xfc,
    0x8e, 0x00, 0x8c, 0xff, 0x02, 0x0f, 0x07, 0x03, 0x84, 0x01, 0x02, 0x03, 0x07, 0x0f, 0x8c, 0xff,
    0xa6, 0x00, 0x8c, 0xff, 0x02, 0xe0, 0xc0, 0x80, 0x84, 0x00, 0x02, 0x80, 0xc0, 0xe0, 0x8c, 0xff,
    0x8e, 0x00, 0x8c, 0xff, 0x02, 0xfe, 0xfc, 0xf8, 0x84, 0xf0, 0x02, 0xf8, 0xfc, 0xfe, 0x8c, 0xff,
    0xa6, 0x00, 0x03, 0x07, 0x1f, 0x3f, 0x7f, 0x9c, 0xff, 0x03, 0x7f, 0x3f, 0x1f, 0x07, 0x8e, 0x00,
    0xa4, 0xff, 0xac, 0x00, 0x98, 0x01, 0x00, 0x00, 0x93, 0xc0, 0x05, 0xc1, 0xc7, 0xcf, 0xdf, 0xff,
    0x3f, 0x98, 0x7f, 0x05, 0x3f, 0x3f, 0x1f, 0x0f, 0x07, 0x01, 0xff, 0x00, 0x92, 0x00,
};

static const uint8_t s_anim_confused_f14[] = {
    0xca, 0x00, 0x02, 0x80, 0xc0, 0xc0, 0x98, 0xe0, 0x02, 0xc0, 0xc0, 0x80, 0xdd, 0x00, 0x01, 0xf8,
    0xfe, 0xa0, 0xff, 0x01, 0xfe, 0xf8, 0x82, 0x00, 0x09, 0x18, 0x1e, 0x06, 0x03, 0x03, 0x83, 0xe6,
    0xfe, 0x38, 0x10, 0x9c, 0x00, 0x02, 0x80, 0xc0, 0xc0, 0x98, 0xe0, 0x02, 0xc0, 0xc0, 0x80, 0x91,
    0x00, 0xa4, 0xff, 0x86, 0x00, 0x02, 0x11, 0x03, 0x01, 0x9c, 0x00, 0x01, 0xf8, 0xfe, 0x8c, 0xff,
    0x00, 0x7f, 0x84, 0x3f, 0x00, 0x7f, 0x8c, 0xff, 0x01, 0xfe, 0xf8, 0x8e, 0x00, 0x8c, 0xff, 0x02,
    0x07, 0x03, 0x01, 0x84, 0x00, 0x02, 0x01, 0x03, 0x07, 0x8c, 0xff, 0xa6, 0x00, 0x8c, 0xff, 0x01,
    0xc1, 0x80, 0x86, 0x00, 0x01, 0x80, 0xc1, 0x8c, 0xff, 0x8e, 0x00, 0x8d, 0xff, 0x01, 0xfe, 0xfc,
    0x84, 0xf8, 0x01, 0xfc, 0xfe, 0x8d, 0xff, 0xa6, 0x00, 0x02, 0x0f, 0x3f, 0x7f, 0x8c, 0xff, 0x84,
    0xfe, 0x8c, 0xff, 0x02, 0x7f, 0x3f, 0x0f, 0x8e, 0x00, 0xa4, 0xff, 0xaa, 0x00, 0x01, 0x01, 0x01,
    0x98, 0x03, 0x01, 0x01, 0xc1, 0x93, 0xc0, 0x04, 0xc3, 0xc7, 0xcf, 0xdf, 0x1f, 0x98, 0x3f, 0x04,
    0x1f, 0x1f, 0x0f, 0x07, 0x03, 0xff, 0x00, 0x93, 0x00,
};

static const uint8_t s_anim_confused_f15[] = {
    0xca, 0x00, 0x02, 0x80, 0xc0, 0xc0, 0x98, 0xe0, 0x02, 0xc0, 0xc0, 0x80, 0xdd, 0x00, 0x01, 0xf8,
    0xfe, 0xa0, 0xff, 0x01, 0xfe, 0xf8, 0x82, 0x00, 0x09, 0x18, 0x1e, 0x06, 0x03, 0x03, 0x83, 0xe6,
    0xfe, 0x38, 0x10, 0x9c, 0x00, 0x02, 0x80, 0xc0, 0xc0, 0x98, 0xe0, 0x02, 0xc0, 0xc0, 0x80, 0x91,
    0x00, 0xa4, 0xff, 0x86, 0x00, 0x02, 0x11, 0x03, 0x01, 0x9c, 0x00, 0x01, 0xf8, 0xfe, 0x8c, 0xff,
    0x00, 0x7f, 0x84, 0x3f, 0x00, 0x7f, 0x8c, 0xff, 0x01, 0xfe, 0xf8, 0x8e, 0x00, 0x8c, 0xff, 0x02,
    0x07, 0x03, 0x01, 0x84, 0x00, 0x02, 0x01, 0x03, 0x07, 0x8c, 0xff, 0xa6, 0x00, 0x8c, 0xff, 0x01,
    0xc1, 0x80, 0x86, 0x00, 0x01, 0x80, 0xc1, 0x8c, 0xff, 0x8e, 0x00, 0x8d, 0xff, 0x01, 0xfe, 0xfc,
    0x84, 0xf8, 0x01, 0xfc, 0xfe, 0x8d, 0xff, 0xa6, 0x00, 0x02, 0x0f, 0x3f, 0x7f, 0x8c, 0xff, 0x84,
    0xfe, 0x8c, 0xff, 0x02, 0x7f, 0x3f, 0x0f, 0x8e, 0x00, 0xa4, 0xff, 0xaa, 0x00, 0x01, 0x01, 0x01,
    0x98, 0x03, 0x01, 0x01, 0xc1, 0x93, 0xc0, 0x04, 0xc3, 0xc7, 0xcf, 0xdf, 0x1f, 0x98, 0x3f, 0x04,
    0x1f, 0x1f, 0x0f, 0x07, 0x03, 0xff, 0x00, 0x93, 0x00,
};

static const uint8_t s_anim_confused_f16[] = {
    0xca, 0x00, 0x02, 0x80, 0xc0, 0xc0, 0x98, 0xe0, 0x02, 0xc0, 0xc0, 0x80, 0xdd, 0x00, 0x01, 0xf8,
    0xfe, 0xa0, 0xff, 0x01, 0xfe, 0xf8, 0x82, 0x00, 0x09, 0x18, 0x1e, 0x06, 0x03, 0x03, 0x83, 0xe6,
    0xfe, 0x38, 0x10, 0x9c, 0x00, 0x02, 0x80, 0xc0, 0xc0, 0x98, 0xe0, 0x02, 0xc0, 0xc0, 0x80, 0x91,
    0x00, 0xa4, 0xff, 0x86, 0x00, 0x02, 0x11, 0x03, 0x01, 0x9c, 0x00, 0x01, 0xf8, 0xfe, 0x8c, 0xff,
    0x00, 0x7f, 0x84, 0x3f, 0x00, 0x7f, 0x8c, 0xff, 0x01, 0xfe, 0xf8, 0x8e, 0x00, 0x8c, 0xff, 0x02,
    0x07, 0x03, 0x01, 0x84, 0x00, 0x02, 0x01, 0x03, 0x07, 0x8c, 0xff, 0xa6, 0x00, 0x8c, 0xff, 0x01,
    0xc1, 0x80, 0x86, 0x00, 0x01, 0x80, 0xc1, 0x8c, 0xff, 0x8e, 0x00, 0x8d, 0xff, 0x01, 0xfe, 0xfc,
    0x84, 0xf8, 0x01, 0xfc, 0xfe, 0x8d, 0xff, 0xa6, 0x00, 0x02, 0x0f, 0x3f, 0x7f, 0x8c, 0xff, 0x84,
    0xfe, 0x8c, 0xff, 0x02, 0x7f, 0x3f, 0x0f, 0x8e, 0x00, 0xa4, 0xff, 0xaa, 0x00, 0x01, 0x01, 0x01,
    0x98, 0x03, 0x01, 0x01, 0xc1, 0x93, 0xc0, 0x04, 0xc3, 0xc7, 0xcf, 0xdf, 0x1f, 0x98, 0x3f, 0x04,
    0x1f, 0x1f, 0x0f, 0x07, 0x03, 0xff, 0x00, 0x93, 0x00,
};

static const uint8_t s_anim_confused_f17[] = {
    0xca, 0x00, 0x02, 0x80, 0xc0, 0xc0, 0x98, 0xe0, 0x02, 0xc0, 0xc0, 0x80, 0xdd, 0x00, 0x01, 0xf8,
    0xfe, 0xa0, 0xff, 0x01, 0xfe, 0xf8, 0x82, 0x00, 0x09, 0x18, 0x1e, 0x06, 0x03, 0x03, 0x83, 0xe6,
    0xfe, 0x38, 0x10, 0x9c, 0x00, 0x02, 0x80, 0xc0, 0xc0, 0x98, 0xe0, 0x02, 0xc0, 0xc0, 0x80, 0x91,
    0x00, 0xa4, 0xff, 0x86, 0x00, 0x02, 0x11, 0x03, 0x01, 0x9c, 0x00, 0x01, 0xf8, 0xfe, 0x8c, 0xff,
    0x00, 0x7f, 0x84, 0x3f, 0x00, 0x7f, 0x8c, 0xff, 0x01, 0xfe, 0xf8, 0x8e, 0x00, 0x8c, 0xff, 0x02,
    0x07, 0x03, 0x01, 0x84, 0x00, 0x02, 0x01, 0x03, 0x07, 0x8c, 0xff, 0xa6, 0x00, 0x8c, 0xff, 0x01,
    0xc1, 0x80, 0x86, 0x00, 0x01, 0x80, 0xc1, 0x8c, 0xff, 0x8e, 0x00, 0x8d, 0xff, 0x01, 0xfe, 0xfc,
    0x84, 0xf8, 0x01, 0xfc, 0xfe, 0x8d, 0xff, 0xa6, 0x00, 0x02, 0x0f, 0x3f, 0x7f, 0x8c, 0xff, 0x84,
    0xfe, 0x8c, 0xff, 0x02, 0x7f, 0x3f, 0x0f, 0x8e, 0x00, 0xa4, 0xff, 0xaa, 0x00, 0x01, 0x01, 0x01,
    0x98, 0x03, 0x01, 0x01, 0xc1, 0x93, 0xc0, 0x04, 0xc3, 0xc7, 0xcf, 0xdf, 0x1f, 0x98, 0x3f, 0x04,
    0x1f, 0x1f, 0x0f, 0x07, 0x03, 0xff, 0x00, 0x93, 0x00,
};

static const uint8_t s_anim_confused_f18[] = {
    0xca, 0x00, 0x02, 0x80, 0xc0, 0xc0, 0x98, 0xe0, 0x02, 0xc0, 0xc0, 0x80, 0xdd, 0x00, 0x01, 0xf8,
    0xfe, 0xa0, 0xff, 0x01, 0xfe, 0xf8, 0x82, 0x00, 0x09, 0x18, 0x1e, 0x06, 0x03, 0x03, 0x83, 0xe6,
    0xfe, 0x38, 0x10, 0x9c, 0x00, 0x02, 0x80, 0xc0, 0xc0, 0x98, 0xe0, 0x02, 0xc0, 0xc0, 0x80, 0x91,
    0x00, 0xa4, 0xff, 0x86, 0x00, 0x02, 0x11, 0x03, 0x01, 0x9c, 0x00, 0x01, 0xf8, 0xfe, 0x8c, 0xff,
    0x00, 0x7f, 0x84, 0x3f, 0x00, 0x7f, 0x8c, 0xff, 0x01, 0xfe, 0xf8, 0x8e, 0x00, 0x8c, 0xff, 0x02,
    0x07, 0x03, 0x01, 0x84, 0x00, 0x02, 0x01, 0x03, 0x07, 0x8c, 0xff, 0xa6, 0x00, 0x8c, 0xff, 0x01,
    0xc1, 0x80, 0x86, 0x00, 0x01, 0x80, 0xc1, 0x8c, 0xff, 0x8e, 0x00, 0x8d, 0xff, 0x01, 0xfe, 0xfc,
    0x84, 0xf8, 0x01, 0xfc, 0xfe, 0x8d, 0xff, 0xa6, 0x00, 0x02, 0x0f, 0x3f, 0x7f, 0x8c, 0xff, 0x84,
    0xfe, 0x8c, 0xff, 0x02, 0x7f, 0x3f, 0x0f, 0x8e, 0x00, 0xa4, 0xff, 0xaa, 0x00, 0x01, 0x01, 0x01,
    0x98, 0x03, 0x01, 0x01, 0xc1, 0x93, 0xc0, 0x04, 0xc3, 0xc7, 0xcf, 0xdf, 0x1f, 0x98, 0x3f, 0x04,
    0x1f, 0x1f, 0x0f, 0x07, 0x03, 0xff, 0x00, 0x93, 0x00,
};

static const uint8_t s_anim_confused_f19[] = {
    0xca, 0x00, 0x02, 0x80, 0xc0, 0xc0, 0x98, 0xe0, 0x02, 0xc0, 0xc0, 0x80, 0xdd, 0x00, 0x01, 0xf8,
    0xfe, 0xa0, 0xff, 0x01, 0xfe, 0xf8, 0x82, 0x00, 0x09, 0x18, 0x1e, 0x06, 0x03, 0x03, 0x83, 0xe6,
    0xfe, 0x38, 0x10, 0x9c, 0x00, 0x02, 0x80, 0xc0, 0xc0, 0x98, 0xe0, 0x02, 0xc0, 0xc0, 0x80, 0x91,
    0x00, 0xa4, 0xff, 0x86, 0x00, 0x02, 0x11, 0x03, 0x01, 0x9c, 0x00, 0x01, 0xf8, 0xfe, 0x8c, 0xff,
    0x00, 0x7f, 0x84, 0x3f, 0x00, 0x7f, 0x8c, 0xff, 0x01, 0xfe, 0xf8, 0x8e, 0x00, 0x8c, 0xff, 0x02,
    0x07, 0x03, 0x01, 0x84, 0x00, 0x02, 0x01, 0x03, 0x07, 0x8c, 0xff, 0xa6, 0x00, 0x8c, 0xff, 0x01,
    0xc1, 0x80, 0x86, 0x00, 0x01, 0x80, 0xc1, 0x8c, 0xff, 0x8e, 0x00, 0x8d, 0xff, 0x01, 0xfe, 0xfc,
    0x84, 0xf8, 0x01, 0xfc, 0xfe, 0x8d, 0xff, 0xa6, 0x00, 0x02, 0x0f, 0x3f, 0x7f, 0x8c, 0xff, 0x84,
    0xfe, 0x8c, 0xff, 0x02, 0x7f, 0x3f, 0x0f, 0x8e, 0x00, 0xa4, 0xff, 0xaa, 0x00, 0x01, 0x01, 0x01,
    0x98, 0x03, 0x01, 0x01, 0xc1, 0x93, 0xc0, 0x04, 0xc3, 0xc7, 0xcf, 0xdf, 0x1f, 0x98, 0x3f, 0x04,
    0x1f, 0x1f, 0x0f, 0x07, 0x03, 0xff, 0x00, 0x93, 0x00,
};

static const uint8_t s_anim_confused_f20[] = {
    0xca, 0x00, 0x02, 0x80, 0xc0, 0xc0, 0x98, 0xe0, 0x02, 0xc0, 0xc0, 0x80, 0xdd, 0x00, 0x01, 0xf8,
    0xfe, 0xa0, 0xff, 0x01, 0xfe, 0xf8, 0x82, 0x00, 0x09, 0x18, 0x1e, 0x06, 0x03, 0x03, 0x83, 0xe6,
    0xfe, 0x38, 0x10, 0x9c, 0x00, 0x02, 0x80, 0xc0, 0xc0, 0x98, 0xe0, 0x02, 0xc0, 0xc0, 0x80, 0x91,
    0x00, 0xa4, 0xff, 0x86, 0x00, 0x02, 0x11, 0x03, 0x01, 0x9c, 0x00, 0x01, 0xf8, 0xfe, 0x8c, 0xff,
    0x00, 0x7f, 0x84, 0x3f, 0x00, 0x7f, 0x8c, 0xff, 0x01, 0xfe, 0xf8, 0x8e, 0x00, 0x8c, 0xff, 0x02,
    0x07, 0x03, 0x01, 0x84, 0x00, 0x02, 0x01, 0x03, 0x07, 0x8c, 0xff, 0xa6, 0x00, 0x8c, 0xff, 0x01,
    0xc1, 0x80, 0x86, 0x00, 0x01, 0x80, 0xc1, 0x8c, 0xff, 0x8e, 0x00, 0x8d, 0xff, 0x01, 0xfe, 0xfc,
    0x84, 0xf8, 0x01, 0xfc, 0xfe, 0x8d, 0xff, 0xa6, 0x00, 0x02, 0x0f, 0x3f, 0x7f, 0x8c, 0xff, 0x84,
    0xfe, 0x8c, 0xff, 0x02, 0x7f, 0x3f, 0x0f, 0x8e, 0x00, 0xa4, 0xff, 0xaa, 0x00, 0x01, 0x01, 0x01,
    0x98, 0x03, 0x01, 0x01, 0xc1, 0x93, 0xc0, 0x04, 0xc3, 0xc7, 0xcf, 0xdf, 0x1f, 0x98, 0x3f, 0x04,
    0x1f, 0x1f, 0x0f, 0x07, 0x03, 0xff, 0x00, 0x93, 0x00,
};

static const uint8_t s_anim_confused_f21[] = {
    0xca, 0x00, 0x02, 0x80, 0xc0, 0xc0, 0x98, 0xe0, 0x02, 0xc0, 0xc0, 0x80, 0xdd, 0x00, 0x01, 0xf8,
    0xfe, 0xa0, 0xff, 0x01, 0xfe, 0xf8, 0x82, 0x00, 0x09, 0x18, 0x1e, 0x06, 0x03, 0x03, 0x83, 0xe6,
    0xfe, 0x38, 0x10, 0x9c, 0x00, 0x02, 0x80, 0xc0, 0xc0, 0x98, 0xe0, 0x02, 0xc0, 0xc0, 0x80, 0x91,
    0x00, 0xa4, 0xff, 0x86, 0x00, 0x02, 0x11, 0x03, 0x01, 0x9c, 0x00, 0x01, 0xf8, 0xfe, 0x8c, 0xff,
    0x00, 0x7f, 0x84, 0x3f, 0x00, 0x7f, 0x8c, 0xff, 0x01, 0xfe, 0xf8, 0x8e, 0x00, 0x8c, 0xff, 0x02,
    0x07, 0x03, 0x01, 0x84, 0x00, 0x02, 0x01, 0x03, 0x07, 0x8c, 0xff, 0xa6, 0x00, 0x8c, 0xff, 0x01,
    0xc1, 0x80, 0x86, 0x00, 0x01, 0x80, 0xc1, 0x8c, 0xff, 0x8e, 0x00, 0x8d, 0xff, 0x01, 0xfe, 0xfc,
    0x84, 0xf8, 0x01, 0xfc, 0xfe, 0x8d, 0xff, 0xa6, 0x00, 0x02, 0x0f, 0x3f, 0x7f, 0x8c, 0xff, 0x84,
    0xfe, 0x8c, 0xff, 0x02, 0x7f, 0x3f, 0x0f, 0x8e, 0x00, 0xa4, 0xff, 0xaa, 0x00, 0x01, 0x01, 0x01,
    0x98, 0x03, 0x01, 0x01, 0xc1, 0x93, 0xc0, 0x04, 0xc3, 0xc7, 0xcf, 0xdf, 0x1f, 0x98, 0x3f, 0x04,
    0x1f, 0x1f, 0x0f, 0x07, 0x03, 0xff, 0x00, 0x93, 0x00,
};

static const uint8_t s_anim_confused_f22[] = {
    0xca, 0x00, 0x02, 0x80, 0xc0, 0xc0, 0x98, 0xe0, 0x02, 0xc0, 0xc0, 0x80, 0xdd, 0x00, 0x01, 0xf8,
    0xfe, 0xa0, 0xff, 0x01, 0xfe, 0xf8, 0x82, 0x00, 0x09, 0x18, 0x1e, 0x06, 0x03, 0x03, 0x83, 0xe6,
    0xfe, 0x38, 0x10, 0x9c, 0x00, 0x02, 0x80, 0xc0, 0xc0, 0x98, 0xe0, 0x02, 0xc0, 0xc0, 0x80, 0x91,
    0x00, 0xa4, 0xff, 0x86, 0x00, 0x02, 0x11, 0x03, 0x01, 0x9c, 0x00, 0x01, 0xf8, 0xfe, 0x8c, 0xff,
    0x00, 0x7f, 0x84, 0x3f, 0x00, 0x7f, 0x8c, 0xff, 0x01, 0xfe, 0xf8, 0x8e, 0x00, 0x8c, 0xff, 0x02,
    0x07, 0x03, 0x01, 0x84, 0x00, 0x02, 0x01, 0x03, 0x07, 0x8c, 0xff, 0xa6, 0x00, 0x8c, 0xff, 0x01,
    0xc1, 0x80, 0x86, 0x00, 0x01, 0x80, 0xc1, 0x8c, 0xff, 0x8e, 0x00, 0x8d, 0xff, 0x01, 0xfe, 0xfc,
    0x84, 0xf8, 0x01, 0xfc, 0xfe, 0x8d, 0xff, 0xa6, 0x00, 0x02, 0x0f, 0x3f, 0x7f, 0x8c, 0xff, 0x84,
    0xfe, 0x8c, 0xff, 0x02, 0x7f, 0x3f, 0x0f, 0x8e, 0x00, 0xa4, 0xff, 0xaa, 0x00, 0x01, 0x01, 0x01,
    0x98, 0x03, 0x01, 0x01, 0xc1, 0x93, 0xc0, 0x04, 0xc3, 0xc7, 0xcf, 0xdf, 0x1f, 0x98, 0x3f, 0x04,
    0x1f, 0x1f, 0x0f, 0x07, 0x03, 0xff, 0x00, 0x93, 0x00,
};

static const uint8_t s_anim_confused_f23[] = {
    0xcb, 0x00, 0x01, 0x80, 0x80, 0x98, 0xc0, 0x01, 0x80, 0x80, 0x89, 0x00, 0x82, 0x80, 0xd1, 0x00,
    0x02, 0xf0, 0xfc, 0xfe, 0x9e, 0xff, 0x02, 0xfe, 0xfc, 0xf0, 0x82, 0x00, 0x09, 0x0c, 0x0f, 0x03,
    0x01, 0x81, 0xc1, 0xf3, 0x7f, 0x1c, 0x08, 0x9b, 0x00, 0x03, 0x80, 0xc0, 0xe0, 0xe0, 0x98, 0xf0,
    0x03, 0xe0, 0xe0, 0xc0, 0x80, 0x90, 0x00, 0xa4, 0xff, 0x86, 0x00, 0x01, 0x08, 0x01, 0x9d, 0x00,
    0x00, 0xfc, 0x8c, 0xff, 0x01, 0x7f, 0x3f, 0x84, 0x1f, 0x01, 0x3f, 0x7f, 0x8c, 0xff, 0x00, 0xfc,
    0x8e, 0x00, 0x8c, 0xff, 0x02, 0x0f, 0x07, 0x03, 0x84, 0x01, 0x02, 0x03, 0x07, 0x0f, 0x8c, 0xff,
    0xa6, 0x00, 0x8c, 0xff, 0x02, 0xe0, 0xc0, 0x80, 0x84, 0x00, 0x02, 0x80, 0xc0, 0xe0, 0x8c, 0xff,
    0x8e, 0x00, 0x8c, 0xff, 0x02, 0xfe, 0xfc, 0xf8, 0x84, 0xf0, 0x02, 0xf8, 0xfc, 0xfe, 0x8c, 0xff,
    0xa6, 0x00, 0x03, 0x07, 0x1f, 0x3f, 0x7f, 0x9c, 0xff, 0x03, 0x7f, 0x3f, 0x1f, 0x07, 0x8e, 0x00,
    0xa4, 0xff, 0xac, 0x00, 0x98, 0x01, 0x00, 0x00, 0x93, 0xc0, 0x05, 0xc1, 0xc7, 0xcf, 0xdf, 0xff,
    0x3f, 0x98, 0x7f, 0x05, 0x3f, 0x3f, 0x1f, 0x0f, 0x07, 0x01, 0xff, 0x00, 0x92, 0x00,
};

static const uint8_t s_anim_confused_f24[] = {
    0xcb, 0x00, 0x01, 0x80, 0x80, 0x98, 0xc0, 0x01, 0x80, 0x80, 0x89, 0x00, 0x82, 0x80, 0xd1, 0x00,
    0x02, 0xf0, 0xfc, 0xfe, 0x9e, 0xff, 0x02, 0xfe, 0xfc, 0xf0, 0x82, 0x00, 0x09, 0x0c, 0x0f, 0x03,
    0x01, 0x81, 0xc1, 0xf3, 0x7f, 0x1c, 0x08, 0x9b, 0x00, 0x03, 0x80, 0xc0, 0xe0, 0xe0, 0x98, 0xf0,
    0x03, 0xe0, 0xe0, 0xc0, 0x80, 0x90, 0x00, 0xa4, 0xff, 0x86, 0x00, 0x01, 0x08, 0x01, 0x9d, 0x00,
    0x00, 0xfc, 0x8c, 0xff, 0x01, 0x7f, 0x3f, 0x84, 0x1f, 0x01, 0x3f, 0x7f, 0x8c, 0xff, 0x00, 0xfc,
    0x8e, 0x00, 0x8c, 0xff, 0x02, 0x0f, 0x07, 0x03, 0x84, 0x01, 0x02, 0x03, 0x07, 0x0f, 0x8c, 0xff,
    0xa6, 0x00, 0x8c, 0xff, 0x02, 0xe0, 0xc0, 0x80, 0x84, 0x00, 0x02, 0x80, 0xc0, 0xe0, 0x8c, 0xff,
    0x8e, 0x00, 0x8c, 0xff, 0x02, 0xfe, 0xfc, 0xf8, 0x84, 0xf0, 0x02, 0xf8, 0xfc, 0xfe, 0x8c, 0xff,
    0xa6, 0x00, 0x03, 0x07, 0x1f, 0x3f, 0x7f, 0x9c, 0xff, 0x03, 0x7f, 0x3f, 0x1f, 0x07, 0x8e, 0x00,
    0xa4, 0xff, 0xac, 0x00, 0x98, 0x01, 0x00, 0x00, 0x93, 0xc0, 0x05, 0xc1, 0xc7, 0xcf, 0xdf, 0xff,
    0x3f, 0x98, 0x7f, 0x05, 0x3f, 0x3f, 0x1f, 0x0f, 0x07, 0x01, 0xff, 0x00, 0x92, 0x00,
};

static const uint8_t s_anim_confused_f25[] = {
    0xcb, 0x00, 0x01, 0x80, 0x80, 0x98, 0xc0, 0x01, 0x80, 0x80, 0x89, 0x00, 0x82, 0x80, 0xd1, 0x00,
    0x02, 0xf0, 0xfc, 0xfe, 0x9e, 0xff, 0x02, 0xfe, 0xfc, 0xf0, 0x82, 0x00, 0x09, 0x0c, 0x0f, 0x03,
    0x01, 0x81, 0xc1, 0xf3, 0x7f, 0x1c, 0x08, 0x9b, 0x00, 0x03, 0x80, 0xc0, 0xe0, 0xe0, 0x98, 0xf0,
    0x03, 0xe0, 0xe0, 0xc0, 0x80, 0x90, 0x00, 0xa4, 0xff, 0x86, 0x00, 0x01, 0x08, 0x01, 0x9d, 0x00,
    0x00, 0xfc, 0x8c, 0xff, 0x01, 0x7f, 0x3f, 0x84, 0x1f, 0x01, 0x3f, 0x7f, 0x8c, 0xff, 0x00, 0xfc,
    0x8e, 0x00, 0x8c, 0xff, 0x02, 0x0f, 0x07, 0x03, 0x84, 0x01, 0x02, 0x03, 0x07, 0x0f, 0x8c, 0xff,
    0xa6, 0x00, 0x8c, 0xff, 0x02, 0xe0, 0xc0, 0x80, 0x84, 0x00, 0x02, 0x80, 0xc0, 0xe0, 0x8c, 0xff,
    0x8e, 0x00, 0x8c, 0xff, 0x02, 0xfe, 0xfc, 0xf8, 0x84, 0xf0, 0x02, 0xf8, 0xfc, 0xfe, 0x8c, 0xff,
    0xa6, 0x00, 0x03, 0x07, 0x1f, 0x3f, 0x7f, 0x9c, 0xff, 0x03, 0x7f, 0x3f, 0x1f, 0x07, 0x8e, 0x00,
    0xa4, 0xff, 0xac, 0x00, 0x98, 0x01, 0x00, 0x00, 0x93, 0xc0, 0x05, 0xc1, 0xc7, 0xcf, 0xdf, 0xff,
    0x3f, 0x98, 0x7f, 0x05, 0x3f, 0x3f, 0x1f, 0x0f, 0x07, 0x01, 0xff, 0x00, 0x92, 0x00,
};

static const uint8_t s_anim_confused_f26[] = {
    0xcb, 0x00, 0x01, 0x80, 0x80, 0x98, 0xc0, 0x01, 0x80, 0x80, 0x87, 0x00, 0x01, 0x80, 0x80, 0x82,
    0xc0, 0x01, 0x80, 0x80, 0xcf, 0x00, 0x02, 0xf0, 0xfc, 0xfe, 0x9e, 0xff, 0x02, 0xfe, 0xfc, 0xf0,
    0x82, 0x00, 0x09, 0x06, 0x07, 0x01, 0x00, 0x40, 0xe0, 0x79, 0x3f, 0x0e, 0x04, 0x9b, 0x00, 0x03,
    0x80, 0xc0, 0xe0, 0xe0, 0x98, 0xf0, 0x03, 0xe0, 0xe0, 0xc0, 0x80, 0x90, 0x00, 0xa4, 0xff, 0x86,
    0x00, 0x00, 0x04, 0x9e, 0x00, 0x00, 0xfc, 0x8c, 0xff, 0x01, 0x7f, 0x3f, 0x84, 0x1f, 0x01, 0x3f,
    0x7f, 0x8c, 0xff, 0x00, 0xfc, 0x8e, 0x00, 0x8c, 0xff, 0x02, 0x0f, 0x07, 0x03, 0x84, 0x01, 0x02,
    0x03, 0x07, 0x0f, 0x8c, 0xff, 0xa6, 0x00, 0x8c, 0xff, 0x02, 0xe0, 0xc0, 0x80, 0x84, 0x00, 0x02,
    0x80, 0xc0, 0xe0, 0x8c, 0xff, 0x8e, 0x00, 0x8c, 0xff, 0x02, 0xfe, 0xfc, 0xf8, 0x84, 0xf0, 0x02,
    0xf8, 0xfc, 0xfe, 0x8c, 0xff, 0xa6, 0x00, 0x03, 0x07, 0x1f, 0x3f, 0x7f, 0x9c, 0xff, 0x03, 0x7f,
    0x3f, 0x1f, 0x07, 0x8e, 0x00, 0xa4, 0xff, 0xac, 0x00, 0x98, 0x01, 0x00, 0x00, 0x93, 0xc0, 0x05,
    0xc1, 0xc7, 0xcf, 0xdf, 0xff, 0x3f, 0x98, 0x7f, 0x05, 0x3f, 0x3f, 0x1f, 0x0f, 0x07, 0x01, 0xff,
    0x00, 0x92, 0x00,
};

static const uint8_t s_anim_confused_f27[] = {
    0xcd, 0x00, 0x98, 0x80, 0x89, 0x00, 0x01, 0x80, 0x80, 0x82, 0xc0, 0x01, 0x80, 0x80, 0xcf, 0x00,
    0x03, 0xe0, 0xf8, 0xfc, 0xfe, 0x9c, 0xff, 0x03, 0xfe, 0xfc, 0xf8, 0xe0, 0x82, 0x00, 0x09, 0x06,
    0x07, 0x01, 0x00, 0x40, 0xe0, 0x79, 0x3f, 0x0e, 0x04, 0x9a, 0x00, 0x04, 0x80, 0xc0, 0xe0, 0xf0,
    0xf0, 0x98, 0xf8, 0x04, 0xf0, 0xf0, 0xe0, 0xc0, 0x80, 0x8f, 0x00, 0xa4, 0xff, 0x86, 0x00, 0x00,
    0x04, 0x9e, 0x00, 0x00, 0xfe, 0x8b, 0xff, 0x02, 0x7f, 0x3f, 0x1f, 0x84, 0x0f, 0x02, 0x1f, 0x3f,
    0x7f, 0x8b, 0xff, 0x00, 0xfe, 0x8e, 0x00, 0x8c, 0xff, 0x02, 0x1f, 0x0f, 0x07, 0x84, 0x03, 0x02,
    0x07, 0x0f, 0x1f, 0x8c, 0xff, 0xa6, 0x00, 0x8c, 0xff, 0x02, 0xf0, 0xe0, 0xc0, 0x84, 0x80, 0x02,
    0xc0, 0xe0, 0xf0, 0x8c, 0xff, 0x8e, 0x00, 0x8c, 0xff, 0x02, 0xfc, 0xf8, 0xf0, 0x84, 0xe0, 0x02,
    0xf0, 0xf8, 0xfc, 0x8c, 0xff, 0xa6, 0x00, 0x05, 0x03, 0x0f, 0x1f, 0x3f, 0x7f, 0x7f, 0x98, 0xff,
    0x05, 0x7f, 0x7f, 0x3f, 0x1f, 0x0f, 0x03, 0x8e, 0x00, 0xa4, 0xff, 0xc6, 0x00, 0x93, 0xc0, 0x05,
    0xc3, 0xcf, 0xdf, 0xff, 0xff, 0x7f, 0x98, 0xff, 0x05, 0x7f, 0x7f, 0x3f, 0x1f, 0x0f, 0x03, 0xff,
    0x00, 0x92, 0x00,
};

static const uint8_t s_anim_confused_f28[] = {
    0xcd, 0x00, 0x98, 0x80, 0x89, 0x00, 0x01, 0x80, 0x80, 0x82, 0xc0, 0x01, 0x80, 0x80, 0xcf, 0x00,
    0x03, 0xe0, 0xf8, 0xfc, 0xfe, 0x9c, 0xff, 0x03, 0xfe, 0xfc, 0xf8, 0xe0, 0x82, 0x00, 0x09, 0x06,
    0x07, 0x01, 0x00, 0x40, 0xe0, 0x79, 0x3f, 0x0e, 0x04, 0x9a, 0x00, 0x04, 0x80, 0xc0, 0xe0, 0xf0,
    0xf0, 0x98, 0xf8, 0x04, 0xf0, 0xf0, 0xe0, 0xc0, 0x80, 0x8f, 0x00, 0xa4, 0xff, 0x86, 0x00, 0x00,
    0x04, 0x9e, 0x00, 0x00, 0xfe, 0x8b, 0xff, 0x02, 0x7f, 0x3f, 0x1f, 0x84, 0x0f, 0x02, 0x1f, 0x3f,
    0x7f, 0x8b, 0xff, 0x00, 0xfe, 0x8e, 0x00, 0x8c, 0xff, 0x02, 0x1f, 0x0f, 0x07, 0x84, 0x03, 0x02,
    0x07, 0x0f, 0x1f, 0x8c, 0xff, 0xa6, 0x00, 0x8c, 0xff, 0x02, 0xf0, 0xe0, 0xc0, 0x84, 0x80, 0x02,
    0xc0, 0xe0, 0xf0, 0x8c, 0xff, 0x8e, 0x00, 0x8c, 0xff, 0x02, 0xfc, 0xf8, 0xf0, 0x84, 0xe0, 0x02,
    0xf0, 0xf8, 0xfc, 0x8c, 0xff, 0xa6, 0x00, 0x05, 0x03, 0x0f, 0x1f, 0x3f, 0x7f, 0x7f, 0x98, 0xff,
    0x05, 0x7f, 0x7f, 0x3f, 0x1f, 0x0f, 0x03, 0x8e, 0x00, 0xa4, 0xff, 0xc6, 0x00, 0x93, 0xc0, 0x05,
    0xc3, 0xcf, 0xdf, 0xff, 0xff, 0x7f, 0x98, 0xff, 0x05, 0x7f, 0x7f, 0x3f, 0x1f, 0x0f, 0x03, 0xff,
    0x00, 0x92, 0x00,
};

static const uint8_t s_anim_confused_f29[] = {
    0xcd, 0x00, 0x98, 0x80, 0x89, 0x00, 0x01, 0xc0, 0xc0, 0x82, 0x60, 0x01, 0xc0, 0xc0, 0xcf, 0x00,
    0x03, 0xe0, 0xf8, 0xfc, 0xfe, 0x9c, 0xff, 0x03, 0xfe, 0xfc, 0xf8, 0xe0, 0x82, 0x00, 0x09, 0x03,
    0x03, 0x00, 0x00, 0x20, 0x70, 0x3c, 0x1f, 0x07, 0x02, 0x9a, 0x00, 0x04, 0x80, 0xc0, 0xe0, 0xf0,
    0xf0, 0x98, 0xf8, 0x04, 0xf0, 0xf0, 0xe0, 0xc0, 0x80, 0x8f, 0x00, 0xa4, 0xff, 0x86, 0x00, 0x00,
    0x02, 0x9e, 0x00, 0x00, 0xfe, 0x8b, 0xff, 0x02, 0x7f, 0x3f, 0x1f, 0x84, 0x0f, 0x02, 0x1f, 0x3f,
    0x7f, 0x8b, 0xff, 0x00, 0xfe, 0x8e, 0x00, 0x8c, 0xff, 0x02, 0x1f, 0x0f, 0x07, 0x84, 0x03, 0x02,
    0x07, 0x0f, 0x1f, 0x8c, 0xff, 0xa6, 0x00, 0x8c, 0xff, 0x02, 0xf0, 0xe0, 0xc0, 0x84, 0x80, 0x02,
    0xc0, 0xe0, 0xf0, 0x8c, 0xff, 0x8e, 0x00, 0x8c, 0xff, 0x02, 0xfc, 0xf8, 0xf0, 0x84, 0xe0, 0x02,
    0xf0, 0xf8, 0xfc, 0x8c, 0xff, 0xa6, 0x00, 0x05, 0x03, 0x0f, 0x1f, 0x3f, 0x7f, 0x7f, 0x98, 0xff,
    0x05, 0x7f, 0x7f, 0x3f, 0x1f, 0x0f, 0x03, 0x8e, 0x00, 0xa4, 0xff, 0xc6, 0x00, 0x93, 0xc0, 0x05,
    0xc3, 0xcf, 0xdf, 0xff, 0xff, 0x7f, 0x98, 0xff, 0x05, 0x7f, 0x7f, 0x3f, 0x1f, 0x0f, 0x03, 0xff,
    0x00, 0x92, 0x00,
};

static const uint8_t s_anim_confused_f30[] = {
    0xcd, 0x00, 0x98, 0x80, 0x89, 0x00, 0x01, 0xc0, 0xc0, 0x82, 0x60, 0x01, 0xc0, 0xc0, 0xcf, 0x00,
    0x03, 0xe0, 0xf8, 0xfc, 0xfe, 0x9c, 0xff, 0x03, 0xfe, 0xfc, 0xf8, 0xe0, 0x82, 0x00, 0x09, 0x03,
    0x03, 0x00, 0x00, 0x20, 0x70, 0x3c, 0x1f, 0x07, 0x02, 0x9a, 0x00, 0x04, 0x80, 0xc0, 0xe0, 0xf0,
    0xf0, 0x98, 0xf8, 0x04, 0xf0, 0xf0, 0xe0, 0xc0, 0x80, 0x8f, 0x00, 0xa4, 0xff, 0x86, 0x00, 0x00,
    0x02, 0x9e, 0x00, 0x00, 0xfe, 0x8b, 0xff, 0x02, 0x7f, 0x3f, 0x1f, 0x84, 0x0f, 0x02, 0x1f, 0x3f,
    0x7f, 0x8b, 0xff, 0x00, 0xfe, 0x8e, 0x00, 0x8c, 0xff, 0x02, 0x1f, 0x0f, 0x07, 0x84, 0x03, 0x02,
    0x07, 0x0f, 0x1f, 0x8c, 0xff, 0xa6, 0x00, 0x8c, 0xff, 0x02, 0xf0, 0xe0, 0xc0, 0x84, 0x80, 0x02,
    0xc0, 0xe0, 0xf0, 0x8c, 0xff, 0x8e, 0x00, 0x8c, 0xff, 0x02, 0xfc, 0xf8, 0xf0, 0x84, 0xe0, 0x02,
    0xf0, 0xf8, 0xfc, 0x8c, 0xff, 0xa6, 0x00, 0x05, 0x03, 0x0f, 0x1f, 0x3f, 0x7f, 0x7f, 0x98, 0xff,
    0x05, 0x7f, 0x7f, 0x3f, 0x1f, 0x0f, 0x03, 0x8e, 0x00, 0xa4, 0xff, 0xc6, 0x00, 0x93, 0xc0, 0x05,
    0xc3, 0xcf, 0xdf, 0xff, 0xff, 0x7f, 0x98, 0xff, 0x05, 0x7f, 0x7f, 0x3f, 0x1f, 0x0f, 0x03, 0xff,
    0x00, 0x92, 0x00,
};

static const uint8_t s_anim_confused_f31[] = {
    0xcd, 0x00, 0x98, 0x80, 0x89, 0x00, 0x01, 0xc0, 0xc0, 0x82, 0x60, 0x01, 0xc0, 0xc0, 0xcf, 0x00,
    0x03, 0xe0, 0xf8, 0xfc, 0xfe, 0x9c, 0xff, 0x03, 0xfe, 0xfc, 0xf8, 0xe0, 0x82, 0x00, 0x09, 0x03,
    0x03, 0x00, 0x00, 0x20, 0x70, 0x3c, 0x1f, 0x07, 0x02, 0x9a, 0x00, 0x04, 0x80, 0xc0, 0xe0, 0xf0,
    0xf0, 0x98, 0xf8, 0x04, 0xf0, 0xf0, 0xe0, 0xc0, 0x80, 0x8f, 0x00, 0xa4, 0xff, 0x86, 0x00, 0x00,
    0x02, 0x9e, 0x00, 0x00, 0xfe, 0x8b, 0xff, 0x02, 0x7f, 0x3f, 0x1f, 0x84, 0x0f, 0x02, 0x1f, 0x3f,
    0x7f, 0x8b, 0xff, 0x00, 0xfe, 0x8e, 0x00, 0x8c, 0xff, 0x02, 0x1f, 0x0f, 0x07, 0x84, 0x03, 0x02,
    0x07, 0x0f, 0x1f, 0x8c, 0xff, 0xa6, 0x00, 0x8c, 0xff, 0x02, 0xf0, 0xe0, 0xc0, 0x84, 0x80, 0x02,
    0xc0, 0xe0, 0xf0, 0x8c, 0xff, 0x8e, 0x00, 0x8c, 0xff, 0x02, 0xfc, 0xf8, 0xf0, 0x84, 0xe0, 0x02,
    0xf0, 0xf8, 0xfc, 0x8c, 0xff, 0xa6, 0x00, 0x05, 0x03, 0x0f, 0x1f, 0x3f, 0x7f, 0x7f, 0x98, 0xff,
    0x05, 0x7f, 0x7f, 0x3f, 0x1f, 0x0f, 0x03, 0x8e, 0x00, 0xa4, 0xff, 0xc6, 0x00, 0x93, 0xc0, 0x05,
    0xc3, 0xcf, 0xdf, 0xff, 0xff, 0x7f, 0x98, 0xff, 0x05, 0x7f, 0x7f, 0x3f, 0x1f, 0x0f, 0x03, 0xff,
    0x00, 0x92, 0x00,
};

static const uint8_t s_anim_confused_f32[] = {
    0xef, 0x00, 0x02, 0x80, 0xe0, 0x60, 0x82, 0x30, 0x02, 0x60, 0xe0, 0x80, 0xce, 0x00, 0x05, 0xc0,
    0xf0, 0xf8, 0xfc, 0xfe, 0xfe, 0x98, 0xff, 0x05, 0xfe, 0xfe, 0xfc, 0xf8, 0xf0, 0xc0, 0x82, 0x00,
    0x09, 0x01, 0x01, 0x00, 0x00, 0x10, 0x38, 0x1e, 0x0f, 0x03, 0x01, 0x9a, 0x00, 0x04, 0xc0, 0xe0,
    0xf0, 0xf8, 0xf8, 0x98, 0xfc, 0x04, 0xf8, 0xf8, 0xf0, 0xe0, 0xc0, 0x8f, 0x00, 0xa4, 0xff, 0x86,
    0x00, 0x00, 0x01, 0x9e, 0x00, 0x8c, 0xff, 0x02, 0x3f, 0x1f, 0x0f, 0x84, 0x07, 0x02, 0x0f, 0x1f,
    0x3f, 0x8c, 0xff, 0x8e, 0x00, 0x8c, 0xff, 0x02, 0x3f, 0x1f, 0x0f, 0x84, 0x07, 0x02, 0x0f, 0x1f,
    0x3f, 0x8c, 0xff, 0xa6, 0x00, 0x8c, 0xff, 0x02, 0xf8, 0xf0, 0xe0, 0x84, 0xc0, 0x02, 0xe0, 0xf0,
    0xf8, 0x8c, 0xff, 0x8e, 0x00, 0x8c, 0xff, 0x02, 0xf8, 0xf0, 0xe0, 0x84, 0xc0, 0x02, 0xe0, 0xf0,
    0xf8, 0x8c, 0xff, 0xa6, 0x00, 0x05, 0x01, 0x07, 0x0f, 0x1f, 0x3f, 0x3f, 0x98, 0x7f, 0x05, 0x3f,
    0x3f, 0x1f, 0x0f, 0x07, 0x01, 0x8e, 0x00, 0xa4, 0xff, 0xc6, 0x00, 0x93, 0xc0, 0x01, 0xc7, 0xdf,
    0x9e, 0xff, 0x03, 0x7f, 0x3f, 0x1f, 0x07, 0xe0, 0x00, 0x98, 0x01, 0x98, 0x00,
};

static const uint8_t s_anim_confused_f33[] = {
    0xef, 0x00, 0x02, 0x80, 0xe0, 0x60, 0x82, 0x30, 0x02, 0x60, 0xe0, 0x80, 0xce, 0x00, 0x05, 0xc0,
    0xf0, 0xf8, 0xfc, 0xfe, 0xfe, 0x98, 0xff, 0x05, 0xfe, 0xfe, 0xfc, 0xf8, 0xf0, 0xc0, 0x82, 0x00,
    0x09, 0x01, 0x01, 0x00, 0x00, 0x10, 0x38, 0x1e, 0x0f, 0x03, 0x01, 0x9a, 0x00, 0x04, 0xc0, 0xe0,
    0xf0, 0xf8, 0xf8, 0x98, 0xfc, 0x04, 0xf8, 0xf8, 0xf0, 0xe0, 0xc0, 0x8f, 0x00, 0xa4, 0xff, 0x86,
    0x00, 0x00, 0x01, 0x9e, 0x00, 0x8c, 0xff, 0x02, 0x3f, 0x1f, 0x0f, 0x84, 0x07, 0x02, 0x0f, 0x1f,
    0x3f, 0x8c, 0xff, 0x8e, 0x00, 0x8c, 0xff, 0x02, 0x3f, 0x1f, 0x0f, 0x84, 0x07, 0x02, 0x0f, 0x1f,
    0x3f, 0x8c, 0xff, 0xa6, 0x00, 0x8c, 0xff, 0x02, 0xf8, 0xf0, 0xe0, 0x84, 0xc0, 0x02, 0xe0, 0xf0,
    0xf8, 0x8c, 0xff, 0x8e, 0x00, 0x8c, 0xff, 0x02, 0xf8, 0xf0, 0xe0, 0x84, 0xc0, 0x02, 0xe0, 0xf0,
    0xf8, 0x8c, 0xff, 0xa6, 0x00, 0x05, 0x01, 0x07, 0x0f, 0x1f, 0x3f, 0x3f, 0x98, 0x7f, 0x05, 0x3f,
    0x3f, 0x1f, 0x0f, 0x07, 0x01, 0x8e, 0x00, 0xa4, 0xff, 0xc6, 0x00, 0x93, 0xc0, 0x01, 0xc7, 0xdf,
    0x9e, 0xff, 0x03, 0x7f, 0x3f, 0x1f, 0x07, 0xe0, 0x00, 0x98, 0x01, 0x98, 0x00,
};

static const uint8_t s_anim_confused_f34[] = {
    0xef, 0x00, 0x02, 0x80, 0xe0, 0x60, 0x82, 0x30, 0x02, 0x60, 0xe0, 0x80, 0xce, 0x00, 0x05, 0xc0,
    0xf0, 0xf8, 0xfc, 0xfe, 0xfe, 0x98, 0xff, 0x05, 0xfe, 0xfe, 0xfc, 0xf8, 0xf0, 0xc0, 0x82, 0x00,
    0x09, 0x01, 0x01, 0x00, 0x00, 0x10, 0x38, 0x1e, 0x0f, 0x03, 0x01, 0x9a, 0x00, 0x04, 0xc0, 0xe0,
    0xf0, 0xf8, 0xf8, 0x98, 0xfc, 0x04, 0xf8, 0xf8, 0xf0, 0xe0, 0xc0, 0x8f, 0x00, 0xa4, 0xff, 0x86,
    0x00, 0x00, 0x01, 0x9e, 0x00, 0x8c, 0xff, 0x02, 0x3f, 0x1f, 0x0f, 0x84, 0x07, 0x02, 0x0f, 0x1f,
    0x3f, 0x8c, 0xff, 0x8e, 0x00, 0x8c, 0xff, 0x02, 0x3f, 0x1f, 0x0f, 0x84, 0x07, 0x02, 0x0f, 0x1f,
    0x3f, 0x8c, 0xff, 0xa6, 0x00, 0x8c, 0xff, 0x02, 0xf8, 0xf0, 0xe0, 0x84, 0xc0, 0x02, 0xe0, 0xf0,
    0xf8, 0x8c, 0xff, 0x8e, 0x00, 0x8c, 0xff, 0x02, 0xf8, 0xf0, 0xe0, 0x84, 0xc0, 0x02, 0xe0, 0xf0,
    0xf8, 0x8c, 0xff, 0xa6, 0x00, 0x05, 0x01, 0x07, 0x0f, 0x1f, 0x3f, 0x3f, 0x98, 0x7f, 0x05, 0x3f,
    0x3f, 0x1f, 0x0f, 0x07, 0x01, 0x8e, 0x00, 0xa4, 0xff, 0xc6, 0x00, 0x93, 0xc0, 0x01, 0xc7, 0xdf,
    0x9e, 0xff, 0x03, 0x7f, 0x3f, 0x1f, 0x07, 0xe0, 0x00, 0x98, 0x01, 0x98, 0x00,
};

static const uint8_t s_anim_confused_f35[] = {
    0xef, 0x00, 0x02, 0x80, 0xe0, 0x60, 0x82, 0x30, 0x02, 0x60, 0xe0, 0x80, 0xce, 0x00, 0x05, 0xc0,
    0xf0, 0xf8, 0xfc, 0xfe, 0xfe, 0x98, 0xff, 0x05, 0xfe, 0xfe, 0xfc, 0xf8, 0xf0, 0xc0, 0x82, 0x00,
    0x09, 0x01, 0x01, 0x00, 0x00, 0x10, 0x38, 0x1e, 0x0f, 0x03, 0x01, 0x9a, 0x00, 0x04, 0xc0, 0xe0,
    0xf0, 0xf8, 0xf8, 0x98, 0xfc, 0x04, 0xf8, 0xf8, 0xf0, 0xe0, 0xc0, 0x8f, 0x00, 0xa4, 0xff, 0x86,
    0x00, 0x00, 0x01, 0x9e, 0x00, 0x8c, 0xff, 0x02, 0x3f, 0x1f, 0x0f, 0x84, 0x07, 0x02, 0x0f, 0x1f,
    0x3f, 0x8c, 0xff, 0x8e, 0x00, 0x8c, 0xff, 0x02, 0x3f, 0x1f, 0x0f, 0x84, 0x07, 0x02, 0x0f, 0x1f,
    0x3f, 0x8c, 0xff, 0xa6, 0x00, 0x8c, 0xff, 0x02, 0xf8, 0xf0, 0xe0, 0x84, 0xc0, 0x02, 0xe0, 0xf0,
    0xf8, 0x8c, 0xff, 0x8e, 0x00, 0x8c, 0xff, 0x02, 0xf8, 0xf0, 0xe0, 0x84, 0xc0, 0x02, 0xe0, 0xf0,
    0xf8, 0x8c, 0xff, 0xa6, 0x00, 0x05, 0x01, 0x07, 0x0f, 0x1f, 0x3f, 0x3f, 0x98, 0x7f, 0x05, 0x3f,
    0x3f, 0x1f, 0x0f, 0x07, 0x01, 0x8e, 0x00, 0xa4, 0xff, 0xc6, 0x00, 0x93, 0xc0, 0x01, 0xc7, 0xdf,
    0x9e, 0xff, 0x03, 0x7f, 0x3f, 0x1f, 0x07, 0xe0, 0x00, 0x98, 0x01, 0x98, 0x00,
};

static const uint8_t *const s_anim_confused_frames[36] = {
    s_anim_confused_f00,
    s_anim_confused_f01,
    s_anim_confused_f02,
    s_anim_confused_f03,
    s_anim_confused_f04,
    s_anim_confused_f05,
    s_anim_confused_f06,
    s_anim_confused_f07,
    s_anim_confused_f08,
    s_anim_confused_f09,
    s_anim_confused_f10,
    s_anim_confused_f11,
    s_anim_confused_f12,
    s_anim_confused_f13,
    s_anim_confused_f14,
    s_anim_confused_f15,
    s_anim_confused_f16,
    s_anim_confused_f17,
    s_anim_confused_f18,
    s_anim_confused_f19,
    s_anim_confused_f20,
    s_anim_confused_f21,
    s_anim_confused_f22,
    s_anim_confused_f23,
    s_anim_confused_f24,
    s_anim_confused_f25,
    s_anim_confused_f26,
    s_anim_confused_f27,
    s_anim_confused_f28,
    s_anim_confused_f29,
    s_anim_confused_f30,
    s_anim_confused_f31,
    s_anim_confused_f32,
    s_anim_confused_f33,
    s_anim_confused_f34,
    s_anim_confused_f35,
};

static const uint16_t s_anim_confused_sizes[36] = {
    173, 173, 173, 173, 173, 179, 179, 179,
    179, 179, 179, 174, 174, 174, 169, 169,
    169, 169, 169, 169, 169, 169, 169, 174,
    174, 174, 179, 179, 179, 179, 179, 179,
    173, 173, 173, 173,
};

/* 按 carmood_expr_t 枚举顺序排列 */
static const uint8_t *const *const s_all_anim_frames[18] = {
    s_anim_idle_frames,
    s_anim_blink_frames,
    s_anim_happy_frames,
    s_anim_sleepy_frames,
    s_anim_turn_left_frames,
    s_anim_turn_right_frames,
    s_anim_surprised_frames,
    s_anim_angry_frames,
    s_anim_love_frames,
    s_anim_dizzy_frames,
    s_anim_cry_frames,
    s_anim_shy_frames,
    s_anim_cool_frames,
    s_anim_thinking_frames,
    s_anim_excited_frames,
    s_anim_wink_frames,
    s_anim_yawn_frames,
    s_anim_confused_frames,
};

static const uint16_t *const s_all_anim_sizes[18] = {
    s_anim_idle_sizes,
    s_anim_blink_sizes,
    s_anim_happy_sizes,
    s_anim_sleepy_sizes,
    s_anim_turn_left_sizes,
    s_anim_turn_right_sizes,
    s_anim_surprised_sizes,
    s_anim_angry_sizes,
    s_anim_love_sizes,
    s_anim_dizzy_sizes,
    s_anim_cry_sizes,
    s_anim_shy_sizes,
    s_anim_cool_sizes,
    s_anim_thinking_sizes,
    s_anim_excited_sizes,
    s_anim_wink_sizes,
    s_anim_yawn_sizes,
    s_anim_confused_sizes,
};
